municipio|carpeta|fecha|fuente|de_la_ficha|como_venia_en_la_ficha|del_fichero_mas_antiguo|cual_fichero|sin_filtrar|sin_filtrar_cual|antes_de_2023
ALCORCON|alameda11|2019-04-01|ficha: FECHA INICIO|2019-04-01|ABRIL 2019 (dia 1, no venia)|2019-02-12|DATOS\croquis\IMG_20190212_173931.jpg|||si
ALCORCON|alpes4|2026-06-09|ficha (FECHA LLEGADA) + fichero, afinada|2026-01-01|2026 (solo el ano)|2026-06-09|FICHA DATOS.docx|||no
ALCORCON|alpes8|2023-01-01|ficha: FECHA LLEGADA|2023-01-01|2023 (solo el ano)|2025-04-30|FICHA DATOS TECNICOS.docx|||no
ALCORCON|aranjuez4|2016-02-29|ficha: FECHA INICIO|2016-02-29|29/02/2016|2016-03-04|FICHA DE DATOS ACCESALIA.docx|||si
ALCORCON|arboleda1|2026-04-06|ficha: FECHA ENCARGO|2026-04-06|06/04/2026|2026-04-16|1.DATOS\2.DOCUMENTACION\CIF COMUNIDAD PROP.pdf|2008-04-09|2.PROYECTO\4.SUBVENCION\Cert. Energetico\Trabajo\9767301VK2696N0001YQ.dxf|no
ALCORCON|avdelasflores79-81|2025-01-01|ficha: FECHA LLEGADA|2025-01-01|2025 (solo el ano)|2026-03-02|FICHA DATOS.docx|||no
ALCORCON|avdeloeste1-3|2025-03-26|ficha: FECHA ENCARGO|2025-03-26|26/03/2025|2025-04-03|1.DATOS\Visita toma de datos\BAJADA COTA CERO ASCENSOR.docx|||no
ALCORCON|avila3|2025-07-07|ficha: FECHA ENCARGO|2025-07-07|07/07/2025|2023-07-20|2.PROYECTO\4.SUBVENCION\Cert. Energetico\Trabajo\ROSA DE LOS VIENTOS.dwg|||no
ALCORCON|badajoz20|2021-05-01|ficha: FECHA INICIO|2021-05-01|MAYO DE 2021 (dia 1, no venia)|2008-04-09|PROYECTO\PLANOS\Catastro por plantas.dxf|||si
ALCORCON|badajoz7|2015-12-17|fichero mas antiguo|||2015-12-17|DATOS\croquis\Badajoz7 alcorcon.pdf|||si
ALCORCON|bilbao1|2024-01-01|ficha: FECHA LLEGADA|2024-01-01|2024 (solo el ano)|2023-07-20|2.PROYECTO\4.SUBVENCION\Cert. Energetico\Trabajo\ROSA DE LOS VIENTOS.dwg|||no
ALCORCON|caceres20|2025-12-03|ficha: FECHA ENCARGO|2025-12-03|03/12/2025|2025-07-11|1.DATOS\6.3D\Archivos GLB\Caceres 20 - Alcorcon.glb|||no
ALCORCON|caceres25|2017-03-13|ficha: FECHA INICIO|2017-03-13|13/03/2017|2017-03-18|FICHA DE DATOS ACCESALIA.docx|||si
ALCORCON|caceres30|2025-03-12|ficha: FECHA ENCARGO|2025-03-12|12/03/2025|2023-07-11|caceres24\1.DATOS\5.FOTOS\IMG_20230711_101814.jpg|2001-12-31|caceres24\1.DATOS\4.NUBE DE PUNTOS\2.SCENE\@preview.jpg|no
ALCORCON|caceres48|2025-09-17|ficha (FECHA LLEGADA) + fichero, afinada|2025-01-01|2025 (solo el ano)|2025-09-17|1.DATOS\enviado por la adm\PROYECTO_compressed (1).pdf|||no
ALCORCON|cañada16|2026-06-02|ficha (FECHA LLEGADA) + fichero, afinada|2026-01-01|2026 (solo el ano)|2026-06-02|1.DATOS\6.3D\Archivos GLB\C.can╠âada 16 Alcorco╠ün .glb|||no
ALCORCON|cañada22|2025-07-07|ficha: FECHA ENCARGO|2025-07-07|07/07/2025|2023-10-04|ASCENSOR 2026\2.PROYECTO\5.BIM\01_DOCUMENTOS\ESC_2D_Caracol_T_curvo_H_curvo_14p_1870_2460_recover.dwg|||no
ALCORCON|cañada8|2017-01-01|ficha: FECHA LLEGADA|2017-01-01|2017 (solo el ano)|2016-05-12|1.DATOS\render\acordeon.skb|||si
ALCORCON|cisneros24|2021-05-01|ficha: FECHA INICIO|2021-05-01|MAYO DE 2021 (dia 1, no venia)|2018-02-07|ascensor\OBRA\ascensor\FOSO REDUCIDO\TRABAJO\FOSO REDUCIDO blascodegaray46.docx|||si
ALCORCON|cisneros31|2021-05-11|ficha (FECHA INICIO) + fichero, afinada|2021-05-01|MAYO DE 2021 (dia 1, no venia)|2021-05-11|DATOS\fotos\IMG_20210511_095742.jpg|||si
ALCORCON|colon22|2016-09-13|ficha: FECHA INICIO|2016-09-13|13/09/2016|2016-09-17|FICHA DE DATOS ACCESALIA.docx|||si
ALCORCON|colon35|2016-09-13|ficha: FECHA INICIO|2016-09-13|13/09/2016|2016-09-26|FICHA DE DATOS ACCESALIA.docx|||si
ALCORCON|espada21|2018-01-20|ficha: FECHA INICIO|2018-01-20|20/01/2018|2018-01-31|FICHA DE DATOS ACCESALIA.docx|||si
ALCORCON|espada29|2021-08-05|fichero mas antiguo|||2021-08-05|Papeles\102_0000_PINTURA_INTUMESCENTE_AL_AGUA_A80_es.pdf|||si
ALCORCON|estacion1|2025-10-20|ficha (FECHA LLEGADA) + fichero, afinada|2025-01-01|2025 (solo el ano)|2025-10-20|1.DATOS\6.3D\Archivos GLB\Estacion 1 - Alcorcon.glb|||no
ALCORCON|europa22|2025-09-18|ficha (FECHA LLEGADA) + fichero, afinada|2025-01-01|2025 (solo el ano)|2025-09-18|1.DATOS\4.NUBE DE PUNTOS\2.SCENE\Europa 22\Europa 22.lsproj|||no
ALCORCON|fuenlabrada13|2018-06-20|ficha: FECHA INICIO|2018-06-20|20/06/2018|2018-06-29|FICHA DE DATOS ACCESALIA.docx|||si
ALCORCON|fuenlabrada15|2015-07-24|fichero mas antiguo|||2015-07-24|DATOS\planos\fuenlabrada15.pdf|2008-07-01|PROYECTO\PLANOS\Trabajo\9966401VK2696N0001SQ.dxf|si
ALCORCON|gardenias21-23-25-27-29-31-33-35-37-39|2024-10-30|ficha (FECHA LLEGADA) + fichero, afinada|2024-01-01|2024 (solo el ano)|2024-10-30|1.DATOS\fotos recibidas de elecnor\Fotos visita\IMG-20241030-WA0000.jpg|||no
ALCORCON|guadalajara3|2023-12-01|ficha: FECHA ENCARGO|2023-12-01|01/12/2023|2023-12-04|1.DATOS\2.DOCUMENTACION\DNI PRESIDENTA (1).pdf|||no
ALCORCON|guindales25|2015-02-21|fichero mas antiguo|||2015-02-21|DATOS\foto\IMG_20150209_175217.jpg|||si
ALCORCON|iglesia16portal1|2022-01-01|ficha: FECHA LLEGADA|2022-01-01|2022 (solo el ano)|2020-12-15|2.PROYECTO\5.BIM\01_DOCUMENTOS\DET - Apoyo refuezo vigas en pilares.jpg|2008-04-09|2.PROYECTO\5.BIM\01_DOCUMENTOS\9871318VK2697S0001FE.dxf|si
ALCORCON|iglesia16portal4|2022-01-01|ficha: FECHA LLEGADA|2022-01-01|2022 (solo el ano)|2020-12-15|2.PROYECTO\5.BIM\01_DOCUMENTOS\DET - Apoyo refuezo vigas en pilares.jpg|2008-04-09|2.PROYECTO\5.BIM\01_DOCUMENTOS\9871318VK2697S0001FE.dxf|si
ALCORCON|iglesia22|2023-01-01|ficha: FECHA LLEGADA|2023-01-01|2023 (solo el ano)|2021-12-02|2.PROYECTO\5.BIM\01_DOCUMENTOS\AL01 Catastro 1000.jpg|||no
ALCORCON|infantas1|2016-02-29|ficha: FECHA INICIO|2016-02-29|29/02/2016|2016-02-13|DATOS\plano\infantas1.bak|||si
ALCORCON|infantas5|2017-04-20|ficha: FECHA INICIO|2017-04-20|20/04/2017|2017-05-02|FICHA DE DATOS ACCESALIA.docx|||si
ALCORCON|infantas9|2024-08-28|ficha: FECHA ENCARGO|2024-08-28|28/08/2024|2023-07-20|2.PROYECTO\4.SUBVENCION\Cert. Energetico\trabajo\ROSA DE LOS VIENTOS.dwg|||no
ALCORCON|jaboneria36|2024-01-01|ficha: FECHA LLEGADA|2024-01-01|2024 (solo el ano)|2022-12-20|2.PROYECTO\4.SUBVENCION\Cert. Energetico\Trabajo\Coeficientes Puentes Térmicos PREVISTO.JPG|||no
ALCORCON|jaboneria4|2016-10-27|ficha: FECHA INICIO|2016-10-27|27/10/2016|2016-10-31|FICHA DE DATOS ACCESALIA.docx|||si
ALCORCON|jaboneria61|2017-10-10|ficha: FECHA INICIO|2017-10-10|10/10/2017|2017-09-08|DATOS\plano\planotipo.bak|||si
ALCORCON|lasvegas17|2016-01-23|fichero mas antiguo|||2016-01-23|DATOS\croquis\Lasvegas17.pdf|||si
ALCORCON|lilos6|2026-06-09|ficha (FECHA LLEGADA) + fichero, afinada|2026-01-01|2026 (solo el ano)|2026-06-09|FICHA DATOS.docx|||no
ALCORCON|loscantos7-9|2023-06-08|ficha (FECHA LLEGADA) + fichero, afinada|2023-01-01|2023 (solo el ano)|2023-06-08|1.DATOS\RECIBIDO DE LA CDAD\CONSUMOS 2021-22.pdf|||no
ALCORCON|luna12|2025-07-03|ficha (FECHA LLEGADA) + fichero, afinada|2025-01-01|2025 (solo el ano)|2025-07-03|FICHA DATOS.docx|||no
ALCORCON|malaga4|2024-11-05|ficha (FECHA LLEGADA) + fichero, afinada|2024-01-01|2024 (solo el ano)|2024-11-05|1.DATOS\3.PRESUPUESTO\ANTIGUOS\schindler.pdf|||no
ALCORCON|malaga6|2024-11-05|ficha (FECHA LLEGADA) + fichero, afinada|2024-01-01|2024 (solo el ano)|2024-11-05|1.DATOS\3.PRESUPUESTO\ANTIGUOS\schindler Oferta C Malaga 6 Alcorcon Opcion por escalera Schindler v2.pdf|||no
ALCORCON|mancomunidadloscastillosyviñagrande|2023-01-01|ficha: FECHA LLEGADA|2023-01-01|2023 (solo el ano)|2022-12-20|2.PROYECTO\4.SUBVENCION\Cert. Energetico\Castillos 32\trabajo\Coeficientes Puentes Térmicos PREVISTO.JPG|||no
ALCORCON|matadero18|2023-01-01|ficha: FECHA LLEGADA|2023-01-01|2023 (solo el ano)|2025-04-30|FICHA DATOS TECNICOS.docx|||no
ALCORCON|mayor27|2024-10-02|ficha (FECHA LLEGADA) + fichero, afinada|2024-01-01|2024 (solo el ano)|2024-10-02|1.DATOS\5.FOTOS\IMG_7231.jpg|||no
ALCORCON|mayor80|2025-01-01|ficha: FECHA LLEGADA|2025-01-01|2025 (solo el ano)|2026-01-30|1.DATOS\2.DOCUMENTACION\RESPUESTA ANTE LA VIABILIDAD\Gmail - A la atención de Daniel de Soto.pdf|||no
ALCORCON|montoro8|2022-01-17|ficha: FECHA LLEGADA|2022-01-17|17/01/2022|2022-01-20|PLANO\planotipo sp.bak|||si
ALCORCON|nardos6|2022-01-01|ficha: FECHA LLEGADA|2022-01-01|2022 (solo el ano)|2025-04-30|FICHA DATOS TECNICOS.docx|||si
ALCORCON|navalcarnero9|2015-02-07|fichero mas antiguo|||2015-02-07|presupuestos\navalcarnero 9.doc|||si
ALCORCON|navarra2|2023-01-01|ficha: FECHA LLEGADA|2023-01-01|2023 (solo el ano)|2025-04-30|FICHA DATOS TECNICOS.docx|||no
ALCORCON|olimpicoaureliogarcia|2022-01-01|ficha: FECHA LLEGADA|2022-01-01|2022 (solo el ano)|2025-04-30|FICHA DATOS TECNICOS.docx|||si
ALCORCON|parquecomercialalcoraplaza|2025-09-23|ficha (FECHA LLEGADA) + fichero, afinada|2025-01-01|2025 (solo el ano)|2025-09-23|FICHA DATOS.docx|||no
ALCORCON|paseocastilla1|2017-06-27|ficha: FECHA INICIO|2017-06-27|27/06/2017|2017-06-27|DATOS\croquis\Paseo castilla 1 alcorcon.pdf|||si
ALCORCON|plazadelahispanidad9|2017-04-20|ficha: FECHA INICIO|2017-04-20|20/04/2017|2017-05-02|FICHA DE DATOS ACCESALIA.docx|||si
ALCORCON|plazadelasescuelas6|2016-06-14|ficha: FECHA INICIO|2016-06-14|14/06/2016|2016-06-20|FICHA DE DATOS ACCESALIA.docx|||si
ALCORCON|polvoranca25|2023-01-01|ficha: FECHA LLEGADA|2023-01-01|2023 (solo el ano)|2025-04-30|FICHA DATOS TECNICOS.docx|||no
ALCORCON|polvoranca40|2025-04-30|ficha (FECHA LLEGADA) + fichero, afinada|2025-01-01|2025 (solo el ano)|2025-04-30|FICHA DATOS TECNICOS.docx|||no
ALCORCON|portocolon10|2021-06-01|ficha: FECHA INICIO|2021-06-01|JUNIO 2021 (dia 1, no venia)|2008-04-09|PROYECTO\PLANOS\Distribucion por plantas.dxf|||si
ALCORCON|princesa12|2024-01-01|ficha: FECHA LLEGADA|2024-01-01|2024 (solo el ano)|2022-12-20|2.PROYECTO\4.SUBVENCION\Cert. Energetico\Trabajo\Coeficientes Puentes Térmicos PREVISTO.JPG|||no
ALCORCON|princesa25|2025-07-28|ficha (FECHA LLEGADA) + fichero, afinada|2025-01-01|2025 (solo el ano)|2025-07-28|1.DATOS\Visita toma de datos\IEE.docx|||no
ALCORCON|principedonjuancarlos2|2025-02-04|ficha (FECHA LLEGADA) + fichero, afinada|2025-01-01|2025 (solo el ano)|2025-02-04|1.DATOS\1.CROQUIS\croquit escalera.pdf|||no
ALCORCON|sanblas6|2016-02-29|ficha: FECHA INICIO|2016-02-29|29/02/2016|2016-03-04|FICHA DE DATOS ACCESALIA.docx|||si
ALCORCON|sanignacio6|2025-07-09|ficha: FECHA ENCARGO|2025-07-09|09/07/2025|2024-04-04|2.PROYECTO\4.SUBVENCION\IEE\Trabajo\declaracion_responsable_iee.docx|||no
ALCORCON|sanjose7|2022-06-27|ficha (FECHA LLEGADA) + fichero, afinada|2022-01-01|2022 (solo el ano)|2022-06-27|1.DATOS\1.CROQUIS\san jose 7_abril 2022.pdf|||si
ALCORCON|sanpedro6|2018-12-09|ficha (FECHA INICIO) + fichero, afinada|2018-01-01|2018 (solo el ano)|2018-12-09|DATOS\CROQUIS\croquis.pdf|||si
ALCORCON|santamarialablanca3|2021-11-10|ficha: FECHA ENCARGO|2021-11-10|10/11/21|2021-11-10|1.DATOS\3.PRESUPUESTO\fain - cancelado\SANTA MARIA LA BLANCA, 3, ALCORCON. PRESUPUESTO FIRMADO.pdf|2019-11-21|2.PROYECTO\PLANOS\trabajo\9872103VK2697S0001KE.dxf|si
ALCORCON|santamarialablanca5|2021-11-10|ficha: FECHA ENCARGO|2021-11-10|10/11/21|2021-11-10|1.DATOS\3.PRESUPUESTO\SANTA MARIA LA BLANCA, 5, ALCORCON. PRESUPUESTO FIRMADO.pdf|||si
ALCORCON|sierradealbarracin13|2024-01-01|ficha: FECHA LLEGADA|2024-01-01|2024 (solo el ano)||2.PROYECTO\4.SUBVENCION\ANEXO AL PROYECTO\trabajo\para desbloq excel\[Content_Types].xml|||no
ALCORCON|sierradealbarracin17|2022-02-08|ficha (FECHA LLEGADA) + fichero, afinada|2022-01-01|2022 (solo el ano)|2022-02-08|2.PROYECTO\1.ESCRITOS\textos antiguos\8- compromiso CARTEL.docx|2008-04-09|2.PROYECTO\5.BIM\01_DOCUMENTOS\0468601VK3606N0001XM.dxf|si
ALCORCON|sierrapeñalara6|2015-03-06|fichero mas antiguo|||2015-03-06|presupuesto\ACUAMOL.doc|||si
ALCORCON|sieteojos4|2022-01-01|ficha: FECHA LLEGADA|2022-01-01|2022 (solo el ano)|2021-05-28|2.PROYECTO\5.BIM\01_DOCUMENTOS\pgou badajoz 20.pdf|2008-04-09|2.PROYECTO\6.DWG\9366108VK2696N0001LQ.dxf|si
ALCORCON|toledo2|2022-11-11|ficha (FECHA LLEGADA) + fichero, afinada|2022-01-01|2022 (solo el ano)|2022-11-11|1.DATOS\4.NUBE DE PUNTOS\2.SCENE\toledo2_wlcorcon\toledo2_wlcorcon.lsproj|2008-04-09|2.PROYECTO\5.BIM\01_DOCUMENTOS\9865901VK2696S0001SO.dxf|si
ALCORCON|trujillo3|2021-05-28|ficha (FECHA LLEGADA) + fichero, afinada|2021-01-01|2021 (solo el ano)|2021-05-28|PROYECTO\PLANOS\pgou badajoz 20_page-0001.jpg|2008-04-09|PROYECTO\PLANOS\9569102VK2696N0001PQ.dxf|si
ALCORCON|virgendeiciar15|2022-01-01|ficha: FECHA LLEGADA|2022-01-01|2022 (solo el ano)|2023-06-14|1.DATOS\2.DOCUMENTACION\DNI Daniel.pdf|2001-12-31|1.DATOS\4.NUBE DE PUNTOS\2.SCENE\@preview.jpg|si
ALCORCON|virgendeiciar15escalera4|2024-02-08|ficha: FECHA ENCARGO|2024-02-08|08/02/2024|2023-06-15|1. DATOS\2.DOCUMENTACION\CIF VIRGEN DE ICIAR 15, ESC4.pdf|||no
ALCORCON|virgendeiciar17|2024-02-23|ficha: FECHA ENCARGO|2024-02-23|23/02/2024||ORIGINAL(completo)\2.PROYECTO\1.ESCRITOS\ANEXO AL PROYECTO\Para formatear macros\para desbloq excel\[Content_Types].xml|||no
ALCORCON|virgendeiciar22|2025-01-01|ficha: FECHA LLEGADA|2025-01-01|2025 (solo el ano)|2023-07-20|2.PROYECTO\4.SUBVENCION\Cert. Energetico\Trabajo\ROSA DE LOS VIENTOS.dwg|||no
ALCORCON|vizcaya26|2016-12-02|ficha: FECHA INICIO|2016-12-02|02/12/2016|2016-12-07|DATOS\presupuesto\presupuestothyssen vizcaya26.doc|||si
ALCOBENDAS|aveuropa20|2026-02-09|ficha: FECHA ENCARGO|2026-02-09|09/02/2026|2023-05-09|2.PROYECTO\1.ESCRITOS\para si piden proy\7- compromiso CARTEL.docx|||no
ALCOBENDAS|begonia60|2024-01-01|ficha: FECHA LLEGADA|2024-01-01|2024 (solo el ano)|2025-04-30|FICHA DATOS TECNICOS.docx|||no
ALCOBENDAS|capitanfranciscosanchez34|2023-01-01|ficha: FECHA LLEGADA|2023-01-01|2023 (solo el ano)|2024-03-11|1.DATOS\1.CROQUIS\20240311_142354.jpg|||no
ALCOBENDAS|cañon9|2021-06-17|ficha: FECHA INICIO|2021-06-17|17/06/2021|2021-06-18|FICHA DE DATOS ACCESALIA.docx|||si
ALCOBENDAS|conciclio11|2026-01-12|ficha (FECHA LLEGADA) + fichero, afinada|2026-01-01|2026 (solo el ano)|2026-01-12|1.DATOS\6.3D\Concilio 11 - Madrid.skb|||no
ALCOBENDAS|concilio17|2025-11-18|ficha (FECHA LLEGADA) + fichero, afinada|2025-01-01|2025 (solo el ano)|2025-11-18|FICHA DATOS.docx|||no
ALCOBENDAS|constitucion59-61|2024-10-16|ficha (FECHA LLEGADA) + fichero, afinada|2024-01-01|2024 (solo el ano)|2024-10-16|1.DATOS\5.FOTOS\Constitucion 59\IMG_8374.jpg|||no
ALCOBENDAS|constitucion65|2021-10-06|ficha: FECHA ENCARGO|2021-10-06|06/10/2021|2021-07-16|DATOS\fotos\20210716_104304.jpg|2007-05-03|PROYECTO\PLANOS\trabajo\6184101VK4867N0001HJ.dxf|si
ALCOBENDAS|cuestablanca2|2023-11-08|ficha (FECHA LLEGADA) + fichero, afinada|2023-01-01|2023 (solo el ano)|2023-11-08|bloque C\1.DATOS\5.FOTOS\Bloque 2\IMG_20231108_125228-1.jpg|||no
ALCOBENDAS|dosdemayo28|2025-01-01|ficha: FECHA LLEGADA|2025-01-01|2025 (solo el ano)|2026-10-05|1.DATOS\visita daniel\81261889726__A94B3795-4660-4C50-A5AD-909C997E0595.MOV|||no
ALCOBENDAS|franciscadelgado7|2025-09-03|ficha: FECHA ENCARGO|2025-09-03|03/09/2025|2025-09-23|1.DATOS\2.DOCUMENTACION\dni presidente.jpg|||no
ALCOBENDAS|franciscobaenavaldemoro9|2026-07-06|ficha (FECHA LLEGADA) + fichero, afinada|2026-01-01|2026 (solo el ano)|2026-07-06|1.DATOS\5.FOTOS\IMG_7231.jpeg|||no
ALCOBENDAS|fuego53|2019-01-21|fichero mas antiguo|||2019-01-21|FICHA DE DATOS ACCESALIA.docx|||si
ALCOBENDAS|granada9|2024-01-01|ficha: FECHA LLEGADA|2024-01-01|2024 (solo el ano)|2025-04-30|FICHA DATOS TECNICOS.docx|||no
ALCOBENDAS|isladecorcega3|2021-03-03|fichero mas antiguo|||2021-03-03|PROYECTO\ESCRITOS\4- compromiso CARTEL isladecorcega3.docx|2013-04-02|PROYECTO\PLANOS\6082831VK4868S0001QL.dxf|si
ALCOBENDAS|isladecordega20|2021-02-08|fichero mas antiguo|||2021-02-08|024 IDC20 Cambio de arquitecto FIRMADO[12673].jpg|||si
ALCOBENDAS|jarama24|2025-04-25|ficha: FECHA ENCARGO|2025-04-25|25/04/2025|2021-06-10|1.DATOS\antiguo OFERTAS COMPETENCIA\949908-PMA.PDF|||no
ALCOBENDAS|julianbaenadecastro4|2026-02-03|ficha (FECHA LLEGADA) + fichero, afinada|2026-01-01|2026 (solo el ano)|2026-02-03|FICHA DATOS.docx|||no
ALCOBENDAS|kerria30|2026-04-14|ficha: FECHA ENCARGO|2026-04-14|14/04/2026|2024-04-11|3.OBRA\INFORME FOSO REDUCIDO\5. Certificado de inviabilidad de otras soluciones.docx|||no
ALCOBENDAS|lerida6|2023-01-01|ficha: FECHA LLEGADA|2023-01-01|2023 (solo el ano)|2025-04-30|FICHA DATOS TECNICOS.docx|||no
ALCOBENDAS|maestrobarbieri2-4-6-8|2024-01-01|ficha: FECHA LLEGADA|2024-01-01|2024 (solo el ano)|2025-04-30|sate\FICHA DATOS TECNICOS.docx|||no
ALCOBENDAS|marquesdevaldavia73|2022-01-01|ficha: FECHA LLEGADA|2022-01-01|2022 (solo el ano)|2015-12-06|DATOS\planos\marquesdelavaldavia73.bak|||si
ALCOBENDAS|marquesdevaldavia76|2022-10-05|ficha (FECHA LLEGADA) + fichero, afinada|2022-01-01|2022 (solo el ano)|2022-10-05|1.DATOS\4.NUBE DE PUNTOS\2.SCENE\marquesdevaldavia76_alcobendas\marquesdevaldavia76_alcobendas.lsproj|2007-09-25|2.PROYECTO\5.BIM\01_DOCUMENTOS\5885301VK4858N0001YU.dxf|si
ALCOBENDAS|mercedesizquierdo3|2026-07-09|ficha (FECHA LLEGADA) + fichero, afinada|2026-01-01|2026 (solo el ano)|2026-07-09|FICHA DATOS.docx|||no
ALCOBENDAS|miraflores12|2025-01-29|ficha: FECHA ENCARGO|2025-01-29|29/01/2025|2022-03-04|3.OBRA\1. DECLARACION RESPONSABLE\TRAMITACION\BONIF ICIO\tramitacion\instrucciones Alcobendas bonificacion icio.pdf|||no
ALCOBENDAS|miraflores6-8|2021-01-01|ficha: FECHA LLEGADA|2021-01-01|2021 (solo el ano)|2020-12-21|OBRA\NUEVA ESCALERA\Miraflores 6,8-AP-01.pdf|||si
ALCOBENDAS|paseodelachopera85|2022-10-06|ficha (FECHA LLEGADA) + fichero, afinada|2022-01-01|2022 (solo el ano)|2022-10-06|1.DATOS\3.PRESUPUESTO\LUIS VIVES 11 - SALVAESCALERAS SEPT22_signed (5).pdf|||si
ALCOBENDAS|paulinoaguadobaena5|2025-03-26|ficha (FECHA LLEGADA) + fichero, afinada|2025-01-01|2025 (solo el ano)|2025-03-26|1.DATOS\6. 3D\Archivos GLB\Paulino Aguado Baena 5 Alcobendas.glb|||no
ALCOBENDAS|plazaconcordia1|2023-01-01|ficha: FECHA LLEGADA|2023-01-01|2023 (solo el ano)|2022-02-03|3.OBRA\DR OBRA MAYOR\tramitacion\papeles\Alcobendas bonificacion icio solicitud telematica link a la web.rtf|||no
ALCOBENDAS|plazasauce4|2022-02-04|ficha: FECHA LLEGADA|2022-02-04|04/02/2022|2022-02-06|DATOS\PRESUPUESTO COMPETENCIA\Presupuesto ascensor Disel studios (1).pdf|||si
ALCOBENDAS|santiagoapostol16|2024-09-17|ficha (FECHA LLEGADA) + fichero, afinada|2024-01-01|2024 (solo el ano)|2024-09-17|1.DATOS\6.3D\Trabajo edificio\- Uniform ÔÇó 30% ÔÇó 8k.dae|||no
ALCOBENDAS|sanvicente13|2023-01-01|ficha: FECHA LLEGADA|2023-01-01|2023 (solo el ano)|2021-10-25|1.DATOS\1.CROQUIS\plano ibai\San Vicente 13 (1).dwg|||no
ALCOBENDAS|sanvicente18|2026-09-29|ficha (FECHA LLEGADA) + fichero, afinada|2026-01-01|2026 (solo el ano)|2026-09-29|FICHA DATOS.docx|||no
ALCOBENDAS|teruel1|2024-11-11|ficha (FECHA LLEGADA) + fichero, afinada|2024-01-01|2024 (solo el ano)|2024-11-11|1.DATOS\3.PRESUPUESTO\rosersese 11-11-2024.pdf|||no
ALCOBENDAS|valladolid11|2025-05-19|ficha: FECHA ENCARGO|2025-05-19|19-05-2025|2025-05-20|1.DATOS\5.FOTOS\IMG_0017.jpeg|||no
FUENLABRADA|0-FAIN|2015-02-10|fichero mas antiguo|||2015-02-10|FAIN.doc|||si
FUENLABRADA|0-MODELOS|2021-03-05|fichero mas antiguo|||2021-03-05|escalera2x2,17..pdf|||si
FUENLABRADA|0-plano urbano fuenlabrada dwg|2022-01-10|fichero mas antiguo|||2022-01-10|Plano urbano FUENLABRADA.dwg|||si
FUENLABRADA|Valencia 3 Esc.Dcha 6-B|2020-05-11|fichero mas antiguo|||2020-05-11|Datos\LICENCIA DE OBRA.pdf|||si
FUENLABRADA|alava10|2023-01-01|ficha: FECHA LLEGADA|2023-01-01|2023 (solo el ano)|2025-05-05|FICHA DATOS TECNICOS.docx|||no
FUENLABRADA|alava12|2025-09-26|ficha: FECHA ENCARGO|2025-09-26|26/09/2025|2025-06-17|3.OBRA\PSS evaluación de riesgos\TRABAJO\ACTA modelo EVALUACIÓN DE RIESGOS.docx|||no
FUENLABRADA|alava14|2021-09-22|ficha (FECHA LLEGADA) + fichero, afinada|2021-01-01|2021 (solo el ano)|2021-09-22|DATOS\datos\acta de aprobacion de la obra.pdf|||si
FUENLABRADA|alava6|2024-01-01|ficha: FECHA LLEGADA|2024-01-01|2024 (solo el ano)|2022-06-23|1.DATOS\2.DOCUMENTACION\DNI SR. MEDIAVILLA.pdf|||no
FUENLABRADA|alemania11|2021-12-22|ficha: FECHA ENCARGO|2021-12-22|22/12/21|2021-12-17|1.DATOS\4.NUBE DE PUNTOS\RefX\1400102VK3610S.dxf|2009-02-02|2.PROYECTO\5.BIM\01_DOCUMENTOS\1400102VK3610S0001RW.dxf|si
FUENLABRADA|alemania2|2024-01-01|ficha: FECHA LLEGADA|2024-01-01|2024 (solo el ano)|2025-05-05|FICHA DATOS TECNICOS.docx|||no
FUENLABRADA|alemania6|2024-09-16|ficha: FECHA ENCARGO|2024-09-16|16/09/2024|2024-09-23|1.DATOS\5.FOTOS\Alemania 8 REFERENCIA\IMG_6527.jpg|2024-09-20|1.DATOS\4.NUBE DE PUNTOS\2.SCENE\Alemania6\@preview.jpg|no
FUENLABRADA|andalucia10|2022-03-07|ficha: FECHA ENCARGO|2022-03-07|07/03/2022|2022-02-08|ASCENSOR\2.PROYECTO\1.ESCRITOS\8- compromiso CARTEL.docx|2009-05-11|ASCENSOR\2.PROYECTO\5.BIM\01_DOCUMENTOS\2204403VK3620S0001TY.bak|si
FUENLABRADA|andalucia6|2022-02-17|ficha (FECHA LLEGADA) + fichero, afinada|2022-01-01|2022 (solo el ano)|2022-02-17|2.PROYECTO\PLANOS\Catastro\FXCC_2204402VK3620S0001LY.pdf|2009-05-11|2.PROYECTO\PLANOS\Catastro\2204402VK3620S0001LY\2204402VK3620S0001LY.asc|si
FUENLABRADA|angeles11 18|2016-10-01|fichero mas antiguo|||2016-10-01|INFORME GEOTECNICO\fichero los angeles parte  I 200916.pdf|||si
FUENLABRADA|angeles12|2022-02-08|ficha (FECHA LLEGADA) + fichero, afinada|2022-01-01|2022 (solo el ano)|2022-02-08|2.PROYECTO\1.ESCRITOS\8- compromiso CARTEL.docx|||si
FUENLABRADA|angeles14|2022-02-08|ficha (FECHA LLEGADA) + fichero, afinada|2022-01-01|2022 (solo el ano)|2022-02-08|2.PROYECTO\1.ESCRITOS\8- compromiso CARTEL.docx|||si
FUENLABRADA|angeles4|2019-06-11|fichero mas antiguo|||2019-06-11|PLANOS\Emplazamiento PGOU Fuenlabrada.JPG|||si
FUENLABRADA|angeles5|2020-10-28|fichero mas antiguo|||2020-10-28|285-20-320 DE LOS ÁNGELES 5 DEFINITIVO.pdf|||si
FUENLABRADA|angeles7|2019-05-01|ficha: FECHA INICIO|2019-05-01|MAYO 2019 (dia 1, no venia)|2019-06-03|sate - accesalia\DATOS\ejemplo proyecto\Proyecto Completo - Firmado (4) (1).pdf|||si
FUENLABRADA|argentina20|2022-06-17|ficha (FECHA LLEGADA) + fichero, afinada|2022-01-01|2022 (solo el ano)|2022-06-17|3.OBRA\FICHAS TECNICAS\FICHAS TÉCNICAS SATE\BAUMIT_startherm_plus__0.032 WmK_eco_plus_es.pdf|||si
FUENLABRADA|austria7|2018-07-06|ficha: FECHA INICIO|2018-07-06|06/07/2018|2018-07-09|DATOS\fotos\Austria 7.jpeg|||si
FUENLABRADA|austria8|2023-01-01|ficha: FECHA LLEGADA|2023-01-01|2023 (solo el ano)||2.PROYECTO\1.ESCRITOS\ANEXO AL PROYECTO\trabajo\para desbloq excel\[Content_Types].xml|||no
FUENLABRADA|austria9|2017-06-20|ficha: FECHA INICIO|2017-06-20|20/06/2017|2017-08-07|DATOS\dni presidente\DNI.pdf|||si
FUENLABRADA|avandes11|2023-06-30|ficha (FECHA LLEGADA) + fichero, afinada|2023-01-01|2023 (solo el ano)|2023-06-30|1.DATOS\2.DOCUMENTACION\cuotas recibidas en 2022\20230629185459.pdf|2001-12-31|1.DATOS\4.NUBE DE PUNTOS\2.SCENE\@preview.jpg|no
FUENLABRADA|avandes13|2018-12-10|fichero mas antiguo|||2018-12-10|DATOS\contrato\Presupuesto Aceptado instalación ascensor ANDES Nº 13.pdf|||si
FUENLABRADA|avandes22|2022-01-01|ficha: FECHA LLEGADA|2022-01-01|2022 (solo el ano)|2025-05-05|FICHA DATOS TECNICOS.docx|||si
FUENLABRADA|avespaña10|2023-01-01|ficha: FECHA LLEGADA|2023-01-01|2023 (solo el ano)|2025-05-05|FICHA DATOS TECNICOS.docx|||no
FUENLABRADA|avespaña18|2019-01-21|fichero mas antiguo|||2019-01-21|FICHA DE DATOS ACCESALIA.docx|||si
FUENLABRADA|avespaña20|2021-02-11|ficha (FECHA LLEGADA) + fichero, afinada|2021-01-01|2021 (solo el ano)|2021-02-11|incidencia 1\Incidencia 1.pdf|||si
FUENLABRADA|avespaña9|2025-12-17|ficha: FECHA ENCARGO|2025-12-17|17/12/2025|2025-07-30|3.OBRA\FIN DE OBRA\2 ANEXO II LIBRO DE ORDENES\ejemplo desarrollo ascensor.docx|||no
FUENLABRADA|avestados1|2022-02-23|ficha: FECHA ENCARGO|2022-02-23|23/02/2022|2022-02-23|estados1.dwg|2009-03-04|ASCENSOR\2.PROYECTO\5.BIM\01_DOCUMENTOS\2903703VK3620S0001WY.dxf|si
FUENLABRADA|avestados10|2025-05-05|ficha (FECHA LLEGADA) + fichero, afinada|2025-01-01|2025 (solo el ano)|2025-05-05|FICHA DATOS.docx|||no
FUENLABRADA|avestados18|2022-05-13|ficha: FECHA ENCARGO|2022-05-13|13/05/2022|2021-03-18|2.PROYECTO\6.CAD\pgoumigueldeunamuno25.jpg|||si
FUENLABRADA|avestados28|2017-02-18|fichero mas antiguo|||2017-02-18|ASCENSOR\DATOS\croquis\20170218_133424.jpg|||si
FUENLABRADA|avestados4|2022-01-01|ficha: FECHA LLEGADA|2022-01-01|2022 (solo el ano)|2019-06-11|PROYECTO SATE\PLANOS\Emplazamiento PGOU Fuenlabrada.JPG|2009-04-13|PROYECTO SATE\PLANOS\trabajo\2902002VK3620S0001YY.dxf|si
FUENLABRADA|avestados5|2022-01-20|fichero mas antiguo|||2022-01-20|PROYECTO\PDF\COLEGIO\6. ANEXO2\6.Hoja-datos-urbanisticos_print.pdf|||si
FUENLABRADA|avfranciscojaviersauquillo10|2024-01-01|ficha: FECHA LLEGADA|2024-01-01|2024 (solo el ano)|2025-05-05|FICHA DATOS TECNICOS.docx|||no
FUENLABRADA|avfranciscojaviersauquillo2|2022-11-28|ficha (FECHA LLEGADA) + fichero, afinada|2022-01-01|2022 (solo el ano)|2022-11-28|1.DATOS\1.CROQUIS\Encaje escalera-Modelo.pdf|||si
FUENLABRADA|avfranciscojaviersauquillo22|2022-02-08|ficha (FECHA LLEGADA) + fichero, afinada|2022-01-01|2022 (solo el ano)|2022-02-08|ascensor TERMINADO\2.PROYECTO\1.ESCRITOS\8- compromiso CARTEL.docx|||si
FUENLABRADA|avfranciscojaviersauquillo30|2018-03-22|ficha: FECHA INICIO|2018-03-22|22/03/2018|2018-03-29|DATOS\fotos\Fcojavier sauquillo 30.jpeg|||si
FUENLABRADA|avfranciscojaviersauquillo34|2024-01-01|ficha: FECHA LLEGADA|2024-01-01|2024 (solo el ano)|2021-09-19|carta presidente.docx|||no
FUENLABRADA|avila8|2024-02-27|ficha (FECHA LLEGADA) + fichero, afinada|2024-01-01|2024 (solo el ano)|2024-02-27|1.DATOS\2.DOCUMENTACION\Listado_inmuebles (1).xlsx|||no
FUENLABRADA|avnaciones22|2018-10-22|ficha: FECHA INICIO|2018-10-22|22/10/18|2018-12-12|DATOS\presupuesto\naciones 22_Resumen de presupuesto.RTF|||si
FUENLABRADA|avprovincias10|2021-06-11|fichero mas antiguo|||2021-06-11|DATOS\fotos\20210611_105023.jpg|||si
FUENLABRADA|avprovincias14|2023-01-01|ficha: FECHA LLEGADA|2023-01-01|2023 (solo el ano)|2022-11-29|2.PROYECTO\1.ESCRITOS\rehab_fe_edif_herramienta_cuantia_subvencion_p3_v2.xlsx|||no
FUENLABRADA|avprovincias16|2022-02-08|ficha (FECHA LLEGADA) + fichero, afinada|2022-01-01|2022 (solo el ano)|2022-02-08|2.PROYECTO\1.ESCRITOS\8- compromiso CARTEL.docx|2017-06-07|2.PROYECTO\5.BIM\01_DOCUMENTOS\1911204VK3611S0001EL.dxf|si
FUENLABRADA|avprovincias46|2025-03-12|ficha: FECHA ENCARGO|2025-03-12|12/03/2025|2025-03-11|1.DATOS\3.PRESUPUESTO\PRESUPUESTO REFORMA PORTAL.pdf|||no
FUENLABRADA|avprovincias8|2024-05-16|ficha (FECHA LLEGADA) + fichero, afinada|2024-01-01|2024 (solo el ano)|2024-05-16|2.PROYECTO\4.SUBVENCION\CEE\enviado por Alcora 16-05-2024.txt|||no
FUENLABRADA|avregiones4|2025-05-09|ficha: FECHA ENCARGO|2025-05-09|09-05-2025|2025-05-14|1.DATOS\6.3D\Imagenes\Av Regiones 4 - Fuenlabrada.jpeg|||no
FUENLABRADA|avregiones6|2022-02-11|ficha (FECHA LLEGADA) + fichero, afinada|2022-01-01|2022 (solo el ano)|2022-02-11|ASCENSOR\2.PROYECTO\1.ESCRITOS\2. PLIEGODECONDICIONES.docx|2009-05-11|ASCENSOR\2.PROYECTO\5.BIM\01_DOCUMENTOS\2204405VK3620S0001MY.dxf|si
FUENLABRADA|badajoz4|2025-10-31|ficha (FECHA LLEGADA) + fichero, afinada|2025-01-01|2025 (solo el ano)|2025-10-31|1.DATOS\6.3D\Archivos GLB\Badajoz 4 - Fuenlabrada.glb|||no
FUENLABRADA|belen7|2023-06-14|ficha: FECHA ENCARGO|2023-06-14|14/06/2023|2022-11-29|2.PROYECTO\1.ESCRITOS\_anteriores borrables al acabar la memoria\rehab_fe_edif_herramienta_cuantia_subvencion_p3_v2.xlsx|2015-05-25|2.PROYECTO\6.CAD\01_DOCUMENTOS\2199801VK3529N0001YI.dxf|no
FUENLABRADA|berlin5|2019-09-30|ficha: FECHA INICIO|2019-09-30|30/09/2019|2019-09-30|FICHA DE DATOS ACCESALIA.docx|||si
FUENLABRADA|brunete3|2022-11-29|ficha (FECHA LLEGADA) + fichero, afinada|2022-01-01|2022 (solo el ano)|2022-11-29|1 sate + ascensor\2.PROYECTO\1.ESCRITOS\rehab_fe_edif_herramienta_cuantia_subvencion_p3_v2.xlsx|||si
FUENLABRADA|callao21|2022-01-11|ficha: FECHA ENCARGO|2022-01-11|11/01/22|2022-01-11|DATOS\presupuesto\Presupuesto Fain_NO FIRMADO 01032021_142940.pdf|||si
FUENLABRADA|callao27|2023-01-01|ficha: FECHA LLEGADA|2023-01-01|2023 (solo el ano)|2020-01-15|1.DATOS\foto\WhatsApp Image 2020-01-15 at 16.47.56.jpeg|||no
FUENLABRADA|callao29|2023-01-01|ficha: FECHA LLEGADA|2023-01-01|2023 (solo el ano)|2025-05-05|FICHA DATOS TECNICOS.docx|||no
FUENLABRADA|callao31|2023-02-14|ficha (FECHA LLEGADA) + fichero, afinada|2023-01-01|2023 (solo el ano)|2023-02-14|2.PROYECTO\1.ESCRITOS\Bloque II (Libro del edificio).docx|2009-04-08|2.PROYECTO\5.BIM\01_DOCUMENTOS\3206701VK3630N0001XW.asc|no
FUENLABRADA|callao33|2024-01-01|ficha: FECHA LLEGADA|2024-01-01|2024 (solo el ano)|2025-05-05|FICHA DATOS TECNICOS.docx|||no
FUENLABRADA|callao35|2023-01-01|ficha: FECHA LLEGADA|2023-01-01|2023 (solo el ano)|2022-12-20|2.PROYECTO\4.SUBVENCION\Cert. Energetico\Trabajo\Coeficientes Puentes Térmicos PREVISTO.JPG|||no
FUENLABRADA|callao37|2024-01-01|ficha: FECHA LLEGADA|2024-01-01|2024 (solo el ano)|2025-05-05|FICHA DATOS TECNICOS.docx|||no
FUENLABRADA|callao4|2023-01-01|ficha: FECHA LLEGADA|2023-01-01|2023 (solo el ano)|2025-05-05|FICHA DATOS TECNICOS.docx|||no
FUENLABRADA|callao41|2024-03-12|ficha (FECHA LLEGADA) + fichero, afinada|2024-01-01|2024 (solo el ano)|2024-03-12|Listado_inmuebles (2).xlsx|||no
FUENLABRADA|callao44|2025-05-20|ficha: FECHA ENCARGO|2025-05-20|20-05-2025|2025-05-27|1.DATOS\6.3D\Archivos GLB\Callao 44 - Fuenlabrada.glb|||no
FUENLABRADA|callao48|2025-09-29|ficha (FECHA LLEGADA) + fichero, afinada|2025-01-01|2025 (solo el ano)|2025-09-29|1.DATOS\6.3D\Archivos GLB\Callao 48 - Madrid.glb|||no
FUENLABRADA|callao50|2026-01-26|ficha (FECHA LLEGADA) + fichero, afinada|2026-01-01|2026 (solo el ano)|2026-01-26|FICHA DATOS.docx|||no
FUENLABRADA|callao68|2023-01-01|ficha: FECHA LLEGADA|2023-01-01|2023 (solo el ano)|2025-05-05|FICHA DATOS TECNICOS.docx|||no
FUENLABRADA|calledelaestacion|2015-01-24|fichero mas antiguo|||2015-01-24|DATOS\fotos\IMG_20150115_111148.jpg|||si
FUENLABRADA|canarias8|2024-06-28|ficha: FECHA ENCARGO|2024-06-28|28/06/2024|2019-06-03|2 Rehabilitacion de Cubierta\FICHA DE DATOS ACCESALIA.docx|||no
FUENLABRADA|castillalanueva16|2022-01-01|ficha: FECHA LLEGADA|2022-01-01|2022 (solo el ano)|2025-05-05|FICHA DATOS TECNICOS.docx|||si
FUENLABRADA|castillalanueva18|2017-05-10|ficha: FECHA INICIO|2017-05-10|10/05/2017|2017-05-10|DATOS\HONORARIOS\HONORARIOS castillalanueva18.docx|||si
FUENLABRADA|castillalanueva22|2026-04-14|ficha (FECHA LLEGADA) + fichero, afinada|2026-01-01|2026 (solo el ano)|2026-04-14|FICHA DATOS.docx|||no
FUENLABRADA|castillalanueva33|2025-01-13|ficha: FECHA ENCARGO|2025-01-13|13/01/2025|2023-08-24|3.OBRA\FIN DE OBRA\+plantilla\4 anexo3\_opcional reportaje fotografico.txt|||no
FUENLABRADA|castillalanueva37|2021-02-23|fichero mas antiguo|||2021-02-23|DATOS\datos planos\planos castilla la nueva 27.pdf|||si
FUENLABRADA|castillalanueva37bis|2025-12-23|ficha: FECHA ENCARGO|2025-12-23|23/12/2025|2023-05-09|2.PROYECTO\1.ESCRITOS\7- compromiso CARTEL.docx|||no
FUENLABRADA|castillalanueva40|2024-02-16|ficha: FECHA ENCARGO|2024-02-16|16/02/2024|2023-10-20|3.OBRA\FIN DE OBRA\+plantilla\1 valoracion fin de obra\PAPELES NO VALE\recalculo para fin de obra segun facturas reales.xlsx|||no
FUENLABRADA|castillalavieja10|2024-01-01|ficha: FECHA LLEGADA|2024-01-01|2024 (solo el ano)|2025-04-23|2.PROYECTO\4.SUBVENCION\Cert. Energetico\Externo Valentin\castillalavieja10 inicial.ctehexml.xml|||no
FUENLABRADA|castillalavieja12|2024-01-01|ficha: FECHA LLEGADA|2024-01-01|2024 (solo el ano)|2021-12-17|solado portal\3.OBRA\FIN DE OBRA\no necesita visado\PRESUPUESTO\valoracion fin de obra - basarse en resumen presupuesto.RTF|||no
FUENLABRADA|castillalavieja8|2023-01-01|ficha: FECHA LLEGADA|2023-01-01|2023 (solo el ano)|2012-12-14|2.PROYECTO\INCIDENCIA4 19-06-2026\DOC APORTAR\trabajo\ANDAMIO\Plan de montaje utilizacion y desmontaje multi 12810 TENDO, ZANCA Y TORRES.pdf|||no
FUENLABRADA|castillejos22|2018-03-22|ficha: FECHA INICIO|2018-03-22|22/03/2018|2018-03-29|DATOS\fotos\Castillejos 22.jpeg|||si
FUENLABRADA|castillejos23|2018-01-01|ficha: FECHA INICIO|2018-01-01|2018 (solo el ano)|2020-12-15|PROYECTO\PLANOS\foto-11_apoyo-refuezo-vigas-en-pilares.jpg|2009-05-26|PROYECTO\PLANOS\2998104VK3529N0001TI.dxf|si
FUENLABRADA|chipre1|2015-12-01|ficha: FECHA INICIO|2015-12-01|DICIEMBRE 2015 (dia 1, no venia)|2015-11-25|DATOS\fotos\IMG_20151125_183915.jpg|||si
FUENLABRADA|comunidaddemadrid28|2025-05-14|ficha: FECHA ENCARGO|2025-05-14|14-05-2025|2025-05-26|1.DATOS\5.FOTOS\IMG_0152.jpeg|||no
FUENLABRADA|comunidaddemadrid9|2023-01-26|ficha: FECHA ENCARGO|2023-01-26|26/01/2023|2020-10-22|DATOS\Captura.PNG|||no
FUENLABRADA|constitucion11|2023-01-01|ficha: FECHA LLEGADA|2023-01-01|2023 (solo el ano)|2025-05-05|FICHA DATOS TECNICOS.docx|||no
FUENLABRADA|constitucion49|2016-03-03|ficha: FECHA INICIO|2016-03-03|03/03/2016|2016-03-06|DATOS\fotos\20160305_200911.jpg|||si
FUENLABRADA|constitucion50|2018-04-06|ficha: FECHA INICIO|2018-04-06|06/04/2018|2018-05-16|DATOS\fotos\Constitución 50.jpeg|||si
FUENLABRADA|constitucion51|2017-01-27|ficha: FECHA INICIO|2017-01-27|27/01/2017|2017-02-13|FICHA DE DATOS ACCESALIA.docx|||si
FUENLABRADA|cruzdeluisa11|2025-12-16|ficha (FECHA LLEGADA) + fichero, afinada|2025-01-01|2025 (solo el ano)|2025-12-16|1.DATOS\CRUZ DE LUISA 11 FUENLABRADA.jpeg|||no
FUENLABRADA|cuartel 1|2018-07-13|fichero mas antiguo|||2018-07-13|PROYECTO\ESCRITOS\compromisoCARTEL.pdf|||si
FUENLABRADA|cuzco1|2024-01-01|ficha: FECHA LLEGADA|2024-01-01|2024 (solo el ano)|2025-05-05|FICHA DATOS TECNICOS.docx|||no
FUENLABRADA|delicias1|2023-09-06|ficha (FECHA LLEGADA) + fichero, afinada|2023-01-01|2023 (solo el ano)|2023-09-06|1.DATOS\1.CROQUIS\PERICIAL COMPLETA ASCENSOR DELICIAS 1_compressed.pdf|||no
FUENLABRADA|delicias7|2025-11-03|ficha: FECHA ENCARGO|2025-11-03|03/11/2025|2021-06-03|1.DATOS\6. 3D\DELICIAS 7 (3).skp|||no
FUENLABRADA|dinamarca 8,10,12,14|2016-03-29|ficha: FECHA INICIO|2016-03-29|29/03/2016|2016-03-30|FICHA DE DATOS ACCESALIA.docx|||si
FUENLABRADA|eras 3 5 7 9 11 13|2016-09-12|ficha: FECHA INICIO|2016-09-12|12/09/2016|2016-06-29|DATOS\planos\Borrador escalera.bak|||si
FUENLABRADA|eras5|2017-05-25|ficha: FECHA INICIO|2017-05-25|25/05/2017|2016-03-17|DATOS\render\render escandinavia4.skb|||si
FUENLABRADA|eras9|2026-01-30|ficha: FECHA ENCARGO|2026-01-30|30/01/2026|2022-04-03|ascensor\1.DATOS\4.NUBE DE PUNTOS\Imágenes\20220401_131730483_iOS_00.jpeg|2009-05-11|ascensor\2.PROYECTO\PLANOS\trabajo\2892804VK3529S0001AH.dxf|no
FUENLABRADA|escandinavia1,2,3,4,5,6|2016-02-18|ficha: FECHA INICIO|2016-02-18|18/02/2016|2016-02-21|FICHA DE DATOS ACCESALIA.docx|||si
FUENLABRADA|estacion1|2016-04-02|ficha: FECHA INICIO|2016-04-02|02/04/2016|2016-04-13|DATOS\croquis\ESTACION1 BIS.pdf|||si
FUENLABRADA|estacion9|2023-01-01|ficha: FECHA LLEGADA|2023-01-01|2023 (solo el ano)|2025-05-05|FICHA DATOS TECNICOS.docx|||no
FUENLABRADA|fatima18|2015-02-23|fichero mas antiguo|||2015-02-23|fotos\20150217_185253_resized (2).jpg|||si
FUENLABRADA|fatima3||SIN FECHA|||||||
FUENLABRADA|fatima6|2023-04-11|ficha: FECHA ENCARGO|2023-04-11|11/04/2023|2022-02-08|2.PROYECTO\1.ESCRITOS\7- compromiso CARTEL.docx|2009-06-18|2.PROYECTO\5.BIM\01_DOCUMENTOS\2001502VK3610S0001QW.dxf|no
FUENLABRADA|fatima8|2022-01-01|ficha: FECHA LLEGADA|2022-01-01|2022 (solo el ano)|2021-11-22|3.OBRA\DECLARACION RESPONSABLE\tramitacion\papeles\alta colegial 24103.pdf|2009-06-18|2.PROYECTO\5.BIM\01_DOCUMENTOS\2001503VK3610S0001PW\2001503VK3610S0001PW.asc|si
FUENLABRADA|ferial7|2014-12-12|ficha: FECHA INICIO|2014-12-12|12/12/14|2014-12-19|DATOS\fotos\la foto 3 (16).JPG|||si
FUENLABRADA|ferrocarril 1-B|2016-03-03|ficha: FECHA INICIO|2016-03-03|03/03/2016|2016-03-04|DATOS\croquis\Ferrocarril 1b_1.pdf|||si
FUENLABRADA|francia12|2024-01-01|ficha: FECHA LLEGADA|2024-01-01|2024 (solo el ano)|2025-05-05|FICHA DATOS TECNICOS.docx|||no
FUENLABRADA|francia14|2023-03-07|ficha (FECHA LLEGADA) + fichero, afinada|2023-01-01|2023 (solo el ano)|2023-03-07|1.DATOS\4.NUBE DE PUNTOS\2.SCENE\francia14\frqncia40.lsproj|2023-03-06|1.DATOS\4.NUBE DE PUNTOS\2.SCENE\francia14\@preview.jpg|no
FUENLABRADA|francia15|2019-04-30|fichero mas antiguo|||2019-04-30|datos\fotos estado actual\20190430_122419.jpg|||si
FUENLABRADA|francia25|2026-09-25|ficha (FECHA LLEGADA) + fichero, afinada|2026-01-01|2026 (solo el ano)|2026-09-25|FICHA DATOS.docx|||no
FUENLABRADA|francia34|2023-03-15|ficha (FECHA LLEGADA) + fichero, afinada|2023-01-01|2023 (solo el ano)|2023-03-15|1.DATOS\2.DOCUMENTACION\15-03-2023 Gmail - Re_ Anteproyecto aerotermia FRANCIA 34.pdf|||no
FUENLABRADA|francia5|2025-02-07|ficha: FECHA ENCARGO|2025-02-07|07/02/2025|2024-10-07|2.PROYECTO\4.SUBVENCION\Cert. Energetico\Trabajo\ConsultaMasiva_ (1).dxf|||no
FUENLABRADA|francia50|2026-01-01|ficha: FECHA LLEGADA|2026-01-01|2026 (solo el ano)|2022-04-25|ASCENSOR\1.DATOS\4.NUBE DE PUNTOS\2.SCENE\Francia_50_fuenlabrada\Revisions\1\_3Scans\FARO_Scan_025.fpc|2022-04-22|ASCENSOR\1.DATOS\4.NUBE DE PUNTOS\2.SCENE\Francia_50_fuenlabrada\@preview.jpg|no
FUENLABRADA|francia7|2024-01-26|ficha (FECHA LLEGADA) + fichero, afinada|2024-01-01|2024 (solo el ano)|2024-01-26|3.OBRA\DECLARACION RESPONSABLE\TRAMITACION\bonificacion icio\+instrucciones OTAF para pedir las tasas.docx|||no
FUENLABRADA|getafe17|2022-01-01|ficha: FECHA LLEGADA|2022-01-01|2022 (solo el ano)|2025-05-05|FICHA DATOS TECNICOS.docx|||si
FUENLABRADA|glorietamiraflores2|2019-04-01|ficha: FECHA INICIO|2019-04-01|ABRIL 2019 (dia 1, no venia)|2019-05-05|FICHA DE DATOS ACCESALIA.docx|||si
FUENLABRADA|grecia18|2023-01-01|ficha: FECHA LLEGADA|2023-01-01|2023 (solo el ano)|2025-05-05|FICHA DATOS TECNICOS.docx|||no
FUENLABRADA|habana27|2022-10-06|ficha (FECHA LLEGADA) + fichero, afinada|2022-01-01|2022 (solo el ano)|2022-10-06|1.DATOS\3.PRESUPUESTO\LUIS VIVES 11 - SALVAESCALERAS SEPT22_signed (5).pdf|||si
FUENLABRADA|habana41|2023-01-01|ficha: FECHA LLEGADA|2023-01-01|2023 (solo el ano)||2.PROYECTO\1.ESCRITOS\ANEXO AL PROYECTO\trabajo\para desbloq excel\[Content_Types].xml|||no
FUENLABRADA|higueral1|2026-01-30|ficha (FECHA LLEGADA) + fichero, afinada|2026-01-01|2026 (solo el ano)|2026-01-30|FICHA DATOS.docx|||no
FUENLABRADA|higueral12|2016-02-02|fichero mas antiguo|||2016-02-02|2.16 x 3.7 higueral 12 roymar (1).jpg|||si
FUENLABRADA|hispanidad12|2020-07-10|fichero mas antiguo|||2020-07-10|Datos\PRESUPUESTO CUBIERTA.docx|||si
FUENLABRADA|hispanidad3|2019-02-21|ficha (FECHA LLEGADA) + fichero, afinada|2019-01-01|2019 (solo el ano)|2019-02-21|ascensor\DATOS\PRESUPUESTO\presupuesto de fain.pdf|||si
FUENLABRADA|holanda10|2022-11-24|ficha (FECHA LLEGADA) + fichero, afinada|2022-01-01|2022 (solo el ano)|2022-11-24|1.DATOS\2.DOCUMENTACION\Acta acuerdo bajada.pdf|||si
FUENLABRADA|holanda11|2016-09-09|ficha: FECHA INICIO|2016-09-09|09/09/2016|2016-09-11|DATOS\croquis\Croquis viejos\Holanda11pedro.pdf|||si
FUENLABRADA|holanda3|2023-01-01|ficha: FECHA LLEGADA|2023-01-01|2023 (solo el ano)|2025-05-05|FICHA DATOS TECNICOS.docx|||no
FUENLABRADA|holanda5|2016-05-25|fichero mas antiguo|||2016-05-25|DATOS\croquis\Holanda 5.pdf|||si
FUENLABRADA|honda18|2017-01-27|ficha: FECHA INICIO|2017-01-27|27/01/2017|2017-03-07|DATOS\croquis\Honda 18.pdf|||si
FUENLABRADA|honduras4|2019-05-01|ficha: FECHA INICIO|2019-05-01|MAYO 2019 (dia 1, no venia)|2016-06-10|DATOS\presupuesto\falso.pdf|||si
FUENLABRADA|humera14|2023-01-01|ficha: FECHA LLEGADA|2023-01-01|2023 (solo el ano)|2025-05-05|FICHA DATOS TECNICOS.docx|||no
FUENLABRADA|humera16|2025-02-17|ficha: FECHA ENCARGO|2025-02-17|17/02/2025|2025-02-24|1.DATOS\4.NUBE DE PUNTOS\2.SCENE\Humera16\Humera16.lsproj|||no
FUENLABRADA|humera2|2021-12-21|ficha: FECHA ENCARGO|2021-12-21|21/12/21|2018-03-17|PROYECTO - MEMORIA VALORADA\PLANOS\PGOU.png|||si
FUENLABRADA|humera23|2018-03-12|fichero mas antiguo|||2018-03-12|DATOS\fotos\Imagen (3).jpeg|||si
FUENLABRADA|humera27|2018-03-17|fichero mas antiguo|||2018-03-17|1.0 DATOS\referencias\catastro.png|||si
FUENLABRADA|humilladero5|2021-01-01|ficha: FECHA LLEGADA|2021-01-01|2021 (solo el ano)|2018-04-19|DATOS\fotos\Humilladero.jpeg|||si
FUENLABRADA|hungria4|2023-01-01|ficha: FECHA LLEGADA|2023-01-01|2023 (solo el ano)|2022-02-08|2 PROYECTO - PRESENTACIÓN COMUN\1.ESCRITOS COMUNES\anteriores\7- compromiso CARTEL.docx|2009-02-02|2 PROYECTO - PRESENTACIÓN COMUN\C.ASCENSOR\2.PROYECTO\5.BIM\01_DOCUMENTOS\2199001VK3529N0001BI.dxf|no
FUENLABRADA|islandia2|2018-03-01|ficha: FECHA INICIO|2018-03-01|01/03/2018|2018-03-12|DATOS\fotos\Imagen (7).jpeg|||si
FUENLABRADA|islandia4|2018-03-17|fichero mas antiguo|||2018-03-17|PROYECTO\PLANOS\CATASTRO.png|||si
FUENLABRADA|islandia6|2016-09-12|ficha: FECHA INICIO|2016-09-12|12/09/2016|2016-06-29|DATOS\planos\Borrador escalera.bak|||si
FUENLABRADA|islasbritanicas26|2023-01-01|ficha: FECHA LLEGADA|2023-01-01|2023 (solo el ano)|2022-06-17|3.OBRA\DECLARACION RESPONSABLE\tramitacion\obra no empezada\obra no empezada.docx|||no
FUENLABRADA|italia1|2017-06-23|ficha: FECHA INICIO|2017-06-23|23/06/2017|2017-09-09|FICHA DE DATOS ACCESALIA.docx|||si
FUENLABRADA|italia11|2023-01-01|ficha: FECHA LLEGADA|2023-01-01|2023 (solo el ano)||2.PROYECTO\4.SUBVENCION\SUBV CAM NG 2022_concedida\incidencia1\00_-_Requerimiento_Subsanacion_Solicitud.pdf|||no
FUENLABRADA|italia15|2016-03-30|fichero mas antiguo|||2016-03-30|DATOS\fotos\20160329_125729.jpg|||si
FUENLABRADA|italia35|2022-01-01|ficha: FECHA LLEGADA|2022-01-01|2022 (solo el ano)|2019-07-05|2.PROYECTO\5.BIM\02_TEC\Auxiliar catastro.dxf|||si
FUENLABRADA|laarena45|2015-11-17|fichero mas antiguo|||2015-11-17|laarena45.pdf|||si
FUENLABRADA|lafontana-mancomunidad|2019-05-20|fichero mas antiguo|||2019-05-20|PISCINA\PRETO - BERRI-A. DE.DE SOTO - 2019 (1).xls|||si
FUENLABRADA|lapaz66|2024-01-01|ficha: FECHA LLEGADA|2024-01-01|2024 (solo el ano)|2025-05-05|FICHA DATOS TECNICOS.docx|||no
FUENLABRADA|lasnieves5|2014-12-12|ficha: FECHA INICIO|2014-12-12|12/12/14|2014-12-18|DATOS\planos\NIEVES 5.pdf|||si
FUENLABRADA|lavega14|2017-05-09|ficha: FECHA INICIO|2017-05-09|09/05/2017|2017-03-07|DATOS\presupuesto THYSSEN\DELAVEGA14presupuesto.doc|||si
FUENLABRADA|lavega6|2020-10-01|ficha: FECHA INICIO|2020-10-01|OCTUBRE 2020 (dia 1, no venia)|2017-08-26|ascensor terminado\PROYECTO\PLANOS\ORDENACION.jpg|||si
FUENLABRADA|leganes12|2022-01-01|ficha: FECHA LLEGADA|2022-01-01|2022 (solo el ano)|2016-10-01|1.DATOS\1.CROQUIS\croquis 2016 - Leganés 12.pdf|||si
FUENLABRADA|leganes14|2024-07-26|ficha: FECHA ENCARGO|2024-07-26|26/07/2024|2024-01-26|3.OBRA\1. DECLARACION RESPONSABLE\tramitacion\bonificacion icio\+instrucciones OTAF para pedir las tasas.docx|||no
FUENLABRADA|leganes18|2022-01-19|ficha (FECHA LLEGADA) + fichero, afinada|2022-01-01|2022 (solo el ano)|2022-01-19|2.PROYECTO\3.PDF\COLEGIO\5.ANEXO1\hoja direccion obra semi-rellenada.pdf|||si
FUENLABRADA|leganes27|2016-11-15|fichero mas antiguo|||2016-11-15|DATOS\croquis\Leganés 27_1.pdf|||si
FUENLABRADA|lima16-24|2025-09-29|ficha (FECHA LLEGADA) + fichero, afinada|2025-01-01|2025 (solo el ano)|2025-09-29|FICHA DATOS.docx|||no
FUENLABRADA|lima33|2026-07-14|ficha (FECHA LLEGADA) + fichero, afinada|2026-01-01|2026 (solo el ano)|2026-07-14|FICHA DATOS.docx|||no
FUENLABRADA|lima5|2022-01-01|ficha: FECHA LLEGADA|2022-01-01|2022 (solo el ano)|2016-03-19|ascensor\presupuestos FAIN\FAIN.pdf|||si
FUENLABRADA|lima53|2018-12-10|fichero mas antiguo|||2018-12-10|DATOS\contrato\scan (1).pdf|||si
FUENLABRADA|lima73|2021-12-10|fichero mas antiguo|||2021-12-10|Islandia 6.skb|||si
FUENLABRADA|losangeles6|2026-01-20|ficha (FECHA LLEGADA) + fichero, afinada|2026-01-01|2026 (solo el ano)|2026-01-20|FICHA DATOS.docx|||no
FUENLABRADA|lourdes5|2016-09-30|ficha: FECHA INICIO|2016-09-30|30/09/2016|2016-10-01|FICHA DE DATOS ACCESALIA.docx|||si
FUENLABRADA|luissauquillo59|2016-04-08|ficha: FECHA INICIO|2016-04-08|8/4/2016|2016-04-12|DATOS\ascensor\CCE11042016 (1).pdf|||si
FUENLABRADA|madrid18|2022-01-01|ficha: FECHA LLEGADA|2022-01-01|2022 (solo el ano)|2016-10-01|FICHA DE DATOS ACCESALIA.docx|||si
FUENLABRADA|malaga16|2025-04-10|ficha (FECHA LLEGADA) + fichero, afinada|2025-01-01|2025 (solo el ano)|2025-04-10|1.DATOS\6.3D\Imagenes\MALAGA 16 - FUENLABRADA.jpeg|||no
FUENLABRADA|malaga1618 20|2021-10-13|ficha (FECHA INICIO) + fichero, afinada|2021-10-01|OCTUBRE 2021 (dia 1, no venia)|2021-10-13|FICHA DE DATOS ACCESALIA.docx|||si
FUENLABRADA|malaga2|2016-09-29|ficha: FECHA INICIO|2016-09-29|29/09/2016|2016-09-30|DATOS\croquis\Malaga 2_1.pdf|||si
FUENLABRADA|malaga22|2024-01-01|ficha: FECHA LLEGADA|2024-01-01|2024 (solo el ano)|2021-11-22|cambio tuberias\3.OBRA\DECLARACION RESPONSABLE\tramitacion\papeles\alta colegial 24103.pdf|||no
FUENLABRADA|malaga26|2020-10-05|fichero mas antiguo|||2020-10-05|MEMORIA VALORADA\ESCRITOS\Málaga26.bak|||si
FUENLABRADA|malaga28|2024-01-01|ficha: FECHA LLEGADA|2024-01-01|2024 (solo el ano)|2021-11-22|ascendentes y bajantes\3.OBRA\DECLARACION RESPONSABLE\tramitacion\papeles\alta colegial 24103.pdf|||no
FUENLABRADA|malaga4|2016-09-29|ficha: FECHA INICIO|2016-09-29|29/09/2016|2016-09-30|DATOS\croquis\Malaga 4.pdf|||si
FUENLABRADA|malaga40|2024-01-01|ficha: FECHA LLEGADA|2024-01-01|2024 (solo el ano)|2020-12-02|mejora accesibilidad\DATOS\presupuesto\OFERTA 285-20-409-MALAGA 40 (2).pdf|||no
FUENLABRADA|mejicosn|2025-10-22|ficha (FECHA LLEGADA) + fichero, afinada|2025-01-01|2025 (solo el ano)|2025-10-22|Acceso 1\1.DATOS\6.3D\Garaje - Acceso 1.skb|||no
FUENLABRADA|migueldeunamuno17|2015-01-30|ficha: FECHA INICIO|2015-01-30|30/01/15|2015-01-31|FICHA DE DATOS ACCESALIA.docx|||si
FUENLABRADA|migueldeunamuno20|2025-09-18|ficha (FECHA LLEGADA) + fichero, afinada|2025-01-01|2025 (solo el ano)|2025-09-18|FICHA DATOS.docx|||no
FUENLABRADA|migueldeunamuno24|2026-07-22|ficha (FECHA LLEGADA) + fichero, afinada|2026-01-01|2026 (solo el ano)|2026-07-22|FICHA DATOS.docx|||no
FUENLABRADA|migueldeunamuno25|2021-05-01|ficha: FECHA INICIO|2021-05-01|MAYO 2021 (dia 1, no venia)|2021-02-17|DATOS\presupuesto\PPTO FACHASA SATE Y CAMARAS ELECNOR (1).pdf|||si
FUENLABRADA|migueldeunamuno27|2026-01-01|ficha: FECHA LLEGADA|2026-01-01|2026 (solo el ano)|2020-11-11|salvaescaleras vertical\DATOS\HONORARIOS\PROPUESTAHONORARIOS.pdf|||no
FUENLABRADA|mirasierra1|2026-01-12|ficha (FECHA LLEGADA) + fichero, afinada|2026-01-01|2026 (solo el ano)|2026-01-12|1.DATOS\6.3D\Mirasierra 1 - Fuenlabrada.skb|||no
FUENLABRADA|mirasierra8|2025-12-29|ficha (FECHA LLEGADA) + fichero, afinada|2025-01-01|2025 (solo el ano)|2025-12-29|FICHA DATOS.docx|||no
FUENLABRADA|mostoles3portal2|2022-01-12|ficha: FECHA ENCARGO|2022-01-12|12/01/2022|2019-07-10|Rehabilitacion de Cubierta - MV\VIEJO\Pres. ... 994 ... Móstoles nº 3, Fuenlabrada (Madrid).xlsx|2009-05-12|Ascensor TERMINADO\PROYECTO\PLANOS\trabajo\2399503VK3529N0001LI.dxf|si
FUENLABRADA|mostoles3portal3|2016-10-06|ficha: FECHA INICIO|2016-10-06|06/10/2016|2016-10-09|PROYECTO\SUBVENCION 2021\iee\_datos\CATASTRO.jpg|||si
FUENLABRADA|mostoles3portal4|2024-09-26|ficha: FECHA ENCARGO|2024-09-26|26/09/2024|2024-10-02|1.DATOS\Visita toma de datos\ASCENSOR.docx|||no
FUENLABRADA|mostoles3portal5|2016-10-10|fichero mas antiguo|||2016-10-10|DATOS\REFERENCIAS\ORDENACION.jpg|||si
FUENLABRADA|mostoles3portal7|2024-03-06|ficha: FECHA ENCARGO|2024-03-06|06/03/2024|2016-10-10|ASCENSOR terminado\DATOS\REFERENCIAS\ORDENACION.jpg|||no
FUENLABRADA|mostoles3portal8|2016-02-18|ficha: FECHA INICIO|2016-02-18|18/02/2016|2016-02-23|DATOS\apuntesconnacho\Nacho fain.pdf|2001-12-31|PROYECTO\NUBE DE PUNTOS\2.SCENE\@preview.jpg|si
FUENLABRADA|naciones37|2024-01-01|ficha: FECHA LLEGADA|2024-01-01|2024 (solo el ano)|2025-05-05|FICHA DATOS TECNICOS.docx|||no
FUENLABRADA|nardos2|2016-06-20|ficha (FECHA INICIO) + fichero, afinada|2016-01-01|2016 (solo el ano)|2016-06-20|DATOS\croquis\Nardosdos.pdf|||si
FUENLABRADA|nardos4|2016-01-23|fichero mas antiguo|||2016-01-23|DATOS\croquis\Nardos4_1.pdf|||si
FUENLABRADA|nazaret1|2018-12-10|fichero mas antiguo|||2018-12-10|DATOS\CONTRATO\NAZARET 1 INSTALACION.pdf|||si
FUENLABRADA|nazaret10|2019-01-21|fichero mas antiguo|||2019-01-21|FICHA DE DATOS ACCESALIA.docx|||si
FUENLABRADA|nazaret14|2025-04-23|ficha: FECHA ENCARGO|2025-04-23|23/04/2025|2025-02-27|1.DATOS\6.3D\Archivos GLB\Nazaret 14 - Fuenlabrada.glb|||no
FUENLABRADA|nazaret32bis|2022-01-25|ficha (FECHA ENCARGO) + fichero, afinada|2022-01-01|2022 (solo el ano)|2022-01-25|SATE\3.OBRA\DECLARACION RESPONSABLE\tramitacion\solicitud tasas y bonif icio\papeles\instancia general.pdf|2009-05-11|SATE\2.PROYECTO\PLANOS\Catastro\2204410VK3620S0001KY\2204410VK3620S0001KY.asc|si
FUENLABRADA|nazaret8|2024-01-01|ficha: FECHA LLEGADA|2024-01-01|2024 (solo el ano)|2025-05-05|FICHA DATOS TECNICOS.docx|||no
FUENLABRADA|nazaret9-11|2016-03-03|ficha: FECHA INICIO|2016-03-03|03/03/2016|2016-03-04|FICHA DE DATOS ACCESALIA.docx|||si
FUENLABRADA|oriente6|2023-09-28|ficha: FECHA ENCARGO|2023-09-28|28/09/2023|2022-03-23|1.DATOS\4.NUBE DE PUNTOS\220323-Oriente-6_Informe.pdf|||no
FUENLABRADA|oriente8|2023-11-03|ficha (FECHA LLEGADA) + fichero, afinada|2023-01-01|2023 (solo el ano)|2023-11-03|1.DATOS\5.FOTOS\IMG_20231103_104436.jpg|||no
FUENLABRADA|oriente8 - LOCAL 3|2024-07-08|fichero mas antiguo|||2024-07-08|EtiquetaCertificado.pdf|||no
FUENLABRADA|oriente9|2023-01-27|fichero mas antiguo|||2023-01-27|Certificado Energético\trabajo\FXCC_2599301VK3529N0001MI.pdf|||no
FUENLABRADA|palencia12|2022-02-08|ficha (FECHA LLEGADA) + fichero, afinada|2022-01-01|2022 (solo el ano)|2022-02-08|2.PROYECTO\1.ESCRITOS\8- compromiso CARTEL.docx|2009-01-30|2.PROYECTO\6.CAD\info\2110004VK3620N0001ZZ.dxf|si
FUENLABRADA|paseocares1|2025-07-18|ficha (FECHA LLEGADA) + fichero, afinada|2025-01-01|2025 (solo el ano)|2025-07-18|FICHA DATOS.docx|||no
FUENLABRADA|paseochile10|2025-02-07|ficha (FECHA LLEGADA) + fichero, afinada|2025-01-01|2025 (solo el ano)|2025-02-07|1.DATOS\CONSULTA PREVIA EXTERNA\CONSULTA ACCESIBILIDAD PSO CHILE 10_FDO.pdf|||no
FUENLABRADA|paseocolonia5|2024-01-01|ficha: FECHA LLEGADA|2024-01-01|2024 (solo el ano)|2025-05-05|FICHA DATOS TECNICOS.docx|||no
FUENLABRADA|paseodegranada2|2023-01-01|ficha: FECHA LLEGADA|2023-01-01|2023 (solo el ano)|2022-11-29|sate\2.PROYECTO\1.ESCRITOS\rehab_fe_edif_herramienta_cuantia_subvencion_p3_v2.xlsx|||no
FUENLABRADA|paseodegranada3|2022-01-01|ficha: FECHA LLEGADA|2022-01-01|2022 (solo el ano)|2009-04-02|accesibilidad\PROYECTO\PLANOS\por plantas.dxf|||si
FUENLABRADA|paseodelahaya2|2022-09-05|ficha (FECHA LLEGADA) + fichero, afinada|2022-01-01|2022 (solo el ano)|2022-09-05|1.DATOS\3.PRESUPUESTO\CONTRATO.docx|||si
FUENLABRADA|paseodoctorseveroochoa10|2025-02-18|ficha: FECHA ENCARGO|2025-02-18|18/02/2025|2023-05-09|2.PROYECTO\1.ESCRITOS\sin invadir espacio publico\7- compromiso CARTEL.docx|||no
FUENLABRADA|paseodoctorseveroochoa2|2025-10-22|ficha (FECHA LLEGADA) + fichero, afinada|2025-01-01|2025 (solo el ano)|2025-10-22|1.DATOS\6.3D\Paseo Doctor Severo Ochoa 2 - Fuenlabrada.skb|||no
FUENLABRADA|paseoolimpo16|2024-01-01|ficha: FECHA LLEGADA|2024-01-01|2024 (solo el ano)|2019-11-11|bajada a cota cero - FINALIZADO\PROYECTO\PLANOS\plataforma elevadora.jpg|||no
FUENLABRADA|paseoolimpo7|2021-07-22|ficha: FECHA INICIO|2021-07-22|22/07/2021|2021-07-27|DATOS\PRESUPUESTO CONTRATA.pdf|||si
FUENLABRADA|paseosanantonio3|2022-01-13|ficha: FECHA ENCARGO|2022-01-13|13/01/2022|2021-10-05|PROYECTO\ESCRITOS\Word - Combinar Correspondencia _Formatos de Campo €.docx|||si
FUENLABRADA|paseosanantonio4|2025-05-21|ficha: FECHA ENCARGO|2025-05-21|21/05/2025|2024-04-04|SATE\2.PROYECTO\4.SUBVENCION\IEE\Trabajo\declaracion_responsable_iee.docx|||no
FUENLABRADA|paseosanantonio5|2018-12-13|fichero mas antiguo|||2018-12-13|DATOS\ACTAS\DOCUMENTACION ARQUITECTO (3).pdf|||si
FUENLABRADA|paseosanantonio6|2017-05-25|ficha: FECHA INICIO|2017-05-25|25/05/2017|2016-10-19|DATOS\REFERENCIAS\LOCALIZACION.jpg|||si
FUENLABRADA|paular1|2025-01-01|ficha: FECHA LLEGADA|2025-01-01|2025 (solo el ano)|2022-11-29|2.PROYECTO\1.ESCRITOS\rehab_fe_edif_herramienta_cuantia_subvencion_p3_v2.xlsx|||no
FUENLABRADA|paular5|2022-09-05|ficha: FECHA ENCARGO|2022-09-05|05/09/2022|2022-02-08|2.PROYECTO\1.ESCRITOS\8- compromiso CARTEL.docx|2009-04-08|2.PROYECTO\2.MEDICIONES\3294801VK3539S0001OB\3294801VK3539S0001OB.asc|si
FUENLABRADA|pelayo7|2016-09-09|ficha: FECHA INICIO|2016-09-09|09/09/2016|2016-09-11|FICHA DE DATOS ACCESALIA.docx|||si
FUENLABRADA|pelayos11|2022-01-13|ficha: FECHA ENCARGO|2022-01-13|13/01/2022|2018-07-10|DATOS\INFORME\trabajo\planohumilladero5.bak|||si
FUENLABRADA|pelayos9|2016-06-23|ficha: FECHA INICIO|2016-06-23|23/06/2016|2016-06-24|DATOS\croquis\Pelayos 9.pdf|||si
FUENLABRADA|planos chalet codi|2021-10-27|fichero mas antiguo|||2021-10-27|planos para codi_torrente51.bak|||si
FUENLABRADA|plazadebogota7|2025-10-01|ficha (FECHA LLEGADA) + fichero, afinada|2025-01-01|2025 (solo el ano)|2025-10-01|1.DATOS\6.3D\Archivos GLB\Plaza de Bogota 7 - Fuenlabrada.glb|||no
FUENLABRADA|plazadelaalbufera11|2025-06-16|ficha (FECHA LLEGADA) + fichero, afinada|2025-01-01|2025 (solo el ano)|2025-06-16|1.DATOS\2.DOCUMENTACION\RECIBIDO DE LA CP\requerimiento plaza de la albufera 11.pdf|||no
FUENLABRADA|plazadenicaragua3|2022-01-01|ficha: FECHA LLEGADA|2022-01-01|2022 (solo el ano)||2.PROYECTO\incidencia2 20-11-2024\registro instalacion electrica recibido de la cp.pdf|||si
FUENLABRADA|plazadepanticosa5|2021-08-06|fichero mas antiguo|||2021-08-06|archivos\DATOS\presupuesto C.P PANTICOSA 5 CHAPA SANDWICH .pdf|||si
FUENLABRADA|plazadepanticosa7|2024-09-02|ficha (FECHA LLEGADA) + fichero, afinada|2024-01-01|2024 (solo el ano)|2024-09-02|Listado_inmuebles (2).xlsx|||no
FUENLABRADA|plazaparis2|2015-11-18|fichero mas antiguo|||2015-11-18|DATOS\planos\20151118_105251.mp4|||si
FUENLABRADA|plazaparis3|2018-10-16|fichero mas antiguo|||2018-10-16|DATOS\fotos\IMG_20181016_172929819_HDR.jpg|||si
FUENLABRADA|plazaparis5|2022-01-01|ficha: FECHA LLEGADA|2022-01-01|2022 (solo el ano)|2015-10-12|1. DATOS\3.PRESUPUESTO\antiguo\plazadeparis5.doc|||si
FUENLABRADA|plazaparis6|2023-01-01|ficha: FECHA LLEGADA|2023-01-01|2023 (solo el ano)|2021-04-29|antiguo PROYECTO\ESCRITOS\1-ACTUACION EMERGENCIA plazadeparis6.doc|||no
FUENLABRADA|plazaparis7|2021-06-01|ficha: FECHA INICIO|2021-06-01|JUNIO 2021 (dia 1, no venia)|2021-05-24|DATOS\fotos\IMG_20210524_133929.jpg|||si
FUENLABRADA|plazaparis8|2018-12-10|fichero mas antiguo|||2018-12-10|DATOS\CONTRATO\presupuesto fain original.pdf|||si
FUENLABRADA|plazavaldehondillo2|2017-06-10|fichero mas antiguo|||2017-06-10|PROYECTO\PLANOS\FOTO AEREA.PNG|||si
FUENLABRADA|plazavaldehondillo3|2017-04-05|ficha: FECHA INICIO|2017-04-05|05/04/2017|2017-04-08|DATOS\croquis\Plaza de valdehondillo 3.pdf|||si
FUENLABRADA|polvoranca23|2009-04-13|fichero mas antiguo|||2009-04-13|PROYECTO\PLANOS\distribucion por plantas.dxf|||si
FUENLABRADA|polvoranca25|2025-05-17|ficha: FECHA ENCARGO|2025-05-17|17-05-2025|2025-06-18|1.DATOS\6.3D\Archivos GLB\Polvoranca 25 - Fuenlabrada.glb|||no
FUENLABRADA|portugal4|2023-01-01|ficha: FECHA LLEGADA|2023-01-01|2023 (solo el ano)|2025-05-05|FICHA DATOS TECNICOS.docx|||no
FUENLABRADA|portugal44|2022-10-06|ficha (FECHA LLEGADA) + fichero, afinada|2022-01-01|2022 (solo el ano)|2022-10-06|1.DATOS\3.PRESUPUESTO\LUIS VIVES 11 - SALVAESCALERAS SEPT22_signed (5).pdf|||si
FUENLABRADA|pozuelo17|2018-12-04|fichero mas antiguo|||2018-12-04|PROYECTO\SUBVENCION SE LA TRAMITAN ELLOS\POZUELO 21_Resumen de presupuesto.RTF|||si
FUENLABRADA|pozuelo19|2016-09-09|ficha: FECHA INICIO|2016-09-09|09/09/2016|2016-03-03|DATOS\croquis\Pozuelo23.pdf|||si
FUENLABRADA|pozuelo21|2016-03-03|fichero mas antiguo|||2016-03-03|DATOS\croquis\Pozuelo23.pdf|||si
FUENLABRADA|pozuelo23|2016-03-03|fichero mas antiguo|||2016-03-03|DATOS\croquis\Pozuelo23.pdf|||si
FUENLABRADA|pozuelo27|2022-02-18|fichero mas antiguo|||2022-02-18|DATOS\croquis\CP POZUELO 27 ACCESO RAMPA Y CUOTA CERO.pdf|||si
FUENLABRADA|rioja57|2023-01-01|ficha: FECHA LLEGADA|2023-01-01|2023 (solo el ano)|2025-05-05|FICHA DATOS TECNICOS.docx|||no
FUENLABRADA|sanandres1|2021-12-10|ficha: FECHA ENCARGO|2021-12-10|10/12/21|2019-01-14|DATOS\fotos\IMG_20190111_115104.jpg|||si
FUENLABRADA|sanandres12|2015-12-02|fichero mas antiguo|||2015-12-02|DATOS\croquis\20151201_160941_resized.jpg|||si
FUENLABRADA|sanandres2|2022-02-08|ficha (FECHA LLEGADA) + fichero, afinada|2022-01-01|2022 (solo el ano)|2022-02-08|2.PROYECTO\1.ESCRITOS\8- compromiso CARTEL.docx|||si
FUENLABRADA|sanandres20|2025-06-05|ficha (FECHA LLEGADA) + fichero, afinada|2025-01-01|2025 (solo el ano)|2025-06-05|1.DATOS\6.3D\Imagenes\San Andres 20 Fuenlabrada.jpeg|||no
FUENLABRADA|sanandres5|2018-11-29|fichero mas antiguo|||2018-11-29|PROYECTO\PLANOS\_PlanoTipoPBE.bak|||si
FUENLABRADA|sanfranciscojavier2|2020-02-17|ficha (FECHA INICIO) + fichero, afinada|2020-02-01|FEBRERO 2020 (dia 1, no venia)|2020-02-17|DATOS\croquis\IMG_20200217_082434.jpg|||si
FUENLABRADA|sanfranciscojavier3|2026-09-25|ficha (FECHA LLEGADA) + fichero, afinada|2026-01-01|2026 (solo el ano)|2026-09-25|FICHA DATOS.docx|||no
FUENLABRADA|sanjoaquin14|2023-01-01|ficha: FECHA LLEGADA|2023-01-01|2023 (solo el ano)|2025-05-05|FICHA DATOS TECNICOS.docx|||no
FUENLABRADA|sanjoaquin19|2018-11-27|fichero mas antiguo|||2018-11-27|DATOS\CONTRATO\SAN JOAQUIN, 19 PRESUPUESTO INSTALACION.pdf|||si
FUENLABRADA|sanjoaquin24|2018-03-22|ficha: FECHA INICIO|2018-03-22|22/03/2018|2016-10-12|PROYECTO\ESCRITOS\compromisoCARTEL.docx|||si
FUENLABRADA|sanjoaquin26|2025-06-05|ficha: FECHA ENCARGO|2025-06-05|05-06-2025|2025-06-10|FICHA DATOS.docx|||no
FUENLABRADA|sanjose26|2024-01-01|ficha: FECHA LLEGADA|2024-01-01|2024 (solo el ano)|2025-05-05|FICHA DATOS TECNICOS.docx|||no
FUENLABRADA|sanjose9|2022-11-01|ficha: FECHA ENCARGO|2022-11-01|NOVIEMBRE 2022 (dia 1, no venia)|2020-10-09|2.PROYECTO\2.MEDICIONES\Plano para mediciones.dxf|||si
FUENLABRADA|santaana8|2021-12-01|fichero mas antiguo|||2021-12-01|SATE\ficha sate SANTA ANA 8 FUENLABRADA.docx|||si
FUENLABRADA|sevilla19|2017-10-10|ficha: FECHA INICIO|2017-10-10|10/10/2017|2017-10-14|FICHA DE DATOS ACCESALIA.docx|||si
FUENLABRADA|sevilla7|2016-07-12|ficha: FECHA INICIO|2016-07-12|12/07/2016|2016-08-02|DATOS\fotos\20160712_170830.jpg|||si
FUENLABRADA|soria1|2022-10-06|ficha (FECHA LLEGADA) + fichero, afinada|2022-01-01|2022 (solo el ano)|2022-10-06|1.DATOS\3.PRESUPUESTO\LUIS VIVES 11 - SALVAESCALERAS SEPT22_signed (5).pdf|||si
FUENLABRADA|suecia3|2021-03-29|fichero mas antiguo|||2021-03-29|DATOS\datos\papeles\Foto plano.jpg|||si
FUENLABRADA|suiza17|2023-01-01|ficha: FECHA LLEGADA|2023-01-01|2023 (solo el ano)|2025-06-17|FICHA DATOS TECNICOS.docx|||no
FUENLABRADA|suiza19|2026-01-12|ficha (FECHA LLEGADA) + fichero, afinada|2026-01-01|2026 (solo el ano)|2026-01-12|1.DATOS\6.3D\Suiza 19 - Fuenlabrada.skb|||no
FUENLABRADA|telefonica2|2024-10-30|ficha (FECHA LLEGADA) + fichero, afinada|2024-01-01|2024 (solo el ano)|2024-10-30|1.DATOS\3.PRESUPUESTO\ARQUIOBRAS PPTO ORIENTATIVO.pdf|||no
FUENLABRADA|torrejon1|2022-11-29|ficha (FECHA LLEGADA) + fichero, afinada|2022-01-01|2022 (solo el ano)|2022-11-29|FICHA DATOS TECNICOS.docx|||si
FUENLABRADA|torrejon7|2019-06-19|fichero mas antiguo|||2019-06-19|datos\croquis\IMG_20190619_125440.jpg|||si
FUENLABRADA|torrejon9|2022-01-01|ficha: FECHA LLEGADA|2022-01-01|2022 (solo el ano)|2016-01-23|1.DATOS\1.CROQUIS\Torrejon9FAIN.pdf|||si
FUENLABRADA|torrente51|2021-11-02|fichero mas antiguo|||2021-11-02|PROYECTO\MEMORIA VALORADA.docx|||si
FUENLABRADA|turquia22|2024-05-17|ficha: FECHA ENCARGO|2024-05-17|17/05/2024|2022-11-29|2.PROYECTO\1.ESCRITOS\rehab_fe_edif_herramienta_cuantia_subvencion_p3_v2.xlsx|||no
FUENLABRADA|urbnuevoversalles2|2024-01-01|ficha: FECHA LLEGADA|2024-01-01|2024 (solo el ano)|2025-05-05|FICHA DATOS TECNICOS.docx|||no
FUENLABRADA|uruguay2|2018-07-06|ficha: FECHA INICIO|2018-07-06|6/7/2018|2018-07-09|DATOS\fotos\Uruguay 2 Fuenlabrada.jpeg|||si
FUENLABRADA|valdemoro8|2026-05-19|fichero mas antiguo|||2026-05-19|FICHA DE DATOS SATE.docx|||no
FUENLABRADA|valdeserrano3|2025-05-26|ficha (FECHA LLEGADA) + fichero, afinada|2025-01-01|2025 (solo el ano)|2025-05-26|FICHA DATOS.docx|||no
FUENLABRADA|valencia 17 19 21 23|2020-07-13|fichero mas antiguo|||2020-07-13|DATOS\propuesta honorarios.pdf|||si
FUENLABRADA|valladolid1|2025-07-10|ficha (FECHA LLEGADA) + fichero, afinada|2025-01-01|2025 (solo el ano)|2025-07-10|FICHA DATOS.docx|||no
FUENLABRADA|valladolid13|2026-06-08|ficha (FECHA LLEGADA) + fichero, afinada|2026-01-01|2026 (solo el ano)|2026-06-08|1.DATOS\6.3D\Valladolid 13 - Fuenlabrada.skb|||no
FUENLABRADA|valladolid2|2023-02-27|ficha (FECHA LLEGADA) + fichero, afinada|2023-01-01|2023 (solo el ano)|2023-02-27|1.DATOS\5.FOTOS\IMG_4820.JPEG|||no
FUENLABRADA|valladolid7|2025-03-06|ficha (FECHA LLEGADA) + fichero, afinada|2025-01-01|2025 (solo el ano)|2025-03-06|FICHA DATOS.docx|||no
FUENLABRADA|venezuela2|2018-05-21|ficha: FECHA INICIO|2018-05-21|21/05/2018|2018-06-04|FICHA DE DATOS ACCESALIA.docx|||si
FUENLABRADA|viena5|2023-01-01|ficha: FECHA LLEGADA|2023-01-01|2023 (solo el ano)|2025-05-05|FICHA DATOS TECNICOS.docx|||no
FUENLABRADA|villalba3|2018-02-23|ficha: FECHA INICIO|2018-02-23|23/02/2018|2014-09-23|PROYECTO\PLANOS\Fonts\romans.shx|||si
FUENLABRADA|villalba5|2018-01-24|ficha: FECHA INICIO|2018-01-24|24/01/2018|2016-10-04|DATOS\planos\Borrador escalera.bak|||si
FUENLABRADA|villalba7|2018-02-21|ficha (FECHA INICIO) + fichero, afinada|2018-02-01|FEBRERO 2018 (dia 1, no venia)|2018-02-21|DATOS\fotos\Situación 7.jpg|||si
FUENLABRADA|villalba9|2018-06-08|fichero mas antiguo|||2018-06-08|DATOS\fotos\IMG_20180608_170457.jpg|||si
FUENLABRADA|villalon1|2024-11-20|ficha: FECHA ENCARGO|2024-11-20|20/11/2024|2023-06-08|2.PROYECTO\4.SUBVENCION\Cert. Energetico\CEE INICIAL\certificado-202306071147.xml|||no
FUENLABRADA|villaviciosadeodon2|2024-08-02|ficha: FECHA ENCARGO|2024-08-02|02/08/2024|2016-05-23|3.OBRA\ADIF PERMISO OCUPACION y tasa informe\INCIDENCIA 1 05-11-2025\trabajo\INFRAE_Sym_FFCCViaPK\INFRAE_Sym_FFCCViaPK.sld|||no
FUENLABRADA|villaviciosadeodon8|2018-10-16|fichero mas antiguo|||2018-10-16|DATOS\180287 01 00.pdf|||si
FUENLABRADA|zamora1-3-5|2022-01-01|ficha: FECHA LLEGADA|2022-01-01|2022 (solo el ano)|2017-09-08|ASCENSORES terminado\DATOS\plano\planotipo.bak|2001-12-31|SATE\1.DATOS\4.NUBE DE PUNTOS\2.SCENE\Zamora 1-3-5_Patios&Exterior\@preview.jpg|si
FUENLABRADA|zamora12|2024-05-16|fichero mas antiguo|||2024-05-16|CEE\Cerf_eficiencia_energ_alcanzado.pdf|||no
FUENLABRADA|zamora21|2026-01-12|ficha (FECHA LLEGADA) + fichero, afinada|2026-01-01|2026 (solo el ano)|2026-01-12|1.DATOS\6.3D\Zamora 21 - Fuenlabrada.skb|||no
FUENLABRADA|zamora25|2023-12-04|ficha: FECHA ENCARGO|2023-12-04|04/12/2023|2023-11-30|ASCENSOR\2.PROYECTO\5.BIM\02_TEC\ACC_PLANTILLA_ARQ_v23.0001.rte|||no
FUENLABRADA|zamora28|2026-10-01|ficha (FECHA LLEGADA) + fichero, afinada|2026-01-01|2026 (solo el ano)|2026-10-01|1.DATOS\3.PRESUPUESTO\PRESUPUESTO REFORMA PORTAL CODI.pdf|||no
FUENLABRADA|zamora6|2026-06-03|ficha: FECHA ENCARGO|2026-06-03|03/06/2026|2024-04-04|2.PROYECTO\4.SUBVENCION\IEE\Trabajo\declaracion_responsable_iee.docx|||no
FUENLABRADA|zaragoza7|2026-04-07|ficha: FECHA ENCARGO|2026-04-07|07/04/2026|2026-04-17|1.DATOS\6.3D\Archivos GLB\17_4_2026.glb|||no
LEGANES|1 MODELO TIPO LEGANES|2020-01-13|fichero mas antiguo|||2020-01-13|ESCALERA TIPO LEGANES.bak|||si
LEGANES|1 RENDER|2019-11-25|fichero mas antiguo|||2019-11-25|legazpi 2- madrid - daniel.skp|||si
LEGANES|aguila1|2015-10-30|fichero mas antiguo|||2015-10-30|DATOS\presupuesto\aguila1.doc|||si
LEGANES|alcarria13|2017-09-26|ficha: FECHA INICIO|2017-09-26|26/09/2017|2017-03-18|alcarria14\DATOS\presupuestos\PRESUPUESTOveza15.doc|||si
LEGANES|alcarria25|2023-01-01|ficha: FECHA LLEGADA|2023-01-01|2023 (solo el ano)|2025-05-05|FICHA DATOS TECNICOS.docx|||no
LEGANES|alcarria60|2025-01-01|ficha: FECHA LLEGADA|2025-01-01|2025 (solo el ano)|2022-11-29|2.PROYECTO\1.ESCRITOS\rehab_fe_edif_herramienta_cuantia_subvencion_p3_v2.xlsx|||no
LEGANES|alcarria62|2022-01-01|ficha: FECHA LLEGADA|2022-01-01|2022 (solo el ano)|2023-01-11|1.DATOS\5.FOTOS\ALCARRIA62 (28).jpeg|||si
LEGANES|alcarria64|2023-01-01|ficha: FECHA LLEGADA|2023-01-01|2023 (solo el ano)|2025-05-05|FICHA DATOS TECNICOS.docx|||no
LEGANES|alcarria9|2022-01-01|ficha: FECHA LLEGADA|2022-01-01|2022 (solo el ano)|2023-01-11|1.DATOS\5.FOTOS\ALCARRIA9 (21).jpeg|||si
LEGANES|alheli2|2026-01-12|ficha (FECHA LLEGADA) + fichero, afinada|2026-01-01|2026 (solo el ano)|2026-01-12|1.DATOS\6.3D\Alheli 2 - Leganes.skb|||no
LEGANES|alheli6|2025-06-19|ficha: FECHA ENCARGO|2025-06-19|19/06/2025|2023-07-20|2.PROYECTO\4.SUBVENCION\Cert. Energetico\Trabajo\ROSA DE LOS VIENTOS.dwg|||no
LEGANES|alpujarras23|2023-06-14|ficha (FECHA LLEGADA) + fichero, afinada|2023-01-01|2023 (solo el ano)|2023-06-14|1.DATOS\3.PRESUPUESTO\ALPUJARRAS Nº23 LEGANES REF310523 MEMORIA EXCEL.xlsx|||no
LEGANES|alpujarras30|2023-01-01|ficha: FECHA LLEGADA|2023-01-01|2023 (solo el ano)|2025-05-05|FICHA DATOS TECNICOS.docx|||no
LEGANES|alpujarras72|2023-01-03|ficha (FECHA LLEGADA) + fichero, afinada|2023-01-01|2023 (solo el ano)|2023-01-03|1.DATOS\3.PRESUPUESTO\adratek\Datasheet+HiE-S535-555KN.pdf|||no
LEGANES|alpujarras76|2020-01-27|fichero mas antiguo|||2020-01-27|FOTOS\IMG_20200127_110754.jpg|||si
LEGANES|ampurdan10|2024-03-22|ficha: FECHA ENCARGO|2024-03-22|22/03/2024|2022-11-29|2.PROYECTO\1.ESCRITOS\rehab_fe_edif_herramienta_cuantia_subvencion_p3_v2.xlsx|||no
LEGANES|ampurdan12|2022-06-15|ficha (FECHA LLEGADA) + fichero, afinada|2022-01-01|2022 (solo el ano)|2022-06-15|3.OBRA\OBRA SATE - PROYECTON\FICHAS TECNICAS\FC_danopren_tr_ES.pdf|1998-05-04|2.PROYECTO\5.BIM\01_DOCUMENTOS\5856804VK3655N0001XE.dxf|si
LEGANES|ampurdan22|2026-01-08|ficha (FECHA LLEGADA) + fichero, afinada|2026-01-01|2026 (solo el ano)|2026-01-08|1.DATOS\3.PRESUPUESTO\PROLEG 02-12-2025.pdf|||no
LEGANES|ampurdan7|2024-05-17|ficha: FECHA ENCARGO|2024-05-17|17/05/2024|2022-11-29|2.PROYECTO\1.ESCRITOS\rehab_fe_edif_herramienta_cuantia_subvencion_p3_v2.xlsx|||no
LEGANES|ampurdan9|2023-01-01|ficha: FECHA LLEGADA|2023-01-01|2023 (solo el ano)|2026-07-17|2.PROYECTO\4.SUBVENCION\Cert. Energetico\final\19 02 CEE FINAL 5955402VK3655N Ampurdan 9.cex|||no
LEGANES|animas3|2024-07-22|ficha: FECHA ENCARGO|2024-07-22|22/07/2024|2016-02-13|1.DATOS\antiguo\croquis\Ánimas 3.pdf|||no
LEGANES|aragon11|2022-01-01|ficha: FECHA LLEGADA|2022-01-01|2022 (solo el ano)|2010-05-10|2.PROYECTO\6.PLANOS (CAD)\58846v4849461_detalledrenajecolectordetaildrainagecollector\DRENAJES COLECTORES DE TUBERIAS.dwg|1998-05-05|2.PROYECTO\6.PLANOS (CAD)\CATASTRO\4450601VK3645S0001XU\4450601VK3645S0001XU\4450601VK3645S0001XU.asc|si
LEGANES|aragon6|2025-02-24|ficha (FECHA LLEGADA) + fichero, afinada|2025-01-01|2025 (solo el ano)|2025-02-24|1.DATOS\3.PRESUPUESTO\RIO ARAGON Nº6 LEGANES medicion y presupuesto.xlsx|||no
LEGANES|artica11|2016-06-02|ficha: FECHA INICIO|2016-06-02|02/06/2016|2016-06-20|FICHA DE DATOS ACCESALIA.docx|||si
LEGANES|artico4|2016-11-09|ficha: FECHA INICIO|2016-11-09|09/11/2016|2016-11-09|DATOS\fotos\20161108_181624.jpg|||si
LEGANES|avangeles6|2026-02-11|ficha (FECHA LLEGADA) + fichero, afinada|2026-01-01|2026 (solo el ano)|2026-02-11|FICHA DATOS.docx|||no
LEGANES|avdelamancha15|2025-02-20|ficha: FECHA ENCARGO|2025-02-20|20/02/2025|2022-12-20|2.PROYECTO\4.SUBVENCION\Cert. Energetico\TRABAJO\Coeficientes Puentes Térmicos PREVISTO.JPG|||no
LEGANES|avdelamancha18|2025-07-28|ficha: FECHA ENCARGO|2025-07-28|28/07/2025|2022-11-29|2.PROYECTO\1.ESCRITOS\rehab_fe_edif_herramienta_cuantia_subvencion_p3_v2.xlsx|||no
LEGANES|avdelamancha44|2026-01-12|ficha (FECHA LLEGADA) + fichero, afinada|2026-01-01|2026 (solo el ano)|2026-01-12|1.DATOS\6.3D\Av de la Mancha 44 - Leganes.skb|||no
LEGANES|avdrfleming14|2025-12-22|ficha: FECHA ENCARGO|2025-12-22|22/12/2025|2022-11-29|2.PROYECTO\1.ESCRITOS\rehab_fe_edif_herramienta_cuantia_subvencion_p3_v2.xlsx|||no
LEGANES|avdrfleming30|2024-07-08|ficha (FECHA LLEGADA) + fichero, afinada|2024-01-01|2024 (solo el ano)|2024-07-08|1.DATOS\3.PRESUPUESTO\AVENIDA DOCTOR FLEMING Nº30 LEGANES medicion y ppto roen.xlsx|||no
LEGANES|avdrfleming32|2026-05-06|ficha: FECHA ENCARGO|2026-05-06|06/05/2026|2022-11-29|2.PROYECTO\1.ESCRITOS\rehab_fe_edif_herramienta_cuantia_subvencion_p3_v2.xlsx|||no
LEGANES|avdrmartinveguejaudenes22|2021-04-20|ficha (FECHA ENCARGO) + fichero, afinada|2021-04-01|ABRIL 2021 (dia 1, no venia)|2021-04-20|DATOS\fotos\IMG_20210420_102749.jpg|2008-01-31|PROYECTO\PLANOS\5546501VK3654N0001KO.dxf|si
LEGANES|avdrmartinveguejaudenes26|2023-01-01|ficha: FECHA LLEGADA|2023-01-01|2023 (solo el ano)|2025-05-05|FICHA DATOS TECNICOS.docx|||no
LEGANES|avdrmartinveguejaudenes31|2023-12-14|ficha (FECHA LLEGADA) + fichero, afinada|2023-01-01|2023 (solo el ano)|2023-12-14|FICHA DATOS TECNICOS.docx|||no
LEGANES|avdrmartinveguejaudenes33-35-37|2021-01-01|ficha: FECHA LLEGADA|2021-01-01|2021 (solo el ano)|1999-03-09|PROYECTO\PLANOS\PlotCfgs\Grayscale.ctb|||si
LEGANES|avdrmediguchiacarriche25|2023-01-01|ficha: FECHA LLEGADA|2023-01-01|2023 (solo el ano)|2025-05-05|FICHA DATOS TECNICOS.docx|||no
LEGANES|avdrmendiguchiacarriche11|2023-03-30|ficha (FECHA LLEGADA) + fichero, afinada|2023-01-01|2023 (solo el ano)|2023-03-30|2.PROYECTO\5.BIM\01_DOCUMENTOS\Mapa4351401VK3655S.pdf|||no
LEGANES|avdrmendiguchiacarriche25|2023-01-01|ficha: FECHA LLEGADA|2023-01-01|2023 (solo el ano)|2025-05-05|FICHA DATOS TECNICOS.docx|||no
LEGANES|avdrmendiguchiacarriche27|2021-01-01|ficha: FECHA LLEGADA|2021-01-01|2021 (solo el ano)|2016-06-20|DATOS\croquis\Doctor Mendiguchía carriche 27.pdf|||si
LEGANES|avdrmendiguchiacarriche29|2023-03-30|ficha (FECHA LLEGADA) + fichero, afinada|2023-01-01|2023 (solo el ano)|2023-03-30|2.PROYECTO\5.BIM\01_DOCUMENTOS\Mapa4351401VK3655S.pdf|||no
LEGANES|avdrmendiguchiacarriche38|2026-03-10|ficha: FECHA ENCARGO|2026-03-10|10/03/2026|2023-06-01|2.PROYECTO\4.SUBVENCION\Doc subvencion\Anexo II Declaracion Responsable.pdf|||no
LEGANES|aveuniversidad22|2025-06-16|ficha: FECHA ENCARGO|2025-06-16|16-06-2025|2025-06-19|1.DATOS\6.3D\Archivos GLB\Av Universidad 22 - Leganes.glb|||no
LEGANES|avfuenlabrada109|2025-04-23|ficha (FECHA LLEGADA) + fichero, afinada|2025-01-01|2025 (solo el ano)|2025-04-23|1.DATOS\6.3D\Av Fuenlabrada 109 - Leganes.skp|||no
LEGANES|avfuenlabrada17|2015-10-05|ficha (FECHA INICIO) + fichero, afinada|2015-10-01|OCTUBRE 2015 (dia 1, no venia)|2015-10-05|DATOS\croquis\fuenlabrada17.skp|||si
LEGANES|avfuenlabrada18|2018-02-20|ficha: FECHA INICIO|2018-02-20|20/02/2018|2017-03-18|DATOS\presupuesto\PRESUPUESTOgeneralcabrara27.doc|||si
LEGANES|avfuenlabrada92|2021-05-01|ficha: FECHA INICIO|2021-05-01|MAYO 2021 (dia 1, no venia)|1998-05-04|2.PROYECTO\PLANOS\Fuenlabrada 92 por plantas catastro.dxf|||si
LEGANES|avportugal23|2026-05-25|ficha: FECHA ENCARGO|2026-05-25|25/05/2026|2026-01-09|2.PROYECTO\1.ESCRITOS\ascensor\8. SOLO MADRID_Cert tecn Justif_tolerancias admis.docx|||no
LEGANES|avreyjuancarlosI72-74|2026-01-28|ficha (FECHA LLEGADA) + fichero, afinada|2026-01-01|2026 (solo el ano)|2026-01-28|WhatsApp Image 2026-01-27 at 13.35.43.jpeg|||no
LEGANES|avreyjuancarlosi33|2025-05-05|ficha (FECHA LLEGADA) + fichero, afinada|2025-01-01|2025 (solo el ano)|2025-05-05|FICHA DATOS TECNICOS.docx|||no
LEGANES|baleares10|2022-01-19|ficha (FECHA LLEGADA) + fichero, afinada|2022-01-01|2022 (solo el ano)|2022-01-19|2.PROYECTO\3.PDF\COLEGIO\5.ANEXO1\hoja direccion obra semi-rellenada.pdf|||si
LEGANES|baleares4|2025-04-11|ficha (FECHA LLEGADA) + fichero, afinada|2025-01-01|2025 (solo el ano)|2025-04-11|1.DATOS\6.3D\Imagenes\Baleares 4 - Madrid.jpeg|||no
LEGANES|baleares6|2020-10-15|fichero mas antiguo|||2020-10-15|DATOS\Planos INFORMATIVOS.pdf|||si
LEGANES|baleares8|2024-01-22|ficha (FECHA LLEGADA) + fichero, afinada|2024-01-01|2024 (solo el ano)|2024-01-22|1.DATOS\2.DOCUMENTACION\CIF Comunidad.pdf|||no
LEGANES|barrionuevo6|2024-07-17|ficha: FECHA ENCARGO|2024-07-17|17/07/2024|2016-12-03|1.DATOS\video\20161203_161036.mp4|||no
LEGANES|batalladebrunete12|2023-02-20|ficha (FECHA LLEGADA) + fichero, afinada|2023-01-01|2023 (solo el ano)|2023-02-20|1.DATOS\4.NUBE DE PUNTOS\2.SCENE\brunette12\brunette12.lsproj|2023-02-16|1.DATOS\4.NUBE DE PUNTOS\2.SCENE\brunette12\@preview.jpg|no
LEGANES|batalladebrunete16|2024-01-01|ficha: FECHA LLEGADA|2024-01-01|2024 (solo el ano)|2025-05-05|FICHA DATOS TECNICOS.docx|||no
LEGANES|batalladeclavijo1|2025-10-29|ficha (FECHA LLEGADA) + fichero, afinada|2025-01-01|2025 (solo el ano)|2025-10-29|FICHA DATOS.docx|||no
LEGANES|batalladeclavijo7|2026-01-22|ficha (FECHA LLEGADA) + fichero, afinada|2026-01-01|2026 (solo el ano)|2026-01-22|FICHA DATOS.docx|||no
LEGANES|batalladetrafalgar18|2025-01-01|ficha: FECHA LLEGADA|2025-01-01|2025 (solo el ano)|2026-09-28|FICHA DATOS.docx|||no
LEGANES|batallanavasdetolosa8|2025-05-07|ficha: FECHA ENCARGO|2025-05-07|07-05-2025|2025-05-12|FICHA DATOS.docx|||no
LEGANES|batallatrafalgar3|2017-06-11|fichero mas antiguo|||2017-06-11|PROYECTO\ESCRITOS\PLIEGODECONDICIONES.doc|||si
LEGANES|bureba25|2025-05-05|ficha (FECHA LLEGADA) + fichero, afinada|2025-01-01|2025 (solo el ano)|2025-05-05|FICHA DATOS TECNICOS.docx|||no
LEGANES|calderondelabarca12|2026-09-14|ficha (FECHA LLEGADA) + fichero, afinada|2026-01-01|2026 (solo el ano)|2026-09-14|FICHA DATOS.docx|||no
LEGANES|calderondelabarca5|2026-04-28|ficha (FECHA LLEGADA) + fichero, afinada|2026-01-01|2026 (solo el ano)|2026-04-28|FICHA DATOS.docx|||no
LEGANES|calderondelabarca6|2023-01-01|ficha: FECHA LLEGADA|2023-01-01|2023 (solo el ano)|2022-12-20|2.PROYECTO\4.SUBVENCION\Cert. Energetico\TRABAJO\Coeficientes Puentes Térmicos PREVISTO.JPG|||no
LEGANES|calderondelabarca8|2024-06-12|ficha: FECHA ENCARGO|2024-06-12|12/06/2024|2022-12-20|2.PROYECTO\4.SUBVENCION\Cert. Energetico\trabajo\Coeficientes Puentes Térmicos PREVISTO.JPG|||no
LEGANES|castilla20|2025-03-19|ficha: FECHA ENCARGO|2025-03-19|19/03/2025|2025-03-25|1.DATOS\Visita toma de dato\ASCENSOR.docx|||no
LEGANES|charco20|2023-01-01|ficha: FECHA LLEGADA|2023-01-01|2023 (solo el ano)|2025-05-05|FICHA DATOS TECNICOS.docx|||no
LEGANES|charco24|2023-10-09|ficha (FECHA LLEGADA) + fichero, afinada|2023-01-01|2023 (solo el ano)|2023-10-09|1.DATOS\5.FOTOS\IMG_20231009_114743.jpg|||no
LEGANES|charco42|2018-10-01|ficha: FECHA INICIO|2018-10-01|1/10/2018|2016-02-13|DATOS\croquis\Charco42.pdf|||si
LEGANES|charco48|2016-02-08|ficha: FECHA INICIO|2016-02-08|08/02/2016|2016-02-13|DATOS\croquis\Charco48CROQUISVIEJO.pdf|||si
LEGANES|charco54|2015-12-04|ficha: FECHA INICIO|2015-12-04|04/12/2015|2015-12-06|croquis\Leganes fain_4.pdf|||si
LEGANES|charco55|2015-05-09|fichero mas antiguo|||2015-05-09|elcharco55.doc|||si
LEGANES|condedebarcelona8|2020-09-21|ficha (FECHA INICIO) + fichero, afinada|2020-09-01|SEPTIEMBRE 2020 (dia 1, no venia)|2020-09-21|presupuesto piscina grande, escalera Rafa..ods|||si
LEGANES|constitucion8|2021-02-24|fichero mas antiguo|||2021-02-24|PROYECTO\INCIDENCIA 1\constitucion 8- leganes.pdf|||si
LEGANES|covadonga18|2024-05-21|ficha (FECHA LLEGADA) + fichero, afinada|2024-01-01|2024 (solo el ano)|2024-05-21|Listado_inmuebles (3).xlsx|||no
LEGANES|covadonga22|2023-06-30|ficha (FECHA LLEGADA) + fichero, afinada|2023-01-01|2023 (solo el ano)|2023-06-30|1.DATOS\2.DOCUMENTACION\CIF COVADONGA, 22, LEGANES.pdf|2001-12-31|1.DATOS\4.NUBE DE PUNTOS\2.SCENE\@preview.jpg|no
LEGANES|covadonga28|2024-01-01|ficha: FECHA LLEGADA|2024-01-01|2024 (solo el ano)|2025-05-05|FICHA DATOS TECNICOS.docx|||no
LEGANES|estebon2|2018-02-01|ficha: FECHA INICIO|2018-02-01|FEBRERO 2018 (dia 1, no venia)|2018-04-25|DATOS\fotos\Estebón 2.jpeg|||si
LEGANES|extremadura1|2018-09-12|ficha: FECHA INICIO|2018-09-12|12/09/2018|2018-10-01|DATOS\datos\ACTA JUNTA GENERAL EXTRAORDINARIA con urb.pdf|||si
LEGANES|frayluisdeleon1|2016-06-28|ficha: FECHA INICIO|2016-06-28|28/06/2016|2016-08-09|FICHA DE DATOS ACCESALIA.docx|||si
LEGANES|fraymelchorcano21|2015-11-01|ficha: FECHA INICIO|2015-11-01|NOVIEMBRE 2015 (dia 1, no venia)|2015-05-20|DATOS\render\legazpi 2- madrid - daniel.skb|||si
LEGANES|fraymelchorcano22|2022-09-27|ficha: FECHA ENCARGO|2022-09-27|27/09/2022|2022-02-08|2.PROYECTO\1.ESCRITOS\8- compromiso CARTEL.docx|||si
LEGANES|fuencisla4|2019-10-09|fichero mas antiguo|||2019-10-09|DATOS\fotos\IMG_20191008_162505.jpg|||si
LEGANES|fuenlabrada95|2026-06-09|ficha (FECHA LLEGADA) + fichero, afinada|2026-01-01|2026 (solo el ano)|2026-06-09|FICHA DATOS.docx|||no
LEGANES|galicia2|2020-01-22|fichero mas antiguo|||2020-01-22|PROYECTO\SUBVENCIONES 2021\cee e iee\info\IMG_20200122_111907.jpg|||si
LEGANES|galicia7|2025-07-01|ficha: FECHA ENCARGO|2025-07-01|01/07/2025|2023-01-16|1.DATOS\recibido de la comunidad\VIDEO_TS.BUP|||no
LEGANES|garcilaso8|2025-02-07|ficha (FECHA LLEGADA) + fichero, afinada|2025-01-01|2025 (solo el ano)|2025-02-07|1.DATOS\FOTOS VIDEO 07-02-2025\20250207_130942.jpg|||no
LEGANES|getafe27|2026-02-26|ficha (FECHA LLEGADA) + fichero, afinada|2026-01-01|2026 (solo el ano)|2026-02-26|FICHA DATOS.docx|||no
LEGANES|guadalupe9|2021-11-17|ficha (FECHA LLEGADA) + fichero, afinada|2021-01-01|2021 (solo el ano)|2021-11-17|sate\FICHA SATE.docx|||si
LEGANES|guante8|2025-06-02|ficha: FECHA ENCARGO|2025-06-02|02-06-2025|2025-06-04|1.DATOS\guante 8.jpg|||no
LEGANES|hermanospinzon5|2024-01-01|ficha: FECHA LLEGADA|2024-01-01|2024 (solo el ano)|2025-05-06|FICHA DATOS TECNICOS.docx|||no
LEGANES|hernancortes22|2024-01-01|ficha: FECHA LLEGADA|2024-01-01|2024 (solo el ano)|2026-07-02|FICHA DATOS TECNICOS.docx|||no
LEGANES|hernancortes5|2017-01-31|ficha: FECHA INICIO|2017-01-31|31/01/2017|2017-01-31|FICHA DE DATOS ACCESALIA.docx|||si
LEGANES|indias10|2025-05-06|ficha (FECHA LLEGADA) + fichero, afinada|2025-01-01|2025 (solo el ano)|2025-05-06|FICHA DATOS TECNICOS.docx|||no
LEGANES|indias12|2016-02-11|ficha: FECHA INICIO|2016-02-11|11/02/2016|2016-02-13|FICHA DE DATOS ACCESALIA.docx|||si
LEGANES|indias16|2025-01-20|ficha: FECHA ENCARGO|2025-01-20|20-01-2025|2025-06-24|FICHA DATOS.docx|||no
LEGANES|jeromin23|2023-01-01|ficha: FECHA LLEGADA|2023-01-01|2023 (solo el ano)|2019-09-17|1.DATOS\antiguo - revisar por si acaso\render\plot.log|||no
LEGANES|juandemariana3|2020-04-24|fichero mas antiguo|||2020-04-24|FICHA DE DATOS ACCESALIA.docx|||si
LEGANES|juandemariana5|2016-01-26|fichero mas antiguo|||2016-01-26|DATOS\planos\Borrador escalera.bak|||si
LEGANES|lafuente8|2015-05-11|fichero mas antiguo|||2015-05-11|calledelafuente8.dwg|||si
LEGANES|lafuente9|2016-01-12|fichero mas antiguo|||2016-01-12|planoscompeneciaFAIN\S28C-116011217120 (1).pdf|||si
LEGANES|legazpi2|2015-10-01|ficha: FECHA INICIO|2015-10-01|OCTUBRE 2015 (dia 1, no venia)|2015-05-20|DATOS\render\legazpi 3- madrid-daniel.skp|||si
LEGANES|legazpi3|2024-10-07|ficha (FECHA LLEGADA) + fichero, afinada|2024-01-01|2024 (solo el ano)|2024-10-07|1.DATOS\1.CROQUIS\1687_001.pdf|||no
LEGANES|legazpi4|2015-11-17|fichero mas antiguo|||2015-11-17|DATOS\referencias\CATASTRO.jpg|||si
LEGANES|lopedevega7|2025-02-11|ficha (FECHA LLEGADA) + fichero, afinada|2025-01-01|2025 (solo el ano)|2025-02-11|1.DATOS\FOTOS 11-02-2025\20250211_152226.jpg|||no
LEGANES|madrid22|2015-07-14|fichero mas antiguo|||2015-07-14|madrid22.pdf|||si
LEGANES|madrid4|2025-01-01|ficha: FECHA LLEGADA|2025-01-01|2025 (solo el ano)|2026-01-07|FICHA DATOS.docx|||no
LEGANES|mallorca10|2022-01-01|ficha: FECHA LLEGADA|2022-01-01|2022 (solo el ano)|2019-10-04|CONSULTA\PLANOS\mallorca10.bak|||si
LEGANES|mallorca12|2020-07-01|ficha: FECHA INICIO|2020-07-01|JULIO 2020 (dia 1, no venia)|2019-03-12|PROYECTO\PLANOS\pgoumallorca12.JPG|||si
LEGANES|mallorca13|2020-07-01|ficha: FECHA INICIO|2020-07-01|JULIO 2020 (dia 1, no venia)|2019-03-12|PROYECTO\PLANOS\pgoumallorca12.JPG|||si
LEGANES|mallorca15|2019-01-15|fichero mas antiguo|||2019-01-15|CONSULTA URBANISTICA\PLANOS\_PlanoTipoCONSULTA_(ENE2019).bak|||si
LEGANES|margarita14|2024-06-21|ficha (FECHA LLEGADA) + fichero, afinada|2024-01-01|2024 (solo el ano)|2024-06-21|FICHA DATOS TECNICOS.docx|||no
LEGANES|monegros32|2021-11-29|fichero mas antiguo|||2021-11-29|DATOS\presupuesto\fotovoltaica MONEGROS, 32 LEGANÉS (1).pdf|||si
LEGANES|monegros71|2018-02-12|ficha: FECHA INICIO|2018-02-12|12/02/2018|2017-03-18|DATOS\presupuesto\PRESUPUESTOveza15.doc|||si
LEGANES|moraña1|2018-03-16|ficha: FECHA INICIO|2018-03-16|16/03/2018|2018-04-18|FICHA DE DATOS ACCESALIA.docx|||si
LEGANES|moraña24|2022-12-20|ficha: FECHA ENCARGO|2022-12-20|20/12/2022|2022-02-08|2.PROYECTO\1.ESCRITOS\7- compromiso CARTEL.docx|||si
LEGANES|napoles11|2015-01-15|ficha: FECHA INICIO|2015-01-15|15/01/15|2015-01-26|DATOS\planos\PLANTAS.bak|||si
LEGANES|napoles6|2015-01-16|ficha: FECHA INICIO|2015-01-16|16/1/15|2015-01-17|FICHA DE DATOS ACCESALIA.docx|||si
LEGANES|napoles8|2015-01-16|ficha: FECHA INICIO|2015-01-16|16/1/15|2015-01-17|FICHA DE DATOS ACCESALIA.docx|||si
LEGANES|navarra5|2016-07-04|ficha: FECHA INICIO|2016-07-04|04/07/2016|2016-08-09|FICHA DE DATOS ACCESALIA.docx|||si
LEGANES|nuestraseñoradebegoña1|2020-12-03|fichero mas antiguo|||2020-12-03|CONSULTA URB\INCIDENCIA 1\Acta aprobación instalación ascensor.pdf|||si
LEGANES|nuestraseñoradecovadonga13|2025-01-01|ficha: FECHA LLEGADA|2025-01-01|2025 (solo el ano)|2026-09-28|FICHA DATOS.docx|||no
LEGANES|nuestraseñoradecovadonga15|2025-01-01|ficha: FECHA LLEGADA|2025-01-01|2025 (solo el ano)|2026-09-28|FICHA DATOS.docx|||no
LEGANES|nuestraseñoradeguadalupe5|2024-05-21|ficha (FECHA LLEGADA) + fichero, afinada|2024-01-01|2024 (solo el ano)|2024-05-21|FICHA DATOS TECNICOS.docx|||no
LEGANES|nuestraseñoradeguadalupe7|2024-01-29|ficha (FECHA LLEGADA) + fichero, afinada|2024-01-01|2024 (solo el ano)|2024-01-29|1.DATOS\2.DOCUMENTACION\Listado_inmuebles (3).xlsx|||no
LEGANES|nuestraseñoradelaalmudena2|2021-11-17|ficha (FECHA LLEGADA) + fichero, afinada|2021-01-01|2021 (solo el ano)|2021-11-17|FICHA DATOS TECNICOS.docx|||si
LEGANES|nuestraseñoradelaalmudena5|2025-06-23|fichero mas antiguo|||2025-06-23|1.DATOS\2.DOCUMENTACION\SIMULACIÓN SPATIUM CON TECHADO (1).pdf|||no
LEGANES|nuestraseñoradelaesperanza3|2022-07-01|ficha: FECHA ENCARGO|2022-07-01|01/07/2022|2022-06-01|1.DATOS\3.PRESUPUESTO\SIMULACION PAGO APLAZADO HASTA 10 AÑOS.pdf|||si
LEGANES|nuestraseñoradelaesperanza5|2015-02-14|fichero mas antiguo|||2015-02-14|presupuesto\nsdela esperanza.doc|||si
LEGANES|nuestraseñoradelamacarena11|2019-07-01|fichero mas antiguo|||2019-07-01|ascensor\PROYECTO\INCIDENCIA 1\DNI DANIEL .pdf|||si
LEGANES|nuestraseñoradelamacarena2|2023-02-14|ficha (FECHA LLEGADA) + fichero, afinada|2023-01-01|2023 (solo el ano)|2023-02-14|1.DATOS\4.NUBE DE PUNTOS\2.SCENE\ntramacarena2\ntramacarena2.lsproj|2023-02-13|1.DATOS\4.NUBE DE PUNTOS\2.SCENE\ntramacarena2\@preview.jpg|no
LEGANES|nuestraseñoradelamacarena5|2022-01-01|ficha: FECHA LLEGADA|2022-01-01|2022 (solo el ano)|2020-11-22|CONSULTA URBANÍSTICA\ESCRITOS\CONSULTA PaseoColón8.docx|||si
LEGANES|nuestraseñoradelamacarena7|2024-01-01|ficha: FECHA LLEGADA|2024-01-01|2024 (solo el ano)|2021-11-24|antiguo\OFERTA SATE.pdf|||no
LEGANES|nuestraseñoradelamacarena9|2024-01-23|ficha: FECHA ENCARGO|2024-01-23|23/01/2024|2020-01-13|2.PROYECTO\5.BIM\01_DOCUMENTOS\planosordenacion_64.jpg|1998-05-04|CONSULTA URBANISTICA\PLANOS\4443906VK3644S0001DD.dxf|no
LEGANES|nuestraseñoradelamerced1|2022-10-06|ficha (FECHA LLEGADA) + fichero, afinada|2022-01-01|2022 (solo el ano)|2022-10-06|1.DATOS\3.PRESUPUESTO\LUIS VIVES 11 - SALVAESCALERAS SEPT22_signed (5).pdf|||si
LEGANES|nuestraseñoradelamerced11|2022-09-22|ficha (FECHA LLEGADA) + fichero, afinada|2022-01-01|2022 (solo el ano)|2022-09-22|1.DATOS\3.PRESUPUESTO\estudio para instalacion ascensor FAIN.pdf|||si
LEGANES|nuestraseñoradelasangustias14|2022-05-31|ficha (FECHA LLEGADA) + fichero, afinada|2022-01-01|2022 (solo el ano)|2022-05-31|FICHA DATOS TECNICOS.docx|||si
LEGANES|nuestraseñoradelasangustias17|2024-01-15|ficha: FECHA ENCARGO|2024-01-15|15/01/2024||2.PROYECTO\1.ESCRITOS\ANEXO AL PROYECTO\trabajo\para desbloq excel\[Content_Types].xml|||no
LEGANES|nuestraseñoradelasangustias18|2015-02-17|fichero mas antiguo|||2015-02-17|presupuesto\MODELO E-DERRIBO ESCALERA Y DESARROLLO DE LA MISMA POR FUERA (7).doc|||si
LEGANES|nuestraseñoradelosangeles4|2024-02-28|ficha: FECHA ENCARGO|2024-02-28|28/02/2024|2022-11-29|2.PROYECTO\1.ESCRITOS\rehab_fe_edif_herramienta_cuantia_subvencion_p3_v2.xlsx|||no
LEGANES|nuestraseñoradelosangeles6|2017-01-01|ficha: FECHA INICIO|2017-01-01|ENERO 2017 (dia 1, no venia)|2017-02-02|DATOS\fotos\20170201_182913_resized.jpg|||si
LEGANES|nuestraseñoradelosangeles8|2018-12-13|fichero mas antiguo|||2018-12-13|OBRA\LICENCIA\tramitacion\PAPELES\Hoja Estadistica de Construccion de Edificios (1).pdf|||si
LEGANES|nuestraseñoradelpilar2|2016-09-09|ficha: FECHA INICIO|2016-09-09|09/09/2016|2016-09-11|FICHA DE DATOS ACCESALIA.docx|||si
LEGANES|nuñezdearce4|2022-11-21|ficha (FECHA LLEGADA) + fichero, afinada|2022-01-01|2022 (solo el ano)|2022-11-21|FICHA DATOS TECNICOS.docx|||si
LEGANES|nuñezdebalboa8|2024-01-24|ficha (FECHA LLEGADA) + fichero, afinada|2024-01-01|2024 (solo el ano)|2024-01-24|FICHA DATOS TECNICOS.docx|||no
LEGANES|ordoñez17|2015-05-11|fichero mas antiguo|||2015-05-11|ordoñez17.doc|||si
LEGANES|ordoño23|2017-07-03|ficha: FECHA INICIO|2017-07-03|03/07/2017|2017-09-09|FICHA DE DATOS ACCESALIA.docx|||si
LEGANES|paloma5|2022-05-09|ficha: FECHA ENCARGO|2022-05-09|09/05/22|2022-04-23|CONSULTA URBANÍSTICA\PLANOS\PaseoColón8 consulta.DWG|2017-01-30|CONSULTA URBANÍSTICA\PLANOS\trabajo\4544703VK3644S0001ZD.dxf|si
LEGANES|paloma7|2024-05-17|ficha (FECHA LLEGADA) + fichero, afinada|2024-01-01|2024 (solo el ano)|2024-05-17|FICHA DATOS TECNICOS.docx|||no
LEGANES|panades12|2022-01-01|ficha: FECHA LLEGADA|2022-01-01|2022 (solo el ano)|2023-02-01|FICHA DATOS TECNICOS.docx|||si
LEGANES|paseodecolon10|2015-11-17|fichero mas antiguo|||2015-11-17|DATOS\REFERENCIAS\CATASTRO.jpg|||si
LEGANES|paseodecolon8|2020-11-01|ficha: FECHA INICIO|2020-11-01|NOVIEMBRE 2020 (dia 1, no venia)|2020-03-24|PROYECTO\PLANOS\planosordenacion_65.pdf|||si
LEGANES|pedroches36|2016-02-11|ficha: FECHA INICIO|2016-02-11|11/02/2016|2016-02-13|FICHA DE DATOS ACCESALIA.docx|||si
LEGANES|pedrodealvarado2|2019-10-09|ficha: FECHA INICIO|2019-10-09|9/10/2019|2019-10-14|DATOS\croquis\PLANO PEDRO ALVARADO 2 LEGANES.jpg|||si
LEGANES|pedrodevaldivia9|2024-03-07|ficha (FECHA LLEGADA) + fichero, afinada|2024-01-01|2024 (solo el ano)|2024-03-07|FICHA DATOS TECNICOS.docx|||no
LEGANES|pensamiento3|2022-01-01|ficha: FECHA LLEGADA|2022-01-01|2022 (solo el ano)|2023-01-03|FICHA DATOS TECNICOS.docx|||si
LEGANES|pensamiento5|2023-01-01|ficha: FECHA LLEGADA|2023-01-01|2023 (solo el ano)|2022-11-16|1.DATOS\2.DOCUMENTACION\DNI DANIEL NOV 2022.pdf|2001-12-31|1.DATOS\4.NUBE DE PUNTOS\2.SCENE\@preview.jpg|no
LEGANES|plazaandalucia2|2018-03-11|fichero mas antiguo|||2018-03-11|ficha.docx|||si
LEGANES|plazadelaflor12|2016-02-11|ficha: FECHA INICIO|2016-02-11|11/02/2016|2016-02-13|FICHA DE DATOS ACCESALIA.docx|||si
LEGANES|plazadelaflor13|2017-03-13|ficha: FECHA INICIO|2017-03-13|13/03/2017|2017-03-08|FICHA DE DATOS ACCESALIA.docx|||si
LEGANES|plazadelaflor6|2021-11-23|ficha: FECHA ENCARGO|2021-11-23|23/11/21|2019-07-11|PROYECTO\PLANOS\pgou flor8.JPG|||si
LEGANES|plazadelaflor8|2019-07-01|fichero mas antiguo|||2019-07-01|PROYECTO\incidencia 1\DNI DANIEL .pdf|||si
LEGANES|plazadelainmaculada6|2021-10-03|ficha (FECHA ENCARGO) + fichero, afinada|2021-10-01|OCTUBRE 2021 (dia 1, no venia)|2021-10-03|PROYECTO\PLANOS\Foto16.jpg|||si
LEGANES|plazadelasfloras10|2016-02-06|ficha (FECHA INICIO) + fichero, afinada|2016-02-01|FEBRERO 2016 (dia 1, no venia)|2016-02-06|DATOS\croquis\Plazafloeas10.pdf|||si
LEGANES|plazadelasfloras12|2018-03-14|ficha: FECHA INICIO|2018-03-14|14/03/2018|2018-03-30|DATOS\croquis\Plaza floras 12 Leganes.pdf|||si
LEGANES|plazadelasfloras3|2023-01-01|ficha: FECHA LLEGADA|2023-01-01|2023 (solo el ano)|2024-12-02|FICHA DATOS TECNICOS.docx|||no
LEGANES|plazadelasfloras5|2020-06-01|ficha: FECHA INICIO|2020-06-01|JUNIO 2020 (dia 1, no venia)|2019-01-24|PROYECTO\PLANOS\pgou.JPG|||si
LEGANES|plazadelasfloras6|2018-03-14|ficha: FECHA INICIO|2018-03-14|14/03/2018|2018-03-30|FICHA DE DATOS ACCESALIA.docx|||si
LEGANES|plazadelasfloras7|2022-11-10|ficha: FECHA ENCARGO|2022-11-10|10/11/2022|2019-01-24|2.PROYECTO\5.BIM\01_DOCUMENTOS\pgou.JPG|||si
LEGANES|plazadelasfloras8|2015-01-24|fichero mas antiguo|||2015-01-24|DATOS\fotos\IMG_20150116_113652.jpg|||si
LEGANES|plazadeparis3|2022-06-14|ficha (FECHA LLEGADA) + fichero, afinada|2022-01-01|2022 (solo el ano)|2022-06-14|FICHA DATOS TECNICOS.docx|||si
LEGANES|plazahermanospinzon1|2024-03-07|ficha (FECHA LLEGADA) + fichero, afinada|2024-01-01|2024 (solo el ano)|2024-03-07|FICHA DATOS TECNICOS.docx|||no
LEGANES|plazahernancortes5|2016-02-11|ficha: FECHA INICIO|2016-02-11|11/02/2016|2016-02-13|FICHA DE DATOS ACCESALIA.docx|||si
LEGANES|plazahernancortes6|2024-03-25|ficha: FECHA ENCARGO|2024-03-25|25/03/2024|2022-12-20|2.PROYECTO\4.SUBVENCION\Cert. Energetico\Trabajo\Coeficientes Puentes Térmicos PREVISTO.JPG|||no
LEGANES|plazamiguelhernandez15|2016-01-15|fichero mas antiguo|||2016-01-15|DATOS\croquis\Plaza miguel Hernandez 15. LEGANÉS.pdf|||si
LEGANES|plazaroma2|2024-01-01|ficha: FECHA LLEGADA|2024-01-01|2024 (solo el ano)|2019-12-01|planosaavedrafajardo3.bak|||no
LEGANES|plazasalvador8|2026-07-22|ficha (FECHA LLEGADA) + fichero, afinada|2026-01-01|2026 (solo el ano)|2026-07-22|FICHA DATOS.docx|||no
LEGANES|polvoranca|2015-05-11|fichero mas antiguo|||2015-05-11|POLVORANCA.dwg|||si
LEGANES|polvoranca18|2019-12-01|ficha: FECHA INICIO|2019-12-01|DICIEMBRE 2019 (dia 1, no venia)|2019-07-01|2.PROYECTO\INCIDENCIA 1\DNI DANIEL .pdf|||si
LEGANES|polvoranca26|2026-03-12|ficha: FECHA ENCARGO|2026-03-12|12/03/2026|2026-01-19|1.DATOS\6.3D\Polvoranca 26 Leganés .zip|||no
LEGANES|polvoranca39|2019-06-11|fichero mas antiguo|||2019-06-11|PROYECTO\011_EGRCD-CM_reforma-201904-Polvoranca39-fi.pdf|||si
LEGANES|priorato17|2015-01-16|ficha: FECHA INICIO|2015-01-16|16/1/15|2015-01-17|presupuesto\acuamol\VEINTE METROS NUMERO 29 (2).doc|||si
LEGANES|ribeiro17|2019-11-12|ficha: FECHA INICIO|2019-11-12|12/11/2019|2019-11-12|DATOS\oferta honorarios\oferta honorarios.docx|||si
LEGANES|rioalberche7|2015-05-06|fichero mas antiguo|||2015-05-06|RIOALBERCHE7.doc|||si
LEGANES|rioaragon6|2025-07-02|ficha: FECHA ENCARGO|2025-07-02|02/07/2025|2022-11-29|2.PROYECTO\1.ESCRITOS\rehab_fe_edif_herramienta_cuantia_subvencion_p3_v2.xlsx|||no
LEGANES|rioduero1|2022-01-01|ficha: FECHA LLEGADA|2022-01-01|2022 (solo el ano)|2021-08-06|antiguo\FICHA DE DATOS ACCESALIA.docx|||si
LEGANES|rioduero12|2022-10-14|ficha: FECHA ENCARGO|2022-10-14|14/10/2022|2022-06-07|CONSULTA URBANISTICA - OTRO ARQ aprobada\CONSULTA URBANISTICA CP RIO DUERO 12.pdf|||si
LEGANES|rioduero17|2024-04-26|ficha (FECHA LLEGADA) + fichero, afinada|2024-01-01|2024 (solo el ano)|2024-04-26|FICHA DATOS TECNICOS.docx|||no
LEGANES|rioduero22|2025-02-20|ficha (FECHA LLEGADA) + fichero, afinada|2025-01-01|2025 (solo el ano)|2025-02-20|FICHA DATOS.docx|||no
LEGANES|rioduero25|2017-10-27|ficha: FECHA INICIO|2017-10-27|27/10/2017|2017-11-18|DATOS\plano\plot.log|||si
LEGANES|rioduero29|2024-01-01|ficha: FECHA LLEGADA|2024-01-01|2024 (solo el ano)|2016-05-25|DATOS\render\general muslera modificado.skp|||no
LEGANES|rioduero32|2021-05-24|ficha (FECHA INICIO) + fichero, afinada|2021-05-01|MAYO 2021 (dia 1, no venia)|2021-05-24|CONSULTA URBANÍSTICA\PLANOS\IMG_20210524_150750.jpg|1998-05-04|PROYECTO\PLANOS\4854501VK3645S0001YU.dxf|si
LEGANES|rioduero44|2022-01-01|ficha: FECHA LLEGADA|2022-01-01|2022 (solo el ano)|2026-01-12|1.DATOS\6.3D\Rio Duero 44 - Leganes.skb|||si
LEGANES|rioduero53|2025-02-06|ficha (FECHA LLEGADA) + fichero, afinada|2025-01-01|2025 (solo el ano)|2025-02-06|FICHA DATOS TECNICOS.docx|||no
LEGANES|rioduero65|2025-09-09|ficha: FECHA ENCARGO|2025-09-09|09/09/2025|2023-06-01|2.PROYECTO\4.SUBVENCION\SUBV AYUNT LEGANES\Doc trabajo\Otorgamiento.pdf|||no
LEGANES|rioduero7|2024-05-23|ficha (FECHA LLEGADA) + fichero, afinada|2024-01-01|2024 (solo el ano)|2024-05-23|Listado_inmuebles.xlsx|||no
LEGANES|rioduero71|2023-01-01|ficha: FECHA LLEGADA|2023-01-01|2023 (solo el ano)||2.PROYECTO\1.ESCRITOS\ANEXO AL PROYECTO\trabajo\para desbloq excel\[Content_Types].xml|||no
LEGANES|rioebro4|2020-01-22|fichero mas antiguo|||2020-01-22|DATOS\fotos\IMG_20200122_120545.jpg|||si
LEGANES|riogenil4|2018-04-01|ficha: FECHA INICIO|2018-04-01|ABRIL 2018 (dia 1, no venia)|2018-05-02|DATOS\fotos\Rió genil 4  Leganés.jpeg|||si
LEGANES|rioguadalquivir10|2025-10-03|ficha: FECHA ENCARGO|2025-10-03|03/10/2025|2022-02-08|2.PROYECTO\1.ESCRITOS\7- compromiso CARTEL.docx|1998-05-04|2.PROYECTO\5.BIM\01_DOCUMENTOS\4653901VK3645S0001PU.dxf|no
LEGANES|rioguadalquivir12|2024-01-01|ficha: FECHA LLEGADA|2024-01-01|2024 (solo el ano)|2022-12-20|2.PROYECTO\4.SUBVENCION\Cert. Energetico\TRABAJO\Coeficientes Puentes Térmicos PREVISTO.JPG|||no
LEGANES|riohenares2|2026-05-29|ficha (FECHA LLEGADA) + fichero, afinada|2026-01-01|2026 (solo el ano)|2026-05-29|1.DATOS\Negacion de licencia Otro Arquitecto\5.Memoria_RH2.pdf|||no
LEGANES|rioja19|2023-01-01|ficha: FECHA LLEGADA|2023-01-01|2023 (solo el ano)||2.PROYECTO\1.ESCRITOS\ANEXO AL PROYECTO\trabajo\para desbloq excel\[Content_Types].xml|||no
LEGANES|rioja27|2015-12-04|ficha: FECHA INICIO|2015-12-04|04/12/2015|2015-12-06|croquis\Leganes fain_5.pdf|||si
LEGANES|rioja50|2023-12-22|ficha (FECHA LLEGADA) + fichero, afinada|2023-01-01|2023 (solo el ano)|2023-12-22|FICHA DATOS TECNICOS.docx|||no
LEGANES|rioja54|2017-05-29|ficha: FECHA INICIO|2017-05-29|29/05/2017|2017-05-29|FICHA DE DATOS ACCESALIA.docx|||si
LEGANES|rioja57|2022-11-29|ficha (FECHA LLEGADA) + fichero, afinada|2022-01-01|2022 (solo el ano)|2022-11-29|2.PROYECTO\1.ESCRITOS\rehab_fe_edif_herramienta_cuantia_subvencion_p3_v2.xlsx|||si
LEGANES|riomanzanares12|2022-01-19|ficha (FECHA LLEGADA) + fichero, afinada|2022-01-01|2022 (solo el ano)|2022-01-19|2.PROYECTO\3.PDF\COLEGIO\5.ANEXO1\hoja direccion obra semi-rellenada.pdf|||si
LEGANES|riomanzanares19|2024-03-04|ficha (FECHA LLEGADA) + fichero, afinada|2024-01-01|2024 (solo el ano)|2024-03-04|FICHA DATOS TECNICOS.docx|||no
LEGANES|riomanzanares22|2022-06-03|ficha: FECHA ENCARGO|2022-06-03|03/06/2022|2020-08-23|2.PROYECTO\4.SUBVENCION\Cert. Energetico\Documentos apoyo\Listado_inmuebles (18).xls|2008-01-28|2.PROYECTO\5.CAD\info\4852301VK3645S0001AU.dxf|si
LEGANES|riomanzanares25|2020-02-05|ficha: FECHA INICIO|2020-02-05|5/2/20|2020-02-05|FICHA DE DATOS ACCESALIA.docx|||si
LEGANES|riomanzanares26|2022-01-01|ficha: FECHA LLEGADA|2022-01-01|2022 (solo el ano)|2015-02-17|1.DATOS\3.PRESUPUESTO\documentacion antigua\MODELO E-DERRIBO ESCALERA Y DESARROLLO DE LA MISMA POR FUERA (7).doc|||si
LEGANES|riomanzanares31|2025-11-26|ficha (FECHA LLEGADA) + fichero, afinada|2025-01-01|2025 (solo el ano)|2025-11-26|1.DATOS\6.3D\Ri_o Manzanares 31 Legane_s .zip|||no
LEGANES|riomanzanares34|2020-02-05|ficha: FECHA INICIO|2020-02-05|5/2/20|2020-02-05|FICHA DE DATOS ACCESALIA.docx|||si
LEGANES|riomanzanares35|2017-10-10|ficha: FECHA INICIO|2017-10-10|10/10/2017|2017-10-14|FICHA DE DATOS ACCESALIA.docx|||si
LEGANES|rionervion12|2025-02-11|ficha (FECHA LLEGADA) + fichero, afinada|2025-01-01|2025 (solo el ano)|2025-02-11|FICHA DATOS.docx|||no
LEGANES|rionervion21|2021-02-24|fichero mas antiguo|||2021-02-24|PROYECTO\INCIDENCIA 1\Rio nervion 21-leganes.pdf|||si
LEGANES|riosegura16|2021-02-25|fichero mas antiguo|||2021-02-25|DATOS\datos\24.- Emails Río Segura 16 - Leganés.pdf|||si
LEGANES|riosegura6|2015-05-11|fichero mas antiguo|||2015-05-11|riosegura6.dwg|||si
LEGANES|riotajo20|2025-01-20|ficha (FECHA LLEGADA) + fichero, afinada|2025-01-01|2025 (solo el ano)|2025-01-20|1.DATOS\5.FOTOS\IMG_4811.jpg|||no
LEGANES|riotormes2|2022-01-19|ficha (FECHA LLEGADA) + fichero, afinada|2022-01-01|2022 (solo el ano)|2022-01-19|2.PROYECTO\3.PDF\COLEGIO\5.ANEXO1\hoja direccion obra semi-rellenada.pdf|||si
LEGANES|riotormes27|2018-08-02|ficha: FECHA INICIO|2018-08-02|02/08/2018|2018-08-02|DATOS\planos\Estado Actual_RT 27.bak|||si
LEGANES|rioturia2|2025-03-11|ficha (FECHA LLEGADA) + fichero, afinada|2025-01-01|2025 (solo el ano)|2025-03-11|FICHA DATOS.docx|||no
LEGANES|rodrigodetriana5|2019-11-01|ficha: FECHA INICIO|2019-11-01|NOVIEMBRE 2019 (dia 1, no venia)|2020-03-24|CONSULTA URBANISTICA\PDF\colegio\CONSULTA RODRIGODETRIANA5.pdf|||si
LEGANES|saavedrafajardo2|2024-07-08|ficha: FECHA ENCARGO|2024-07-08|08/07/2024|2018-01-24|ASCENSOR terminado\DATOS\fotos\IMG_0201.jpg|||no
LEGANES|saavedrafajardo3|2024-01-01|ficha: FECHA LLEGADA|2024-01-01|2024 (solo el ano)|2015-11-26|ascensor\CONSULTA URBANISTICA\consultalegazpi.docx|||no
LEGANES|saavedrafajardo4|2015-05-24|ficha: FECHA INICIO|2015-05-24|24/5/2015|2015-05-23|oferta\saavedrafajardo4.doc|||si
LEGANES|sanandres1|2023-01-01|ficha: FECHA ENCARGO|2023-01-01|2023 (solo el ano)|2019-10-14|1. DATOS\5.FOTOS\IMG_20191014_170922.jpg|2006-07-31|2. PROYECTO\PLANOS\trabajo\5549302VK3654N0001AO.dxf|no
LEGANES|sanandres2|2024-11-04|ficha (FECHA LLEGADA) + fichero, afinada|2024-01-01|2024 (solo el ano)|2024-11-04|FICHA DATOS TECNICOS.docx|||no
LEGANES|sancarlosborromeo1|2015-03-23|fichero mas antiguo|||2015-03-23|sancarlosborromeo1\CARLOSBORROMEO1.doc|||si
LEGANES|sancesareo2|2020-11-01|ficha: FECHA INICIO|2020-11-01|NOVIEMBRE 2020 (dia 1, no venia)|2020-06-24|ascensor\CONSULTA URBANÍSTICA\PLANOS\PGOU 1_35829_1.jpg|||si
LEGANES|sancesareo3|2024-01-10|ficha (FECHA LLEGADA) + fichero, afinada|2024-01-01|2024 (solo el ano)|2024-01-10|FICHA DATOS TECNICOS.docx|||no
LEGANES|sanclemente10|2016-02-11|ficha: FECHA INICIO|2016-02-11|11/02/2016|2016-02-13|DATOS\croquis\Sanclemente10.pdf|||si
LEGANES|sanclemente16|2016-02-11|ficha: FECHA INICIO|2016-02-11|11/02/2016|2016-02-13|DATOS\thyssen\croquis\Tisen.pdf|||si
LEGANES|sanclemente2|2022-02-11|ficha: FECHA ENCARGO|2022-02-11|11/02/2022|2022-02-11|1.DATOS\3.PRESUPUESTO\CP SAN CLEMENTE 2 9028743.pdf|2008-01-31|2.PROYECTO\5.BIM\01_DOCUMENTOS\5547401VK3654N0001LO.dxf|si
LEGANES|sancristobal20|2016-02-11|ficha: FECHA INICIO|2016-02-11|11/02/2016|2016-02-11|DATOS\croquis\Sancristobal20.pdf|||si
LEGANES|sancristobal7|2016-11-08|ficha: FECHA INICIO|2016-11-08|08/11/2016|2010-06-11|CONSULTA URBANISTICA\Fonts\Arial.ttf|||si
LEGANES|sandamian1|2016-05-29|fichero mas antiguo|||2016-05-29|FICHA DE DATOS ACCESALIA.docx|||si
LEGANES|sanfelipe15|2014-04-03|fichero mas antiguo|||2014-04-03|sanfelipe15.pdf|||si
LEGANES|sanfrancisco15|2019-06-19|fichero mas antiguo|||2019-06-19|CONSULTA URBANISTICA\PROYECTO\PLANOS\viejo\SITUACIÓN ACTUAL.pdf|||si
LEGANES|sangregorio2|2024-01-01|ficha: FECHA LLEGADA|2024-01-01|2024 (solo el ano)|2016-06-29|1.DATOS\1.CROQUIS\San Gregorio 2.pdf|||no
LEGANES|sangregorio4|2022-01-01|ficha: FECHA LLEGADA|2022-01-01|2022 (solo el ano)|2020-06-24|CONSULTA URBANÍSTICA\TRAMITACIÓN\PLANOS\PGOU 1_35829_1.jpg|2008-01-31|CONSULTA URBANÍSTICA\TRAMITACIÓN\PLANOS\INFO\5550902VK3655S0001WA.dxf|si
LEGANES|sanignacio10|2024-01-01|ficha: FECHA LLEGADA|2024-01-01|2024 (solo el ano)|2025-05-22|FICHA DATOS.docx|||no
LEGANES|sanignacio8|2025-02-25|ficha (FECHA LLEGADA) + fichero, afinada|2025-01-01|2025 (solo el ano)|2025-02-25|FICHA DATOS TECNICOS.docx|||no
LEGANES|sanjuan10|2026-09-30|ficha (FECHA LLEGADA) + fichero, afinada|2026-01-01|2026 (solo el ano)|2026-09-30|FICHA DATOS.docx|||no
LEGANES|sanjuan16|2015-01-10|fichero mas antiguo|||2015-01-10|fotos\la foto 1 (12).JPG|||si
LEGANES|sanjustiniano1|2025-12-03|ficha: FECHA ENCARGO|2025-12-03|03/12/2025|2025-01-22|2.PROYECTO\1.ESCRITOS\Nueva carpeta\1.1 MEMORIA DE ASCENSOR (sin escalera).docx|||no
LEGANES|sanlorenzo16|2026-01-28|ficha (FECHA LLEGADA) + fichero, afinada|2026-01-01|2026 (solo el ano)|2026-01-28|FICHA DATOS.docx|||no
LEGANES|sanlorenzo2|2019-10-16|ficha: FECHA INICIO|2019-10-16|16/10/2019|2019-10-14|DATOS\planos\Borrador escalera.bak|||si
LEGANES|sannicolas19|2025-10-31|ficha: FECHA ENCARGO|2025-10-31|31/10/2025|2019-10-09|antiguo consulta urbanistica\DATOS\fotos\IMG_20191008_173805.jpg|||no
LEGANES|sannicolas7|2021-05-01|ficha: FECHA INICIO|2021-05-01|MAYO 2021 (dia 1, no venia)|2019-11-25|DATOS\render\render.skp|||si
LEGANES|sanpablo10|2019-03-15|ficha: FECHA INICIO|2019-03-15|15/03/2019|2019-03-17|DATOS\DATOS\Acta Aprobación Ascensor San Pablo 10.pdf|||si
LEGANES|sanpablo16|2016-02-11|ficha: FECHA INICIO|2016-02-11|11/02/2016|2016-02-13|DATOS\croquis\Sanpablo16.pdf|||si
LEGANES|sanpablo18|2015-05-27|fichero mas antiguo|||2015-05-27|sanpablo18.skp|||si
LEGANES|sanpablo8|2022-07-08|ficha (FECHA LLEGADA) + fichero, afinada|2022-01-01|2022 (solo el ano)|2022-07-08|FICHA DATOS TECNICOS.docx|||si
LEGANES|santarosa1|2015-12-04|ficha: FECHA INICIO|2015-12-04|04/12/2015|2015-12-06|croquis\Leganes fain.pdf|||si
LEGANES|santarosa3|2015-06-30|ficha (FECHA INICIO) + fichero, afinada|2015-06-01|JUNIO 2015 (dia 1, no venia)|2015-06-30|DATOS\presidente.docx|||si
LEGANES|santarosa5|2015-08-04|fichero mas antiguo|||2015-08-04|DATOS\referencias\LOCALIZACION.jpg|||si
LEGANES|santarosa5delante|2016-02-08|fichero mas antiguo|||2016-02-08|DATOS\croquis\Santarosa5b.pdf|||si
LEGANES|santarosa6|2015-12-06|fichero mas antiguo|||2015-12-06|croquis\Leganes fain_1.pdf|||si
LEGANES|santarosa7|2015-09-03|fichero mas antiguo|||2015-09-03|render.skb|||si
LEGANES|santateresa15|2015-12-04|ficha: FECHA INICIO|2015-12-04|04/12/2015|2015-12-06|croquis\Leganes fain_3.pdf|||si
LEGANES|santateresa5|2025-03-07|ficha (FECHA LLEGADA) + fichero, afinada|2025-01-01|2025 (solo el ano)|2025-03-07|1.DATOS\5 FOTOS\20250307_095828.jpg|||no
LEGANES|santateresa8|2019-05-21|fichero mas antiguo|||2019-05-21|DATOS\datos\dni presidenta.pdf|||si
LEGANES|santoangel5|2016-02-11|ficha: FECHA INICIO|2016-02-11|11/02/2016|2016-02-13|FICHA DE DATOS ACCESALIA.docx|||si
LEGANES|sanvaleriano1|2022-01-25|ficha: FECHA ENCARGO|2022-01-25|25/01/2022|2022-01-26|1.DATOS\2.DOCUMENTACION\CIF SAN VALERIANO 1.pdf|2021-05-25|2.PROYECTO\5.BIM\01_DOCUMENTOS\5549901VK3654N0001EO.dxf|si
LEGANES|sanvicente10|2020-06-01|ficha: FECHA INICIO|2020-06-01|JUNIO 2020 (dia 1, no venia)|2019-07-01|2.PROYECTO\INCIDENCIA 1\papeles\DNI DANIEL .pdf|||si
LEGANES|seminario24|2022-02-14|ficha: FECHA ENCARGO|2022-02-14|14/02/2022|2022-02-08|2.PROYECTO\1.ESCRITOS\8- compromiso CARTEL.docx|||si
LEGANES|seminario26|2019-03-19|ficha (FECHA INICIO) + fichero, afinada|2019-03-01|MARZO 2019 (dia 1, no venia)|2019-03-19|CONSULTA URBANISTICA\ppto\ppto de la consulta.pdf|||si
LEGANES|serena1|2024-02-12|ficha (FECHA LLEGADA) + fichero, afinada|2024-01-01|2024 (solo el ano)|2024-02-12|FICHA DATOS TECNICOS.docx|||no
LEGANES|sonsoles4|2025-07-03|ficha: FECHA ENCARGO|2025-07-03|03/07/2025|2022-11-29|2.PROYECTO\1.ESCRITOS\rehab_fe_edif_herramienta_cuantia_subvencion_p3_v2.xlsx|||no
LEGANES|tirsodemolina5|2025-02-19|ficha (FECHA LLEGADA) + fichero, afinada|2025-01-01|2025 (solo el ano)|2025-02-19|FICHA DATOS.docx|||no
LEGANES|torrubia4|2022-01-01|ficha: FECHA LLEGADA|2022-01-01|2022 (solo el ano)|2018-04-27|2.PROYECTO\5.BIM\01_DOCUMENTOS\AL01 PGOU 2000.jpg|||si
LEGANES|torrubia5 - antes tenientegeneralmuslera5|2015-05-11|fichero mas antiguo|||2015-05-11|generalmuslera5.doc|||si
LEGANES|torrubia7 - antes tenientegeneralmuslera7|2015-02-17|ficha (FECHA INICIO) + fichero, afinada|2015-01-01|2015 (solo el ano)|2015-02-17|DATOS\presupuesto\MODELO E-DERRIBO ESCALERA Y DESARROLLO DE LA MISMA POR FUERA (7).doc|||si
LEGANES|travesiafuenlabrada2|2015-05-11|fichero mas antiguo|||2015-05-11|TRAVESIAFUENLABRADA2.dwg|||si
LEGANES|tulipan14|2025-02-19|ficha (FECHA LLEGADA) + fichero, afinada|2025-01-01|2025 (solo el ano)|2025-02-19|FICHA DATOS.docx|||no
LEGANES|valles9|2023-02-10|ficha (FECHA LLEGADA) + fichero, afinada|2023-01-01|2023 (solo el ano)|2023-02-10|1.DATOS\2.DOCUMENTACION\Listado_inmuebles (14).xls|||no
LEGANES|vascodegama5|2025-02-19|ficha (FECHA LLEGADA) + fichero, afinada|2025-01-01|2025 (solo el ano)|2025-02-19|FICHA DATOS.docx|||no
LEGANES|velasco19|2025-02-12|ficha (FECHA LLEGADA) + fichero, afinada|2025-01-01|2025 (solo el ano)|2025-02-12|FICHA DATOS.docx|||no
LEGANES|viejodeleganes237|2025-11-03|ficha (FECHA LLEGADA) + fichero, afinada|2025-01-01|2025 (solo el ano)|2025-11-03|FICHA DATOS.docx|||no
LEGANES|virgendelcamino10|2015-05-06|fichero mas antiguo|||2015-05-06|planos\plot.log|||si
LEGANES|virgendelcamino17|2025-02-18|ficha (FECHA LLEGADA) + fichero, afinada|2025-01-01|2025 (solo el ano)|2025-02-18|1.DATOS\3.PRESUPUESTO\VIRGEN DEL CAMINO Nº17 LEGANES medicion y ppto roen.xlsx|||no
LEGANES|virgendelcamino4|2021-11-10|ficha: FECHA ENCARGO|2021-11-10|10-11-21|2020-01-13|PROYECTO\PLANOS\Mapa4545601VK3644N.jpg|||si
MOSTOLES|_CALCULO DE FIANZA|2023-05-31|fichero mas antiguo|||2023-05-31|_Cáculo Fianaza Residuos.pdf|||no
MOSTOLES|albertoconti6|2023-01-01|ficha: FECHA LLEGADA|2023-01-01|2023 (solo el ano)||2.PROYECTO\1.ESCRITOS\ANEXO AL PROYECTO\trabajo\para desbloq excel\[Content_Types].xml|||no
MOSTOLES|alcaldedemostoles9|2025-10-16|ficha (FECHA LLEGADA) + fichero, afinada|2025-01-01|2025 (solo el ano)|2025-10-16|FICHA DATOS.docx|||no
MOSTOLES|alfonsoxii10|2021-05-20|ficha (FECHA LLEGADA) + fichero, afinada|2021-01-01|2021 (solo el ano)|2021-05-20|ASCENSOR\PROYECTO\PLANOS\Google Maps.pdf|||si
MOSTOLES|alfonsoxii16|2025-04-10|ficha: FECHA ENCARGO|2025-04-10|10/04/2025|2025-04-11|2.PROYECTO\4.SUBVENCION\IEE\Nota informativa CL ALFONSO XII 16 (2025-04-11 10-23-54).pdf|||no
MOSTOLES|alfonsoxii18|2025-04-02|ficha: FECHA ENCARGO|2025-04-02|02/04/2025|2022-02-08|ascensor\2.PROYECTO\1.ESCRITOS\7- compromiso CARTEL.docx|||no
MOSTOLES|alfonsoxii4|2024-01-15|ficha (FECHA LLEGADA) + fichero, afinada|2024-01-01|2024 (solo el ano)|2024-01-15|1.DATOS\2.DOCUMENTACION\Cif-Alfonso XII Nº 4. Mostoles.pdf|||no
MOSTOLES|alfonsoxii6|2014-09-23|fichero mas antiguo|||2014-09-23|proyecto\PLANOS\inicdencia 1\Fonts\romans.shx|||si
MOSTOLES|alfonsoxii7|2023-09-27|ficha (FECHA LLEGADA) + fichero, afinada|2023-01-01|2023 (solo el ano)|2023-09-27|1.DATOS\2.DOCUMENTACION\Listado_inmuebles.xlsx|||no
MOSTOLES|alfonsoxii8|2017-12-12|ficha: FECHA INICIO|2017-12-12|12/12/2017|2017-12-05|DATOS\plano\planotipo.bak|||si
MOSTOLES|america16|2016-10-28|ficha: FECHA INICIO|2016-10-28|28/10/2016|2016-10-29|FICHA DE DATOS ACCESALIA.docx|||si
MOSTOLES|arroyomolinos9|2023-12-14|ficha (FECHA LLEGADA) + fichero, afinada|2023-01-01|2023 (solo el ano)|2023-12-14|FICHA DATOS TECNICOS.docx|||no
MOSTOLES|avCarlosV32|2023-01-01|ficha: FECHA LLEGADA|2023-01-01|2023 (solo el ano)|2022-11-29|2.PROYECTO\1.ESCRITOS\rehab_fe_edif_herramienta_cuantia_subvencion_p3_v2.xlsx|||no
MOSTOLES|avCarlosV39|2019-11-21|ficha (FECHA INICIO) + fichero, afinada|2019-11-01|NOVIEMBRE 2019 (dia 1, no venia)|2019-11-21|DATOS\croquis\Nota nueva.pdf|||si
MOSTOLES|avCarlosV42|2023-01-01|ficha: FECHA LLEGADA|2023-01-01|2023 (solo el ano)|2022-12-20|2.PROYECTO\4.SUBVENCION\Cert. Energetico\CAES\CORREGIDO provisional para luiscar\trabajo\Coeficientes Puentes Térmicos PREVISTO.JPG|||no
MOSTOLES|avCarlosV51-65|2022-06-14|ficha (FECHA LLEGADA) + fichero, afinada|2022-01-01|2022 (solo el ano)|2022-06-14|FICHA DATOS TECNICOS.docx|||si
MOSTOLES|avcarlosV32-42yveracruz34 NUCLEO V VERSALLES|2023-03-16|ficha (FECHA LLEGADA) + fichero, afinada|2023-01-01|2023 (solo el ano)|2023-03-16|4. iberdrola\Gmail - Aerotermia.pdf|||no
MOSTOLES|avcarlosv47-49|2025-10-31|ficha (FECHA LLEGADA) + fichero, afinada|2025-01-01|2025 (solo el ano)|2025-10-31|1.DATOS\2.DOCUMENTACION\enviada por la adm\CV47.pdf|||no
MOSTOLES|avcerroprieto16|2021-12-01|ficha (FECHA LLEGADA) + fichero, afinada|2021-01-01|2021 (solo el ano)|2021-12-01|FICHA DATOS av cerro prieto 16 mostoles.docx|||si
MOSTOLES|avcerroprieto7|2022-03-22|ficha: FECHA ENCARGO|2022-03-22|22/03/2022|2022-01-19|2.PROYECTO\3.PDF\COLEGIO\5.ANEXO1\hoja direccion obra semi-rellenada.pdf|||si
MOSTOLES|avdosdemayo53|2017-06-15|ficha: FECHA INICIO|2017-06-15|15/06/2017|2017-06-16|FICHA DE DATOS ACCESALIA.docx|||si
MOSTOLES|avdosdemayo71|2023-03-28|ficha (FECHA LLEGADA) + fichero, afinada|2023-01-01|2023 (solo el ano)|2023-03-28|1.DATOS\5.3D\AVdosdemayo71.skb|||no
MOSTOLES|avdosdemayo73|2020-12-01|ficha: FECHA INICIO|2020-12-01|DICIEMBRE 2020 (dia 1, no venia)|2020-02-25|DATOS\fotos\IMG_20200225_131632.jpg|||si
MOSTOLES|avolimpica2|2023-01-01|ficha: FECHA LLEGADA|2023-01-01|2023 (solo el ano)|2024-04-25|1.DATOS\5.FOTOS\IMG_8313.jpg|||no
MOSTOLES|avonu76|2023-06-14|ficha: FECHA ENCARGO|2023-06-14|14/06/2023||2.PROYECTO\1.ESCRITOS\ANEXO AL PROYECTO\trabajo\para desbloq excel\[Content_Types].xml|||no
MOSTOLES|avportugal12|2017-05-10|ficha: FECHA INICIO|2017-05-10|10/05/2017|2017-05-11|FICHA DE DATOS ACCESALIA.docx|||si
MOSTOLES|avportugal15|2015-12-21|ficha: FECHA INICIO|2015-12-21|21/12/2015|2015-12-06|planos\portugal15.bak|||si
MOSTOLES|avportugal41|2016-02-29|ficha: FECHA INICIO|2016-02-29|29/02/2016|2016-03-04|FICHA DE DATOS ACCESALIA.docx|||si
MOSTOLES|avportugal43-45|2025-01-01|ficha: FECHA LLEGADA|2025-01-01|2025 (solo el ano)|2024-10-25|badajoz22\Listado_inmuebles (1).xlsx|||no
MOSTOLES|avportugal46|2025-04-04|ficha (FECHA LLEGADA) + fichero, afinada|2025-01-01|2025 (solo el ano)|2025-04-04|FICHA DATOS.docx|||no
MOSTOLES|badajoz35|2024-10-25|ficha (FECHA LLEGADA) + fichero, afinada|2024-01-01|2024 (solo el ano)|2024-10-25|Listado_inmuebles.xlsx|||no
MOSTOLES|baleares34|2023-01-01|ficha: FECHA ENCARGO|2023-01-01|2023 (solo el ano)|2022-11-29|2.PROYECTO\1.ESCRITOS\rehab_fe_edif_herramienta_cuantia_subvencion_p3_v2.xlsx|||no
MOSTOLES|barcelona27|2022-07-08|ficha (FECHA LLEGADA) + fichero, afinada|2022-01-01|2022 (solo el ano)|2022-07-08|FICHA DATOS TECNICOS.docx|||si
MOSTOLES|becquer19|2022-01-01|ficha: FECHA LLEGADA|2022-01-01|2022 (solo el ano)|2021-11-30|1 plataforma\3.OBRA\0 no vale DECLARACION RESPONSABLE\tramitacion\papeles\MOSTOLES formularios tasas.pdf|2001-10-08|1 plataforma\2.PROYECTO plataforma\5.BIM\01_DOCUMENTOS\7050602VK2675S0001PU.dxf|si
MOSTOLES|berardomartin12|2018-10-10|ficha: FECHA INICIO|2018-10-10|10/10/2018|2018-04-09|PROYECTO\ESCRITOS\compromisoCARTELISLANDIA2.docx|||si
MOSTOLES|bolivia10|2025-01-31|ficha (FECHA LLEGADA) + fichero, afinada|2025-01-01|2025 (solo el ano)|2025-01-31|FICHA DATOS TECNICOS.docx|||no
MOSTOLES|burgos4|2024-03-07|ficha (FECHA LLEGADA) + fichero, afinada|2024-01-01|2024 (solo el ano)|2024-03-07|FICHA DATOS TECNICOS.docx|||no
MOSTOLES|burgos6|2022-03-21|ficha: FECHA ENCARGO|2022-03-21|21/03/2022|2022-02-08|2.PROYECTO\1.ESCRITOS\8- compromiso CARTEL.docx|||si
MOSTOLES|caminodehumanes27|2022-06-14|ficha (FECHA LLEGADA) + fichero, afinada|2022-01-01|2022 (solo el ano)|2022-06-14|FICHA DATOS TECNICOS.docx|||si
MOSTOLES|caminodeleganes5|2024-03-04|ficha (FECHA LLEGADA) + fichero, afinada|2024-01-01|2024 (solo el ano)|2024-03-04|FICHA DATOS TECNICOS.docx|||no
MOSTOLES|caminodeleganes58|2023-02-14|ficha (FECHA LLEGADA) + fichero, afinada|2023-01-01|2023 (solo el ano)|2023-02-14|1.DATOS\4.NUBE DE PUNTOS\2.SCENE\camnoleganes58\camnoleganes58.lsproj|2023-02-13|1.DATOS\4.NUBE DE PUNTOS\2.SCENE\camnoleganes58\@preview.jpg|no
MOSTOLES|carcavilla1|2025-07-03|ficha (FECHA LLEGADA) + fichero, afinada|2025-01-01|2025 (solo el ano)|2025-07-03|1.DATOS\APORTADO POR CP\WhatsApp Image 2025-06-27 at 14.13.44.jpeg|||no
MOSTOLES|carcavilla7|2016-04-05|ficha: FECHA INICIO|2016-04-05|5/4/2016|2016-04-11|DATOS\acta\Acta de Carcavilla 7 (Mostoles).pdf|||si
MOSTOLES|castellon1|2023-04-18|ficha: FECHA ENCARGO|2023-04-18|18/04/2023|2022-11-29|2.PROYECTO\1.ESCRITOS\rehab_fe_edif_herramienta_cuantia_subvencion_p3_v2.xlsx|2001-10-08|2.PROYECTO\6.CAD\01_DOCUMENTOS\6939101VK2663N0001OU.dxf|no
MOSTOLES|castellon13|2016-05-05|ficha: FECHA INICIO|2016-05-05|05/05/2016|2016-06-20|FICHA DE DATOS ACCESALIA.docx|||si
MOSTOLES|castellon15|2026-05-13|ficha: FECHA ENCARGO|2026-05-13|13/05/2026|2022-11-29|2.PROYECTO\1.ESCRITOS\rehab_fe_edif_herramienta_cuantia_subvencion_p3_v2.xlsx|||no
MOSTOLES|castellon17|2020-12-01|ficha: FECHA INICIO|2020-12-01|DICIEMBRE 2020 (dia 1, no venia)|2019-06-06|PROYECTO\PLANOS\pgouCastellon17.JPG|2008-12-22|PROYECTO\PLANOS\7038804VK2673N0001YA.dxf|si
MOSTOLES|castellon19|2018-10-31|fichero mas antiguo|||2018-10-31|PROYECTO\PLANOS\detalle.pdf|||si
MOSTOLES|cerroprieto7|2022-03-22|fichero mas antiguo|||2022-03-22|NUBE DE PUNTOS\3D.skb|||si
MOSTOLES|cuestadelavirgen6|2023-08-16|ficha (FECHA LLEGADA) + fichero, afinada|2023-01-01|2023 (solo el ano)|2023-08-16|2.PROYECTO\1.ESCRITOS\1.6 Volante de dirección de obra_PRINT.pdf|2001-12-31|1.DATOS\4.NUBE DE PUNTOS\2.SCENE\@preview.jpg|no
MOSTOLES|empecinado13|2022-01-01|ficha: FECHA LLEGADA|2022-01-01|2022 (solo el ano)|2019-10-23|1.DATOS\fotos\nucleo central\IMG_20191015_170109.jpg|||si
MOSTOLES|empecinado17|2026-02-03|ficha (FECHA LLEGADA) + fichero, afinada|2026-01-01|2026 (solo el ano)|2026-02-03|1.DATOS\recibido de la cp CEE y oferta elecnor\ONV_Ahorros Energéticos CCPP Empecinado 17.pdf|||no
MOSTOLES|empecinado21|2016-02-29|ficha: FECHA INICIO|2016-02-29|29/02/2016|2016-03-04|FICHA DE DATOS ACCESALIA.docx|||si
MOSTOLES|empecinado3|2019-01-21|fichero mas antiguo|||2019-01-21|FICHA DE DATOS ACCESALIA.docx|||si
MOSTOLES|empecinado6|2023-01-01|ficha: FECHA LLEGADA|2023-01-01|2023 (solo el ano)|2015-02-07|antiguo\presupuesto\empecinado6.doc|||no
MOSTOLES|esparta5|2025-01-01|ficha: FECHA LLEGADA|2025-01-01|2025 (solo el ano)|2026-03-03|esparta 5 mostoles.jpeg|||no
MOSTOLES|esparta7|2025-12-12|ficha (FECHA LLEGADA) + fichero, afinada|2025-01-01|2025 (solo el ano)|2025-12-12|PROYECTO\ESCRITOS\6.1-ESTUDIO BÁSICO SEGURIDAD Y SALUD (ACCESIBILIDAD).docx|||no
MOSTOLES|españoleto5|2023-01-01|ficha: FECHA LLEGADA|2023-01-01|2023 (solo el ano)|2022-02-08|plataforma\2.PROYECTO\1.ESCRITOS\7- compromiso CARTEL.docx|2021-12-28|plataforma\2.PROYECTO\5.BIM\01_DOCUMENTOS\6752701VK2665S0001GE.dxf|no
MOSTOLES|estocolmo6|2026-05-27|ficha: FECHA ENCARGO|2026-05-27|27/05/2026|2022-11-29|2.PROYECTO\1.ESCRITOS\rehab_fe_edif_herramienta_cuantia_subvencion_p3_v2.xlsx|||no
MOSTOLES|ginebra2|2023-11-02|ficha (FECHA LLEGADA) + fichero, afinada|2023-01-01|2023 (solo el ano)|2023-11-02|1.DATOS\2.DOCUMENTACION\Listado_inmuebles (2).xlsx|||no
MOSTOLES|guadalajara4|2022-06-23|ficha (FECHA LLEGADA) + fichero, afinada|2022-01-01|2022 (solo el ano)|2022-06-23|FICHA DATOS TECNICOS.docx|||si
MOSTOLES|guadalajara6|2025-04-28|ficha (FECHA LLEGADA) + fichero, afinada|2025-01-01|2025 (solo el ano)|2025-04-28|1.DATOS\6.3D\Imagenes\Guadalajara 6 - Mostoles.jpeg|||no
MOSTOLES|guadalupe3|2023-01-01|ficha: FECHA LLEGADA|2023-01-01|2023 (solo el ano)|2019-07-07|1.DATOS\recibido de la comunidad\34016 GUADALUPE 3 CEE ANTES\34016 GUADALUPE  3 ANTES.cex|||no
MOSTOLES|guadalupe6|2023-02-27|ficha (FECHA LLEGADA) + fichero, afinada|2023-01-01|2023 (solo el ano)|2023-02-27|1.DATOS\4.NUBE DE PUNTOS\2.SCENE\gusdalupe6\gusdalupe6.lsproj|2014-12-17|2.PROYECTO\5.BIM\01_DOCUMENTOS\7146102VK2674N0001MT\7146102VK2674N0001MT.dxf|no
MOSTOLES|helsinki7|2023-09-06|ficha (FECHA LLEGADA) + fichero, afinada|2023-01-01|2023 (solo el ano)|2023-09-06|1.DATOS\visita toma de datos\visita helsinki 7 mostoles.docx|2001-12-31|1.DATOS\4.NUBE DE PUNTOS\2.SCENE\@preview.jpg|no
MOSTOLES|huesca1|2015-10-12|fichero mas antiguo|||2015-10-12|callehuesca1.pdf|||si
MOSTOLES|isaacperal5|2026-03-17|ficha: FECHA ENCARGO|2026-03-17|17/03/2026|2022-11-29|2.PROYECTO\1.ESCRITOS\rehab_fe_edif_herramienta_cuantia_subvencion_p3_v2.xlsx|||no
MOSTOLES|javiersauquillo7|2025-11-17|ficha (FECHA LLEGADA) + fichero, afinada|2025-01-01|2025 (solo el ano)|2025-11-17|1.DATOS\6.3D\Javier SAUQUILLO 7 Mo_stoles.zip|||no
MOSTOLES|juandeocaña37|2018-04-01|ficha: FECHA INICIO|2018-04-01|ABRIL 2018 (dia 1, no venia)|2018-05-02|DATOS\fotos\Juan de Ocaña 37. Móstoles.jpeg|||si
MOSTOLES|juanramonjimenez7|2023-10-18|ficha (FECHA LLEGADA) + fichero, afinada|2023-01-01|2023 (solo el ano)|2023-10-18|1.DATOS\2.DOCUMENTACION\Listado_inmuebles (4).xlsx|||no
MOSTOLES|julioromero1|2024-12-18|fichero mas antiguo|||2024-12-18|1552-2024 C.P. JULIO ROMERO 1, MEJORA DE ACCESIBILIDAD RAMPAS SEGUN PROYECTO(MOSTOLES) REV-01.bc3|||no
MOSTOLES|lacoruña2|2026-05-14|ficha: FECHA ENCARGO|2026-05-14|14/05/2026|2026-05-12|1.DATOS\2.DOCUMENTACION\Autorización CORUÑA 2_Arquitecto..pdf|||no
MOSTOLES|lapaz24|2016-02-02|ficha: FECHA INICIO|2016-02-02|02/02/2016|2016-02-13|DATOS\croquis\Lapaz24.pdf|||si
MOSTOLES|laspalmas43|2026-03-26|ficha: FECHA ENCARGO|2026-03-26|26/03/2026|2026-03-26|1.DATOS\3.PRESUPUESTO\DR2602821 - FAIN ASC. - REF. LAS PALMAS 43 MOSTOLES - SPATIUM.pdf|||no
MOSTOLES|malasaña4|2017-01-16|ficha: FECHA INICIO|2017-01-16|16/01/2017|2017-01-19|FICHA DE DATOS ACCESALIA.docx|||si
MOSTOLES|maldonado4|2023-12-20|ficha: FECHA ENCARGO|2023-12-20|20/12/2023|2022-12-20|2.PROYECTO\4.SUBVENCION\Cert. Energetico\TRABAJO\Coeficientes Puentes Térmicos PREVISTO.JPG|||no
MOSTOLES|mariblanca12|2019-11-18|ficha (FECHA INICIO) + fichero, afinada|2019-11-01|NOVIEMBRE 2019 (dia 1, no venia)|2019-11-18|datos\presupuesto\presupuesto.pdf|||si
MOSTOLES|mariblanca8|2026-01-12|ficha (FECHA LLEGADA) + fichero, afinada|2026-01-01|2026 (solo el ano)|2026-01-12|1.DATOS\6.3D\Mariblanca 8 - Mostoles.skb|||no
MOSTOLES|mercedes3|2023-08-16|ficha (FECHA LLEGADA) + fichero, afinada|2023-01-01|2023 (solo el ano)|2023-08-16|FICHA DATOS TECNICOS.docx|||no
MOSTOLES|montevideo2|2023-01-01|ficha: FECHA LLEGADA|2023-01-01|2023 (solo el ano)||2.PROYECTO\1.ESCRITOS\ANEXO AL PROYECTO\trabajo\para desbloq excel\[Content_Types].xml|||no
MOSTOLES|montevideo3|2024-03-22|ficha (FECHA LLEGADA) + fichero, afinada|2024-01-01|2024 (solo el ano)|2024-03-22|FICHA DATOS TECNICOS.docx|||no
MOSTOLES|niza2|2021-10-01|ficha: FECHA ENCARGO|2021-10-01|OCTUBRE 2021 (dia 1, no venia)|2021-06-17|PROYECTO\PLANOS\Eusklift-Plataforma-elevadora-AYALA-1500-2000-4.jpg|||si
MOSTOLES|oviedo9|2022-04-07|ficha (FECHA LLEGADA) + fichero, afinada|2022-01-01|2022 (solo el ano)|2022-04-07|2.PROYECTO\1.ESCRITOS\1.7 hoja direccion obra_PRINT.pdf|||si
MOSTOLES|padilla4|2023-02-14|ficha: FECHA ENCARGO|2023-02-14|14/02/2023|2022-12-20|2.PROYECTO\5.BIM\01_DOCUMENTOS\PLANOS_051.pdf|||no
MOSTOLES|padilla8|2023-07-27|ficha (FECHA LLEGADA) + fichero, afinada|2023-01-01|2023 (solo el ano)|2023-07-27|1.DATOS\2.DOCUMENTACION\CIF PADILLA 8.pdf|||no
MOSTOLES|parqueamerica4|2018-11-09|ficha: FECHA INICIO|2018-11-09|09/11/2018|2018-11-12|FICHA DE DATOS ACCESALIA.docx|||si
MOSTOLES|pintorvelazquez65|2022-01-01|ficha: FECHA LLEGADA|2022-01-01|2022 (solo el ano)|2010-02-11|2.PROYECTO\5.BIM\02_TEC\CAD\Auxiliar Catastro.dxf|||si
MOSTOLES|pintorvelazquez75|2026-09-15|ficha (FECHA LLEGADA) + fichero, afinada|2026-01-01|2026 (solo el ano)|2026-09-15|FICHA DATOS.docx|||no
MOSTOLES|plazadelafuensanta4|2016-10-28|ficha: FECHA INICIO|2016-10-28|28/10/2016|2016-10-29|FICHA DE DATOS ACCESALIA.docx|||si
MOSTOLES|plazadelafuensanta7|2016-10-28|ficha: FECHA INICIO|2016-10-28|28/10/2016|2016-10-29|FICHA DE DATOS ACCESALIA.docx|||si
MOSTOLES|plazadosdemayo5|2022-04-07|ficha (FECHA LLEGADA) + fichero, afinada|2022-01-01|2022 (solo el ano)|2022-04-07|2.PROYECTO\1.ESCRITOS\1.7 hoja direccion obra_PRINT.pdf|||si
MOSTOLES|pontevedra1|2025-07-17|ficha: FECHA ENCARGO|2025-07-17|17/07/2025|2025-07-16|1.DATOS\3.PRESUPUESTO\ROSERSESE Presupuesto ascensor Pontevedra, 1 firmado.pdf|||no
MOSTOLES|rejilla1|2016-10-28|ficha: FECHA INICIO|2016-10-28|28/10/2016|2016-10-29|FICHA DE DATOS ACCESALIA.docx|||si
MOSTOLES|rioebro32|2023-12-14|ficha (FECHA LLEGADA) + fichero, afinada|2023-01-01|2023 (solo el ano)|2023-12-14|FICHA DATOS TECNICOS.docx|||no
MOSTOLES|riogarona1|2018-01-28|ficha: FECHA INICIO|2018-01-28|28/01/2018|2018-01-31|FICHA DE DATOS ACCESALIA.docx|||si
MOSTOLES|riogarona3|2022-05-13|ficha (FECHA LLEGADA) + fichero, afinada|2022-01-01|2022 (solo el ano)|2022-05-13|FICHA DATOS TECNICOS.docx|||si
MOSTOLES|riogenil10|2026-04-14|ficha (FECHA LLEGADA) + fichero, afinada|2026-01-01|2026 (solo el ano)|2026-04-14|1.DATOS\3.PRESUPUESTO\schindler 25-03-2026 firmado.pdf|||no
MOSTOLES|riogenil4|2022-02-08|ficha (FECHA LLEGADA) + fichero, afinada|2022-01-01|2022 (solo el ano)|2022-02-08|2.PROYECTO\1.ESCRITOS\8- compromiso CARTEL.docx|||si
MOSTOLES|riogenil7|2026-06-01|ficha (FECHA LLEGADA) + fichero, afinada|2026-01-01|2026 (solo el ano)|2026-06-01|1.DATOS\3.PRESUPUESTO\ROSERSESE FIRMADO.pdf|||no
MOSTOLES|riollobregat1|2025-11-19|ficha (FECHA LLEGADA) + fichero, afinada|2025-01-01|2025 (solo el ano)|2025-11-19|FICHA DATOS.docx|||no
MOSTOLES|riollobregat10|2022-02-08|ficha (FECHA LLEGADA) + fichero, afinada|2022-01-01|2022 (solo el ano)|2022-02-08|2.PROYECTO\1.ESCRITOS\8- compromiso CARTEL.docx|2001-10-08|2.PROYECTO\5.BIM\01_DOCUMENTOS\5634304VK2653S0001UA.dxf|si
MOSTOLES|riollobregat12|2021-07-01|ficha: FECHA INICIO|2021-07-01|JULIO 2021 (dia 1, no venia)|2001-10-08|PROYECTO\PLANOS\por plantas.dxf|||si
MOSTOLES|riollobregat9|2022-10-06|ficha (FECHA LLEGADA) + fichero, afinada|2022-01-01|2022 (solo el ano)|2022-10-06|1.DATOS\3.PRESUPUESTO\LUIS VIVES 11 - SALVAESCALERAS SEPT22_signed (5).pdf|||si
MOSTOLES|riosella2-4-6|2023-03-15|ficha (FECHA LLEGADA) + fichero, afinada|2023-01-01|2023 (solo el ano)|2023-03-15|4.IBERDROLA\Documentos para Iberdrola\ESTUDIO CONSUMOS Y COSTES GAS 2021 Y 2022.pdf|||no
MOSTOLES|riotormes1|2025-03-07|ficha: FECHA ENCARGO|2025-03-07|07/03/2025|2025-02-27|1.DATOS\2.DOCUMENTACION\1311 CIF.pdf|||no
MOSTOLES|riotormes2|2022-02-08|ficha (FECHA LLEGADA) + fichero, afinada|2022-01-01|2022 (solo el ano)|2022-02-08|2.PROYECTO\1.ESCRITOS\8- compromiso CARTEL.docx|||si
MOSTOLES|riotormes4|2021-10-14|fichero mas antiguo|||2021-10-14|3 Certificado viabilidad-geometrica.doc|||si
MOSTOLES|salamanca1-3-5-7yempecinado23|2026-05-12|ficha: FECHA ENCARGO|2026-05-12|12/05/2026|2022-11-29|2.PROYECTO\1.ESCRITOS\rehab_fe_edif_herramienta_cuantia_subvencion_p3_v2.xlsx|||no
MOSTOLES|simonhernandez29|2023-11-06|ficha (FECHA LLEGADA) + fichero, afinada|2023-01-01|2023 (solo el ano)|2023-11-06|FICHA DATOS TECNICOS.docx|||no
MOSTOLES|simonhernandez43-45|2026-03-17|ficha: FECHA ENCARGO|2026-03-17|17/03/2026|2022-11-29|2.PROYECTO\1.ESCRITOS\rehab_fe_edif_herramienta_cuantia_subvencion_p3_v2.xlsx|||no
MOSTOLES|simonhernandez44|2026-03-06|ficha (FECHA LLEGADA) + fichero, afinada|2026-01-01|2026 (solo el ano)|2026-03-06|FICHA DATOS.docx|||no
MOSTOLES|simonhernandez70-72|2023-06-19|ficha (FECHA LLEGADA) + fichero, afinada|2023-01-01|2023 (solo el ano)|2023-06-19|FICHA DATOS TECNICOS.docx|||no
MOSTOLES|soria3|2023-02-06|ficha (FECHA LLEGADA) + fichero, afinada|2023-01-01|2023 (solo el ano)|2023-02-06|1.DATOS\3.PRESUPUESTO\PRESUPUESTO, SORIA, 3, MOSTOLES.pdf|||no
MOSTOLES|tenienteruiz2|2024-02-15|ficha (FECHA LLEGADA) + fichero, afinada|2024-01-01|2024 (solo el ano)|2024-02-15|1.DATOS\1.CROQUIS\HUECO ESCALERA Y ASCENSOR.pdf|||no
MOSTOLES|valladolid8|2024-01-01|ficha: FECHA LLEGADA|2024-01-01|2024 (solo el ano)|2025-02-24|FICHA DATOS TECNICOS.docx|||no
MOSTOLES|veracruz26|2022-06-14|ficha (FECHA LLEGADA) + fichero, afinada|2022-01-01|2022 (solo el ano)|2022-06-14|FICHA DATOS TECNICOS.docx|||si
MOSTOLES|viena2,4y6|2025-10-29|ficha (FECHA LLEGADA) + fichero, afinada|2025-01-01|2025 (solo el ano)|2025-10-29|FICHA DATOS.docx|||no
MOSTOLES|villaolimpica18|2023-05-18|ficha (FECHA LLEGADA) + fichero, afinada|2023-01-01|2023 (solo el ano)|2023-05-18|FICHA DATOS TECNICOS.docx|||no
MOSTOLES|zamora4|2017-01-19|fichero mas antiguo|||2017-01-19|FICHA DE DATOS ACCESALIA.docx|||si
MOSTOLES|zaragoza2|2015-06-14|fichero mas antiguo|||2015-06-14|zaragoza2.pdf|||si
GETAFE|0-ORDENANZA|2021-01-12|fichero mas antiguo|||2021-01-12|ORDENANZA INSTALACIÓN DE ASCENSORES getafe.pdf|||si
GETAFE|albacete13|2026-01-12|ficha (FECHA LLEGADA) + fichero, afinada|2026-01-01|2026 (solo el ano)|2026-01-12|1.DATOS\6.3D\Albacete 13 - Getafe.skb|||no
GETAFE|aleli4|2017-11-10|ficha: FECHA INICIO|2017-11-10|10/11/2017|2017-11-18|FICHA DE DATOS ACCESALIA.docx|||si
GETAFE|alvarodebazan23|2018-07-11|ficha: FECHA INICIO|2018-07-11|11/07/2018|2018-04-18|DATOS\plano\Borrador escalera.bak|||si
GETAFE|andalucia2|2022-11-11|ficha (FECHA LLEGADA) + fichero, afinada|2022-01-01|2022 (solo el ano)|2022-11-11|1.DATOS\4.NUBE DE PUNTOS\2.SCENE\andqlucia2_geafe\andqlucia2_geafe.lsproj|||si
GETAFE|arquitectos12|2016-12-14|ficha: FECHA INICIO|2016-12-14|14/12/2016|2016-12-19|DATOS\croquis\Arquitectos 12.pdf|||si
GETAFE|austria5|2026-03-20|ficha (FECHA LLEGADA) + fichero, afinada|2026-01-01|2026 (solo el ano)|2026-03-20|FICHA DATOS.docx|||no
GETAFE|avandalucia26|2016-12-03|ficha: FECHA INICIO|2016-12-03|03/12/2016|2016-12-07|DATOS\croquis\Avenida Andalucía 26.pdf|||si
GETAFE|avangeles12|2016-02-22|ficha: FECHA INICIO|2016-02-22|22/02/2016|2016-02-23|FICHA DE DATOS ACCESALIA.docx|||si
GETAFE|avangeles55|2022-01-01|ficha: FECHA LLEGADA|2022-01-01|2022 (solo el ano)|2018-03-13|1.DATOS\fotos\Av de los angeles 55. GETAFE.jpeg|||si
GETAFE|avangeles6|2023-07-24|ficha: FECHA ENCARGO|2023-07-24|24/07/2023|2022-12-20|ascensor\2.PROYECTO\4.SUBVENCION\Cert. Energetico\Trabajo\Coeficientes Puentes Térmicos PREVISTO.JPG|2001-12-31|ascensor\1.DATOS\4.NUBE DE PUNTOS\2.SCENE\@preview.jpg|no
GETAFE|avangeles75|2022-01-01|ficha: FECHA LLEGADA|2022-01-01|2022 (solo el ano)|2016-05-25|1.DATOS\1.CROQUIS\Scan_20160503_124228.pdf|||si
GETAFE|avaragon14|2023-01-01|ficha: FECHA LLEGADA|2023-01-01|2023 (solo el ano)|2022-11-16|1.DATOS\2.DOCUMENTACION\DNI DANIEL NOV 2022.pdf|2001-12-31|1.DATOS\4.NUBE DE PUNTOS\2.SCENE\@preview.jpg|no
GETAFE|avaragon2|2017-03-08|ficha: FECHA INICIO|2017-03-08|08/03/2017|2017-03-08|FICHA DE DATOS ACCESALIA.docx|||si
GETAFE|avbuenosaires15|2021-06-22|ficha (FECHA INICIO) + fichero, afinada|2021-06-01|JUNIO DE 2021 (dia 1, no venia)|2021-06-22|DATOS\croquis\20210622_125411.jpg|||si
GETAFE|avespaña24-30|2024-01-19|ficha (FECHA LLEGADA) + fichero, afinada|2024-01-01|2024 (solo el ano)|2024-01-19|1.DATOS\FOTOS remitidas por envoltermia\Cubierta\Patinillo 2.jpg|||no
GETAFE|avespaña27|2022-05-19|ficha: FECHA ENCARGO|2022-05-19|19/05/2022|2016-06-20|antiguo 2016\FICHA DE DATOS ACCESALIA.docx|||si
GETAFE|avespaña33|2022-02-10|ficha: FECHA ENCARGO|2022-02-10|10/02/2022|2022-02-08|2.PROYECTO\1.ESCRITOS\8- compromiso CARTEL.docx|2015-11-16|2.PROYECTO\5.BIM\01_DOCUMENTOS\8830303VK3683S0001QS\8830303VK3683S0001QS\8830303VK3683S0001QS.asc|si
GETAFE|avespaña34|2018-05-03|ficha: FECHA INICIO|2018-05-03|03/05/2018|2018-05-29|FICHA DE DATOS ACCESALIA.docx|||si
GETAFE|avespaña51|2022-01-01|ficha: FECHA LLEGADA|2022-01-01|2022 (solo el ano)|2025-05-05|FICHA DATOS TECNICOS.docx|||si
GETAFE|avfuerzasarmadas33|2017-04-04|fichero mas antiguo|||2017-04-04|DATOS\presupuesto\AVfuerzasarmadas33PATIO.doc|||si
GETAFE|avgibraltar4-6-8|2023-01-01|ficha: FECHA LLEGADA|2023-01-01|2023 (solo el ano)||2.PROYECTO\1.ESCRITOS\GIBRALTAR 4\ANEXO AL PROYECTO\trabajo\para desbloq excel\[Content_Types].xml|||no
GETAFE|avjuancarlosi28|2024-01-01|ficha: FECHA LLEGADA|2024-01-01|2024 (solo el ano)|2025-05-05|FICHA DATOS TECNICOS.docx|||no
GETAFE|avreyescatolicos3|2016-02-18|ficha: FECHA INICIO|2016-02-18|18/02/2016|2016-02-16|DATOS\croquis\Reyescatolicos3.pdf|||si
GETAFE|avreyescatólicos29|2021-08-16|ficha (FECHA LLEGADA) + fichero, afinada|2021-01-01|2021 (solo el ano)|2021-08-16|DATOS\datos\CIF.pdf|||si
GETAFE|badajoz4|2017-06-27|ficha: FECHA INICIO|2017-06-27|27/06/2017|2017-06-17|DATOS\plano\planotipo.bak|||si
GETAFE|belgica3|2023-04-18|ficha (FECHA LLEGADA) + fichero, afinada|2023-01-01|2023 (solo el ano)|2023-04-18|1.DATOS\4.NUBE DE PUNTOS\2.SCENE\belgica3getafe\belgica3getafe.lsproj|2023-04-17|1.DATOS\4.NUBE DE PUNTOS\2.SCENE\belgica3getafe\@preview.jpg|no
GETAFE|brunete1|2018-05-03|ficha: FECHA INICIO|2018-05-03|03/05/2018|2018-05-29|FICHA DE DATOS ACCESALIA.docx|||si
GETAFE|brunete10|2026-02-09|ficha: FECHA ENCARGO|2026-02-09|09/02/2026|2023-05-10|2.PROYECTO\1.ESCRITOS\NOTA - Faltan por reorganizar las Memorias Tipo 1.1 _2305101217.txt|||no
GETAFE|brunete11|2022-04-26|ficha (FECHA LLEGADA) + fichero, afinada|2022-01-01|2022 (solo el ano)|2022-04-26|1.DATOS\4.NUBE DE PUNTOS\2.SCENE\brunete_11_getafe\Revisions\1\_3Scans\FARO_Scan_038.fpc|||si
GETAFE|brunete9|2019-11-04|ficha: FECHA INICIO|2019-11-04|4/11/2019|2019-11-05|FICHA DE DATOS ACCESALIA.docx|||si
GETAFE|caceres10|2022-01-01|ficha: FECHA LLEGADA|2022-01-01|2022 (solo el ano)|2016-02-23|1.DATOS\antiguo\FICHA DE DATOS ACCESALIA.docx|||si
GETAFE|capellanes20|2016-10-02|fichero mas antiguo|||2016-10-02|presupuestoINVER\CAPELLANES 20 ESCALERA A GETAFE MADRID.doc|||si
GETAFE|capellanes9|2016-12-14|ficha: FECHA INICIO|2016-12-14|14/12/2016|2016-12-19|DATOS\croquis\Capellanes 9.pdf|||si
GETAFE|capitancarloshaya8|2019-07-24|fichero mas antiguo|||2019-07-24|DATOS\referencias\localización.JPG|||si
GETAFE|carabanchel10|2015-04-10|ficha: FECHA INICIO|2015-04-10|10/04/2015|2015-05-23|presupuesto\carabanchel10.doc|||si
GETAFE|castellondelaplana10|2024-01-01|ficha: FECHA LLEGADA|2024-01-01|2024 (solo el ano)|2025-02-11|3.OBRA\Fotos Febrero 2025\20250211_191834.jpg|||no
GETAFE|castellondelaplana12|2025-02-12|ficha (FECHA LLEGADA) + fichero, afinada|2025-01-01|2025 (solo el ano)|2025-02-12|1.DATOS\INFORME CASTELLON DE LA PLANA 12 GETAFE.docx|||no
GETAFE|castro2|2016-12-14|ficha: FECHA INICIO|2016-12-14|14/12/2016|2016-12-19|DATOS\croquis\Castro 4.pdf|||si
GETAFE|castro4|2016-12-19|fichero mas antiguo|||2016-12-19|DATOS\croquis\Castro 4.pdf|||si
GETAFE|cataluña2|2023-01-01|ficha: FECHA LLEGADA|2023-01-01|2023 (solo el ano)|2025-05-05|FICHA DATOS TECNICOS.docx|||no
GETAFE|cataluña32|2023-01-01|ficha: FECHA LLEGADA|2023-01-01|2023 (solo el ano)|2015-10-30|1.DATOS\planos\cataluña32.pdf|||no
GETAFE|cervantes2|2015-03-14|ficha: FECHA INICIO|2015-03-14|14/03/2015|2016-04-20|DATOS\croquis\Cervantes 2.pdf|||si
GETAFE|colibri5|2022-02-09|ficha: FECHA ENCARGO|2022-02-09|09/02/2022|2019-04-21|1.DATOS\1.CROQUIS\20190415_163547.jpg|||si
GETAFE|cuenca4|2018-07-04|ficha: FECHA INICIO|2018-07-04|4/07/2018|2018-07-11|FICHA DE DATOS ACCESALIA.docx|||si
GETAFE|cuentasaltas1|2026-02-10|ficha (FECHA LLEGADA) + fichero, afinada|2026-01-01|2026 (solo el ano)|2026-02-10|FICHA DATOS.docx|||no
GETAFE|doctorbarraquer14|2016-06-02|ficha: FECHA INICIO|2016-06-02|02/06/2016|2016-06-20|DATOS\croquis\Doctorbarraquer 14.pdf|||si
GETAFE|escaño29|2016-02-16|ficha: FECHA INICIO|2016-02-16|16/02/2016|2016-02-16|FICHA DE DATOS ACCESALIA.docx|||si
GETAFE|escaño42|2018-03-14|ficha: FECHA INICIO|2018-03-14|14/03/2018|2018-03-30|FICHA DE DATOS ACCESALIA.docx|||si
GETAFE|flordelis6|2018-05-03|ficha: FECHA INICIO|2018-05-03|03/05/2018|2018-05-29|FICHA DE DATOS ACCESALIA.docx|||si
GETAFE|fuenlabrada63|2018-12-27|ficha: FECHA INICIO|2018-12-27|27/12/2018|2019-01-02|FICHA DE DATOS ACCESALIA.docx|||si
GETAFE|generalcastaños4|2019-10-31|ficha (FECHA INICIO) + fichero, afinada|2019-10-01|OCTUBRE 2019 (dia 1, no venia)|2019-10-31|FICHA DE DATOS ACCESALIA.docx|||si
GETAFE|generalpalacio6|2019-01-01|ficha: FECHA LLEGADA|2019-01-01|2019 (solo el ano)|2015-12-07|DATOS\planos\generalpalacios3.pdf|||si
GETAFE|gladiolo6|2019-11-05|ficha: FECHA INICIO|2019-11-05|5/11/2019|2019-10-14|DATOS\plano\Borrador escalera.bak|||si
GETAFE|isaacperal8|2026-01-12|ficha (FECHA LLEGADA) + fichero, afinada|2026-01-01|2026 (solo el ano)|2026-01-12|1.DATOS\6.3D\Isaac Peral 8 - Getafe.skb|||no
GETAFE|jacintobenavente24|2018-10-20|ficha: FECHA INICIO|2018-10-20|20/10/2018|2018-06-08|DATOS\fotos\IMG_20180608_180859.jpg|||si
GETAFE|juandelacierva27escE|2025-05-05|ficha (FECHA LLEGADA) + fichero, afinada|2025-01-01|2025 (solo el ano)|2025-05-05|FICHA DATOS.docx|||no
GETAFE|loto1|2018-05-03|ficha: FECHA INICIO|2018-05-03|03/05/2018|2018-05-29|FICHA DE DATOS ACCESALIA.docx|||si
GETAFE|maestroturina6|2022-09-01|ficha: FECHA ENCARGO|2022-09-01|SEPTIEMBRE 2022 (dia 1, no venia)|2021-10-21|1.DATOS\fotos\IMG_20211021_101224.jpg|||si
GETAFE|magdalena3|2026-04-06|ficha: FECHA ENCARGO|2026-04-06|06/04/2026|2026-04-06|1.Memoria\1.DATOS\6.3D\Archivos GLB\Magdalena 3 - Getafe .glb|||no
GETAFE|montfrisa|2017-05-04|ficha: FECHA INICIO|2017-05-04|04/05/2017|2017-05-05|FICHA DE DATOS ACCESALIA.docx|||si
GETAFE|oriente19|2017-06-11|fichero mas antiguo|||2017-06-11|PROYECTO\ESCRITOS\compromisoCARTELpzfloras10.docx|||si
GETAFE|parla20|2026-01-13|ficha: FECHA ENCARGO|2026-01-13|13/01/2026|2022-11-29|2.PROYECTO\1.ESCRITOS\rehab_fe_edif_herramienta_cuantia_subvencion_p3_v2.xlsx|||no
GETAFE|pensamiento5|2017-11-10|ficha: FECHA INICIO|2017-11-10|10/11/2017|2017-11-18|DATOS\plano\planotipo.bak|||si
GETAFE|perdiz5|2021-10-01|ficha: FECHA ENCARGO|2021-10-01|OCTUBRE 2021 (dia 1, no venia)|2021-06-01|OBRA\no vale LICENCIA\tramite\DNI DANIEL.pdf|2020-09-16|PROYECTO\PLANOS\trabajo\7324001VK3672S0001YF.dxf|si
GETAFE|plazadepinto1|2021-11-30|ficha: FECHA LLEGADA|2021-11-30|30/11/2021|2022-01-12|FICHA DATOS TECNICOS.docx|||si
GETAFE|plazajimenezdiaz7|2025-07-22|ficha (FECHA LLEGADA) + fichero, afinada|2025-01-01|2025 (solo el ano)|2025-07-22|1.DATOS\5.FOTOS\Estudio Viabilidad\IMG_0245.jpg|||no
GETAFE|riohenares3|2016-03-31|ficha: FECHA INICIO|2016-03-31|31/03/2016|2016-03-28|DATOS\planos\colon10.bak|||si
GETAFE|rosa3|2018-05-03|ficha: FECHA INICIO|2018-05-03|03/05/2018|2018-05-29|FICHA DE DATOS ACCESALIA.docx|||si
GETAFE|sanclemente|2021-01-01|ficha: FECHA LLEGADA|2021-01-01|2021 (solo el ano)|2025-05-05|FICHA DATOS TECNICOS.docx|||si
GETAFE|sanvicente34|2016-03-14|ficha: FECHA INICIO|2016-03-14|14/03/2016|2016-04-18|FICHA DE DATOS ACCESALIA.docx|||si
GETAFE|serranillos31|2019-01-21|fichero mas antiguo|||2019-01-21|FICHA DE DATOS ACCESALIA.docx|||si
GETAFE|serranillos43|2022-01-01|ficha: FECHA LLEGADA|2022-01-01|2022 (solo el ano)|2019-11-26|1.DATOS\4.NUBE DE PUNTOS\fotos\IMG_20191122_131632.jpg|||si
GETAFE|serranillos47|2019-01-21|fichero mas antiguo|||2019-01-21|FICHA DE DATOS ACCESALIA.docx|||si
GETAFE|sierra4|2023-01-01|ficha: FECHA LLEGADA|2023-01-01|2023 (solo el ano)|2025-05-05|FICHA DATOS TECNICOS.docx|||no
GETAFE|titulcia12|2019-02-19|ficha: FECHA ENCARGO|2019-02-19|19/02/2019|2018-10-29|DATOS\croquis\TITULCIA 12 (2).jpg|||si
GETAFE|toledo5|2022-10-06|ficha (FECHA LLEGADA) + fichero, afinada|2022-01-01|2022 (solo el ano)|2022-10-06|1.DATOS\3.PRESUPUESTO\LUIS VIVES 11 - SALVAESCALERAS SEPT22_signed (5).pdf|||si
GETAFE|travesiadecastro2|2016-12-14|ficha: FECHA INICIO|2016-12-14|14/12/2016|2016-12-19|DATOS\croquis\Travesia de Castro 2_1.pdf|||si
GETAFE|travesiadelosdepositos2|2024-01-01|ficha: FECHA LLEGADA|2024-01-01|2024 (solo el ano)|2025-05-05|FICHA DATOS TECNICOS.docx|||no
GETAFE|travesiadelpaular2|2017-06-27|ficha: FECHA INICIO|2017-06-27|27/06/2017|2017-06-27|FICHA DE DATOS ACCESALIA.docx|||si
GETAFE|valdemorillo1|2023-05-11|ficha (FECHA LLEGADA) + fichero, afinada|2023-01-01|2023 (solo el ano)|2023-05-11|2.PROYECTO\4.SUBVENCION\Cert. Energetico\Trabajo\Herramientas de cálculo para CE3x\Manual_usuario CE3X_05.pdf|||no
GETAFE|valdemoro10|2025-02-11|ficha (FECHA LLEGADA) + fichero, afinada|2025-01-01|2025 (solo el ano)|2025-02-11|1.DATOS\08 VALDEMORO 10 GETAFE\20250211_183025.jpg|||no
GETAFE|valencia10|2022-12-20|ficha (FECHA LLEGADA) + fichero, afinada|2022-01-01|2022 (solo el ano)|2022-12-20|2.PROYECTO\4.SUBVENCION\Cert. Energetico\Trabajo\Coeficientes Puentes Térmicos PREVISTO.JPG|||si
