carpeta,lectura,cif,presidente,dni_presidente,administrador,admin_contacto,admin_telefono,admin_correo,trajo_empresa,trajo_persona,comercial_interno,comercial_de_donde,ayto_tecnico,ref_catastral,notas,tachado,notas_admin,notas_encargo,notas_subvenciones,ficha
_CALCULO DE FIANZA,sin ficha,,,,,,,,,,,,,,,,,,,
albertoconti6,ok,H79769816,,07420776X,AEAFINCAS,Laura Soriano,916457810,"laurasoriano@aeafincas.es Manuel (presidente), me informa 01/08/2024 que Adela ha renunciado a la administración de la comunidad en junta extraordinaria 30/07/2024. Queda pendiente de que informen cual es el nuevo admin. CONTACTAR CON MANUEL PRESIDENTE. CONTRATA DE OBRA Adrian Campos Coria. 680805858 adriancampos@hosteleate.es Patricia – 689.41.57.03 - Patricia Hernández patriciahernandez@hosteleate.es ADMINISTRADOR MANCOMUNIDAD (pedidos datos caldera el 20/11) Rafa Sansinena <rsansinena@aeafincas.es> Paula Olivas <mostoles@aeafincas.es>, laurasoriano@aeafincas.es empresa que mantiene la sala de calderas para que puedan mandarle toda la información que requieren INTASA Contacto Valeriano vale@intasa.info 629117383 Comisión de obras: Avelino que trabaja en la construcción 660 59 60 84 moretaohl@gmail.com",cdad,,Daniel,por defecto: sin etiqueta = Daniel,,4946302VK2644N,"02/11/2023 AISLANTE LANA DE ROCA 10 CM . aceptado el presupuesto de 390.942,86.-€. ENVIADO PRESUP
13/11/2023 APROBADO
28/11/2023 Se indica a la comunidad por teléfono que está incluida la dirección de obra en el presupuesto que han pagado para que no monten lío, pero en realidad no iba incluida. Se cobrará a la contrata o en concepto de gestión documental por otro sitio (indicaciones de Mónica).

La administradora lo pide por escrito. Mónica me dice que no le mandemos nada todavía, porque tiene que hacer el papel Daniel.

1/12/2023 Hablado con Valeriano que tienen 3 calderas, una de ellas está cerrada y desconectada, no la usan. Las otras 2 calderas son iguales y funcionan al 50%.

De: Subvenciones Accesalia <subvenciones.accesalia@gmail.com>
Date: mié, 27 dic 2023 a las 12:05
Subject: Justificante Next Generation - Programa 3 - c/ Alberto Conti 6, Móstoles
To: Comunidades <comunidades@aparraabogados.es>
Cc: Gerencia Accesalia <gerencia.accesalia@gmail.com>, Ana Santamarta <asantamarta.accesalia@gmail.com>


Buenos días,

adjunto te envío el justificante de presentación de la solicitud de subvención Next Generation de fondos europeos para el Programa 3 de la comunidad de propietarios de c/ Alberto Conti 6, Móstoles.
Tal como me confirmaseis telefónicamente y dejamos por escrito en el e-mail que os envié el día 21/12/2023, la voluntad de la comunidad de propietarios de presentar la solicitud de subvención SIN las ACTAS de aprobación de presupuesto, aprobación obra, aprobación solicitud subvenciones y elección presidente, además de FALTAR los PRESUPUESTOS (presupuesto elegido + 2). Esto último, tal como os informé, ha condicionado que el IMPORTE SOLICITADO está cuantificado con respecto a la VALORACIÓN ESTIMADA DEL PROYECTO y no al importe real que vaya a suponer la contratación de la obra con la empresa elegida.
Es MUY IMPORTANTE que estos documentos me los hagas llegar lo antes posible y que TODOS tengan FECHA ANTERIOR al día de HOY (27/12/2023) que es cuando se ha registrado la solicitud de subvención.
Todo esto esperamos poder subsanarlo en el caso de que el técnico que resuelva este expediente, nos realice requerimiento para ello, siendo conocedoras todas las partes implicadas de que existe la posibilidad de que esto no suceda.
Recibe un cordial saludo y feliz Año Nuevo.

Sandra Cobo
Tlf.: 687 81 88 41


01/08/2024 Daniel envía burofax renunciando a la dirección facultativa.
La tramitación de subvenciones seguirá igual. Va por compromiso.",DF · ADELA PARRA ABOGADOS · 91 613 39 01/ · 630863435 · comunidades@aparraabogados.es,,,,MADRID\1APROVINCIA\MOSTOLES\albertoconti6\FICHA DATOS TECNICOS (1).docx
alcaldedemostoles9,ok,,,,,,,jican@ascensoresjican.es,,,Daniel,etiqueta de la ficha,,,,JAVIER PARRA de · coinsa · REFORMA PARA CAMBIO DE PUERTAS DE ASCENSOR · COINSA · JAVIER PARRA · 647437941 · fjparra@ascensorescoinsa.com,,"29/08/2025 DANIEL: Es un proyecto sencillo de cambio de puertas y ascensor
29/08/2025 HE ENVIADA
16/10/2025 ALEJANDRA : realizando seguimiento de esta comunidad recibo esta respuesta
---------- Forwarded message ---------
De: <fjparra@ascensorescoinsa.com>
Date: mar, 7 oct 2025 a las 18:02
Subject: RE: ALCALDE DE MÓSTOLES 9 MOSTOLES -HOJA DE ENCARGO PROYECTO
To: Alejandra Pérez <aperez.accesalia@gmail.com>


Buenas tardes Alejandra,

Esta obra está presupuestada pero todavía no han decidido que empresa lo va a realizar,

En el momento que sepamos les indicamos.
Saludos

Alejandra: Daniel me indica hoy 16/10 enviar una HE a la empresa contratista JICAN y me dicta lo que quiere  dejar reflejado  , es conocedor de todo lo anterior .
También me indica redactar un contrato con la ayuda de chat gpt para que JICAN se lo de a la comunidad  y me indica puntos que debe reflejar

16/10/2025 HE enviada a Cecilio de Jican",,MADRID\1APROVINCIA\MOSTOLES\alcaldedemostoles9\FICHA DATOS.docx
alfonsoxii10,ok,H80006257,ANDRÉS JIMENO,,ASESORES AM,ÁNGELES MONTES PIÑERO,91 894 94 22,asesoresam@hotmail.com,OLIVARES,,Daniel,por defecto: sin etiqueta = Daniel,Mayte Bravo o Maria Eugenia,5736903VK2653N,"09/06/22 Daniel y el presidente han estado en el ayuntamiento pidiendo un cambio: sustituir la silla inclinada por rampa exterior.
Han pagado ya las tasas del cambio.
Hay que hacer una pequeña consulta urbanística incluyendo el pago de la tasa, una memoria y unos planos. La funcionaria está dispuesta a aprobarlo rápido.

07/11/2023 llamo al ayto para preguntar cómo va el expediente de la rampa. El último escrito, en respuesta a mail de Alberto (de Patrimonio) se contestó el 29/08/2023. Esa contestación se subió por registro a Urbanismo, en lugar de al genérico de instancias. En Urbanismo me dicen que lo han mandado a Patrimonio el 16/10, pero en Patrimonio no lo encuentran. Envío mail a Patrimonio con el justificante de registro para que lo busquen y traten de agilizarlo. Alberto además está de baja larga.",NURIA CARBAJO SANZ · 46932253V,,,,MADRID\1APROVINCIA\MOSTOLES\alfonsoxii10\ASCENSOR\FICHA DATOS TECNICOS.docx
alfonsoxii16,ok,H80340623,JUAN JOSÉ MARTÍNEZ CASAS,50053303J,"GALVEZ RAMIREZ & ASOCIADOS, S.L.",Jesús Angel del Valle Gálvez,916655566,jesus.angel@galvezramirez.com; comunidades@galvezramirez.com Facturas comunidades@galvezramirez.com MUCHO CUIDADO NO PONER EN COPIA DE NADA A SCHINDLER HASTA NUEVA ORDEN. Galvez Ramírez está enfadado con Javier González Moya. Con Daniel Díaz no hay problema.,cdad,+ DANIEL DIAZ SCHINDLER,Daniel,por defecto: sin etiqueta = Daniel,,5736906VK2653N,"Viene por Schindler pero firmará la comunidad.
20/01/2025 Daniel dice que es igual que el portal de al lado (18) que hemos hecho con Olivares.
21/01/2025 Daniel tiene visita con Daniel de Schindler. Confirman el proyecto. A la espera de hoja de encargo para comenzar.
05/02/2025 reclamada hoja de encargo a Javier Glez Moya de Schindler desde correo Daniel.
06/02/2025 Javier me indica que firmará la comunidad seguramente la semana del 10 o 17 de febrero.
10/04/2025 Hoja de encargo firmada. Incluye df y subvenciones. Tienen iee hecha de 2024 (pedida). Ver si tienen el cee también.
09/06/2025 EA terminado. Notas de Santiago:
Documentación Catastral: El documento catastral no menciona la nomenclatura de los espacios del edificio, se asignaron los nombres con respecto a las referencias de la nube de puntos y fotografías.

09/06/2025 Reclamado presupuesto firmado a Javier González Moya, y preguntado si sacan ellos los dos presupuestos adicionales para subvenciones.
16/10/2025 solicitud concesión demanial para la ocupación de vía pública
22/05/2026 solicitud de información por registro de la licencia y la concesión demanial
27/05/2026 desde el ayto de Móstoles informan:

de:
gmutramitaciones <gmutramitaciones@ayto-mostoles.es>

para:
""oficina.accesalia@gmail.com"" <oficina.accesalia@gmail.com>

fecha:
27 may 2026, 10:17

“En relación con el escrito presentado con fecha 22 de mayo de 2026, registro de entrada 38105, en el que solicitan información al respecto de la instalación del ascensor en la C/ Alfonso XII nº 16 y que se conceda la licencia y la concesión demanial, le comunico lo siguiente:

Con fecha 10 de octubre de 2025, registro de salida 143057, se le comunicó que la tramitacón del expediente de instalación del ascensor (U.033.O/2025/36) en la citada finca quedaba paralizado hasta que se aportase la Concesión Demanial al mismo.

Dado que dicha autorización depende del Área de Patrimonio, en el día de la fecha se le ha remitido la documentación presentada para su conocimiento.

Haciéndole constar que el expediente de instalación continúa parado hasta que se obtenga la Concesión Demanial.”

Informo a daniel.diaz@schindler.com,comunidades@galvezramirez.com, jesus.angel@galvezramirez.com

28/05/2026 (Adriana) Ana S me facilita un email de patrimonio AFernandezP@ayto-mostoles.es.
Quedo a la espera de que contesten

-patrimonio contesta: “Seguramente requieran resolver el desplazamiento de la farola frente a la finca.”

Informo a los interesados
16/09/2026 (Adriana) solicito información a AFernandezP@ayto-mostoles.es. Para saber el estado de la concesión demanial",JAVIER GONZALEZ MOYA · Javier González Moya | TC Rehabilitaciones Madrid · Phone +34 616991079 · javier.gonzalez.moya@schindler.com: · Poner en copia de todo a Javier González Moya de Schindler,,,,MADRID\1APROVINCIA\MOSTOLES\alfonsoxii16\FICHA DATOS TECNICOS.docx
alfonsoxii18,ok,H80178197,,,"GALVEZ RAMÍREZ & ASOCIADOS, S. L (pedidos docs cp 04/04)",Ana Frías Pozas,636682513 / 916655566,comunidades@galvezramirez.com,,,Daniel,por defecto: sin etiqueta = Daniel,,5736907VK2653N,,,,"13/03/2025 Solicitan poner rampa. Lo votaron ayer. Llamar a administración para ver qué pasó. Coordinar con Olivares si la modificación lo paga él o la comunidad. Hacer trámites de rampa como en Alfonso xii 10
14/03/2025 La administradora me indica que sí quieren hacer la modificación, que no saben si lo van a hacer con rosersese (lo van a consultar), y que quieren que se les pase un resumen de lo que explicó Daniel en la visita para plasmarlo en el acta de la junta de vecinos.
02/04/2025 OLVIARES NOS DICE POR TELEFONO QUE OK. ENVIADA HE para modificación de rampa.

04/04/2025 Recibida he firmada
22/08/2025: SOLICITADO LA INSTALACIÓN EN LA VÍA PÚBLICA POR REGISTRO, Y ENVIADO POR CORREO EL JUSTIFICANTE DE REGISTRO
01/12/2025 mando email al ayto. para saber el estado de la concesión demanial.
22/12/2025 el 18-12-2025 solicito información sobre el estado de la licencia de la rampa, ya que llama un vecino (Martin) preguntado. Desde el ayto de Móstoles informan:
“El expediente sigue parado por su causa, pendiente de presentar por parte de la C.P. ALFONSO XII 18  la concesión demanial otorgada por parte del Dpto de Patrimonio del Ayuntamiento de Móstoles.
Por otro lado, les indico que la orden de transferencia correspondiente a la fianza de gestión de residuos no es válida para justificar el pago. Para subsanar la incidencia, deberán presentar por Registro electrónico el justificante de pago de dicha transferencia abonada por la C.P.”

Registro por instancia general los datos del email y se lo envio tanto a ellos como al administrador
16/04/2025 vuelvo a solicitar información sobre el estado de la licencia (por registro)
23/04/2026

---------- Forwarded message ---------
De: Alberto Fernández-Pacheco Pascual <AFernandezP@ayto-mostoles.es>
Date: jue, 23 abr 2026 a las 10:28
Subject: Alfonso XII, 18
To: oficina.accesalia@gmail.com <oficina.accesalia@gmail.com>


“Buenos días
En relación con su consulta acerca del expediente para la concesión demanial de suelo público para la construcción de una rampa como medida de mejora efectiva de accesibilidad del edificio sito en c/ Alfonso XII, 18, cabe informar que se están siguiendo los trámites preceptivos para su aprobación
Saludos cordiales”


Informo a Rosersese
08/05/2026 ayto envía notificación de aprobación de via pública, solicitan depósito y aparte pido que agilicen la aprobación de la licencia de obra.

Informo a todos los interesados
21/05/2026 vuelvo a registrar la solicitud de la carta de pago de la concesión demanial
01/06/2026 vuelvo a enviar por email la solicitud de la carta de pago

Me envían la carta de pago, se la reenvio a los interesados.
Pdt que me envíen el justificante de pago para registrarlo en el ayto
05/06/2026 fianza pagada y registrada.

Pdt aprobación licencia de obra
15/07/2026 llamo a urbanismo y me indican que parece que habían perdido el expediente y lo van a pasar al técnico municipal para que lo gestione lo antes posible.
Informo a Rosersese
03/09/2026 (Adriana) vuelvo a registrar solicitud para que agilicen la concesión de licencia de obra, ya que parece ser que con la llamada del mes de Julio, no hicieron nada****INFORMO A ROSERSESE
05/10/2026 (Adriana) vuelvo a solicitar por email al ayto el estado de la licencia de obra (por tlfn es imposible) pongo en cco a rosersese para su conocimiento",,MADRID\1APROVINCIA\MOSTOLES\alfonsoxii18\rampa\FICHA DATOS.docx
alfonsoxii4,ok,H79265641,,,ANIBAL JAVIER,,637317288,,ROSERSESE,,Daniel,por defecto: sin etiqueta = Daniel,,5636404VK2653N,"10-01-2024 ENVIADA HOJA DE ENCARGO
02/10/2026 (adriana) se pasa a visar CFO",ASESORES AM · ÁNGELES MONTES PIÑERO · 91 894 94 22 · asesoresam@hotmail.com,,,,MADRID\1APROVINCIA\MOSTOLES\alfonsoxii4\FICHA DATOS TECNICOS.docx
alfonsoxii6,ok,H79500294,MARIA ROQUE UBEDA CARDEÑA,07530903J,,,,,,JOSE OLIVARES,Daniel,por defecto: sin etiqueta = Daniel,,,"Propiedad:	CP CL ALFONOS XII 6 MOSTOLES
CIF:		H79500294
Presidente:	MARIA ROQUE UBEDA CARDEÑA
DNI:		07530903J

Código postal:	28934
Referencia catastral: 5736901VK2653N
Fachada:
PEM: 90.439,40	          residuos:",,,,,MADRID\1APROVINCIA\MOSTOLES\alfonsoxii6\FICHA DE DATOS ACCESALIA.docx
alfonsoxii7,ok,,,,,,,,ADMIN,,Daniel,por defecto: sin etiqueta = Daniel,,5737802VK2653N,27/09/2023	SATE,,,,,MADRID\1APROVINCIA\MOSTOLES\alfonsoxii7\FICHA DATOS TECNICOS.docx
alfonsoxii8,ok,,,,,,,,,ALBERTO FAIN,Daniel,por defecto: sin etiqueta = Daniel,,,"Propiedad:
CIF:
Presidente:
DNI:

Código postal:
Referencia catastral:
Fachada:
PEM:	residuos:
SUPEFICIES
AMBITO ORDENACION
DISTRITO",,,,,MADRID\1APROVINCIA\MOSTOLES\alfonsoxii8\FICHA DE DATOS ACCESALIA.docx
america16,ok,,,,,,,,,PEDRO ARANDA  THYSSEN,Daniel,por defecto: sin etiqueta = Daniel,,,"Propiedad:
CIF:
Presidente:
DNI:

Código postal:
Referencia catastral:
Fachada:
PEM:	          residuos:",,,,,MADRID\1APROVINCIA\MOSTOLES\america16\FICHA DE DATOS ACCESALIA.docx
arroyomolinos9,ok,,,,,,,,,OSCAR LOPEZ FAIN,Daniel,por defecto: sin etiqueta = Daniel,,,21/11/2023 Reunión con vecinos. Oscar Lopez va a hablar con admin.,,,,,MADRID\1APROVINCIA\MOSTOLES\arroyomolinos9\FICHA DATOS TECNICOS.docx
avCarlosV32,ok,H78251949,MERCEDES MARTIN MOZO,01626533L,ALVAREZ ASESORES (pedidos datos 26/04),JOSE ALFREDO VICENTE – ANA ROSA,91 664 02 03,javicente@alvarezasesores.es; alvarezasesores@alvarezasesores.es Contratas a las que han pedido presupuestos: SERYMA. 				91 519 32 90. info@seryma.es CARETAL SARPEY. 			91 664 30 94. info@caretalsarpey.com JL GARCIA. (L-V 9:30h-14:30h)	91 251 43 20. info@imperjlg.com BASSE OBRAS Y SERVICIOS. 	91 190 13 61. oficina@basseobras.es NEUBAN. 				91 542 43 94. info@neuban.es,CDAD Quien lo trae JOSE ALFREDO VICENTE-ANA ROSA,,Daniel,por defecto: sin etiqueta = Daniel,,7433501VK2673S,"16/03/2023 ENVIA DATOS DE CALDERA

[NOTAS PARA PROYECTISTAS]
Se han producido numerosos robos en los bloques de la urbanización durante las obras de rehabilitación de sus fachadas, los vecinos de Carlos V 32 están muy preocupados de que les pase lo mismo. Prever medidas de seguridad adicionales en presupuesto si es necesario.
No quieren que se usen los cuartos de instalaciones comunes como vestuarios durante las obras. Piden que se contemple caseta de obra como vestuario.
No quieren que la Comunidad suministre energía eléctrica para los vestuarios y demás servicios de la obra. Piden que se contemple generador eléctrico.
TERRAZAS:
Paneles de las barandillas. Se han fijado en cómo los han resuelto en otros bloques de la urbanización y quieren como ellos. Mandan fotografía. La solución consiste en forrado de la barandilla en terrazas cerradas con panel y rellenado de hueco interior mediante espuma aislante hasta enrasado con pasamanos de barandilla. Adjunto foto en DATOS/visita toma de datos/Fotos a tener en cuenta.
Anclajes de barandilla. Las barandillas no se anclan a la superficie horizontal del forjado de los voladizos de los balcones, sino que se ancla a los cantos de esos forjados en voladizo. Dichos cantos están revestidos con piezas pétreas, que en algunos casos están muy deterioradas. Tener en cuenta para la ejecución (asegurar la estabilidad de los anclajes si hay que retirar piezas para saneado) y en presupuesto. Adjunto foto en DATOS/visita toma de datos/Fotos a tener en cuenta.
Piezas sueltas en cornisas de terrazas en P08.
Vecino P08.4 ha puesto armario en terraza. Comprobar si es necesario desmontaje. Adjunto foto en DATOS/visita toma de datos/Fotos a tener en cuenta.



CUBIERTA:
Informan de que en cubierta hay amianto
Composición comprobada en intervenciones anteriores: capa inferior aplacado con amianto inclinado mediante tabique palomero, recubrimiento con arlita para formación de pendiente, capa bituminosa, tela asfáltica como capa final.
18/09/2023 orden de Daniel: no se va a retirar el amianto de cubierta, sino que se va a poner cubierta tapa sandwich, en lugar de losa filtrón, porque hay tabiques palomeros.

Los armarios que tengan los vecinos en sus terrazas los tienen que desmontar ellos.

JEFE DE OBRA ERIK BENITEZ.  IMPERMEABILIZACIONE GARCIA  602157037
---------- Forwarded message ---------
De: LLANOS MARTIN <LLANOS.MARTIN@alvarezasesores.es>
Date: mar, 17 jun 2025 a las 14:59
Subject: C.P. CARLOS V,32
To: Gerencia Accesalia <gerencia.accesalia@gmail.com>, Oficina Accesalia <oficina.accesalia@gmail.com>
Cc: LLANOS MARTIN <LLANOS.MARTIN@alvarezasesores.es>


Buenas tardes, según conversación mantenida con Daniel, por favor si podéis hacer una visita a la obra de la comunidad referenciada y hablar con Roberto, Tf: 601255994 el presidente, tiene varias dudas y quiere hablar con vosotros, el tema de la 4ª certificación está firmada y terminada según la contrata y el arquitecto, pero para él no está terminada y por eso no realiza el pago. Por otro lado me comenta que os ha pedido y os mandó un correo con las fotografías del torreón y quiere que le aclaréis si el presupuesto de la ampliación es correcto, porque para él no hay dos tabiques, solo habría que enfoscar uno.

por favor, os rogaría que pasarais por allí y le aclararais todo.

Gracias y saludos


Departamento de Fincas
Llanos Martín Medrano

C/ Esparta, 1-3. Local
24-06-2025 ERIK GARCIA ya no trabaja en impermeabilizaciones García,
José García nos indica que para cualquier cosa hasta la terminación de la obra le contactemos a el en el 695 267 101
15/04/2026 faltaba la línea de vida para poder dar el CFO, reclamado.
Reclamadas facturas reales, no borradores y recibos de la última certificación, aunque vaya por mensualidades.
30/04/2026 llama Daniel, indica que nos olvidemos de la línea de la vida y que gestionemos el CFO (aviso a Ana S, Ana B y Alexander)
18/05/2026 PASO A VISAR CFO",Erik · Benítez · 691072315,,,,MADRID\1APROVINCIA\MOSTOLES\avCarlosV32\FICHA DATOS TECNICOS.docx
avCarlosV39,ok,H78676483,MIRIAM PASAMONTES ALAPONT,47534742K,ADMINISTRACIONES MOSTOLES S.L.,,,jmmontero@administracionesmostoles.com,4768850488950037077652984500ADMINISTRADOR DE FINCAS        SI           NO,OSWALDO DE FAIN,Daniel,por defecto: sin etiqueta = Daniel,,,"Propiedad: CDAD DE PROP CL CARLOS V N39 MOSTOLES
CIF:	H78676483
Presidente: MIRIAM PASAMONTES ALAPONT
DNI:   47534742K

Código postal:		28936
Referencia catastral: 	7634602VK2673S
Fachada:
PEM:	23.329,45 €
residuos:
SUPEFICIES  			7m2
AMBITO ORDENACION
DISTRITO


Martin constructor rehabilitaciones
699 070 525

Foso reducido 65 cm",,,,,MADRID\1APROVINCIA\MOSTOLES\avCarlosV39\FICHA DE DATOS ACCESALIA.docx
avCarlosV42,ok,H79251815,,01624066J,ALVAREZ ASESORES HH CB,JOSÉ ALFREDO VICENTE – ANA ROSA,91 664 02 03,alvarezasesores@alvarezasesores.es javicente@alvarezasesores.es,CDAD,JOSÉ ALFREDO VICENTE-ANA ROSA,Daniel,por defecto: sin etiqueta = Daniel,,7433506VK2673S,"---------- Forwarded message ---------
De: JUSTI ASTILLEROS <Justiastilleros@alvarezasesores.es>
Date: jue, 2 feb 2023 a las 8:52
Subject: Avda. Carlos V 42 Móstoles presupuesto
To: JUSTI ASTILLEROS <Justiastilleros@alvarezasesores.es>


Buenos días!
Por favor necesitamos ppto para

Proyecto (incluyendo, mediciones para que presupuesten los proveedores, indicaciones sobre qué obra realizar subvención, si procede dando opciones para conseguir la máxima subvención posible)

Dirección de Obra

Coordinación de Seguridad y salud

Tramitación de las subvenciones

Tramitación de licencias

LEEX

Van a realizar la obra de eficiencia energética en el edificio, quieren optar a las ayudas Next Generation EU, teniendo en cuenta el plazo de finalización, querrían presentar toda la documentación, como muy tarde en marzo, antes si fuera posible.

Contacto, 639842577 OCTAVIO SAEZ VALVERDE (presidente) 7º 3

Quedo a la espera, muchas gracias

Un saludo

Justa Astilleros Gil.

02/02/2023 Se lo manda Mónica
16/04/2024 Incidencia 2 llamar al 916647500 extension 4470 Mariangeles Sanchez
ANTERIOR JEFE DE OBRA: JOSE GARCIA BUSTAMANTE 695 267 101
info@imperjlg.com (ESTA DE BAJA)

ACTUAL JEFE DE OBRA: ERIK BENITEZ/ 691072315 /estudio@imperjlg.com
03-06-2025
CFO REGISTRADO EN AYTO. Sofia
27/11/2025 SOLICITUD DE DEVOLUCION DE TASAS POR CAMBIO DE PRESUPUESTO (E:\accesalia Dropbox\D SM\Ascensores y rehabilitaciones\MADRID\1APROVINCIA\MOSTOLES\avCarlosV42\3.OBRA\DECLARACION RESPONSABLE\SOLICITUD DEVOL DIFERENCIA TASAS)

Impermeabilizaciones JL GARCIA S.L.
CIF: B-88624200
C/ Juan de la Cierva, 129
Pº  Ind. Valdefuentes 28939 Arroyomolinos – Madrid
Tel.: 912514320
www.imperjlg.com info@imperjlg.com

José García Bustamante
Dpto. Técnico
Móvil.: 695 267 101
Horario L-V 8:00 a 18:00",,,,,MADRID\1APROVINCIA\MOSTOLES\avCarlosV42\FICHA DATOS TECNICOS.docx
avCarlosV51-65,ok,,,,,,,,,RAFA (AMIGO DE JOAQUIN MOSTOLES),Daniel,por defecto: sin etiqueta = Daniel,,,"28/03/2022 LLEVAR PRESUPUESTO EL MIERCOLES A REUNION (SOLO ADMIN, NO VECINOS)",,,,,MADRID\1APROVINCIA\MOSTOLES\avCarlosV51-65\FICHA DATOS TECNICOS.docx
avcarlosV32-42yveracruz34 NUCLEO V VERSALLES,ok,,,,ALVAREZ ASESORES,JUSTI ASTILLEROS,91 664 02 03,Justiastilleros@alvarezasesores.es,CDAD,JUSTI ASTILLEROS,Daniel,por defecto: sin etiqueta = Daniel,,,16/03/2023 ENVIA DATOS DE CALDERA,,,,,MADRID\1APROVINCIA\MOSTOLES\avcarlosV32-42yveracruz34 NUCLEO V VERSALLES\FICHA DATOS TECNICOS.docx
avcarlosv47-49,ok,,,,Alvarez Asesores,,,LLANOS.MARTIN@alvarezasesores.es,,,Daniel,etiqueta de la ficha,,,,,,"29/10/2025 DANIEL : Tenemos que mandar un una hoja de encargo para la elaboración de consulta urbanística vinculante de verificación de  propiedad privada de zonas comunes abiertas.

Alejandra: La administración ha enviado documentos C:\accesalia Dropbox\D SM\Ascensores y rehabilitaciones\MADRID\1APROVINCIA\MOSTOLES\avcarlosv47-49\1.DATOS\2.DOCUMENTACION\enviada por la adm
29/10/2025 HE enviada
31/10/2025 se indica HE común para esta comunidad y para VIENA 2, 4 ,6 MOSTOLES con un único precio

HE CON NUEVAS INDICACIONES ENVIADA",,MADRID\1APROVINCIA\MOSTOLES\avcarlosv47-49\FICHA DATOS.docx
avcerroprieto16,ok,,,,,,,,FAIN,Oscar López,Daniel,por defecto: sin etiqueta = Daniel,,,"Daniel 01-12-2021: DAR ESTAS INSTRUCCIONES AL TÉCNICO
medir bien ventanas del patio
no podemos pasar al patio más de 70 cm
poner ascensor en el lado contrario para no tocar montanes de contadores
OJO PARA COLOCAR AL REVES LA SUBIDA DE ESCALERA",,,,,MADRID\1APROVINCIA\MOSTOLES\avcerroprieto16\FICHA DATOS av cerro prieto 16 mostoles.docx
avcerroprieto7,ok,,,,Pedido a oscar lopez (22/03/22),,,,FAIN,OSCAR LOPEZ,Daniel,por defecto: sin etiqueta = Daniel,,,,,,,,MADRID\1APROVINCIA\MOSTOLES\avcerroprieto7\FICHA DATOS TECNICOS.docx
avdosdemayo53,ok,,,,,,,,,PEDRO ARANDA  THYSSEN,Daniel,por defecto: sin etiqueta = Daniel,,,"Propiedad:
CIF:
Presidente:
DNI:

Código postal:
Referencia catastral:
Fachada:
PEM:	residuos:
SUPEFICIES
AMBITO ORDENACION
DISTRITO",,,,,MADRID\1APROVINCIA\MOSTOLES\avdosdemayo53\FICHA DE DATOS ACCESALIA.docx
avdosdemayo71,ok,H79874780,,,ADMINISTRACIÓN GALVEZ RAMIREZ (docs cp pedidos 30/11),Jesus Angel 620440577,620440577; 633303201,comunidades@galvezramirez.com LA TRAMITACION DE LICENCIA Y DE SUBVENCIONES SE LA HACEN ELLOS SOLOS,FAIN,ALBERTO DE PAZ,Daniel,por defecto: sin etiqueta = Daniel,,5636402VK2653N,"24/03/2023 NOS PIDE 3D PARA PRESENTARLO EL EL 29/03/2023
28/11/2023 encargado, cuando se vaya a escanear, llamar al administrador para resolver dónde iría el ascensor: quiere hacer una consulta si el ascensor va ir en el lado del cuarto de los contadores o al otro lado. Es copia de Dos de Mayo 73, según Alberto de Paz.

Las subvenciones se la tramitan ellos.

Ojo, nos lo tenían que haber pasado en septiembre pero Alberto no lo hizo. Corre prisa.
12/12/2023 todavía no tienen códigos de pedido.

RECORDATORIO: Aquí quedamos en que hablaríais con administración para confirmar en que lado de la escalera irá el ascensor.

28-12-2023: Confirma la administración que quieren el ascensor donde arranca la escalera y la escalera que arranque donde esta el cuarto de contadores.

28-12-2023: Se confirma con Daniel que pese a que el escaner da problemas a la hora de montar la nube y habiendo hecho una inspección visual aproximada en el Scene con David el edificio parece bastante nivelado. Se procede a seguir con el proyecto y cuadrar de la mejor forma posible las plantas que faltan.

08-01-2024: Se confirma con Daniel escalera de 2.18x2.00m
01/09/2026 (Adriana)
de:
Daniel Palacios Sarmiento <daniel.palacios@fainascensores.com> a través de gmail.com

para:
Oficina Accesalia <oficina.accesalia@gmail.com>
Cc:
OBRAS ACCESALIA <obras.accesalia@gmail.com>
fecha:
1 sept 2026, 15:02

Como he hablado con Marta esta mañana, la obra está terminada a falta de que se coloque el contador por parte de la compañía y podamos pasar la segunda inspección y legalizar el equipo.",,,,,MADRID\1APROVINCIA\MOSTOLES\avdosdemayo71\FICHA DATOS TECNICOS.docx
avdosdemayo73,ok,H79857736,ANGELES MONTES PIÑERO,09455781K,,,,info@administracionrivera.es,4768850488950037077652984500ADMINISTRADOR DE FINCAS        SI           NO DATOS ADMINISTRADOR DE FINCAS (a 08/01/2026),Alberto de Paz Ahijado  (FAIN),Daniel,por defecto: sin etiqueta = Daniel,,,"Lunes a Viernes de 9:00 a 14:00 horas.
Martes y Jueves de 16:00 a 19:00 horas





Propiedad:	CDAD DE PROP AV DOS DE MAYO 73 MOSTOLES
CIF:	H79857736
Presidente:	ANGELES MONTES PIÑERO
DNI:		09455781K
Nº de cta de la cdad.:ES64 2085 9711 57 0330043683
Nº de viviendas: 20
Año de antigüedad del edificio: 1972
Código postal:			28934
Referencia catastral: 		5636401VK2653N
Fachada:			74.75m
PEM:				98.589,79

residuos:
SUPEFICIES




Cristian Rodríguez?

COAM

TL/020918/2020
TL/020411/2023

SUBVENCIONES

Ana: 15/09/2025
cobrado nuevas subvenciones en noviembre de 2024
No me han dicho nada, pero si no podemos darles servicio, entiendo que habrá que devolverles el importe al menos parcialmente.
¿Esperamos a que nos digan algo?
Y si es así, les decimos que nos tienen que pagar la elaboración de CEE e IEE a descontar de lo ya abonado?

CEE e IEE hechos por DENNIS en junio de 2021.
La tramitación de subvenciones de 2021 se les facturó en octubre de 2022 pero como no se presentaron a nada, se les hizo el abono íntegro en diciembre de 2022.

Mónica: esperamos a la nueva convocatoria (no esta de octube, la siguiente). Si no entran, se les devuelve",EMPRESA : · JD ADMINISTRACIÓN Y GESTIÓN S.L. · TELÉFONO: · 91 614 08 65 - 615 038 170 · PERSONA DE CONTACTO: · De 9:30 a 13.30 h · Victoria Santamaría · E_MAIL: · vsantamaria@jdadmon.com · DIRECCIÓN: · C/ Río Genil nº 23 - Local 12 Posterior · 28934 Móstoles,,,,MADRID\1APROVINCIA\MOSTOLES\avdosdemayo73\FICHA DE DATOS ACCESALIA.docx
avolimpica2,ok,,,,,,,,,FRAN FAIN,Daniel,por defecto: sin etiqueta = Daniel,,,"26/12/2023 VISITADO CON FRAN Y PRESIDENTE MANCOMUNIDAD, REHACER TAMBIÉN BAÑO PARA MINUSVÁLIDOS
08/04/2024 QUEDAR CON FRAN PARA ESCANEAR Y HACER PLANO PARA AYUNTAMIENTO
10/06/2024 ENSEÑADO EL 3D A LA COMISION DE OBRA. Remitidos planos a Fran.",,,,,MADRID\1APROVINCIA\MOSTOLES\avolimpica2\FICHA DATOS TECNICOS.docx
avonu76,ok,H78682002,,47518355X,Álvarez Asesores,Mª Ángeles González de la Vega,91.664.02.03,mgvega@alvarezasesores.es,CDAD,Mª ANGELES GONZALEZ DE LA VEGA LUIS CARLOS ALVAREZ,Daniel,por defecto: sin etiqueta = Daniel,,7734803VK2673S,"[PROYECTISTAS]
P01 informa de fuertes olores a humedad en habitación secundaria. Tras investigar en semisótano, se observan humedades por capilaridad importantes en muros sótano. Contemplar solución de impermeabilización.

P03 B tiene terraza cerrada. Dice que quiere aislamiento por dentro como si estuviera abierta porque paga igual que los de terraza abierta.
[ANA]
P03 B tiene terraza cerrada. Dice que quiere aislamiento por dentro como si estuviera abierta porque paga igual que los de terraza abierta. Alguien le tendrá que explicar que no.
30/05/2024 La administradora Angeles está pidiendo que se modifique en el proyecto el panel SATE de 100 mm por panel de 80, como han hecho en Helsinki 8. Mónica le explica que no se puede hacer alegremente.
NUNCA MÁS SE SUPO",,,,,MADRID\1APROVINCIA\MOSTOLES\avonu76\FICHA DATOS TECNICOS.docx
avportugal12,ok,,,,,,,,,PEDRO ARANDA  THYSSEN,Daniel,por defecto: sin etiqueta = Daniel,,,"Propiedad:
CIF:
Presidente:
DNI:

Código postal:
Referencia catastral:
Fachada:
PEM:	residuos:
SUPEFICIES
AMBITO ORDENACION
DISTRITO",,,,,MADRID\1APROVINCIA\MOSTOLES\avportugal12\FICHA DE DATOS ACCESALIA.docx
avportugal15,ok,,,,,,,,,PEDRO THYSSEN,Daniel,por defecto: sin etiqueta = Daniel,,,"TIENE QUE ABRIRTE UNOS TRASTEROS, LLAMALE PARA IR. HAY QUE MODIFICAR ESCALERA",,,,,MADRID\1APROVINCIA\MOSTOLES\avportugal15\FICHA DE DATOS ACCESALIA.docx
avportugal41,ok,,,,,,,,,PEDRO ARANDA  THYSSEN,Daniel,por defecto: sin etiqueta = Daniel,,,"Propiedad:
CIF:
Presidente:
DNI:

Código postal:
Referencia catastral:
Fachada:
PEM:	          residuos:",,,,,MADRID\1APROVINCIA\MOSTOLES\avportugal41\FICHA DE DATOS ACCESALIA.docx
avportugal43-45,ok,,,,,,,martamartin@elecnor.com,elecnor,MARTA MARTIN ELECNOR,Daniel,por defecto: sin etiqueta = Daniel,,,"---------- Forwarded message ---------
De: MARTA MARTIN LOZOYA <martamartin@elecnor.com>
Date: vie, 3 ene 2025 a las 11:04
Subject: SOLICITUD PRESUPUESTO SERVICIOS ANEXOS AVENIDA DE PORTUGAL 43-45 (MÓSTOLES)
To: <oficina.accesalia@gmail.com>
Cc: ANDREA DIAZ SERRANO <andrea.diaz@elecnor.es>


Buenos días,

Solicito precio de los servicios anexos de una oferta de sate+cubierta en  Avenida de Portugal 43-45 (Móstoles).

Os mando un listado de los servicios que necesitamos:

- Proyecto básico y de ejecución+tramitación de licencia
- Dirección de obra y certificado final de obra
- Coordinación de seguridad y salud
- Certificado de eficiencia energética inicial y final
- Elaboración del informe de evaluación del edificio
- Elaboración del libro del edificio
- Gestión de subvenciones

El importe final de la obra es de 1.115.630,91 € sin IVA.

Son 127 propietarios.

Si es posible, lo necesitamos como tarde el 9 de enero.

Si necesitan algún dato más, no duden en contactar conmigo.

Gracias de antemano,
un saludo.

--


Marta Martin Lozoya
Oficina Técnica

Dirección Centro/Delegación Mantenimiento I
Calle Alcalá, 265. Edificio 4, planta 1ª
28027, Madrid.
Móvil: 638 543 742
Re: SOLICITUD PRESUPUESTO SERVICIOS ANEXOS AVENIDA DE PORTUGAL 43-45 (MÓSTOLES)
Recibidos

MARTA MARTIN LOZOYA <martamartin@elecnor.com>
jue, 9 ene, 11:11 (hace 4 días)
para mí, ANDREA

Buenos días,

Tras modificaciones el importe final es de 1.099.915,97 € sin IVA.

Mismos servicios anexos y número de propietarios.
13/01/2025 Se envía hoja de encargo proy, df, css y subvenciones.",,,,,MADRID\1APROVINCIA\MOSTOLES\avportugal43-45\FICHA DATOS TECNICOS.docx
avportugal46,ok,,,,,,,martamartin@elecnor.com,,,Daniel,por defecto: sin etiqueta = Daniel,,,,,,"04/04/2025
De: MARTA MARTIN LOZOYA <martamartin@elecnor.com>
Date: vie, 4 abr 2025 a las 12:12
Subject: SOLICITUD SERVICIOS ANEXOS AV. PORTUGAL 46 (MÓSTOLES)
To: <gerencia.accesalia@gmail.com>, <oficina.accesalia@gmail.com>, <danieldesoto@accesalia.es>
Cc: ANDREA DIAZ SERRANO <andrea.diaz@elecnor.es>

Buenos días,

Necesito precio para servicios anexos para la rehabilitación del edificio (SATE + CUBIERTA) situado en Avenida de Portugal 45 en Móstoles.

Adjunto la lista de los servicios:
- Proyecto básico y de ejecución
- Dirección de obra y certificado final de obra
- Coordinación de seguridad y salud
- Certificado de eficiencia energética inicial y final
- Elaboración del informe de evaluación del edificio
- Elaboración del libro del edificio existente
- Gestión de subvenciones

Gracias de antemano.
Un saludo.",,MADRID\1APROVINCIA\MOSTOLES\avportugal46\FICHA DATOS.docx
badajoz35,ok,,,,AGISA (MOSTOLES),PABLO SIMON PEREZ,916 466 838,pablo.simonperez@agisa.es,,,Daniel,por defecto: sin etiqueta = Daniel,,,25/10/2024 SE MANDA HOJA DE ENCARGO,,,,,MADRID\1APROVINCIA\MOSTOLES\badajoz35\FICHA DATOS TECNICOS.docx
baleares34,ok,H78251907,,47487553M,ÁLVAREZ ASESORES (pedidos docs 12/04/2023),JOSÉ ALFREDO VICENTE – ANA ROSA,"91 664 02 03 admin fincas 1, justa astilleros 5",alvarezasesores@alvarezasesores.es,cdad,JOSE ALFREDO VICENTE- ANA ROSA,Daniel,por defecto: sin etiqueta = Daniel,,7239601VK2673N,"06/02/2023 Por favor necesitamos ppto para el proyecto para hacer accesible el portal de la calle Baleares 34 de Móstoles (adjunto foto) además de el escalón exterior, tiene escalones en el interior y una segunda puerta interior.
Les gustaría tener varias propuestas (eliminación segunda puerta, mantenerla)

Contacto para enseñaros el portal, Conserje, Juan Carlos 610 815 238

Enviada hoja de encargo desde Gerencia
10/03/2023 IBERDROLA,  REUNIDOS HOY CON JUSTI Y PRESIDENTE PARA ENSEÑAR PRESUPUESTO, SE LO ESTAN PENSANDO
21/03/2023 SATE + ASCENSOR Y COTA CERO. PASAR HOJA DE ENCARGO
18/10/2023 INSTRUCCIONES DE DANIEL PARA TÉCNICO:
Quitar de toda la documentación la fotovoltaica (unos 15.000 €)
Poner ascensor nuevo + embocaduras de todas las puertas (unos 45.000 €). Revisar bien todas las plantas
Repasar mediciones de los paramentos verticales del portal. Dice Daniel que le parece poco lo que pone ahora.

Una vez hecho esto, hay que ver si con estas modificaciones llegaríamos al 40% de subvención.

Si llegamos a ese 40%, hacer la resta siguiente: precio del presupuesto menos lo que se perciba de la subvención. ¿Cuánto tendría que pagar la comunidad?

Si llegamos al 60% de subvención, hacer el mismo cálculo. Saber cuánto dan por vivienda y local.

Todo esto hay que tenerlo listo para cuando nos convoquen a reunión.

31/10/2023 se envía a Llanos y a José Alfredo:

Les dejo debajo los comentarios del técnico que ha modificado el proyecto:

Ya están todas las modificaciones de los planos de la mejora de accesibilidad y el presupuesto con los cambios del ascensor indicados.

Una vez realizadas las modificaciones se ha calculado el porcentaje de subvención a la que se llega, que sería el 65%, por lo que los cálculos correspondientes son los siguientes.
El presupuesto total con IVA da una suma de 407.283,31 €, de lo que tocan entre los 28 vecinos (únicamente hay viviendas, no hay locales comerciales) a 14.545,84 € cada uno. La cuantía máxima a percibir por vivienda es de 11.600 €, por lo que la cifra a pagar ya restándole la subvención sería de 2.945,84 € por propietario.

Se ha quitado de toda la documentación la referencia a fotovoltaica.
Se ha puesto ascensor nuevo + embocaduras de todas las puertas.
Se han repasado las mediciones de los paramentos verticales del portal.
04/06/2026 Se ha pasado una factura por un importe adicional a la comunidad, que no se ha cobrado, para subvenciones. Cuando se autorice a realizar el cargo, dejar anotado.",FV CALEFACCION,,,,MADRID\1APROVINCIA\MOSTOLES\baleares34\FICHA DATOS TECNICOS.docx
barcelona27,ok,,,,,,,,SCHINDLER,JAVIER PARRA,Daniel,por defecto: sin etiqueta = Daniel,,,"06/07/22
DERRIBO ESCALERA. NO TOCAR CONTADORES, ASCENSOR ACCESIBLE",,,,,MADRID\1APROVINCIA\MOSTOLES\barcelona27\FICHA DATOS TECNICOS.docx
becquer19,ok,H79694949,DIEGO GONZALEZ LOPEZ,04141347J,GOMEZ NIEVA,(de 9.30 a 2 y de 5 a 7)José Moreno / Alfonso Muñoz,91 618 43 45,jmoreno@gomeznieva.es AMonroy@gomeznieva.es,FAIN,OSCAR LOPEZ,Daniel,por defecto: sin etiqueta = Daniel,Alberto Fernández Pacheco,7050602VK2675S,"Adjunto el presupuesto y catálogo del aparato para que podáis cuadrar las medidas en el proyecto .
17/10/2023 La obra ya está ejecutada y llega denegación de la DR indicando que hay que pedir concesión demanial de ocupación de vía pública de la plataforma, y además solicitar licencia a Gerencia de Urbanismo. Se pide la concesión demanial el 06/11 y se registra la solicitud de licencia (con las mismas tasas) el 07/11

04/02/2025 Llaman de la gerencia de Urbanismo para contestar a nuestras dudas de cómo desbloquear este tema. Nos indican que Patrimonio (Alberto Fernández-Pacheco) nos mandó mail el 18/03/2024 y que no se le ha contestado. Se localiza mail. Se mandó a Carla y a Alex para escanear la zona. En Oficina no figura la respuesta. Respondió Carla el 21/03/2024, se reenvía email al ayto explicando la situación y que sí fue contestado. Llega nuevo email del técnico diciendo que lo que se aportó no vale y que lo metamos por registro no por email

23/05/2025 Hago consulta al área de patrimonio de Móstoles sobre la concesión demanial presentada en 2023 ya que seguimos sin noticias. Sofía
07/11/2025 de gmutramitaciones@ayto-mostoles.es informan:

En respuesta a su correo, les indico que el expediente U.032_BIS.O/2022/235 sigue pendiente de que por parte del Dpto de Patrimonio les otorguen y notifiquen la concesión demanial, la cual, una vez obtenida deberán presentar por Registro electrónico al expediente que nos ocupa y poder seguir con la tramitación del mismo.

Para que les informen al respecto de la tramitación de la concesión demanial, pueden contactar con Alberto Fernández-Pacheco en el siguiente teléfono: 916647500 ext. 4235.

Quedando a su disposición para cualquier información complementaria.


11/02/2026 se registra la aprobación de la concesión demanial
31/07/2026 (Adriana) paso a visar cfo
02/09/2026 se envia cfo a todos los interesados y se registra en el ayto",JUAN CARLOS JIMENEZ IRISARRI (1ºd) · 01099594X · 667522262,,,,MADRID\1APROVINCIA\MOSTOLES\becquer19\1 plataforma\FICHA DATOS TECNICOS.docx
berardomartin12,ok,E78421658,JOSEFA MENDOZA CHINCHILLA,05243027Q,AEA FINCAS,,,mostoles2@aeafincas.es,,ALBERTO DE PAZ. FAIN,Daniel,por defecto: sin etiqueta = Daniel,,,"Propiedad:	CP BERARDO MARTIN 12 MOSTOLES
CIF:		E78421658
Presidente:	JOSEFA MENDOZA CHINCHILLA
DNI:		05243027Q
Nº de cta. cdad: ES80 2085 9711 5703 3052 2963
Código postal:			28937
Referencia catastral: 		7643102VK2674S
Fachada:			16,10m
PEM: 96.639,35
residuos:
SUPERFICIES A INTERVENIR.

PLANTA BAJA	16.10 m211
PLANTA TIPO	6.35 m2 x 4 = 25.40 m2

SUPERFICIES  CONSTRUIDAS.	41.50 m2


AMBITO ORDENACION
DISTRITO

Solicitud de presupuesto
Recibidos
x

DIEGO MIR CRESCENTE <diego.l.mir@gmail.com>

17 oct. 2018 8:47 (hace 5 días)



para mi



Buenos días Daniel,

Soy Diego Mir, el vecino actuando a modo de “administrador” en Berardo Martín, 12 - Móstoles. Alberto, de FAIN, me ha facilitado tus datos.

En nuestra Comunidad estamos a punto de dar el pistoletazo de salida a la obra del ascensor. El problema es que la minoría opositora a la realización de las obras está siendo bastante beligerante, y por eso, me gustaría tener los próximos pasos bien preparados para que cuando llegue el momento de actuar podamos hacerlo sin demora para evitar que ciertos vecinos logren paralizar nuevamente el proyecto y poner nuevas pegas con ánimo de dilatar y complicar el proceso.

Me ha pasado Alberto una lista de datos que necesitarás para gestionar el proyecto:

[1 ACTA DE APROBACION DE ASCENSORES
2 DNI PRESIDENTE
3 NUMERO DE CUENTA
4 CIF DE LA COMUNIDAD
5 CONTACTO DE ADMINISTRADOR]

Pregunta acerca del punto 2: Nuestra Presidenta es la propietaria de uno de los Bajos, y en consecuencia, opositora a la instalación del ascensor. Por lo tanto, es bastante difícil conseguir su colaboración, por ejemplo, para lograr que facilite una fotocopia de su DNI. Sin embargo, sí tengo los datos de su número de DNI; ¿Sería con esto suficiente o es imprescindible conseguir una copia de su DNI?


Alberto también nos envió lo siguiente:

[Ten en cuenta que además del presupuesto tenéis que tener en cuenta:
-Tasas de ICIO y licencia el 6.68% del importe de venta del presupuesto sin IVA (115.807,84€) por tanto tendrían que pagar al Ayuntamiento 7.736€.
-Pago al arquitecto directamente 3500€+21%IVA=4.235€.
-Pago Coordinador 850€+21%IVA=1.028,50€
Total gastos iniciales 12.999,50€]

Nuestras dudas:

¿Quién es la figura de Coordinador? ¿Tu presupuesto incluye el Coordinador?

Y en general, dado que la contratación de tus servicios es independiente a la contratación de FAIN, nos gustaría por favor, si pudieras presentarnos cuanto antes un presupuesto detallado para que lo evaluemos y aprobemos, y para que una vez aprobado y firmado nos sirva de contrato formal entre ambas partes.

Si te parece, hablamos por teléfono y vamos preparando todo. Yo calculo tener aprobado y firmado el presupuesto de FAIN para la semana que viene y me gustaría mover ficha inmediatamente cuando eso ocurra.

Gracias, un saludo, y estamos en contacto

Diego Mir Crescente - Berardo Martín, 12 4ºB 28936 - Móstoles
Tel: 662 245 936


Nuevo PEM para fin de obra: 111.630,72


---------- Forwarded message ---------
De: Departamento de Cobros FAIN <departamento.cobros@fainascensores.com>
Date: jue, 26 mar 2026 a las 10:57
Subject: Reclamación de costes por error de proyecto – CP Berardo Martín 12, Móstoles - 1023767 SOLUCIONES DE ACCESIB Y E. ACCESALI
To: <accesalia@accesalia.es>
Cc: Vanesa López Sanzo <vanesa.lopez@fainascensores.com>, <oficina.accesalia@gmail.com>


Estimados señores,
Me pongo en contacto con ustedes en relación con una incidencia ocurrida en la obra correspondiente a la Comunidad de Propietarios sita en C/ Berardo Martín 12, Móstoles.
Durante la ejecución de dicha obra, se detectó que el proyecto inicial presentaba errores en los planos, lo que provocó la necesidad de realizar trabajos adicionales y, en consecuencia, la generación de sobrecostes no previstos. Esta situación es atribuible a la dirección facultativa del proyecto, concretamente al arquitecto Daniel del Soto, de la empresa Accesalia.
Según la información trasladada en su momento, estos sobrecostes debían ser asumidos a través del seguro de responsabilidad civil del citado arquitecto. En base a ello, se procedió a ejecutar los trabajos necesarios para corregir las deficiencias derivadas del error de proyecto.
Sin embargo, a día de hoy, dichos importes no han sido regularizados en su totalidad, existiendo una discrepancia económica pendiente asociada a estos trabajos. Cabe destacar que estos costes no son imputables al cliente final (Comunidad de Propietarios), al derivar directamente de un error técnico en la fase de proyecto.
Fra. 0560032558 - quedan por abonar 3.084,10€ referentes a lo anterior.
Por todo lo anterior, solicitamos la revisión del expediente y la confirmación de cobertura por parte de su compañía, así como la tramitación del abono correspondiente a los sobrecostes generados por esta incidencia.
Quedamos a su disposición para facilitar toda la documentación necesaria (facturas, informes, correos y detalle de los trabajos realizados) que permita agilizar la gestión de esta reclamación.
Agradecemos de antemano su atención y quedamos a la espera de su respuesta.
Atentamente,",,,,,MADRID\1APROVINCIA\MOSTOLES\berardomartin12\FICHA DE DATOS ACCESALIA.docx
bolivia10,ok,,,,AGISA,Javier Sanz Pozon,916 466 838,javier.sanzpozon@agisa.es,,PABLO SIMON AGISA,Daniel,por defecto: sin etiqueta = Daniel,,,"28/01/2025 javier.sanzpozon@agisa.es JAVIER solicita presupuesto sate y subvención.
Mónica envia presupuesto + estudio de costes y le comenta que Daniel puede ir a una junta de vecinos para explicar el proyecto.",,,,,MADRID\1APROVINCIA\MOSTOLES\bolivia10\FICHA DATOS TECNICOS.docx
burgos4,ok,,,,,,,,FAIN,OSCAR LOPEZ,Daniel,por defecto: sin etiqueta = Daniel,,,"18/01/2024 VISITADA FINCA, ASCENSOR CON DERRIBO DE ESCALERA",,,,,MADRID\1APROVINCIA\MOSTOLES\burgos4\FICHA DATOS TECNICOS.docx
burgos6,ok,H79539581,,,AGISA (pedidos docs 24-02-22),Pablo Simon Perez,916466838,pablo.simonperez@agisa.es,FAIN,OSCAR LOPEZ,Daniel,por defecto: sin etiqueta = Daniel,Estela Fernández/Elena Gamboa,7045603VK2674N,"Es para que contacteis con ellos y comenzar a tramitar la subvención de la instalación de ascensor.
El proyecto se hará dentro del presupuesto de Fain pero la subvención no.
Hablar con ellos para pedirle toda la documentación que necesiteis y le pasáis la factura que ya saben cuánto es . Como le comenté a Daniel. Tardaré un poco más en daros el visto bueno a la elaboración del proyecto, tengo que realizar el encaje de todos los precios y que me dé el visto bueno el comité de dirección.",,,,,MADRID\1APROVINCIA\MOSTOLES\burgos6\FICHA DATOS TECNICOS.docx
caminodehumanes27,ok,,,,,,,,,,Daniel,por defecto: sin etiqueta = Daniel,,,29/03/2022 pasado a enrique,,,,,MADRID\1APROVINCIA\MOSTOLES\caminodehumanes27\FICHA DATOS TECNICOS.docx
caminodeleganes5,ok,,,,,,,silviaplotnic@gmail.com,CDAD,SILVIA PLOTNIC,Daniel,por defecto: sin etiqueta = Daniel,,,01/03/2024 NOS DA EL CONTACTO JAVIER GONZALEZ DE SCHINDLER. ESTUVE CON SILVIA DANDOLES LA SOLUCION. MANDARLES PROPUESTA ECONOMICA A SILVIA Y SUBVENCIONES. CUANDO TENGAN LA JUNTA NOS AVISARÁN.,,,,,MADRID\1APROVINCIA\MOSTOLES\caminodeleganes5\FICHA DATOS TECNICOS.docx
caminodeleganes58,ok,,,,,,,,FAIN,OSCAR LOPEZ,Daniel,por defecto: sin etiqueta = Daniel,,,15/02/2023 REUNIÓN COMERCIAL. VA JOHN CON OSCAR.,,,,,MADRID\1APROVINCIA\MOSTOLES\caminodeleganes58\FICHA DATOS TECNICOS.docx
carcavilla1,ok,,,,GALICIA OLMEDO FINCAS Y SERVICIOS,Oscar lopez galicia / elena lopez olmedo,622403529  /  622287384,galiciaolmedo2@gmail.com,,,Daniel,etiqueta de la ficha,,,,,,03/07/2025 Dani: esto es de una comunidad que ha hecho un proyecto de Sate que le están tramitando la anexen National mal y quiere que nosotros le hagamos la tramitación de la N Generation y nos quedemos con las caes.,,MADRID\1APROVINCIA\MOSTOLES\carcavilla1\FICHA DATOS.docx
carcavilla7,ok,H79701926,,,ADMN. GOMEZ NIEVA,,,jjrevilla@gomeznieva.es,,IVAN CAMACHO REDONDO,Daniel,por defecto: sin etiqueta = Daniel,,,"Propiedad:	CP CARCAVILLA 7
CIF:		H79701926
Presidente:	Mariano  Fernández Plaza      619 14 74 37
DNI:		04102454 –J

Código postal:	  28933
Referencia catastral: 6346605VK2664N
Fachada: 21 m
PEM:	7404,35          residuos: 1000",,,,,MADRID\1APROVINCIA\MOSTOLES\carcavilla7\FICHA DE DATOS ACCESALIA.docx
castellon1,ok,H79906475,SEBASTIAN CUEVAS SÁNCHEZ,,ÁLVAREZ ASESORES HH CB,Luis Carlos Álvarez – Ana Rosa,91 664 02 03,alvarezasesores@alvarezasesores.es,CDAD,llanos escudero,Daniel,por defecto: sin etiqueta = Daniel,MARÍA TERESA BRAVO HUESO,6939101VK2663N,"17/04/2023 IR A ESCANEAR
[NOTAS PARA PROYECTISTAS]
Cubierta en muy mal estado. Varios vecinos de P04 han tenido goteras y les han aparecido otras nuevas. Adjunto foto en DATOS/ FOTOS / Fotos a tener en cuenta.
Zonas comunes en galería. Originalmente los pasillos de acceso a las viviendas eran galerías abiertas al exterior. Posteriormente se han cerrado con ventanas. Actualmente hay habitaciones de las viviendas que tienen ventana a esta galería. Adjunto foto en DATOS/ FOTOS / Fotos a tener en cuenta.
Ventanas ciegas. Planta en forma de H alargada. En las viviendas de los extremos de los brazos de la H hay una habitación que originalmente tenía 2 ventanas. Muchos vecinos han cegado una de ellas (generalmente la que da al patio interior). Adjunto foto en DATOS/ FOTOS / Fotos a tener en cuenta.
Filtraciones en viviendas. En P03.6 hay humedades muy importantes en muchas partes de la vivienda. Adjunto foto en DATOS/ FOTOS / Fotos a tener en cuenta.
16/04/2024 Comentado por mail con Mayte Bravo: se puede presentar el proyecto conjunto de accesibilidad y sate, pero pagar solamente las tasas de una de las dos cosas, haciendo referencia en la solicitud a que solo es de una cosa. Tanto Accesibilidad como SATE irían las dos por DR.
27/10/2025 justificante de registro de la DR con tasas pagadas en el ayto. Móstoles
5/11/2025 HE CSS ENVIADA
6/11/2025 HE CSS FIRMADA
17/03/2026 solicitud de estado de la licencia.
AYTO contesta que se lo pasa al departamento correspondiente para que nos de contestación.
09/07/2026 (Adriana) registro CFO en ayto",LUIS CARLOS ÁLVAREZ – ANA ROSA · - · EVA MARIA GOMEZ BEZON · 46894360M,,,,MADRID\1APROVINCIA\MOSTOLES\castellon1\FICHA DATOS TECNICOS.docx
castellon13,ok,,,,,,,,,PEDRO ARANDA   THYSSEN,Daniel,por defecto: sin etiqueta = Daniel,,,"Propiedad:
CIF:
Presidente:
DNI:

Código postal:
Referencia catastral:
Fachada:
PEM:	          residuos:",,,,,MADRID\1APROVINCIA\MOSTOLES\castellon13\FICHA DE DATOS ACCESALIA.docx
castellon15,ok,H78928322,,51954663D,ÁLVAREZ ASESORES,Luis Carlos Álvarez,91 664 02 03,LCALVAREZ@alvarezasesores.es alvarezasesores@alvarezasesores.es,,,Daniel,etiqueta de la ficha,,7038803VK2673N,,,,"DANIEL: no buscar ninguna contrata
Coste de obra aprox 268.042€ iva incluido
27/02/2026 HE ENVIADA  13-03-2026 se envía modificada
13-05-26 HE recibida firmada
14/09/2026 (Adriana) envío proyecto terminado a los interesados

**a la espera del ok***",,MADRID\1APROVINCIA\MOSTOLES\castellon15\FICHA DATOS.docx
castellon17,ok,H79815155,MARÍA BELÉN CARRILLO RODRIGUEZ,02227474Q,ALVAREZ ASESORES,,,ntomas@alvarezasesores.es,,Oscar López Fernández,Daniel,por defecto: sin etiqueta = Daniel,,,"Propiedad:	CDAD PROP CL CASTELLÓN 17 MÓSTOLES
CIF:		H79815155
Presidente:	MARÍA BELÉN CARRILLO RODRIGUEZ
DNI:		02227474Q

Código postal:	28937
Referencia catastral: 7038804VK2673N
Fachada:
PEM: 88.598,37	residuos:
SUPEFICIES 37,10
AMBITO ORDENACION
DISTRITO

Jefe de obra: maría ángeles perez
Pasa a Cristian rodriguez

Se hizo cfo por error de maría ángeles, era otra dirección
Habrá que dar nuevo cfo explicando al colegio que fue un error


TL/003799/2024 (FIN DE OBRA NUEVO)
TL/003803/2024",,,,,MADRID\1APROVINCIA\MOSTOLES\castellon17\FICHA DE DATOS ACCESALIA.docx
castellon19,ok,H79872826,,,(Admon),,,ntomas@alvarezasesores.es,4768850488950037077652984500ADMINISTRADOR DE FINCAS        SI           NO,Alberto De Paz Ahijado fain,Daniel,por defecto: sin etiqueta = Daniel,,,"Propiedad: CP CASTELLON 19
CIF: H79872826
Presidente:
DNI:

Código postal:	28937
Referencia catastral: 	7038805VK2673N
Fachada:   5.48m
PEM:	67.270,85€
residuos:
SUPEFICIES
Planta Baja: 5.50m2
Planta Tipo: 9.00m2 x4 Plantas = 36.00m2
TOTAL: 41.50m2
AMBITO ORDENACION
DISTRITO

Facturar 21/06/2019
1500€ presentación proyecto.
500€ concesión de licencia.
500€ al final de obra.


TECNICO MUNICIPAL: MAYTE   916647033.
Quiere garantizar la ventilación abriendo las ventanas del patio o LUZ CENITAL.

TL/012575/2019",,,,,MADRID\1APROVINCIA\MOSTOLES\castellon19\FICHA DE DATOS ACCESALIA.docx
cerroprieto7,sin ficha,,,,,,,,,,,,,,,,,,,
cuestadelavirgen6,ok,H79514170,DANIEL IERONIM OPRIS,X9162727X,AEA FINCAS,LAURA SORIANO,916457810,laurasoriano@aeafincas.es,fain,,Daniel,por defecto: sin etiqueta = Daniel,,6740504VK2664S,"31/08/23 OSCAR LOPEZ: Necesito que realicemos un 3D específico de esta comunidad, somos los únicos que le hemos dado una solución de montaje del ascensor. Claro, esto le genera la duda de cómo nosotros podemos y lo demás no.
16/10/2023 PRESENTADO EL 3D. LES HA GUSTADO. MANDAMOS HOJA DE ENCARGO A FAIN.
21/11/2023 Facturar a Fain y CSS aparte. Subvenciones.
10-01-2024 Subvención a la comunidad. Enviarles hoja de encargo. Aceptada, se cobra en 3 partes empezando el 1/03/24",,,,,MADRID\1APROVINCIA\MOSTOLES\cuestadelavirgen6\FICHA DATOS TECNICOS.docx
empecinado13,ok,,,,ALVAREZ ASESORES,Justi Astilleros Gil.,91-6640203,Justiastilleros@alvarezasesores.es,CDAD,JUSTI ASTILLEROS,Daniel,por defecto: sin etiqueta = Daniel,,,"El mar, 22 mar 2022 a las 17:12, JUSTI ASTILLEROS (<Justiastilleros@alvarezasesores.es>) escribió:


Por favor necesitaría ppto para un edificio con 3 escaleras, independientes, que quieren poner 3 ascensores y han decidido la contratación de un Arquitecto independiente, que realice un proyecto para la instalación de los tres ascensores, con la obra a realizar, sin escalera de caracol (evaluando también la estructura y estado del edificio) y ese proyecto se entregará a diferentes empresas para que sobre una misma base puedan dar un presupuesto.

29/03/2022 Jacinto, presidente, en hospital

30/03/2022 Se le ha pasado presupuesto de proyecto a administración

De Daniel:

Ya he estado esta mañana viendo los tres ascensores de Empecinado 13 y te confirmo que SI pueden hacerse, sin problemas.

El central sería un ascensor de puertas automáticas y 5 plazas y los dos laterales serían ascensores de puertas semiautomáticas y 5 plazas. En los tres ascensores caben sillas de ruedas, serían totalmente accesibles. En los tres casos, sería necesario un derribo de escalera para encajar la nueva escalera y el ascensor en los huecos resultantes.

Si lo necesitais, para que los vecinos se convenzan podemos haceros una presentación con un anteproyecto en 3D sin coste alguno, para que puedan visualizarlo antes de decidirse a contratarlo.

Tanto la presentación en 3D como la charla explicativa no tienen ningún coste.

En cuanto al coste de la elaboración de proyecto, te adjunto el presupuesto, para que tengáis el dato. Sería tanto el proyecto Básico (para solicitar presupuestos) como de Ejecución (para desarrollar la obra en sí).

Me vais diciendo si necesitáis que nos acerquemos a presentar la solución a los vecinos.
26/05/22
PARECE QUE HAN VOTADO EL ASCENSOR DEL MEDIO",,,,,MADRID\1APROVINCIA\MOSTOLES\empecinado13\FICHA DATOS TECNICOS.docx
empecinado17,ok,,,,ALVAREZ ASESORES,LUIS CARLOS ALVAREZ,,,,,Daniel,etiqueta de la ficha,,,,,,"02/02/2026 Nos envían a la atención de Mónica CEE y oferta de compraventa de CAEs por parte de Repsol. Indicamos que no podemos competir con ese precio. Además, por fecha de inicio de obra no puede entrar en compraventa de CAES.",,MADRID\1APROVINCIA\MOSTOLES\empecinado17\FICHA DATOS.docx
empecinado21,ok,,,,,,,,,PEDRO ARANDA   THYSSEN,Daniel,por defecto: sin etiqueta = Daniel,,,"Propiedad:
CIF:
Presidente:
DNI:

Código postal:
Referencia catastral:
Fachada:
PEM:	          residuos:",,,,,MADRID\1APROVINCIA\MOSTOLES\empecinado21\FICHA DE DATOS ACCESALIA.docx
empecinado3,ok,,,,,,,,4768850488950037077652984500ADMINISTRADOR DE FINCAS        SI           NO,,Daniel,por defecto: sin etiqueta = Daniel,,,"Propiedad:
CIF:
Presidente:
DNI:

Código postal:
Referencia catastral:
Fachada:
PEM:
residuos:
SUPEFICIES
AMBITO ORDENACION
DISTRITO",,,,,MADRID\1APROVINCIA\MOSTOLES\empecinado3\FICHA DE DATOS ACCESALIA.docx
empecinado6,ok,,,,,,,,FAIN,OSCAR LOPEZ,Daniel,por defecto: sin etiqueta = Daniel,,,,,,,,MADRID\1APROVINCIA\MOSTOLES\empecinado6\FICHA DATOS TECNICOS.docx
esparta5,ok,,,,ÁLVAREZ ASESORES,Luis Carlos Álvarez,91 664 02 03,LCALVAREZ@alvarezasesores.es alvarezasesores@alvarezasesores.es,,,Daniel,etiqueta de la ficha,,,,ASC · +SUBV,,"23/12/2025 HE ENVIADA
03-03-2026 se vuelve a visitar y se hace otra oferta .
Daniel : Instalación de plataforma elevadora vertical y resolución de accesibilidad
Se modifica el acceso al portal con la eliminación del escalón de entrada y se modifica la puerta del portal para adaptarse a apertura automática. .  Se coloca una nueva decoración del portal con estilo a elegir por la comunidad de propietarios.. se instala una plataforma vertical para minusválidos. Se realizan los refuerzos estructurales necesarios desde el techo de la planta de garajes en sótano. . Presupuesto de ejecución material. 40.000 € más IVA..
3-03-2026 HE CON VIABI ENVIADA
---------- Forwarded message ---------
De: Alejandra Pérez <aperez.accesalia@gmail.com>
Date: vie, 20 mar 2026 a las 13:39
Subject: Re: ESPARTA 7 MOSTOLES- HOJA DE ENCARGO PROYECTO
To: Luis Carlos Alvarez <LCALVAREZ@alvarezasesores.es>


Buenos días:
Adjunto las imagenes indicadas refente a la decoración del portal , si estas no se llevarsen a cabo el precio de obra aproximado sería de 28.000+iva aproximdamente . Adjuntamos también el informe modificado donde se ha inlcuido este comentario.
Aplica lo mismo para la CP Esparta 5 , adjunto informe en el hilo del correo correspondiente a esa comunidad
Reciba un cordial saludo,

Alejandra",,MADRID\1APROVINCIA\MOSTOLES\esparta5\FICHA DATOS.docx
esparta7,ok,,,,ÁLVAREZ ASESORES,Luis Carlos Álvarez,91 664 02 03,LCALVAREZ@alvarezasesores.es alvarezasesores@alvarezasesores.es,,,Daniel,etiqueta de la ficha,,,,ASC · +SUBV,,"23/12/2025 HE ENVIADA
03-03-2026 se vuelve a visitar y se hace otra oferta . ES IDENTICO A ESPARTA 5
Daniel : Instalación de plataforma elevadora vertical y resolución de accesibilidad
Se modifica el acceso al portal con la eliminación del escalón de entrada y se modifica la puerta del portal para adaptarse a apertura automática. .  Se coloca una nueva decoración del portal con estilo a elegir por la comunidad de propietarios.. se instala una plataforma vertical para minusválidos. Se realizan los refuerzos estructurales necesarios desde el techo de la planta de garajes en sótano. . Presupuesto de ejecución material. 40.000 € más IVA..
03-03-2026 HE con VIAB enviada igual a Esparta 5
---------- Forwarded message ---------
De: Alejandra Pérez <aperez.accesalia@gmail.com>
Date: vie, 20 mar 2026 a las 13:39
Subject: Re: ESPARTA 7 MOSTOLES- HOJA DE ENCARGO PROYECTO
To: Luis Carlos Alvarez <LCALVAREZ@alvarezasesores.es>


Buenos días:
Adjunto las imagenes indicadas refente a la decoración del portal , si estas no se llevarsen a cabo el precio de obra aproximado sería de 28.000+iva aproximdamente . Adjuntamos también el informe modificado donde se ha inlcuido este comentario.
Aplica lo mismo para la CP Esparta 5 , adjunto informe em el hilo del correo correspondiente a esa comunidad
Reciba un cordial saludo,

Alejandra

---------- Forwarded message ---------
De: LUIS CARLOS ÁLVAREZ <lcalvarez@alvarezasesores.es>
Date: lun, 27 abr 2026 a las 10:45
Subject: RAMPAS ESPARTA, 5 Y 7
To: Daniel Soto. Arquitecto Fain <danieldesotoarquitecto@gmail.com>, Oficina Accesalia <oficina.accesalia@gmail.com>, Alejandra Pérez <aperez.accesalia@gmail.com>
Buenos días, Daniel:

Referente a Esparta, 7 que estuviste en la reunión con los vecinos y conmigo, te adjunto el escrito que le mandamos nosotros desde el departamento de jurídico con el ofrecimiento que se le hace, y por otra parte lo que reclama ella a través de su abogado.

Te lo mando porque así quedamos.  Míralo y tienes que escribirla con copia a mí con la parte técnica, que zona invadimos, tiempos de ejecución y un plano, solicitando su conformidad y asi poder arrancar con el proyecto.

Dueña del local junto a su padre y más hermanos.  María Jesús.   SUSAVI2004@GMAIL.COM

Lo que tu le pases lo tiene que hablar con sus hermanos y ver si nos dan el ok.


Un abrazo.

C:\accesalia Dropbox\D SM\Ascensores y rehabilitaciones\MADRID\1APROVINCIA\MOSTOLES\esparta7\1.DATOS\2.DOCUMENTACION\ENVIADO POR ADMI PARA ENCARGO DE PROYECTO
DATOS DUEÑA DEL LOCAL DE LOS BAJOS  María Jesús Acon 669313508 SUSAVI2004@GMAIL.COM",,MADRID\1APROVINCIA\MOSTOLES\esparta7\FICHA DATOS.docx
españoleto5,ok,H78201993,ROSA MARIA MARTIN DEL BURGO,08938941Z,"Admón.Fincas A.Barrera, S.L (pedidos docs 10/03/23)","Alejandro (pedidas tasas y docs licencia el 08/05, 23/05)",916640532,adfinbarrera@cafmadrid.es,FAIN,OSCAR LOPEZ,Daniel,por defecto: sin etiqueta = Daniel,,6752701VK2665S,"10/03/2023 APROBADO.
29/03/2023 Cuando se haga este proyecto, el que lo vaya a hacer, tiene que llamar expresamente a Óscar López y preguntarle cómo quiere la solución. NO HACER NADA SIN HABERLO HABLADO!",,,,,MADRID\1APROVINCIA\MOSTOLES\españoleto5\plataforma\FICHA DATOS TECNICOS.docx
estocolmo6,ok,H79633772,,50425929Q,ALVAREZ ASESORES,LUIS CARLOS ALVAREZ,916 64 02 03,lcalvarez@alvarezasesores.es; alvarezasesores@alvarezasesores.es,,,Daniel,etiqueta de la ficha,,7237303VK2673N,,,,"25/05/2026 LuisCar pide HE para cubierta, fachada y subvenciones.
27/05/2026 HE FIRMADA
SATE
1. OBJETO DEL ESTUDIO
El presente documento tiene por objeto la mejora de la eficiencia energética del
edificio mediante la rehabilitación de su envolvente térmica y la renovación de la
cubierta.
La intervención propuesta permitirá reducir el consumo energético del
edificio, mejorar el confort térmico de las viviendas y aumentar la durabilidad del
inmueble, además de posibilitar la obtención de ayudas y subvenciones para la
rehabilitación.
2. DESCRIPCIÓN DE LOS TRABAJOS PROPUESTOS
MEJORA DE LA ENVOLVENTE TÉRMICA
Se prevé la mejora del aislamiento térmico de la fachada mediante la instalación de
un Sistema de Aislamiento Térmico por el Exterior (SATE), que proporcionará los
siguientes beneficios:
• Reducción de la demanda energética de calefacción y refrigeración.
• Eliminación de puentes térmicos y condensaciones intersticiales.
• Mejora estética del edificio con un acabado moderno y duradero.
Actuaciones previstas:
1. Preparación de la fachada: Revisión y saneado de elementos deteriorados.
2. Colocación del sistema SATE o equivalente: Aplicación de placas de aislamiento
térmico de EPS Grafito de 10 cm de espesor (o equivalente) fijadas con adhesivo y
anclajes mecánicos.

09/07/2026 ALEX: Desconozco si este proyecto contempla también cubierta, en caso de que haya que intervenir en la cubierta, tomar en cuenta que debajo de la impermeabilización toda la cubierta son láminas de fibrocemento, mirar fotos.
11/09/2026 (Adriana) envio proyecto terminado a los interesados
**pdt ok al proyecto***",,MADRID\1APROVINCIA\MOSTOLES\estocolmo6\FICHA DATOS.docx
ginebra2,ok,,,,,,,,CDAD,NACHO TOMAS ALVAREZ ASESORES,Daniel,por defecto: sin etiqueta = Daniel,,,02/11/2023 ENVIADO PRESUP PROGRAMA 5. adelanto,,,,,MADRID\1APROVINCIA\MOSTOLES\ginebra2\FICHA DATOS TECNICOS.docx
guadalajara4,ok,,,,,,,,FAIN,OSCAR LOPEZ,Daniel,por defecto: sin etiqueta = Daniel,,,"16/06/2022 LES HICE EN LA GESTORÍA UNA DEMO EN 3D, LA GESTORIA ES DE LUIS CARLOS ALVAREZ, CALLE ESPARTA 1, MOSTOLES",,,,,MADRID\1APROVINCIA\MOSTOLES\guadalajara4\FICHA DATOS TECNICOS.docx
guadalajara6,ok,,,,ALVAREZ ASESORES,RUBEN ASPERILLA,91.664.02.03,ruben.asperilla@alvarezasesores.es,,,Daniel,por defecto: sin etiqueta = Daniel,,,,,,"09/04/2025 piden presup para hacer pry de accesibilidad: escalón antes de entrar al portal, posteriormente una serie de escalones para llegar a la planta baja y por su puesto escaleras que comunican las cuatro plantas siguientes. Irá a verlo JL.
Quieren: proyecto de rampa o elevador de corto recorrido en el portal y ascensor en el núcleo de escaleras.

29/04/2025 Enviado informe de viabilidad y he+ subv
06-06-2025 contacta a daniel Gerardo Estrada vecino y le renviamos a él y al adm las HE que fueron enviadas en su día
GERARDO VECINO 677577037   estrada@atura.es

08/07/2025
estrada@atura.es

11:09 (hace 13 minutos)







Traducir al español
Buenos días
Te comunicamos que finalmente la comunidad no ha elegido vuestro presupuesto.
Gracias",,MADRID\1APROVINCIA\MOSTOLES\guadalajara6\FICHA DATOS.docx
guadalupe3,ok,,,,AGISA,JAVIER SANZ POZON,916466838,javier.sanzpozon@agisa.es,CDAD,,Daniel,por defecto: sin etiqueta = Daniel,,,26/06/2023	 Proyecto ya realizado por otros arquitectos. No cumple requisitos para next generation.,,,,,MADRID\1APROVINCIA\MOSTOLES\guadalupe3\FICHA DATOS TECNICOS.docx
guadalupe6,ok,,,,,,,,FAIN,OSCAR LOPEZ,Daniel,por defecto: sin etiqueta = Daniel,,,01/03/23 REUNION CON CLIENTE. PRESENTAR 3D.,,,,,MADRID\1APROVINCIA\MOSTOLES\guadalupe6\FICHA DATOS TECNICOS.docx
helsinki7,ok,H79752622,SERGIO GONZALEZ GARCÍA,46846328C,Álvarez Asesores (pedidos docs cp y para iee 06/09),Mª Ángeles González de la Vega,91 664 02 03 / 636 096 143 Angelines,mgvega@alvarezasesores.es,CDAD,ALVAREZ ASESORES,Daniel,por defecto: sin etiqueta = Daniel,,7434104VK2673S,"También el presupuesto de Caretal Sarpey, s.l. (Fachada) y cubierta.
La cubierta van a hacer el presupuesto de cubierta plana en losa filtrón. (Importe total: 32.835,75€).
Escanear y visita para iee el 08/09
07/09/2023 DE LA ADMINSITRADORA:
IEE: No tienen informe
Calefacción Central: Hasta Mayo 2023 tenían carbón,  pero a partir de Noviembre de 2023 será el sistema de energía con red de calor .

es un sistema de distribucion de energia centralizado. se envia agua a 90 grados desde una central termica al edificio (la caldera esta fuera). lo que hay que saber es el combustible de esa caldera.
11/09/2023 ojo, el agua caliente se la han conectado el día 1 de septiembre. Crear toda la documentación con fecha de agosto, para que entre como que estaba la caldera de carbón!
28/09/2026 (Adriana) P/O de subv., registro CFO en AYTO",SARA DÍAZ (7º2) · MARIA PILAR PEREZ SANZ · (6º 3) · 01486619Z · pilarperez1953@hotmail.com · ; 630 11 31 90,,,,MADRID\1APROVINCIA\MOSTOLES\helsinki7\FICHA DATOS TECNICOS.docx
huesca1,sin ficha,,,,,,,,,,,,,,,,,,,
isaacperal5,ok,H79575627,,08941365T,ÁLVAREZ ASESORES,Luis Carlos Álvarez,91 664 02 03 / 661810916,LCALVAREZ@alvarezasesores.es alvarezasesores@alvarezasesores.es,,,Daniel,etiqueta de la ficha,,7139402VK2673N,,,,"DANIEL: no buscar ninguna contrata
Coste de obra aprox 204.692€ iva incluido
27/02/2026 HE ENVIADA -se volvió a enviar modificada
17/03-2026 HE recibida firmada
22/07/2026 (Adriana) se envia proyecto terminado a todos los interesados
27/08/2026 (Adriana) vuelvo a enviar proyecto terminado. Pdt ok al proyecto
16/09/2026 (Adriana) envío proyecto con las correcciones solicitadas a los interesads.
A la espera de que nos informen para empezar con las tramitaciones de licencia",,MADRID\1APROVINCIA\MOSTOLES\isaacperal5\FICHA DATOS.docx
javiersauquillo7,ok,,,,,,,,,,Carlos,etiqueta de la ficha,,,,,,17/11/2025 NO CREAR 3D,,MADRID\1APROVINCIA\MOSTOLES\javiersauquillo7\FICHA DATOS.docx
juandeocaña37,ok,H79681193,Emilio Muñoz Fernández,50044088K,,,,,,ALBERTO FAIN,Daniel,por defecto: sin etiqueta = Daniel,,,"Propiedad: CP JUAN DE OCAÑA 37
CIF:	H79681193
Presidente: Emilio Muñoz Fernández
DNI: 50044088K

Código postal:	28931
Referencia catastral: 6142504VK2664S
Fachada: 17
PEM: 10.000	residuos: 300
SUPEFICIES 3m2


2400 incluida la coordinación
ES50 2038 2985 4960 0006 6521
Hueco mínimo para la instalación plataforma 1390x1120mm",,,,,MADRID\1APROVINCIA\MOSTOLES\juandeocaña37\FICHA DE DATOS ACCESALIA.docx
juanramonjimenez7,ok,,,,AGISA,PABLO,91 646 68 38,pablo.simonperez@agisa.es,CDAD,PABLO DE AGISA,Daniel,por defecto: sin etiqueta = Daniel,,,"En septiembre de 2022 se les manda un presup de sate con porcentaje variable del pem y una parte fija, y aparte precio para la next gen. En octubre 2023 quieren retomar el tema, pero les decimos que hemos actualizado los precios. Para el programa 5 tiene que ir con un formato concreto.

20/10/2023 se le envía presupuesto actualizado con programa 5 (correo de Ana)",,,,,MADRID\1APROVINCIA\MOSTOLES\juanramonjimenez7\FICHA DATOS TECNICOS.docx
julioromero1,sin ficha,,,,,,,,,,,,,,,,,,,
lacoruña2,ok,,,,ADMINISTRA II,Barbara,910125998 917957303 656375863,info@administrados.es,,,Daniel,etiqueta de la ficha,,,,,,"---------- Forwarded message ---------
De: rosa radal sese <rosersese@hotmail.com>
Date: lun, 11 may 2026 a las 18:44
Subject: CP. LA CORUÑA 2 MADRID RESLIZACION PROYECTO INSTALACION DE ASCENSOR
To: Oficina Accesalia <oficina.accesalia@gmail.com>, Maria Alexandra Oliveira <aoliveira.accesalia@gmail.com>


Buenas tardes,

Adjunto, presupuesto aceptado firmado.
Adjunto, CIF Coruña 2
Adjunto, autorización firmada.

Realización proyecto-licencia.


Saludos cordiales,

14-05-26 HE ENVIADA – recibida firmada , nos dan datos de admi para ofrecer subvenciones


La administradora se llama Barbara.
Adjunto, los datos de la administracion.


MÓSTOLES                                     FUENLABRADA

Calle Villaamil 46 local A                   Calle Villaamil 46 local A
28934                                        28934
Tlf:910125998                                Tlf:917957303
Móvil:656375863                              Móvil:658457628

info@administrados.es  www.administrados.es

01/09/2026 (Adriana) envío proyecto terminado a los interesados. A la espera de que den ok al proyecto para tramitar la licencia de obra",14-05-26 HE SUBV ENVIADA A MONICA PARA OK  20-05-26 ENVIADA,MADRID\1APROVINCIA\MOSTOLES\lacoruña2\FICHA DATOS.docx
lapaz24,ok,,,,,,,,,PEDRO ARANDA  THYSSEN,Daniel,por defecto: sin etiqueta = Daniel,,,"Propiedad:
CIF:
Presidente:
DNI:

Código postal:
Referencia catastral:
Fachada:
PEM:	          residuos:",,,,,MADRID\1APROVINCIA\MOSTOLES\lapaz24\FICHA DE DATOS ACCESALIA.docx
laspalmas43,ok,H78788874,PAULINO ARTEAGA MARTINEZ,06198761P,Reme Vergara Departamento Gestión de Fincas www.administracionrivera.es,Francisca,919 127 722,info@administracionrivera.es,,,Daniel,etiqueta de la ficha,,6635701VK2663N,,SATE · subv,,"24-06-2025 HE ENVIADAS
30/1/2025 No quieren SATE
Si quieren accesibilidad y arreglo de cubierta. Decidirán más tarde quien les hace todo
09/1/2026  HE ENVIADA SIN PRECIO TAL Y COMO SE ME INDICÓ.ALEJANDRA
06-03-2026 se vuelve a enviar HE con precio indicado por Daniel y pactado con OSCAR LOPEZ
26-03-2026 HE recibida firmada
---------- Forwarded message ---------
De: Oscar Lopez Fernandez <oscar.lopez@fainascensores.com>
Date: mié, 25 mar 2026 a las 12:16
Subject: Fwd: [External] Re: [External] Re: [External] LAS PALMAS 43 MOSTOLES-HOJA DE ENCARGO PROYECTO
To: Alejandra Pérez Galano <aperez.accesalia@gmail.com>, daniel de soto <danieldesotoarquitecto@gmail.com>, Cristian Peñalver García <cristian.penalver@fainascensores.com>


Hola Alejandra,

Confirmamos la autorización para proceder con el proyecto de accesibilidad en la calle Las Palmas, 43. El trabajo consiste en la realización de una rampa exterior con barandilla de protección e incluirá la instalación del salvaescaleras detallado en el archivo adjunto.

Adjunto el presupuesto aceptado, cuyo pago será asumido por FAIN Ascensores. Les ruego tramitar la declaración responsable con la mayor urgencia posible.

A efectos de gestión, les facilito los datos de la administración de fincas:

Reme Vergara
Departamento Gestión de Fincas
Plaza del Sol 30, oficina 66, 5ª planta
28938 Móstoles
919 127 722
www.administracionrivera.es

Pongo en copia a Cristian Peñalver, supervisor del proyecto, para su información.

Por último, les pido especial cautela en la comunicación con Francisca (la administradora). Debido a que el proceso de recopilación de presupuestos se ha demorado considerablemente, preferimos ser discretos y no facilitar detalles adicionales sobre los tiempos de gestión.

Quedo a la espera de sus noticias.

Un saludo,


29/05/2026 (Adriana) envio proyecto a Oscar lopez (fain) y al administrador
29/05/2026 oscar lopez (fain) indica que pase a visar proyecto
01/06/2026 solicito las tasas en la sede electrónica

El ayto envía las tasas, se las reenvio a Oscar Lopez (fain)
12/06/2026 envio proyecto visado. A la espera de que me envíen los justificantes de pago para poder registrar la licencia
23/06/2026 envian tasas pagadas
26/06/2026 registro la DR e informo a todos los interesados
Pdt confirmen fecha inicio de obra",,MADRID\1APROVINCIA\MOSTOLES\laspalmas43\FICHA DATOS.docx
malasaña4,ok,,,,,,,,,PEDRO ARANDA  THYSSEN,Daniel,por defecto: sin etiqueta = Daniel,,,"Propiedad:
CIF:
Presidente:
DNI:

Código postal:
Referencia catastral:
Fachada:
PEM:	          residuos:",,,,,MADRID\1APROVINCIA\MOSTOLES\malasaña4\FICHA DE DATOS ACCESALIA.docx
maldonado4,ok,H79985479,,50722405E,"INMHO GESTION DE LA PROPIEDAD, SLU",IVAN SANCHEZ ya no trabaja en inmho 11-06-2025) Luis,916140554 - 916852043,mostoles@inmho.es; faviola.marinez@inmho.es (Faviola Mariñez) Están en fase de integración los de Sánchez con Inmho (octubre 2024) Pedidas actas Escribir a Inmho!,CDAD,JAVIER VELASCO (COMERCIAL) TOMAS MORELL (TÉCNICO),Daniel,por defecto: sin etiqueta = Daniel,,6038302VK2663N,"12/12/2023 Se envía presupuesto con hojas de encargos tanto si la paga Elecnor como si la paga la comunidad. Incluye programa 5.

20/12/2023 Importante destacar que es una actuación sólo de fachadas (respetando las características técnicas de los materiales que hemos puesto). La cubierta no se va a ejecutar, el objetivo es el 40% de subvención, aunque mantenemos el sate grafito ya que así nos lo han pedido.

IMPORTANTE que contemplemos el cambio de bajantes de uralita en la IEE para que pueda optar a subvención tendremos que firmar un ANEXO a nuestra oferta cuando tengamos el presupuesto actualizado. En el correo está en copia @TOMAS MORELL LLORENTE que es el técnico de la oferta para cualquier duda que os surja.
20/12/2023 Solo fachada
11-01-2024 RECIBIDA DOCUMENTACION
11/03/2024 SE PRESENTAN A SUBVENCION CON COMPROMISO
20/03/2024 Se presenta documentación faltante en registro de Móstoles (DNI presidente, Acta de propietarios y archivo .IEE, comprimidos en archivo RAR)
03-09-2024 ME DICE LA ADMIN DE INMO QUE PAGARAN LAS TASAS CUANDO LES CONCEDAN EL PRESTAMO POR INDICACION DEL PRESIDENTE DE LA COMUNIDAD.","SANCHEZ ADMINISTRADOR DE FINCAS, S. L · Avda. Dos de Mayo. 66, 2º 2. 28934 Móstoles · Barbara Tornero · ( · comunidades@sanchezadministrador.com · ; · avisos@sanchezadministrador.com · barbara.tornero@inmho.es",,,,MADRID\1APROVINCIA\MOSTOLES\maldonado4\FICHA DATOS TECNICOS.docx
mariblanca12,ok,H79643953,ISABEL PERAL ANORIA,25300065L,,,,,,Oscar Lopez Fain,Daniel,por defecto: sin etiqueta = Daniel,,,"Propiedad:	CDAD DE PROP CL MARIBLANCA 12 MOSTOLES
CIF:		H79643953
Presidente:	ISABEL PERAL ANORIA
DNI:		25300065L

Código postal:	28937
Referencia catastral: 6940303VK2664S
Fachada:
PEM:	87443,98€
residuos:




SUPERFICIES A INTERVENIR.

PLANTA BAJA 14,13m²
PLANTA 1ª 8,66m²
PLANTA 2ª 8,66m²
PLANTA 3ª 8,66m²
PLANTA 4ª 8,66m²
SUPERFICIES  CONTRUIDAS.	48,77 m2",,,,,MADRID\1APROVINCIA\MOSTOLES\mariblanca12\FICHA DE DATOS ACCESALIA.docx
mariblanca8,ok,,,,ÁLVAREZ ASESORES,Luis Carlos Álvarez,91 664 02 03,LCALVAREZ@alvarezasesores.es alvarezasesores@alvarezasesores.es,,,Daniel,etiqueta de la ficha,,,,,,"DANIEL : Derribo completo de escalera y modificación de contadores de luz a armario homologado. Instalación de plataforma elevadora inclinada para acceder a la parte alta de la planta baja. Presupuesto de ejecución material 228.000 € más IVA
03-03-2026 HE ENVIADA CON VIABI
1-10-26 FAIN nos pregunta   Tener a Fain en cuenta como FAVORITO cuando esto salga",,MADRID\1APROVINCIA\MOSTOLES\mariblanca8\FICHA DATOS.docx
mercedes3,ok,,,,,,,judith3194@hotmail.com,CDAD,OSCAR LOPEZ FAIN > PRESIDENTA,Daniel,por defecto: sin etiqueta = Daniel,,,"21/07/2023
MANDARV OFERTA DE PROYECTO ASCENSOR Y SATE Y NEXT. JUDIT PRESIDENTA 669975813
25/07/2023 preparada hoja de encargo ascensor y sate
16/08/2023 reenviada hojas de encargo y confirmado por tlf que lo recibe (ANA)",,,,,MADRID\1APROVINCIA\MOSTOLES\mercedes3\FICHA DATOS TECNICOS.docx
montevideo2,ok,H79254017,ERNESTO GARCIA MARTIN,07531747Y,ALVAREZ ASESORES (pedidos docs 05/05/23),con Llanos,91 664 02 03,alvarezasesores@alvarezasesores.es,CDAD,LUIS CARLOS ÁLVAREZ-ANA ROSA,Daniel,por defecto: sin etiqueta = Daniel,,7236301VK2673N,"20/04/2023 contrataron con una constructora, para hacer la obra del SATE, el Proyecto lo hacían ellos (archivo adjunto), al final no van a hacer la obra, ya que la empresa está con problemas y está abandonando las obras que tiene empezadas.

Ojo, en DATOS / recibido de la comunidad hay un plano en dwg y un proyecto básico. Ver si sirve!!
27/04/2023 De Justi Astilleros:

-1270190500Esta Comunidad es un edificio muy curioso

Resulta que el portal está en el centro y las viviendas (4 letras) tenían un soportal, que comunica varios edificios y los utilizan de parking, en el techo de ese parking (""suelo"" de la Comunidad) van las tuberías de la Calefacción, la calefacción es de una mancomunidad que es la que se encarga de sus arreglos y mantenimiento, lo digo por si hay que poner sate, habrá que plantearse qué hacemos con las tuberías.
La Comunidad está interesada en hacer la obra con la mayor subvención posible, pero quiere valorar si tendrían opción a la subvención si solo hacen la fachada?, y si hicieran la cubierta cuánta más subvención tendrían? y los soportales?

Por otro lado, esta es la comunidad es a la que una empresa dejó colgada, supuestamente les hicieron el ""Proyecto"", archivo adjunto, ya me dijo Daniel que no cumplía con los mínimos que faltaban; planos, mediciones..., y me iba a hacer un pequeño informe Daniel para poder hacerles la reclamación con la asesoría jurídica del seguro, por favor no lo olvideis. Gracias
De: Gerencia Accesalia <gerencia.accesalia@gmail.com>
Enviado: jueves, 13 de junio de 2024 12:22
Para: LLANOS MARTIN <LLANOS.MARTIN@alvarezasesores.es>
Asunto: Re: ATT: DANIEL SOTO-FACHADA DESPRENDIDA C.P. MONTEVIDEO,2

Buenos dias,

Dani se pasa ahora mismo a verlo, hacer fotos y hacer el informe.
¿Quien es la empresa constructora?, para coordinarnos con ellos

El jue, 13 jun 2024 a las 12:06, LLANOS MARTIN (<LLANOS.MARTIN@alvarezasesores.es>) escribió:
Buenos días Daniel, según conversación telefónica comunicarte que se han desprendido ladrillos de la fachada, a la altura entre el 6º y 7º piso. Fueron los bomberos y la policía y acordonaron la zona. Me comunica el encargado de la empresa que van a realizar la fachada, que querían poner alguna malla protectora, pero se han encontrado al técnico del Ayuntamiento y les indica que hablen con el arquitecto de la obra y certifique e indique los trabajos a realizar.

Gracias y saludos.

Llanos Martín.
Dpto. Administración de Fincas

Alvarez Asesores HH CB.
www. alvarezasesores.es
15/09/2025 Alejandra : He hablado con Llanos y me confirma que la obra la harán con quien tienen firmado  Caretal Sarpey, nos enviaran en octubre cuando hagan la junta la actualización de presupuesto
24/11/2025 solicitud de carta de pago a GMUREGISTRO@MOSTOLES.ES
26/11/2025 envio formulario y cartas de pago de la DR e ICIO al administrador
01/12/2025 registro dr en ayto, envio justificante a todos los interesados
29/05/2026 gestiono CFO
24/06/2026 se pasa a visar cfo
06/07/2026 se registra cfo en ayto",LUIS CARLOS ÁLVAREZ – ANA ROSA,,,,MADRID\1APROVINCIA\MOSTOLES\montevideo2\FICHA DATOS TECNICOS.docx
montevideo3,ok,,,,ALVAREZ ASESORES,ANGELINES,,,CDAD PROP,ANGELES DE ALVAREZ ASESORES,Daniel,por defecto: sin etiqueta = Daniel,,,22/03/2024 SE ENVIA HOJA DE ENCARGO,,,,,MADRID\1APROVINCIA\MOSTOLES\montevideo3\FICHA DATOS TECNICOS.docx
niza2,ok,H79026068,MARIA ANGELES BLANCO NIETO,08032508B,Administración Alvarez asesores,Luis Carlos Alvarez,91 664 02 03,LCALVAREZ@ALVAREZASESORES.ES; alvarezasesores@alvarezasesores.es,FAIN,OSCAR LOPEZ,Daniel,por defecto: sin etiqueta = Daniel,,7845501VK2674N0001GT,,,,,,MADRID\1APROVINCIA\MOSTOLES\niza2\FICHA SALVAESCALERAS NIZA 2 MOSTOLES.docx
oviedo9,ok,H78496684,Javier Martín Jimeno,08942977W,"Pedidos docs cp 21/12/22, 04/01/2023",Luis Carlos Álvarez,661810916,LUIS CARLOS ÁLVAREZ <lcalvarez@alvarezasesores.es>,FAIN,OSCAR LOPEZ,Daniel,por defecto: sin etiqueta = Daniel,,5940101VK2654S,"28/11/22 NURIA VECINA 678 01 74 99 NOS QUIERE CONTRATAR PARA SUBVENCION, EL PROYCTO ESTA VEZ VA A TRAVES DE FAIN, NO LO QUIEREN SACAR. Ver precios acordados con Oscar. FIRMAN CONTRATO CON FAIN EL MIERCOLES 30 NOV
21/12/22 proyecto de la instalación de una plataforma elevadora y la tramitación de la subvención.

Tener en cuenta que hay que hay que realizar una pequeña rampa exterior para entrar al portal, lleva caídas a ambos lados para dar continuidad a la acera. Es un terreno que pertenece al portal y el ayuntamiento no nos va a poner trabas.

La subvención se la cobran directamente a la comunidad y el proyecto a Fain.

Os dejo el catálogo de características del equipo que se va a instalar.
Hablar con Oscar de que la plataforma que proponen no cumple dimensiones mínimas que son 70x90 (A X F) Además para hacer cumplimiento del CTE DB SUA es necesario demoler escalera para bajarla a cota +0.08 y añadir un escalón en planta baja.",PERSONA DE CONTACTO · Mª Angeles Montes · TELEFONO · 678260120 · 615038170 whatsapp · E-MAIL · asesoresam@hotmail.com,"16/02/23 Ojo, han llamado a Dani para contar que desde el estudio hemos dicho que la administradora no mandaba los papeles, y la han echado.

Escribir siempre con copia a NURIA, que se ocupa de movilizar todo.",,,MADRID\1APROVINCIA\MOSTOLES\oviedo9\FICHA DATOS TECNICOS.docx
padilla4,ok,H79145702,MARCOS ANTONIO JIMENEZ SANCHEZ,08944904C,,JAVIER Pilar Cabrera,"916 14 08 65 (9.30 a 13 y de 17 a 19 de L a J, de 9 a 15 V)",patricia.martin@jpadministradores.es   PATRICIA Ha dejado Mª Angeles muchas comunidades. Llamar al mismo sitio y preguntar por Javier? (indicado por Oscar López el 01/10/2024),,,Daniel,por defecto: sin etiqueta = Daniel,,6038503VK2663N,"17/01/23 PRECIO ANTIGUO. SE COBRA A TRAVES DE FAIN, NO COMUNIDAD

24/07/2025 Me comenta José Luis que el PSS es de Aszende, no de FAIN, que es el cliente. Se localizan los correos en Oficina donde Aszende le indica a Sofía que el acta de aprobación del PSS ponía FAIN y que lo corrigiese. No sabíamos nada.
Hablado con Oscar López me indica que han debido de irse a otra contrata.
Agendar a Daniel que llame a Aszende para cobrarles la DF y la CSS.
24/07/2025SAMIRA Ingeniera q lleva la obra 696218155 VA A MIRAR PARA HACER NOSOTROS LA HE,ELLA NOS LLAMA
---------- Forwarded message ---------
De: David Pola Pedregal <dpola@aszende.com>
Date: mar, 29 jul 2025 a las 10:52
Subject: Dirección de Obra y de CSS Padilla 4 Móstoles
To: danieldesotoarquitecto@gmail.com <danieldesotoarquitecto@gmail.com>
Cc: Pau Gómez Tejada <pgomez@aszende.com>


Buenos días Daniel.

Te escribo con relación a la coordinación de seguridad y salud de la obra de Padilla 4.

Nosotros tenemos contratada con la comunidad solamente la ejecución de los trabajos y la instalación del ascensor.

La realización del proyecto, gestión de subvenciones si corresponde, coordinación de la obra y demás gestiones debería tenerlo la comunidad contratado directamente con vosotros.

Remítele por favor la factura a la comunidad para que procedan a su abono.

Si necesitas cualquier cosa por mi parte coméntamelo.

Muchas gracias, un saludo!
David Pola Pedregal
Responsable de Instalaciones
M: 636 712 034 | T: 900 224 365
31/07/2025 se le envía HE a la comunidad con DF+ CSS. 09/09/2025 no hemos recibido respuesta , se les vuelve a preguntar
14/09/2026 (Adriana) paso a visar CFO
25/09/26 HE DF Y CSS firmada",FAIN · OSCAR LOPEZ · Mª · Angeles · Montes Piñero. · asesoresamlaura@hotmail.com · ; · asesoresampilar@hotmail.com · asesoresam@hotmail.com · (aquí hacen poco caso); · pcabrera@jdadmon.com · vsantamaria@jdadmon.com,,,,MADRID\1APROVINCIA\MOSTOLES\padilla4\FICHA DATOS TECNICOS.docx
padilla8,ok,H79807129,MARIA ELENA SERRASILLA ROMERO/ LUIS (vicepresidente),76111220B,AEA Fincas MOSTOLES,ESTELA ALGABA RODRÍGUEZ,91 645 78 10,e.algaba@aeafincas.es,FAIN,David Cámara,Daniel,por defecto: sin etiqueta = Daniel,,6038501VK2663N,"27/07/2023 ascensor. Subvención con la comunidad. Enviada hoja de encargo y recibida firmada (para siguiente tanda).
Foso Mínimo 300mm fondo confirmado por Javier cuenca vía llamada telefónica el 4/10/2024 a las 14:20
INSTRUCCIONES DE DANIEL: 07/10/2024
Modificar vigas IPN 100 larga (3,94 m) a IPN 140 para resolver errata
cambiar IPN 140 corta (1,36 m) por IPN 120 para que quepa el foso y no descender por debajo de 2,2 de altura libre
y dejar el resto igual.
El Revit con la modificación de enero del 2025 es para realizar el plano para los vecinos de lo que desciende el foso.

NOTA IMPORTANTE: se actualizo el archivo de Revit de versión 2023 a 2024, si se reimprime algún plano comprobar que no cambio nada en el plano por la actualización del modelo
24/01/2025 Plano para vecinos del foso reducido: para mostrar que la plaza de garaje afectada no pierde valor ni ve disminuido su gálibo. Se acota que el descenso es inferior a lo que desciende la propia viga que rodea la plaza en lugar de acotar la altura libre, porque la altura libre bajo la viga preexistente no cumple la mínima

15/04/2025 administradora me envía burofax para justificar ante el ayto la solicitud de aplazamiento de comienzo de las obras que vence el año desde concesión de licencia en agosto, presento solicitud de aplazamiento en el ayto aportando burofax y envió justificante de registro a admin y Oscar López fain. Sofia


23-04-2025 De: Oscar Lopez Fernandez <oscar.lopez@fainascensores.com>
Date: mar, 22 abr 2025 a las 19:43
Subject: Re: [External] RE: PADILLA 8 MOSTOLES; Documento necesario Para Realización de foso reducido.
To: Estela Algaba <e.algaba@aeafincas.es>
Cc: Ana Santamarta <asantamarta.accesalia@gmail.com>, Victor Esquinas Barbacil <victor.esquinas@fainascensores.com>, David Camara Cozar <david.camara@fainascensores.com>

Estela buenas tardes.

Hemos tenido una reestructuración de departamentos este mes para intentar mejorar nuestro sistema de trabajo. Desde principio del mes de abril el comercial destinado para el seguimiento y contratación de obras en fincas donde no hay ascensor es David Cámara y vuestro jefe de obra asignado para esta instalación es Víctor Esquinas.
Os pongo en contacto para que podáis organizar el lanzamiento y si hay que tratar algún presupuesto adicional antes del comienzo de obra.
Ellos se encargarán de resolver vuestras dudas e inquietudes.",,,,,MADRID\1APROVINCIA\MOSTOLES\padilla8\FICHA DATOS TECNICOS.docx
parqueamerica4,ok,,,,,,,,,PEDRO ARANDA,Daniel,por defecto: sin etiqueta = Daniel,,,"Propiedad:
CIF:
Presidente:
DNI:

Código postal:
Referencia catastral:
Fachada:
PEM:	          residuos:


Buenas tardes Daniel,

Me llama un administrador de fincas de Móstoles. Estuve viendo esta obra pero era de las que te comenté que debíamos ir a verla. Necesita el presupuesto ya, tienen junta el lunes que viene.

Puedes pasarte mañana a verlo?

Hay que modificar contadores y trazado de escalera: CALLE PARQUE AMERICA 4 MÓSTOLES

Dime algo, te estoy llamando

Saludos cordiales",,,,,MADRID\1APROVINCIA\MOSTOLES\parqueamerica4\FICHA DE DATOS ACCESALIA.docx
pintorvelazquez65,ok,H80035843,IÑIGO RODRIGUEZ BARRADO,08947194X,ÁLVAREZ ASESORES (pedidos docs 31/01/23),LUIS CARLOS ÁLVAREZ-ANA ROSA - LLANOS,91 664 02 03,alvarezasesores@alvarezasesores.es; LLANOS.MARTIN@alvarezasesores.es,CDAD,LUIS CARLOS ÁLVAREZ-ANA ROSA,Daniel,por defecto: sin etiqueta = Daniel,,5240701VK2654S,"02/12/2022 JUSTI PIDE PRESUPUESTO NUESTRO PARA SATE EN ESTA CDAD. DE PASO LE COMENTO LO DE IBERDROLA, LO VA A MIRAR. ESTA COMUNIDAD SE REUNIRA A FINALES DE ENERO
12/01/2023 MANDA HOJA DE ENCARGO FIRMADA. EL SATE DE 8 LES PARECE POCO
[NOTAS PARA PROYECTISTAS]
Juntas de dilatación con número 67 presentan daños. Necesario contemplar reparación en presupuesto. Firmado ppto para el arreglo de la Junta de la letra A dell 67.
[NOTAS PARA ANA]
Me comunica la Administradora que hay vecinos que se oponen mucho a la reparación de las fachadas y han tenido grescas serias con ella (intentaron cambiar de Administrador)
30-05-2025 POR INDICACION DE DANIEL EL CSS SE HARÁ GRATIS. Sofia
24/06/2026 se pasa a visar CFO
06/07/2026 se registra cfo en el ayto",,,,,MADRID\1APROVINCIA\MOSTOLES\pintorvelazquez65\FICHA DATOS TECNICOS V2.docx
pintorvelazquez75,ok,,,,ALVARES ASESORES,JAVIER DEL CASTILLO  o Luis Carlos,91.664.02.03,JAVIER.DELCASTILLO@alvarezasesores.es  lcalvarez@alvarezasesores.es,,,Daniel,etiqueta de la ficha,,,,,,"---------- Forwarded message ---------
De: JAVIER DEL CASTILLO <JAVIER.DELCASTILLO@alvarezasesores.es>
Date: mar, 8 sept 2026 a las 13:02
Subject: PROYECTO OBRA PINTOR VELAZQUEZ 75
To: danieldesotoarquitecto@gmail.com <danieldesotoarquitecto@gmail.com>
Cc: LUIS CARLOS ÁLVAREZ <lcalvarez@alvarezasesores.es>


Buenos días,

Me pongo en contacto contigo para solicitar un presupuesto para realizar un proyecto de rampa en el portal de la comunidad de Pintor Velazquez 75.

La idea de esta comunidad es realizar una obra para suprimir la rampa actual y las escaleras, y sustituirlo por una sola rampa que vaya desde la puerta de acceso al portal hasta la zona del ascensor.

Pongo en copia a Luis Carlos, mi jefe; por si tienes alguna duda, o necesitas alguna información adicional, podamos cualquiera de los dos darte una respuesta.

Un cordial saludo.

10-09-26 enviado a Mónica para su ok -15-09-26 enviado",,MADRID\1APROVINCIA\MOSTOLES\pintorvelazquez75\FICHA DATOS.docx
plazadelafuensanta4,ok,,,,,,,,,PEDRO ARANDA  THYSSEN,Daniel,por defecto: sin etiqueta = Daniel,,,"Propiedad:
CIF:
Presidente:
DNI:

Código postal:
Referencia catastral:
Fachada:
PEM:	          residuos:",,,,,MADRID\1APROVINCIA\MOSTOLES\plazadelafuensanta4\FICHA DE DATOS ACCESALIA.docx
plazadelafuensanta7,ok,,,,,,,,,PEDRO ARANDA  THYSSEN,Daniel,por defecto: sin etiqueta = Daniel,,,"Propiedad:
CIF:
Presidente:
DNI:

Código postal:
Referencia catastral:
Fachada:
PEM:	          residuos:",,,,,MADRID\1APROVINCIA\MOSTOLES\plazadelafuensanta7\FICHA DE DATOS ACCESALIA.docx
plazadosdemayo5,ok,E78776309,SAMUEL COLÁS VICO,47468159T,"FINCAS LA TORRE 2002, S.L.",DAVID MARIN GIL,916138553,fincaslatorre@hotmail.es,,OSCAR LOPEZ DE FAIN,Daniel,por defecto: sin etiqueta = Daniel,Raquel,6139903VK2663N,"12/12/22 PRESENTACION CON 3D RECICLADO
21/12/22 hemos mandado hueco a Oscar López, aunque nosotros seguimos con el proyecto. Oscar ha dicho que no lo va a mandar a Ingeniería, que calcula una cabina de 1x1,25. Se lo avisamos a Susana, y termina el proyecto con estas medidas. Ella había calculado un espacio un poquito mayor, así que perfecto.
15/10/2024 ENVIADA HOJA DE ENCARGO DE CSS PARA LA CP A CRISTIAN RODRIGUEZ, Y ÉL SE OCUPA DE QUE FIRMEN. NO ENVIAR ACTA DE CSS HASTA QUE FIRMEN
03/11/2025 CFO pasado a visar",,,,,MADRID\1APROVINCIA\MOSTOLES\plazadosdemayo5\FICHA DATOS TECNICOS.docx
pontevedra1,ok,H79794061,,,A TRAVES DE ROSA,,,rosersese@hotmail.com,,,Daniel,etiqueta de la ficha,,5738903VK2653N,,,,"---------- Forwarded message ---------
De: rosa radal sese <rosersese@hotmail.com>
Date: mié, 16 jul 2025 a las 10:26
Subject: CP. PONTEVEDRA Nº 1 MOSTOLES CIF H79794061 REALIZACION PROYECTO
To: Oficina Accesalia <oficina.accesalia@gmail.com>

Buenos días, Sofia.

Adjunto, presupuestó firmado.
CIF. H79794061

Saludos cordiales,

16/07/2025 HE ENVIADA
17/07/2025 HE FIRMADA
15/10/2025 Rosa avisará si la comunidad o nosotros si gestionamos la licencia. (paso a visar con urgencia, por error mio, Adriana, no lo subi a visar)
18/03/2026 PREGUNTO POR EL ESTADO DE LA LICENCIA, ROSERSESE INDICA QUE LO LLEVA LA COMUNIDAD Y QUE “NO SE ENTERAN DE NADA” EMAIL GUARDADO EN LICENCIA
20/05/2026 vuelvo a preguntar a Rosersese el estado de la licencia.
Indica que lo va a preguntar y me informa","17/10/2025 Rosa de Rosersese informa que es el administrador el que gestiona la licencia.
17/03/2026 (Adriana) Rosersese confirma que es la comunidad quien gestiona la licencia de obra
20/05/2026 pregunto a Rosersese si ya ha gestionado la comunidad la licencia y si es así, que me envíe el justificante de registro",MADRID\1APROVINCIA\MOSTOLES\pontevedra1\FICHA DATOS.docx
rejilla1,ok,,,,,,,,,PEDRO ARANDA  THYSSEN,Daniel,por defecto: sin etiqueta = Daniel,,,"Propiedad:
CIF:
Presidente:
DNI:

Código postal:
Referencia catastral:
Fachada:
PEM:	          residuos:",,,,,MADRID\1APROVINCIA\MOSTOLES\rejilla1\FICHA DE DATOS ACCESALIA.docx
rioebro32,ok,,,,,,,,,LLANOS Y CARLOS ALVAREZ ASESORES,Daniel,por defecto: sin etiqueta = Daniel,,,13/11/2023 Mandar a Llanos presupuesto de honorarios y costes de obra de impermeabilización. Enviado 15/11/2023.,,,,,MADRID\1APROVINCIA\MOSTOLES\rioebro32\FICHA DATOS TECNICOS.docx
riogarona1,ok,,,,,,,,,PEDRO ARANDA  THYSSEN,Daniel,por defecto: sin etiqueta = Daniel,,,"Propiedad:
CIF:
Presidente:
DNI:

Código postal:
Referencia catastral:
Fachada:
PEM:	residuos:
SUPEFICIES
AMBITO ORDENACION
DISTRITO",,,,,MADRID\1APROVINCIA\MOSTOLES\riogarona1\FICHA DE DATOS ACCESALIA.docx
riogarona3,ok,,,,,,,,FAIN,JOSE MANUEL REINA,Daniel,por defecto: sin etiqueta = Daniel,,,"12/05/22
ASCENSOR CON DERRIBO DE ESCALERA,",,,,,MADRID\1APROVINCIA\MOSTOLES\riogarona3\FICHA DATOS TECNICOS.docx
riogenil10,ok,H79886230,MIRIAN GALVEZ VEGAS,47499828K,ADMINISTRACIONES VALERO,SILVIA AZAGRA,,juridico@administracionesvalero.es,,,Carlos,etiqueta de la ficha,,6136405VK2663N,,,,"20/07/2026 (Adriana) envio proyecto terminado a los interesados
27/08/2026 (Adriana) vuelvo a solicitar el ok del proyecto para poder tramitar la licencia de obra
03/09/2026 (Alexandra) ADRIANA PONER EN COPIA A RAUL PARA LA REVISIÓN DEL PROYECTO
10/09/2026 (Adriana) vuelvo a enviar proyecto terminado a los interesados
14/09/2026 (Adriana) ok proyecto

de:
raul h g <raulhg83@hotmail.com>

para:
Oficina Accesalia <oficina.accesalia@gmail.com>,
Javier González Moya <javier.gonzalez.moya@schindler.com>
Cc:
Silvia Azagra <juridico@administracionesvalero.es>,
Carlos Garcia <carlosgasperilla80@gmail.com>
fecha:
14 sept 2026, 11:25
Buenos días, sí está revisado el proyecto y estamos conformes, si fuera necesario firmarlo comuniquenlo. Gracias un saludo

***PASO A VISAR  Y SOLICITAR TASAS***
INFORMO A TODOS LOS INTERESADOS
18/09/2026 (Adriana) envio la documentación de la licencia para firmar y les envío el justificante de registro de solicitud de las tasas
21/09/2026 (Adriana) el ayto emite las tasas; se las envío a los interesados
28/09/2026 (Adriana) registro la licencia de obra en el ayto. informo a todos los interesados",,MADRID\1APROVINCIA\MOSTOLES\riogenil10\FICHA DATOS.docx
riogenil4,ok,E78941515,DANIELA MATURANA GARCIA,52138615F,ANIBAL JAVIER,,637317288,efernandezt.gmu@ayto-mostoles.es,OLIVARES,,Daniel,por defecto: sin etiqueta = Daniel,,6136402VK2663N,,"A TRAVÉS DE ROSA (OLIVARES) · ANGELES MONTES · CALLE RIO GENIL Nº23 C.P. 28935 MOSTOLES (MADRID) · 91 614 08 65 · (9.30 a 13.30 y de 5 a 7 · , viernes de 9 a 3 · ) · Angeles · Montes Piñero <asesoresam@hotmail.com>",,,,MADRID\1APROVINCIA\MOSTOLES\riogenil4\FICHA DATOS TECNICOS .docx
riogenil7,ok,H79271300,MIGUEL MIRO GIL,21611792A,,,,rosersese@hotmail.com,,,Daniel,etiqueta de la ficha,,,,,,"---------- Forwarded message ---------
De: rosa radal sese <rosersese@hotmail.com>
Date: lun, 1 jun 2026 a las 11:08
Subject: CP. RIO GENIL 7 P`ROYECTO INSTALACION DE ASCENSOR
To: Oficina Accesalia <oficina.accesalia@gmail.com>, Maria Alexandra Oliveira <aoliveira.accesalia@gmail.com>


CIF; H79271300


Buenos días, Adriana.

Adjunto, presupuesto.
Adjunto, CIF.
En papel me lo enviara en breve.

Os paso datos de contacto para las mediciones.
Presidente;
Miguel.
Telef. 660 00 46 90

Saludos cordiales,


C:\accesalia Dropbox\D SM\Ascensores y rehabilitaciones\MADRID\1APROVINCIA\MOSTOLES\riogenil7\1.DATOS\3.PRESUPUESTO
01-06-26 HE ENVIADA A MONICA PARA SU OK 02-06-26 ENVIADA
02-06-26 HE Recibida firmada

Abraham 17/06/2026: Trabajadores del local que esta debajo del edificio no me permitieron escanear. No hay buena relación entre ellos y los propietarios del edificio. Dicen que hablarán con el administrador, ya que ellos no permiten que se haga ninguna obra dentro. Por lo tanto, no pude hacer mediciones dentro del local.
rosa radal sese 9:04 (hace 2 horas)
14/09/2026 (Alexandra): No es necesario el acceso al bajo, puesto que el ascensor se instalará en el forjado superior, con un foso reducido de 16 cm, aprovechando el relleno del suelo y una pequeña rampa para acceso a la cabina.

14/09/2026 NOTA ALEX: He conversado con Daniel, indica que con la información que hay, se hace el proyecto.
21/09/2026: Por llamada telefónica se hablas con Rosa, informándole que en el presupuesto aparece una cabina de 500x1150x2200mm, a lo cual ella informa que hay un error y que modificaran las dimensiones del ascensor por 1000x1200x2200 mm, las modificaciones se realizaran en el presupuesto y se remitirán a la oficina.",,MADRID\1APROVINCIA\MOSTOLES\riogenil7\FICHA DATOS.docx
riollobregat1,ok,,,,,,,armando.martin@molins.es,,,Daniel,etiqueta de la ficha,,,,,,"---------- Forwarded message ---------
De: Jose Luis Jimenez <joseluis.jimenez@molins.es>
Date: vie, 14 nov 2025, 11:56
Subject: SATE - CL Río Llobregat, 1 Móstoles
To: oficina.accesalia@gmail.com <oficina.accesalia@gmail.com>
Cc: daniel de soto <danieldesotoarquitecto@gmail.com>, Armando Martin <armando.martin@molins.es>


Buenos días Daniel y Mónica.

Tal y como hemos comentado en la reunión de esta mañana os paso datos para un presupuesto.

En esta Comunidad de Propietarios vive un compañero, llevan un tiempo sondeando la obra de la envolvente térmica y quieren empezar ahora contratando un técnico/estudio arquitectura para tener una base, empezando por una visita a la finca, recogiendo unas mediciones para tener un presupuesto ciego con el que conseguir presupuestos reales; y siguiendo por la realización del proyecto, tramitar posibles subvenciones realizando documentación asociada, llevar la dirección de obra, CSS, etc.

Pongo en copia a mi compañero, Armando, para que reciba directamente vuestro presupuesto.

Decirme algo cuando podáis. Gracias.

Un saludo.
19/11/2025 he enviada",,MADRID\1APROVINCIA\MOSTOLES\riollobregat1\FICHA DATOS.docx
riollobregat10,ok,H79480661,,,,Alicia,636682513,comunidades@galvezramirez.com,ROSERSESE,José Olivares,Daniel,por defecto: sin etiqueta = Daniel,,5634304VK2653S,23/06/22 ROSA NOS ENVIA LA DOC PARA INICIAR EL PROYECTO Y NOS PIDE LA FACTURA PARA EL ENCARGO,,,,,MADRID\1APROVINCIA\MOSTOLES\riollobregat10\FICHA DATOS TECNICOS.docx
riollobregat12,ok,H79727400,,,,,,,,JOSE OLIVARES ( ROSERSE ),Daniel,por defecto: sin etiqueta = Daniel,,,"Propiedad:	CDAD PROP CL RIO LLOBREGAT N 12 MOSTOLES
CIF:		H79727400
Presidente:
DNI:

Código postal:	28935
Referencia catastral: 5634305VK2653S
Fachada:
PEM:	112100,07
Residuos:
SUPERFICIES
AMBITO ORDENACION
DISTRITO

EXPEDIENTE U.033.O/2021/49


COAM: TL/008033/2024 (FIN DE OBRA)",,,,,MADRID\1APROVINCIA\MOSTOLES\riollobregat12\FICHA DE DATOS ACCESALIA.docx
riollobregat9,ok,,,,,,,,FAIN,OSCAR LOPEZ,Daniel,por defecto: sin etiqueta = Daniel,,,"27/10/22 SE PLANTEAN HACER RAMPA MÁS BARATA
9/01/2026 DANIEL : Hay que aumentar un escalón a la escalera principal para bajar la cota del ascensor actual a -18 cm. Se pica completamente todo el suelo del portal para colocar una rampa y unos escalones en el lateral.. hay que dejar un escalón nuevo para acceder al cuarto de contadores. Hay que eliminar el escalón de la entrada de la calle con una rampa para subir 5 cm y implementar la puerta de portal. Hay que cambiar completamente todo el pavimento del portal. Adelantar la puerta de portal para que no quede espacio en el exterior para vandalizar
12/01/2026 HE con viabilidad en el mismo documento enviadas",,,,,MADRID\1APROVINCIA\MOSTOLES\riollobregat9\FICHA DATOS TECNICOS.docx
riosella2-4-6,ok,,,,,MIGUEL ANGEL ALONSO,"647450016,",Miguel Angel Alonso <miguelangelalonso@live.com>,,INMACULADA MOSTOLES ADM,Daniel,por defecto: sin etiqueta = Daniel,,,"14/03/2023 NOS MANDAN DATOS DE CONSUMOS. IBERDROLA,   SON 3 PORTALES Y 200 VECINOS, PRESIDENTE ES MIGUEL ANGEL 647450016,  miguelangelalonso@live,com",,,,,MADRID\1APROVINCIA\MOSTOLES\riosella2-4-6\FICHA DATOS TECNICOS.docx
riotormes1,ok,H81543472,,47516113E,A TRAVÉS DE ROSA,,,,,,Daniel,por defecto: sin etiqueta = Daniel,,,,,,,,MADRID\1APROVINCIA\MOSTOLES\riotormes1\FICHA DATOS.docx
riotormes2,ok,H80592371,CLEMENTE MARTIN LUCAS,00784716W,ANIBAL JAVIER,,637317288,,OLIVARES,,Daniel,por defecto: sin etiqueta = Daniel,,5636101VK2653N,"15/09/2026 (Adriana) Rosersese manda email indicando que ha finalizado la obra
16/09/2026 (Adriana) se pasa a visar CFO
25/09/2026 se envia cfo visado a los interesados y se registra en el ayto",A TRAVÉS DE ROSA · rosersese@hotmail.com · CALLE RIO GENIL Nº23 C.P. 28935 MOSTOLES (MADRID) · 91 614 08 65 · Angeles Montes Piñero <asesoresam@hotmail.com>,,,,MADRID\1APROVINCIA\MOSTOLES\riotormes2\FICHA DATOS TECNICOS.docx
riotormes4,sin ficha,,,,,,,,,,,,,,,,,,,
salamanca1-3-5-7yempecinado23,ok,H80681026,,,ÁLVAREZ ASESORES,Luis Carlos Álvarez,91 664 02 03,LCALVAREZ@alvarezasesores.es   alvarezasesores@alvarezasesores.es,,,Daniel,por defecto: sin etiqueta = Daniel,,7241304VK2674S,,,,"11/02/2025 Es una mancomunidad de 5 portales. Algunos tienen sate y otros no, pero ahora quieren CUBIERTA PARA LOS 5 PORTALES (PRY SEPARADOS POR FINANCIACION, PERO OBRA ÚNICA). ESTUDIO COSTES CON Y SIN ELIMINACION DE AMIANTO. TIENEN REU EN UN MES. En función del PEM que dé el total, se calculan los leads. Plantearlo con Envoltermia, Elecnor y Olivares. Mónica prepara estudio.
Opciones de cubierta:
Chapa sandwich encima del fibrocemento
Eliminar fibrocemento y poner nueva cubierta

24/02/2026 DANIEL : VIABILIDAD Y HONORARIOS DE TODO, incluido subvenciones. PROYECTO DE REPARACION DE CUBIERTA. Se hará una obra única y un proyecto único, pero que hay que presupuestar por separado para cada escalera, tanto contrata como arquitecto.  AVISAR A ANA SANTAMERTA DE QUE HAY QUE PEDIR CONTRATA.
Se envía 1 hoja por portal (5 en total)
04/03/2026 HE ENVIADA ( 5 HOJAS TAL Y COMO SE ME HA INDICADO ) AUNQUE EL PROYECTO SERÁ SOLO UNO,  CONJUNTO
12/05/26 HE RECIBIDAS FIRMADAS
28/07/2026 Tras comprobación telefónica con subvenciones no se necesita aportar certificado energético previsto para tramitar subvenciones de retirada de amianto.
Como ya disponemos de certificados de 4 de los 5 edificios, siguiendo las recomendaciones hacemos el certificado del edificio que falta con el mismo nivel de detalle de los certificados de SATE, por si en un futuro pretenden solicitar subvenciones poder aprovechar el trabajo.
21/08/2026 (Adriana) el proyecto es conjunto pero cada comunidad solicita su ciego (pendiente gestione los ciegos el técnico, será para la semana del 31/08)
SE ENVIA PROYECTO A LOS INTERESADOS
31/08/2026 (Adriana) envio proyecto terminado a los interesados junto con el ciego.",,MADRID\1APROVINCIA\MOSTOLES\salamanca1-3-5-7yempecinado23\FICHA DATOS.docx
simonhernandez29,ok,,,,NACHO TOMAS DE ALVAREZ ASESORES,,628 575 209,ntomas@alvarezasesores.es,,,Daniel,por defecto: sin etiqueta = Daniel,,,30/10/2023 PIDE PRESUPUESTO. SE LE MANDA (ANA). ntomas@alvarezasesores.es 628 575 209,,,,,MADRID\1APROVINCIA\MOSTOLES\simonhernandez29\FICHA DATOS TECNICOS.docx
simonhernandez43-45,ok,H78929312,,,ALVARES ASESORES,LUIS CAR,,LCALVAREZ@alvarezasesores.es,,,Daniel,etiqueta de la ficha,,7339801VK2673N,,,,"24/02/2026 Daniel -no buscar ninguna contrata
04-03-2026 HE enviada – se envía modificada nuevamente
17-03-2026 HE recibida firmada
13-04-2026 Daniel se reúne con Emilio aparejador enuevo@numarq.com 639164050
---------- Forwarded message ---------
De: daniel de soto <danieldesotoarquitecto@gmail.com>
Date: mié, 15 abr 2026 a las 10:19
Subject: SIMON HERNANDEZ 43-45 MOSTOLES
To: <enuevo@numarq.com>
Cc: LUIS CARLOS ÁLVAREZ <lcalvarez@alvarezasesores.es>, Oficina Accesalia <oficina.accesalia@gmail.com>


Buenos días Emilio:
Tras la conversación que mantuvimos el lunes, hemos acordado que en la medianera se colocará aerogel de 1 cm de espesor, con el objetivo de no invadir de forma significativa el espacio de la parcela en esquina entre Simón Hernández y Baleares.
Os adjuntamos la ficha técnica del producto para vuestra tranquilidad, en línea con el visto bueno que nos disteis para poder ejecutar la actuación en la medianera.
Quedamos a vuestra disposición para cualquier aclaración.
Un saludo,
Reciba un cordial saludo,

P.O. Alejandra Pérez. Secretaria
Daniel De Soto
Arquitecto
---------- Forwarded message ---------
De: Emilio Nuevo Vega <enuevo@numarq.com>
Date: vie, 17 abr 2026 a las 13:52
Subject: RE: SIMON HERNANDEZ 43-45 MOSTOLES
To: daniel de soto <danieldesotoarquitecto@gmail.com>
Cc: <ignacio.hidalgo@tecnohabitat.info>


Buenos días Daniel, ya le contesté a Ignacio Hidalgo, promotor, dándole el OK a que “en la medianera con nuestro edificio colocaréis aerogel de 1 cm de espesor”.

Un saludo.

Emilio Nuevo.

C:\accesalia Dropbox\D SM\Ascensores y rehabilitaciones\MADRID\1APROVINCIA\MOSTOLES\simonhernandez43-45\3.OBRA\ACUERDO MEDIANERA
Se estima cubierta existente de fibrocemento, lana mineral y chapa metálica
28/07/2026 (Adriana) envio proyecto terminado a los interesados.
A la espera del ok para empezar la tramitación de licencia/dr
29/07/2026 (Adriana)
de:
LUIS CARLOS ÁLVAREZ <lcalvarez@alvarezasesores.es> a través de te916640203.onmicrosoft.com

para:
Oficina Accesalia <oficina.accesalia@gmail.com>
fecha:
29 jul 2026, 11:37

“Hola. Si será en septiembre la Junta. “
08/09/2026 (Adriana) pregunto al administrador si podemos continuar con la tramitación de la licencia",,MADRID\1APROVINCIA\MOSTOLES\simonhernandez43-45\FICHA DATOS.docx
simonhernandez44,ok,,,,ALVARES ASESORES,,LUIS CAR,LCALVAREZ@alvarezasesores.es,,,Daniel,etiqueta de la ficha,,,,,,"COSTE DE OBRA APROX 574.567€ CON IVA INCLUIDO
28-01-2026 HE ENVIADA
04/03/2026 HE ENVIADA CON NUEVA OFERTA
06/03/2026 se mantendrá la oferta del 28-01-2026 y se anula la enviada en marzo",,MADRID\1APROVINCIA\MOSTOLES\simonhernandez44\FICHA DATOS.docx
simonhernandez70-72,ok,,,,,,,,,RUBEN ASPERILLA ALVAREZ ASESORES,Daniel,por defecto: sin etiqueta = Daniel,,,12/06/2023 MANCOMUNIDAD 68 A 74. QUIEREN PROPUESTA POR SEPARADO Y BARAJANDO PROPUESTA CONJUNTA PARA TODOS. MONICA ENVIA PROPUESTA,,,,,MADRID\1APROVINCIA\MOSTOLES\simonhernandez70-72\FICHA DATOS TECNICOS.docx
soria3,ok,,,,"FINCAS LA TORRE 2002, S.L.",David Marín Gil (el de plaza dos de mayo 5),916138553,"fincaslatorre@hotmail.es Constructora del SATE: REHABILITACIONES VINMAR, S.L.U. 692.877.639 / 900.907.021",FAIN,OSCAR LOPEZ,Daniel,por defecto: sin etiqueta = Daniel,,,"19/01/23 PRESENTADO EN 3D. VER PRECIOS
06/02/2023 Lo han aceptado las dos cosas. Pero la aprobación del presupuesto de ascensor está supeditada de momento hasta ver si les dan la subvención. Lo remarcado en azul es lo que contempló para la elaboración del presupuesto.

La obra del SATE se la tienen ya encargada a otra empresa, nos pasarán el contacto.

Daniel hace el proyecto del ascensor y de SATE. Se cobra a la comunidad. Precio acordado con Oscar (ver precios).

Hay que pasarles hoja de encargo por el proyecto, dirección facultativa, y subvenciones. Subvenciones el precio habitual. Como es el mismo administrador de plaza dos de mayo 5, se han buscado precios en coherencia.

Ana pasa hoja de encargo de proyecto y SATE. Falta la hoja de encargo de subvenciones


29/03/2023


---------- Forwarded message ---------
De: Oscar Lopez Fernandez <oscar.lopez@fainascensores.com>
Date: mar, 28 mar 2023 a las 14:32
Subject: Re: [External] Re: Soria, 3, Mostoles
To: Gerencia Accesalia <gerencia.accesalia@gmail.com>
Cc: Oficina Accesalia <oficina.accesalia@gmail.com>, Daniel de Soto <danieldesoto@accesalia.es>


Esta mañana he hablado con la administración y se lo han adjudicado a otra empresa.
Otra vez será.
Muchas gracias por todo.",,,,,MADRID\1APROVINCIA\MOSTOLES\soria3\FICHA DATOS TECNICOS.docx
tenienteruiz2,ok,,,,VALENTIN SALCHEZ MORENO,,691432937,vsm@chezmo.es,FAIN,OSCAR LOPEZ,Daniel,por defecto: sin etiqueta = Daniel,,,"09/02/2024 oscar lopez

Nos solicita el cliente la posibilidad de instalar un elevador en la comunidad ya que la bajada  cota cero del ascensor la desestima.
Necesitaría un pequeño plano para ver si es viable y como lo podemos poner,",,,,,MADRID\1APROVINCIA\MOSTOLES\tenienteruiz2\FICHA DATOS TECNICOS.docx
valladolid8,ok,,,,Alvarez asesores,,,ntomas@alvarezasesores.es,,OSCAR LOPEZ FAIN,Daniel,por defecto: sin etiqueta = Daniel,,,"05/04/2024 PIDE PRESUPUESTO PARA ESTA COMUNIDAD. Lead comercial oscar lopez
22/10/2024 CORREO DE NACHO TOMAS DE ALVAREZ ASESORES:
Buenas tardes,
con vistas a una posible instalación de ascensor y de rehabilitación de la fachada, me solicitan presupuesto para:
I.E.E.
Estudio viabilidad construcción e instalación de ascensor en la finca.
Proyecto técnico para instalación de ascensor y de rehabilitación y aislamiento de la fachada y cubierta.
te indico tlf de contacto del Presidente para cualquier consulta.
RAMIRO MARTÍN GÓMEZ 1ºA RAMIRO MARTIN 91/614 00 53-687 638 701
un saludo


Ignacio Tomas Pliego
ALVAREZ-ASESORES HH,C.B.
NªColegiado 7895
C/Esparta nºs 1-3
C.P. 28938 Móstoles (Madrid)
91/664 02 03 NACHO TOMAS <ntomas@alvarezasesores.es>

ASCENSOR CON DERRIBO. DANI HA IDO A VER LA VIABILIDAD 23 OCT. SALE UN 4 PLAZAS SIN TOCAR COCINAS PERO TOCANDO EL MURO DEL FONDO. ENVIADO HOJA ENCARGO A ADMIN CON 6.500 PRY DE LOS QUE UNA PARTE SON PARA LUIS CAR, + SUBV CON LIBRO EDIFICIO 1980",,,,,MADRID\1APROVINCIA\MOSTOLES\valladolid8\FICHA DATOS TECNICOS.docx
veracruz26,ok,,,,,,,,,,Daniel,por defecto: sin etiqueta = Daniel,,,"29/03/2022
NO QUIEREN SABER NADA DE FV",,,,,MADRID\1APROVINCIA\MOSTOLES\veracruz26\FICHA DATOS TECNICOS.docx
"viena2,4y6",ok,,,,Alvarez Asesores,,,LLANOS.MARTIN@alvarezasesores.es,,,Daniel,etiqueta de la ficha,,,,,,"29/10/2025 DANIEL : TENEMOS QUE MANDAR UN UNA HOJA DE ENCARGO PARA LA ELABORACIÓN DE CONSULTA URBANÍSTICA VINCULANTE DE VERIFICACIÓN DE  PROPIEDAD PRIVADA DE ZONAS COMUNES ABIERTAS.
29/10/2025 HE ENVIADA",,"MADRID\1APROVINCIA\MOSTOLES\viena2,4y6\FICHA DATOS.docx"
villaolimpica18,ok,,,,,,,,,LUIS CARLOS ALVAREZ ADMINISTRADOR,Daniel,por defecto: sin etiqueta = Daniel,,,17/05/2023 ELABORAR INFORME (DANIEL),,,,,MADRID\1APROVINCIA\MOSTOLES\villaolimpica18\FICHA DATOS TECNICOS.docx
zamora4,ok,,,,,,,,,PEDRO ARANDA. THYSSEN,Daniel,por defecto: sin etiqueta = Daniel,,,"Propiedad:
CIF:
Presidente:
DNI:

Código postal:
Referencia catastral:
Fachada:
PEM:	          residuos:",,,,,MADRID\1APROVINCIA\MOSTOLES\zamora4\FICHA DE DATOS ACCESALIA.docx
zaragoza2,sin ficha,,,,,,,,,,,,,,,,,,,
