carpeta,lectura,cif,presidente,dni_presidente,administrador,admin_contacto,admin_telefono,admin_correo,trajo_empresa,trajo_persona,comercial_interno,comercial_de_donde,ayto_tecnico,ref_catastral,notas,tachado,notas_admin,notas_encargo,notas_subvenciones,ficha
0-FAIN,sin ficha,,,,,,,,,,,,,,,,,,,
0-MODELOS,sin ficha,,,,,,,,,,,,,,,,,,,
0-plano urbano fuenlabrada dwg,sin ficha,,,,,,,,,,,,,,,,,,,
Valencia 3 Esc.Dcha 6-B,sin ficha,,,,,,,,,,,,,,,,,,,
alava10,ok,,,,,,,,LORYBER,ANA LORYBER,Daniel,por defecto: sin etiqueta = Daniel,,,"26/05/2023
Nos pasan presupuesto para que ofertemos. Mónica habla con ellos.
Calidades insuficientes  para NG.",,,,,MADRID\1APROVINCIA\FUENLABRADA\alava10\FICHA DATOS TECNICOS.docx
alava12,ok,,,,LORMAN,SARA,,lormanad@gmail.com,,,Carlos,etiqueta de la ficha,,,,,,"---------- Forwarded message ---------
De: LORMAN ADMINISTRACIONES, S.L. <lormanad@gmail.com>
Date: lun, 22 sept 2025 a las 15:35
Subject: CP ALAVA 12, FUENLABRADA ( presupuesto CSS)
To: Alejandra Pérez Galano <aperez.accesalia@gmail.com>


Buenos días,

Solicitamos por favor nos remitáis hoja de encargo CSS para la comunidad de propietarios.

Gracias!

Sara
26/09 ENVIADA HE CSS POR CARLOS LUEGO DE QUE DANIEL INDICASE ENVIARLA PARA FACILITAR A Luis Benavente Codi
26/09/2025 HE RECIBIDA FIRMADA",,MADRID\1APROVINCIA\FUENLABRADA\alava12\FICHA DATOS.docx
alava14,ok,H78290624,,,LORMAN,,,,CODI,Luis Benavente,Daniel,por defecto: sin etiqueta = Daniel,,,,,,,,MADRID\1APROVINCIA\FUENLABRADA\alava14\FICHA DATOS TECNICOS.docx
alava6,ok,B28111516,DE LA JUNTA DE VECINOS,50262931L,,,,elena.aranguez@fainascensores.com,OSTALAZAR,OSWALDO FAIN ELENA ARANGUEZ,Daniel,por defecto: sin etiqueta = Daniel,,2209506VK3620N0003JM,"Se advierte que los metros cuadrados del local no cuadran con los que aparecen en catastro. La titularidad catastral ha sido verificada con la nota simple mediante llamada telefónica a la Dirección General de Catastro. Se recomienda su actualización catastral
CNAE FAIN: 4329 OTRAS INSTALACIONES EN OBRAS DE CONSTRUCCION.
CNAE OSTALAZAR: 6820 ALQUILER DE BIENES INMOBILIARIOS POR CUENTA PROPIA.",2024/DAO_01/000089,,,,MADRID\1APROVINCIA\FUENLABRADA\alava6\FICHA DATOS TECNICOS.docx
alemania11,ok,H79602397,LUIS MENENDEZ MARTIN,05355984C,TORRES & ASOCIADOS,Mayte Torres,91 607 35 43 / 687 51 32 04 (SOLO MAÑANAS),torresasociados@icam.es; alexandra@torresasociados.es,FAIN,FRAN -> Oswaldo,Daniel,por defecto: sin etiqueta = Daniel,J ropero,1400102VK3610S,23/09/22 ok a empezar la obra. Consultado con ropero,,,,,MADRID\1APROVINCIA\FUENLABRADA\alemania11\FICHA DATOS TECNICOS.docx
alemania2,ok,,,,,,,,,DAVID PROYECTON,Daniel,por defecto: sin etiqueta = Daniel,,,09/02/2024 VIENE DE DAVID PROYECTON. EL VECINO ES FELIX SANCHEZ BRIS  691409284 DE LA EMPRESA EFFIC,,,,,MADRID\1APROVINCIA\FUENLABRADA\alemania2\FICHA DATOS TECNICOS.docx
alemania6,ok,H79228748,JOSIANE BLANCO KAEPPELIN,52096681W,"Torres & Asociados Pedidos docs a novillo el 18/09, 24/09",Alexandra Jiménez,916073543. 687513204,"alexandra@torresasociados.es Pedir documentación a través de Juan Antonio, a menos que nos digan lo contrario. Enviar facturas a NOELIA MORENTE DE FAIN.",FAIN,,Daniel,por defecto: sin etiqueta = Daniel,,1601302VK3610S,"16/09/2024 ENVIADA HOJA DE ENCARGO DE NUEVO CON NUESTRO PRECIO. Aceptada.

Novillo nos mandará la ficha del salvaescaleras.

~~Quieren hacerlo como el portal de al lado (~~~~nº~~~~8). Cuando se vaya a escanear, también coger fotos y medidas del portal 8 para ver si es igual.~~

24/09/2024 Cuidado, ahora nos dice que lo que quieren es que se parezca al nº 4. Nos ha adjuntado un plano de lo que quieren. Se guarda en datos / croquis.

También nos ha adjuntado una ficha técnica del salvaescaleras. Está en datos / presupuesto.

18-11-2024 LLAMO A NOVILLO DE FAIN Y ME DICE QUE AUN NO HA HABLADO CON ELLOS. LLAMO A LA ADMON Y ME DICE QUE CUANDO LO HABLE CON LA COMUNIDAD ME DICEN ALGO. LE COMENTO EL TEMA DE LAS TASAS QUE CADUCAN Y QUE SI HACEN OTRA COSA PUEDE QUE NO VALGAN. ME DICE QU ES CONSCIENTE Y QUE CUANDO SEPA ALGO ME INFORMA.
02-06-2025 HE CSS ENVIADA Y RECIBIDA FIRMADA
16/06/2025 Han picado una viga. Una tal Cristina dice que vayamos a verlo. Va a ir Daniel hoy","Quieren hacerlo como el portal de al lado ( · nº · 8). Cuando se vaya a escanear, también coger fotos y medidas del portal 8 para ver si es igual.",,,,MADRID\1APROVINCIA\FUENLABRADA\alemania6\FICHA DATOS TECNICOS.docx
andalucia10,ok,H79706339,ANA  ISABEL VACAS CARAZO                            BAJO D,52124582G,ASERPEMAR,Pedro Sancho,91 9126426 / 641230532,aserpemar@gmail.com,CDAD,PEDRO SANCHO,Daniel,por defecto: sin etiqueta = Daniel,José Ropero,2204403VK3620S,"es de Pedro ASERPEMAR
Me encarga directamente el proyecto y me paga la comunidad.
estoy pidiendo presupuestos a constructoras (IBERLEAN y TOPLEVEL) para pasárselo a Pedro cuando las haya revisado.

25/04/22
LO ENCARGA LA COMUNIDAD Y LO DECIDEN EL 15 DE MAYO

25/05 Daniel tiene que hablar con un amigo


03/10/22
John ya ha escaneado lo que se necesita de trasteros de Andalucía 10.
Se tiene que hacer el proyecto sin entrar demasiado al cálculo estructural.

Se visa cuanto antes y se pide la Declaración Responsable
En paralelo. se encarga el cálculo estructural de pilares y cimentación a: Miguel Angell Carretero León: 669 781 509

VECUSA 639 407 722
Mantenimiento Caldera Central mancomunada (C/ Andalucía 4, C/ Andalucía 10, C/ Nazaret 32, C/ Nazaret 32Bis, C/ Pintura 10)
08/01/2023 concedida subvención cam 2023

14/03/2024 se envía hoja de encargo para css
18-04-2024 SOLICITADA NUEVA TASA ICIO POR CADUCIDAD DE LA ANTERIOR
09/02/2026 CFO ASCENSOR Y RAMPA VISADO, INFORMO A LOS INTERESADOS",PRESIDENTE · MARIA CARMEN DIAZ MORENO · DNI PRESIDENTE · 00786857G · PERSONA DE CONTACTO · TELEFONO · 661731467,,,,MADRID\1APROVINCIA\FUENLABRADA\andalucia10\FICHA DATOS TECNICOS.docx
andalucia6,ok,H79882866,RODRIGO SANTOS MACIAS,49011868H,,,,info@administracionpinar.es,CDAD,PEDRO SANCHO,Daniel,por defecto: sin etiqueta = Daniel,Jose ropero,2204402VK3620S,,"DATOS ADMINISTRADOR DE FINCAS · ASERPEMAR · Calle Castillejos 26, Local 3 28944 Fuenlabrada (Madrid) · Pedro Sancho · 620 95 81 70 · aserpemar@gmail.com · ; pedro.c4p@gmail.com",,,,MADRID\1APROVINCIA\FUENLABRADA\andalucia6\FICHA DATOS TECNICOS.docx
angeles11 18,ok,,,,,,,fernando@asesoriasl.com,,,Daniel,por defecto: sin etiqueta = Daniel,,,,,,,,MADRID\1APROVINCIA\FUENLABRADA\angeles11 18\ficha.docx
angeles12,ok,H79668091,Mª Carmen Araque Ortega,52365264Z,"SÁNCHEZ & LOZANO FINCAS, S.L",David Gama Bejarano,91 606 53 25,DATOS ADMINISTRADOR DE FINCAS pte acta que confirme 10-07-2023,cdad,,Daniel,por defecto: sin etiqueta = Daniel,Fernanda del Río,3000101VK3620S,"18/07/22
SE COBRA DIRECTAMENTE A CDAD, DICE OSWALDO QUE LE PIDAMOS A EL LOS Nº CC

No nos va a dar los nº de cuenta hasta tener el proyecto
OJO AL CONTESTAR EL REQUERIMIENTO: Primero enviar a Marina del ayuntamiento, no registrar hasta que conteste
20/08/2026 (Adriana) se envia la contestación al requerimiento a Marina con copia a Daniel

**** Marina informa:
de:
Marina Ortega del Rio <m.ortega@ayto-fuenlabrada.es>

para:
Oficina Accesalia <oficina.accesalia@gmail.com>
Cc:
daniel de soto <danieldesotoarquitecto@gmail.com>
fecha:
20 ago 2026, 12:29

En la visita mantenida ya comuniqué que se debe aportar la justificación al expediente y que una vez lo hubieran aportado, nos avisaran para tenerlo en cuenta.

*** se registra y se envia el justificante a ella y al administrador****","OSWALDO · Asesoría FJCabello · Pedidos datos a Oswaldo ( · faltan las 2 actas, las pasarán en septiembre · ) · c/ Huesca nº 5 Posterior · 28941 Fuenlabrada (Madrid) · Francisco José Cabello Quirós · 910846926 - 617325439 · info@fjcabello.es · ADRIAN LABRADO LAIN · 47527995J",,,,MADRID\1APROVINCIA\FUENLABRADA\angeles12\FICHA DATOS TECNICOS.docx
angeles14,ok,H79741518,JOSE PEÑA DIAZ,50036000Y,,,,javier.gonzalez.moya@schindler.com,CDAD,INMACULADA LOPEZ,Daniel,por defecto: sin etiqueta = Daniel,FERNANDA DEL RIO,3000101VK3620S,"18/07/22
SE COBRA DIRECTAMENTE A CDAD, DICE OSWALDO QUE LE PIDAMOS A EL LOS Nº CC

30/05/2023 la comunidad pide a Sandra que les demos el proyecto porque la contrata se ha caído. LA COMUNIDAD SE HA IDO DE FAIN A SCHINDLER
13/05/2025 KARLA: El archivo de Revit ACC_FUENLABRADA_ANGELES14_MODMAY25 se ha modificado para actualizar planos, según lo solicitado en correo de 09-05-2025. El proyecto original sigue estando en el archivo ACC_FUENLABRADA_ANGELES14_v23_modJUL23
665 397 486 MARINA ORTEGA TECNICO FUENLABRADA
31/10/2025 (Daniel a la contrata sobre rampa realizada en el exterior de la comunidad)

Buenos días, Álvaro y Javier:
Ayer estuve reunido con la técnica municipal en relación con el proyecto de Ángeles 14, y es necesario modificar el acceso a la vivienda para cumplir con la normativa.
Concretamente, hay que recolocar las baldosas del espacio público en su posición original y aumentar la pendiente de la rampa de entrada.
Por favor, poneos en contacto conmigo para que pueda explicaros los detalles y realicemos esta corrección a la mayor brevedad posible.


Reciba un cordial saludo,

P.O. Alejandra Pérez. Secretaria
Daniel De Soto


---------- Forwarded message ---------
De: Álvaro Gómez Benito <alvaro.benito@schindler.com>
Date: mar, 4 nov 2025 a las 20:12
Subject: CP Los Angeles 14
To: Oficina Accesalia <oficina.accesalia@gmail.com>
Cc: Javier González Moya <javier.gonzalez.moya@schindler.com>


Buenas tardes,

Tras visitar la obra, os indico que en un plazo máximo de tres día se van a efectuar los trabajos de acceso a la comunidad desde la calle. Se levantarán las baldosas de la acera, dejándolas enrasadas al nivel que mantiene el resto de calle, se levantará el peldaño abujardado de acceso al portal, teniendo que cambiar el formato del mismo, en vez de ser una pieza, se hará en tres piezas para conseguir enrasar el lado exterior con la acera, y cuadrarlo con el suelo existente en rellano, de esta forma, salvaremos la pendiente lo máximo posible, y quedará totalmente disimulado.

Adjunto vídeo sobre la visita de hoy.

El espejo y pasamanos quedarán totalmente instalados en esta semana para cumplir con el compromiso.

Un saludo
6/11/2025 Daniel revisa video enviado por Schindler , llama a Javier Moya y le da indicaciones de que se ejecute el requerimiento conforme a proyecto .
23/03/2026 cita Daniel con el técnico municipal por requerimiento el 09-04-2026


27/02/25
El JEFE DE OBRA ES ÁLVARO GÓMEZ BENITO

Estaba enviando las actas a Luis Alfredo González Koves, y me ha dicho que la reenvía a Álvaro que es el Jefe de obra.","OSWALDO · Y JUAN ANTONIO ALVAREZ · FAIN · Luis Alfredo González Koves · DATOS ADMINISTRADOR DE FINCAS · NOMBRE · Asesoría FJCabello · (FALTAN LAS ACTAS, LAS MANDA EN SEPTIEMBRE) · DIRECCION · c/ Huesca nº 5 Posterior · 28941 Fuenlabrada (Madrid) · PERSONA DE CONTACTO · Francisco José Cabello Quirós · TELEFONO · 910846926 - 617325439 · E-MAIL · info@fjcabello.es · ANTONIO SANCHEZ MOLINA · 05603977G · Ojo pedir cualquier dato a este otro: · Adjunto datos de la Administración que lleva la Mancomunidad · David Gama Bejarano · SÁNCHEZ & LOZANO CONSULTING, S.L. · C/ Navalcarnero nº 6 · 28944 - Fuenlabrada (Madrid) · Telf.: 91 606 53 25 · Fax: 91 690 21 98 · ""Administración (Sánchez & Lozano SL)"" · administracion@asesoriasl.com",,,,MADRID\1APROVINCIA\FUENLABRADA\angeles14\FICHA DATOS TECNICOS.docx
angeles4,ok,,,,,,,chema1978@hotmail.com,,,Daniel,por defecto: sin etiqueta = Daniel,,,,,,,,MADRID\1APROVINCIA\FUENLABRADA\angeles4\ficha.docx
angeles5,sin ficha,,,,,,,,,,,,,,,,,,,
angeles7,ok,H79746053,SABINA RIAÑO MARTINEZ,09665429R,,,,aserpemar@gmail.com,DIDEPRO,PEDRO SANCHO,Daniel,por defecto: sin etiqueta = Daniel,,,"Propiedad:	CDAD PROP LOS ANGELES 7 FUENLABRADA
CIF:	H79746053
Presidente:	SABINA RIAÑO MARTINEZ
DNI:		09665429R

~~A JUNIO 2022:~~
~~TOMAS SANCHEZ JUAN~~
~~DNI 51871892S~~
~~652861482~~~~tomassinpelas@gmail.com~~

Vecino pendiente de la bonificación del IBI a julio 2024
Pedro Quirós
droqui63@hotmail.com
630335645

ES40-2085-9733-9303-3046-8536

Código postal:	28944
Referencia catastral: 2901802VK3620S
Fachada:
PEM:87.852,83
residuos:
SUPERFICIES: 479,93

Nº Expte COAM: TL/002758/2022
EXPEDIENTE AYUNTAMIENTO: 2022/DRN_01/000322


Adriana N. Pirotti <adriana.pirotti@luxorespacios.com>

lun., 10 feb. 12:41 (hace 20 horas)



para mí



Buenos días Daniel

Tal y como acordáramos telefónicamente, aprovecho este correo para hacerte llegar todos mis datos y poder avanzar con la documentación y planificación para el inicio de la obra LOS ANGELES, 7. Fuenlabrada.

Quedo a la espera de tus comentarios y desde ya, mil gracias!!

Un saludo

Adriana N. Pirotti
Técnico Comercial
LUXOR ESPACIOS
Cl. Segovia, 17
28005 Madrid
Móvil. 683617621/ 669752035
Tel. 915211782
Fax. 911814169
adriana.pirotti@luxorespacios.com
www.luxorespacios.com

Jefe de obra~~: Adrián Herruzo DIDEPRO~~
Julia Roldán
Jroldan.didepro@gmail.com

Técnico ayuntamiento: Fernanda del Río

Técnico: carla

ZONA ARROYO-CENTRO-LA FUENTE


De: Minerva Gonzalez Torres <minervagonzalez@ayto-fuenlabrada.es>
Date: vie, 19 jul 2024 a las 12:49
Subject: RE: ANGELES 7 FUENLABRADA - PROYECTO DE PLACAS FOTOVOLTAICAS
To: Oficina Accesalia <oficina.accesalia@gmail.com>
Cc: Maria Carmen Almansa Padilla <calmansa@ayto-fuenlabrada.es>

Buenos días nuevamente.

Acabo de subir el documento de autorización para que podáis constar como representantes/autorizados.

Parece ser que el expediente se presentó por duplicado:

2022/DRN_01/000678, esté expediente lo dieron de alta simplemente con un impreso de Declaración Responsable.

2023/DRN_01/000217. aportaron más documentación, pero no está completa toda la documentación necesaria.

La revisión de dichos expedientes lo hará mi compañera Carmen y os comunicará que expediente es el que se va a tramitar y la documentación que tengan pendiente de aportar para su tramitación.

un saludo.

02-08-2024 RECIBIDAS TASAS DE LA OTAF DE LA FOTOVOLTAICA Y ENVIADAS A CDAD Y PRESIDENTE PARA PAGAR.

30-08-2024 ME LLAMA LA OTAF PARA TEMA BONIFICACION IBI, NECESITAN CERTIFICADO DE APORTE ECONÓMICO DE CADA VECINO.



TL/003751/2025 CFO NUEVO",A JUNIO 2022: · TOMAS SANCHEZ JUAN · DNI 51871892S · 652861482 · tomassinpelas@gmail.com · : Adrián Herruzo DIDEPRO,,,,MADRID\1APROVINCIA\FUENLABRADA\angeles7\sate - accesalia\FICHA DE DATOS ACCESALIA.docx
argentina20,ok,H79833398,Petra Henao Sánchez   henaopetra@gmail.com,76229234N,IGM SERVICIOS JURIDICOS,LOLA SECRETARIA INMA ADMINSITRADORA,914989393,Inma García inmagarcia@igmserviciosjuridicos.com Lola info@igmserviciosjuridicos.com cgarcia@didepro.es rdominguez@didepro.es,CDAD,,Daniel,por defecto: sin etiqueta = Daniel,FERNANDA DEL RÍO,3298304VK3539N,"20/07/22 PIDE PRESUPUESTOS
26/02/2024 Se le da presupuesto para elaboración de proyecto + prog 5, y presupuesto para tramitación de subvenciones (programa 1 + otras), con porcentaje a éxito. lead Inma.

28/02/2024 Aprobado en junta. Pedido que nos manden la hoja de encargo firmada
DANIEL: como posible bolsa de dinero para cambiar cromos :
-Se presupuesta demolición albardilla peto cubierta
-Se presupuesta desmontaje y montaje de cables con canaleta incluso en la zona de SATE existente
16/12/2025 se está gestionando el fin de obra
14/05/2026 PARA EL FIN DE OBRA, según informa DIDEPRO


18/09/2026 Se realiza CEE final, donde se comprueban las mediciones PREVIAS con lo realizado en OBRA, esclareciendo que el material utilizado de Baumit es de 0.032 de conductividad, modificando un solo muro en el CEE Previo y modificando la documentación en la carpeta Ficha técnica de 3. OBRA. -Angela

Aparte del ppto inicial del 187610.59€ hay unos extras por importe de 4545.69
IVA INCL. que salen de la diferencia de unas partidas que se hicieron de más
y otras que no se realizaron:
DESCONTAR

EXTRAS REALIZADOS
DEMOLICION - 1237,50 IVA INCL

PARTIDA 12 ( PINT. EXT + CENTOS FORJ + PINT CERRAJ EXT)- 9381,40 IVA INCL
DESMONT 3 ANTENAS  - 653,40€ IVA INCL

PARTIDA 13 (PROLONG TUB + AA) - 1188€ IVA INCL
PROYECTADO ESPUMA - 502,81 IVA INCL


LINEA VIDA - 3630 IVA INCL


TOTAL…........6023,71€

TOTAL….................. 10569,40€

Los trabajos de los hastiales ya los pago la comunidad.



15/06/2026 SE PASAS A VISAR CFO

30/06/2026 MUCHO CUIDADO: tienen caes contratadas con nosotros desde 2024. No facilitar ningún tipo de documentación CAES a Didepro o a la Administradora, ya que son nuestras. No dar C3X, ni firmar ningún papel por Accesalia ni Daniel que nos pidan relacionado con subvenciones, ahorros energéticos ni nada que no se sepa bien lo que es. Ante la duda, pasarlo a Ana.


Mónica ya le ha dejado claro a IGM que el contrato lo tienen con nosotros.",Iuliana-Elena Paraschiv · X9236338K · 671157205,,,,MADRID\1APROVINCIA\FUENLABRADA\argentina20\FICHA DATOS TECNICOS.docx
austria7,ok,H79645503,,,,,,info@grupomva.es,,NACHO FAIN,Daniel,por defecto: sin etiqueta = Daniel,,,"Propiedad: CP AUSTRIA 7.  FUENLABRADA
CIF:	H79645503
Presidente:
DNI:

Código postal:	28943
Referencia catastral: 1803401VK3610S
Fachada: 21
PEM:	28.752 €   + GASTOS 34.214, 90 € residuos: 300
SUPEFICIES  16,70m2

HONORARIOS 2200 €
incluida seguridad y salud",,,,,MADRID\1APROVINCIA\FUENLABRADA\austria7\FICHA DE DATOS ACCESALIA.docx
austria8,ok,H78759263,,,MUÑOZ PANDO ABOGADOS SLP,ADMIN MUPAN INMA,91 227 11 80 – 685 539 406,comunidades@mupan.es,cdad,,Daniel,por defecto: sin etiqueta = Daniel,,1803006VK3610S,"21/06/2023	Mónica manda hoja de encargo.
VISITA TOMA DE DATOS 25/08/2023, ATENDERÁ  Piso 4º6 KETTY BIRCELA SANTOS RISSO  674022824, VICEPRESIDENTA
La comunidad tiene calefacción central y la vicepresidenta tiene las llaves
CALEFACCION CENTRAL, PEDIDO 31-08-2023, RECLAMADO 07-09-2023
ELECNOR ESTA LICITANDO tomas morell
06-05-2024 PEDIDAS TASAS Y BONIF ICIO A OTAF

21-05-2024 PRESENTADA DR AYTO
15-06-2026 (adriana) PASO A VISAR CFO",RAFAEL EXPOSITO CABRERA · ( · 5º 4) · JUAN FRANCISCO GONZÁLEZ ALCÁNTARA · 51861873R · 09453367E · 606616937,,,,MADRID\1APROVINCIA\FUENLABRADA\austria8\FICHA DATOS TECNICOS.docx
austria9,ok,H78759537,ANTONIO ESCOLAR LOPEZ-LILLO,01170298N,PBM ASESORES,,,pbmasesores@yahoo.es,,NACHO FAIN,Daniel,por defecto: sin etiqueta = Daniel,,,"Propiedad: CP AUSTRIA 9.  FUENLABRADA
CIF:	H78759537
Presidente:	ANTONIO ESCOLAR LOPEZ-LILLO
DNI:	01170298N

Código postal:	28943
Referencia catastral: 1802804VK3610S
Fachada: 21,40 m
PEM: 15.000	residuos: 300
SUPEFICIES

HONORARIOS 1600 €
incluida seguridad y salud
ES04   0081   0337   1800   0154   6461",,,,,MADRID\1APROVINCIA\FUENLABRADA\austria9\FICHA DE DATOS ACCESALIA.docx
avandes11,ok,H79726394,SOLEDAD RUIZ OLMO,52094892F,LIZÁN ADMINISTRACIÓN DE FINCAS  S.L.U.,Contacto María,916901637,lizadministra@hotmail.com,,JUAN ANTONIO ALVAREZ FAIN,Daniel,por defecto: sin etiqueta = Daniel,RAFAEL ANDUJAR,3211503VK3631S,"30/06/2023 pedida documentación y mail visita toma de datos para el 04/07/2023
15/09/2026 (Adriana) se pasa a visar cfo
28/09/2026 (Adriana) se registra CFO en el ayto",,,,,MADRID\1APROVINCIA\FUENLABRADA\avandes11\FICHA DATOS TECNICOS.docx
avandes13,ok,H80272115,FRANCISCO RODRIGUEZ ALGUACIL,74612099F,DOSAN ASESORES Y GESTORES DE INMUEBLES S.L.,,,pamela@dosan.es,4768850488950037077652984500ADMINISTRADOR DE FINCAS        SI           NO,Nacho Fain,Daniel,por defecto: sin etiqueta = Daniel,,,"Propiedad:	Avenida andes 13
CIF:		H80272115
Presidente:	FRANCISCO RODRIGUEZ ALGUACIL
DNI:		74612099F

A junio 2022 presidente: (por indicación de Fran, ofrecerle gestión de ayudas)

PACO 640205708

fr.alguacil@hotmail.com

Ponerse en contacto siempre con el presidente, no con el administrador, para temas de gestión de ayudas. El administrador está desbordado y no les atiende bien.

Código postal: 28945
Referencia catastral: 3211504VK3631S
Fachada:
PEM:	77.248,00	residuos:

SUPERFICIES
PLANTA BAJA	8,90 m2
PLANTA TIPO 1-3	7,80 X 3 = 23,40 m2
SUPERFICIES  CONTRUIDAS.	32,30 m2

AMBITO ORDENACION
DISTRITO",,,,,MADRID\1APROVINCIA\FUENLABRADA\avandes13\FICHA DE DATOS ACCESALIA.docx
avandes22,ok,,,,,,,,ASZENDE,ANTONIO SEVILLANO,Daniel,por defecto: sin etiqueta = Daniel,,,"17/06/22 CON LA ADMINISTRACION NOVA FINCAS , AV HISPANIDAD 10, FUENLABRADA, QUE NO QUIEREN TRABAJAR CON FAIN",,,,,MADRID\1APROVINCIA\FUENLABRADA\avandes22\FICHA DATOS TECNICOS.docx
avespaña10,ok,,,,,Miguel Bárcenas,916079918,colegiado10837@fincasencasa.com,CDAD,MIGUEL BARCENAS,Daniel,por defecto: sin etiqueta = Daniel,,,24/01/23 SATE CON EL ADMIN,,,,,MADRID\1APROVINCIA\FUENLABRADA\avespaña10\FICHA DATOS TECNICOS.docx
avespaña18,ok,,,,,,,,4768850488950037077652984500ADMINISTRADOR DE FINCAS        SI           NO,,Daniel,por defecto: sin etiqueta = Daniel,,,"Propiedad:
CIF:
Presidente:
DNI:

Código postal:
Referencia catastral:
Fachada:
PEM:
residuos:
SUPEFICIES
AMBITO ORDENACION
DISTRITO",,,,,MADRID\1APROVINCIA\FUENLABRADA\avespaña18\FICHA DE DATOS ACCESALIA.docx
avespaña20,ok,H80645229,DANIEL RODRIGUEZ HIGUERAS,01077502K,,,,,CODIB7,LUIS BENAVENTE,Daniel,por defecto: sin etiqueta = Daniel,,2206403VK3620N,,,,,,MADRID\1APROVINCIA\FUENLABRADA\avespaña20\FICHA DE DATOS ACCESALIA 2.docx
avespaña9,ok,H78767076,ALBERTO CHICO MARTIN,04166610E,ROYMAR Recalamados docs cp 22/12,MARIA JESUS,651133612,incidencias@gruporoymar.es / tramites@gruporoymar.es,,,Daniel,etiqueta de la ficha,,2008501VK3620N,CONSTRUCTOR: LUIS BENAVENTE - lbenavente@codib7.com,,CONSTRUCTOR: LUIS BENAVENTE - lbenavente@codib7.com,"---------- Forwarded message ---------
De: Incidencias Roymar <incidencias@gruporoymar.es>
Date: mar, 25 nov 2025 a las 14:00
Subject: AV DE ESPAÑA 9 FUENLABRADA
To: <danieldesotoarquitecto@gmail.com>


Buenos días Daniel,

He hablado con Luis Benavente, ha presupuestado estos trabajos, que te adjunto, por favor, envíame presupuesto de tus honorarios, para llevar la dirección facultativa, es decir proyecto de la obra, para enviarla al ayuntamiento con la declaración responsable.

Por favor, envíamelo cuanto antes, ya que el jueves tenemos reunión con los vecinos.



Muchas gracias. Un saludo.
27/11/2025 HE ENVIADA
28/11/2025 HE RECIBIDA FIRMADA (LA OBRA ES DE CODI)
19/01/2026 ENVIO PROYECTO TERMINADO, A LA ESPERA DEL OK PARA GESTIONAR TASAS
21/01/2026 ROYMAR INFORMA:

“Buenos días Luis,

Quedo a la espera, para que nos digas, si el proyecto, está acorde a los trabajos que vas a realizar.”

A LA ESPERA
23/01/2026 se envían planos modificados a petición de Luis Benavente.

A la espera de su ok para seguir con la tramitación

Llama Luis Benavente para volver a modificar los planos
26/01/2026 envio nuevos planos modificados.
A la espera del ok para seguir tramitando
04/03/2026 ok a la modificación de los planos, envío solicitud de dr para que la firme el presidente de la comunidad y paso a visar el proyecto
25/03/2026 se solicitan las tasas
08/04/2026 envio las tasas para su pago, les informo que el constructor quiere empezar el lunes 13/04/2026, que si me envían los justificantes de pago entre hoy y mañana, el lunes podría empezar la obra
09/04/2026 se registra la DR, informo a todos los interesados.
La obra empieza el lunes 13-04-2026
09/07/2026 (Adriana) registro CFO en el ayto",,MADRID\1APROVINCIA\FUENLABRADA\avespaña9\FICHA DATOS.docx
avestados1,ok,H79104279,CRISTINA JIMENEZ GONZALEZ,52951489S,ASERPEMAR S.L.,PEDRO SANCHO,91 9126426 / 641230532,aserpemar@gmail.com,FAIN (FRAN -> Novillo),PEDRO SANCHO,Daniel,por defecto: sin etiqueta = Daniel,Fernanda del Río,2903703VK3620S,"Pedro Sancho nos envía contrato con FAIN de ascensor
24/09/2024 Se emite una certificación de fin de obra parcial, que no va visada. Solamente firmada por Daniel.
28-01-2025 COMERCIAL DE FAIN JUAN ANTONIO ALVAREZ
15/10/2025 se manda email a Fuenlabrada para saber el estado de la rampa
19-11-2025 al no obtener respuesta, mando instancia general
22/04/2026 solicito información a Fuenlabrada para saber el estado de la cesión de suelo público",,,,,MADRID\1APROVINCIA\FUENLABRADA\avestados1\FICHA ascensor y rampa DATOS TECNICOS.docx
avestados10,ok,,,,,,,,,,Daniel,por defecto: sin etiqueta = Daniel,,,,,,11/02/2025 BAJADA A COTA CERO Y MODIFICACIÓN DEL PRIMER TRAMO. Visitado. Enviar hoja de encargo sin css paga Schindler + subv. Lo haría Carla si lo contratan.,,MADRID\1APROVINCIA\FUENLABRADA\avestados10\FICHA DATOS.docx
avestados18,ok,H79825618,Felix Serrano Rivero,05873649R,IGM,Inmaculada García Moreno,914989393,inmagarcia@igmserviciosjuridicos.com; info@igmserviciosjuridicos.com Lola Contacto local: Miguel Ángel 609045560,CDAD,,Daniel,por defecto: sin etiqueta = Daniel,,3200002VK3539N,"11/05/22 Inma García
17:56 (hace 1 hora)
para Daniel

Buenas tardes Daniel,



Como te indiqué se ha aprobado tu presupuesto para hacer el proyecto de Sate y dirección de obra.



Necesito que llames al presidente para informarle de todos los trámites y empezar cuanto antes.
Ojo: inma dice que se acordó pagar en 3 partes con Daniel. Mónica dice que no cubrimos ni gastos. Hablarlo el 17/05/22
BAR – MIGUEL ÁNGEL
mamc@cgabogados.es
609 045 5660",Angel · Sebastian Fernandez Laorden · 51916894Y · 665497274 / angelelnegro7@gmail.com,,,,MADRID\1APROVINCIA\FUENLABRADA\avestados18\FICHA DATOS TECNICOS.docx
avestados28,ok,,,,,,,,,,Daniel,por defecto: sin etiqueta = Daniel,,,,,,,,MADRID\1APROVINCIA\FUENLABRADA\avestados28\SATE\ficha sate AV ESTADOS 28 FUENLABRADA.docx
avestados4,ok,E78447554,PEDRO MARIA NUBLA GARCIA,22700037A,ASERPEMAR S.L.,Pedro Sancho,Telf.: 91 9126426 / 641230532,aserpemar@gmail.com Constructora: didepro,PEDRO INPE,PEDRO SANCHO,Daniel,por defecto: sin etiqueta = Daniel,FERNANDA DEL RIO,2902002VK3620S,,,,,,MADRID\1APROVINCIA\FUENLABRADA\avestados4\FICHA SATE DATOS TECNICOS.docx
avestados5,sin ficha,,,,,,,,,,,,,,,,,,,
avfranciscojaviersauquillo10,ok,,,,,,,,,Nerea SANCHEZ & LOZANO,Daniel,por defecto: sin etiqueta = Daniel,,,27/05/2024 PIDEN PRESUPUESTO ASCENSOR. SE MANDA HOJA DE ENCARGO pry + CSS. OFRECIDO SUBVENCIONES,,,,,MADRID\1APROVINCIA\FUENLABRADA\avfranciscojaviersauquillo10\FICHA DATOS TECNICOS.docx
avfranciscojaviersauquillo2,ok,,,,MAFER,,,,CDAD,,Daniel,por defecto: sin etiqueta = Daniel,,,"23/11/22 REUNION INFORMATIVA CON VECINOS, MANDAR A MAFER UN CROQUIS CON SOLUCION Y CALIDADES,",,,,,MADRID\1APROVINCIA\FUENLABRADA\avfranciscojaviersauquillo2\FICHA DATOS TECNICOS.docx
avfranciscojaviersauquillo22,ok,H80207020,Dolores Prieto González,38350275Y,ASERPEMAR,Pedro Sancho,620 95 81 70,aserpemar@gmail.com; pedro.c4p@gmail.com,FAIN,JUAN PARAMIO -> Raúl García,Daniel,por defecto: sin etiqueta = Daniel,Fernanda del Río,3297101VK3539N,"Fwd: [External] ENCARGO ARQUITECTOS
Recibidos

Juan Bautista Paramio Rodriguez

22 abr 2022, 9:53 (hace 3 días)

Responder

para mí



Buenos dias.
Adjunto para encargó de proyecto.
Los vecinos están muy interesados en que con este proyecto se realice la rampa en la calle, que les han denegado hacer en su día.
Creo que es necesaria hacerla para salvar la barrera arquitectónica que existe.
Ya me comentáis.
Un saludo.
Juan Paramio

14/09/22 Juan Antonio Alvarez llama porque creía que este proyecto era de Fran. Comenta que Mª Jesús Barba, vecina del 3ºE (tlf 697 454 305) tiene humedades en su casa. Dice que cuando se tramite la subvención (no nos la han contratado ni nada parecido) habrá que ir para hacer la IEE, y que quiere que se contacte con ella para dejar constancia. Ha denunciado a la comunidad.
Tomamos nota por si en el futuro contratan la subvención. En principio no nos afecta.

Gestiones Roymar

13:19 (hace 4 minutos)


Responder a todos

para mí, Raúl



Gracias por el envío del justificante Sofía.
Aprovecho para indicaros que dejaremos de prestar el servicio como Administradores de la Comunidad de propietarios con efectos del próximo viernes 29 de Noviembre; desconocemos quien se hará cargo de la gestión de esa finca a partir de dicha fecha, pero en cualquier caso podéis contactar con la Presidenta (Rina, 646.83.95.03.).
Atentamente,

Re: [External] Re: FECHA LIMITE SUBVENCION FCO JAVIER SAUQUILLO 22, FUENLABRADA
Recibidos

Subvenciones Accesalia
Adjuntos
vie, 13 dic, 15:25 (hace 3 días)
para Cristian, mí, Gerencia, daniel

Buenos días Cristian,
en primer lugar disculpa por el retraso en dar respuesta.
Con respecto a la consulta que realizas, me ha llevado bastante tiempo indagar de donde puedes tener la información de que esta obra ha de estar finalizada para abril de 2025, ya que esto no se lo he comunicado así a ninguna de las partes implicadas en el presente expediente de subvención concedida.
El 29 de diciembre de 2023 informé a la comunidad de propietarios por escrito del resultado favorable de este expediente (adjunto), tras algunas consultas y confirmar que aceptan la subvención, el 02 de enero de 2024 les es confirmo nuevamente importes y ya entro en detalle de plazos, etc, donde indico claramente que disponen de 36 meses desde la publicación de la concesión.
Sobre el mismo hilo de conversación y tras recibir una llamada telefónica de la administración de fincas donde me informan que la obra se encuentra paralizada, vuelvo a indicar por escrito que el plazo de ejecución es de 36 meses desde la concesión de la subvención y específico (para que nadie tenga problemas con las cuentas) que la fecha límite es el 23/12/2026 (adjunto).
Espero haber arrojado algo más de luz ante la situación de plazos que estás teniendo en esta obra y espero que puedas aclararlo con quien/es te hayan facilitado esta información erróneamente.
De nuevo mil perdones por el retraso en dar respuesta y recibe un cordial saludo.
Ultima versión vista con Daniel 22-01-2025 la de la incidencia incidencia6 2-12-2024 (presencial Daniel) pendiente de actualizar refundido
13/10/2025 SE PASA A VISAR CFO
18/06/2026 llega notificación del ayto con la concesión de DR. Informo a todos los interesados","Grupo roymar · (pedidos docs 10/05/22) · Calle Comunidad de Madrid, 28 · , Local · 28944 Fuenlabrada (Madrid) · Jose Luis Serrano · 91.690.68.79 · gestiones@gruporoymar.es",,,,MADRID\1APROVINCIA\FUENLABRADA\avfranciscojaviersauquillo22\ascensor TERMINADO\FICHA DATOS TECNICOS.docx
avfranciscojaviersauquillo30,ok,H82538026,,,SONIA,,,sonia@gonzalodiez.com,,NACHO  FAIN,Daniel,por defecto: sin etiqueta = Daniel,,,"Propiedad:	CP FRANCISCO JAVIER SAUQUILLO 30
CIF:		H82538026
Presidente:
DNI:

Código postal:	28944
Referencia catastral: 3099602VK3529N
Fachada: 21,7
SUPERFICIE: 18,16 m2
PEM: 54.624	residuos: 300


3500
ES94 0081 5638 4200 0108 1414",,,,,MADRID\1APROVINCIA\FUENLABRADA\avfranciscojaviersauquillo30\FICHA DE DATOS ACCESALIA.docx
avfranciscojaviersauquillo34,ok,,Santiago  Gallego Campos,,,,,galcamsa949@gmail.com,,,Daniel,por defecto: sin etiqueta = Daniel,,,"09/07/2024 Vino pidiendo una pericial sobre imposibilidad de poner silla inclinada en el interior del portal
Quieren hacer accesible una de las entradas y el ayto les obliga a poner la silla.
No quieren porque lleva gastos de mantenimiento, y además se entra por el portal a una peluquería, y los chicos que trabajan allí, están siempre sentados en el portal fumando, y demás, y sospechan que se vandalizaría la silla.

Ya se hizo otra pericial que no se cobró nada (por informe de deficiencias, ver adjunto).
Ver cuánto se les cobraría por esta pericial

A 05/07/2024 me comentan que han consultado con el ayuntamiento, y tienen que hacer accesible sí o sí el portal. Es para ver con él cómo salvar los 12 cm de escalón. Si hay que reformar toda la entrada, que vaya al garaje, etc.  Tienen otra entrada por Calle Castillejos.

Ver viabilidad, y dar precio del informe y del proyecto.

Santiago 663 34 39 79
09/07/2024 Visto in situ. Se manda hoja de encargo para proyecto de eliminación de barreras arquitectónicas (rampa) incluyendo DF y CSS.
11/09/2024 Visto por Olivares, va a dar presupuesto.
13/09/2024 Quieren que hagamos el proyecto, y que le presentemos presupuestos con el proyecto en la mano de al menos dos constructoras. Se vuelve a enviar hoja de encargo indicando que se elimina escalón.",,,,,MADRID\1APROVINCIA\FUENLABRADA\avfranciscojaviersauquillo34\FICHA DATOS TECNICOS.docx
avila8,ok,,,,IGM,,,,CDAD,INMA GARCIA,Daniel,por defecto: sin etiqueta = Daniel,,,05/05/2023 SE LE MANDÓ HOJA DE ENCARGO POR SATE + NG.,,,,,MADRID\1APROVINCIA\FUENLABRADA\avila8\FICHA DATOS TECNICOS.docx
avnaciones22,ok,H80000979,Francisco Verde de Julian,50932910P,FINCASE,,,daniel@fincase.net,,NACHO FAIN,Daniel,por defecto: sin etiqueta = Daniel,,,"Propiedad: Avenida de las Naciones 22
CIF:		H80000979
Presidente: Francisco Verde de Julian
DNI:	50932910P

Código postal:	28943
Referencia catastral: 1699405VK3519N
Fachada:
PEM:	97.607,95          residuos: 300
Superficie 44,30 m2

Hola Daniel ponte al habla con Daniel de Fincase 669580010
Instalación aprobada. preparar proyecto ya. Lo cobrarás a finales de año. 3.500.-€+IVA
IDÉNTICO PLAZA DE PARÍS.
CALIDADES Y PLANO LAS MISMAS QUE TE PASE PARA PARIS, 3
IMPORTE IGUAL: 97.607,95.-€+IVA


ISHARA 13/12/2018
Dice el administrador que hay que enviar una copia visada del proyecto

Nº de cuenta para pasar el pago
ES66 0081 0337 1300 0166 9071

18/12/2018
Me comenta Daniel el administrador que le avisemos antes de pasar nada por la cuenta para decirnos lo que hay",,,,,MADRID\1APROVINCIA\FUENLABRADA\avnaciones22\FICHA DE DATOS ACCESALIA.docx
avprovincias10,ok,H80024334,,,ADMINISTRACIONES ALCORA,,,juanantonio.alvarez@fainascensores.com,,Valentin Alcocer,Daniel,por defecto: sin etiqueta = Daniel,,,"Propiedad:	CDAD PROP AV DE LAS PROVINCIAS 10 FUENLABRADA
CIF:		H80024334
Presidente:
DNI:

Código postal:		28941
Referencia catastral: 	1811601VK3611S
Fachada:
PEM:	85.462,18
residuos:
SUPEFICIES  41,30
AMBITO ORDENACION
DISTRITO CENTRO-NOROESTE
https://sede.ayto-fuenlabrada.es/zonasurbanismo/zonasdeurbanismo.html

técnico: Dennis o Enrique

2021/DRN_01/000404
Técnico ayuntamiento jropero@ayto-fuenlabrada.es
Da el ok a proyecto 10-1-22





Pte enviar inicio de obra al ayuntamiento de Fuenlabrada por la bonif icio (ya se pagaron todas las tasas con bonif)

Jefe de obra: victor esquinas

Justif obra TL/006039/2024",,,,,MADRID\1APROVINCIA\FUENLABRADA\avprovincias10\FICHA DE DATOS ACCESALIA.docx
avprovincias14,ok,H78576980,CARMEN PILAR ALVAREZ CALVO,02877399F,"Administraciones Alcora,S.L Pedidos docs cp 20/02",Valentín Alcocer,916150975,administracion@administracionesalcora.es,CDAD,VALENTIN DE ALCORA,Daniel,por defecto: sin etiqueta = Daniel,,1911601VK3611S,"25/10/2023 PRY, DF Y SUBVENCION. MONICA ENVIA PRESUPUESTO PRG 5
23-04-2025 VALENTIN ALCORA ME DICE QUE ESTA COMUNIDAD VA POR COMPROMISO. Sofia
Traducir al español
Buenas tardes Sofía.

Le informa a la Presidenta, y te confirmo esperar hasta que publiquen nuevas subvenciones.

Un saludo.

Valentín Alcocer

Ojo comentario de contrata referente al proyecto
El jue, 11 sept 2025 a las 7:49, Miguel Angel Ventaja Diaz (<miguelangel@arefachadas.es>) escribió:
Buenos dias Alejandra.
Te adjunto presupuesto del proyecto de Provincias 14, pongo copia a Valentin el administrador
Alejandra como comentario te digo , nosotro hemos realizado el bloque conjunto a este y han
salido 2100 m2 de Sate en vuestro proyecto dice 1400 y tiene un hastial más provincias 14 que
Villalon 1 , podeis revisarlo.
Muchas gracias.
Saludos
19/05/2026 No figura presup elegido de obra. Preguntado a Valentín qué quieren hacer. No respondió. Ana
18/07/2026 reenviado tema presupuestos.
15/09/2026 Daniel: hay que volver a pedir presupuestos cuando se haya hecho un anexo al pry incluyendo el aerogel para las jambas y demás, y un peq proy de accesibilidad. Mandan a Abraham a escanear con el móvil. Recordárselo el 21/09 a Daniel. Que un técnico haga las mediciones para poder pedir los presupuestos.",,,,,MADRID\1APROVINCIA\FUENLABRADA\avprovincias14\FICHA DATOS TECNICOS.docx
avprovincias16,ok,H80135908,TOMAS MUÑOZ TEJERO,51859299A,LORMAN,JOSE VICENTE 630 943 623,916064913,lormanad@gmail.com Nueva constructora Avila (César) 607752833 cesaravilaavila@gmail.com,cdad,JOSE VICENTE LORMAN,Daniel,por defecto: sin etiqueta = Daniel,José Ropero,1911204VK3611S,"21/04/22 RAMPA Y PUERTA

03/05/22  ENVIADO PRESUPUESTO POR MAIL PTE. RESPUESTA
27/05/22 HA MANDADO UN WHATSAPP PARA CONFIRMAR EL ENCARGO. SE LE MANDA UN MAIL AL CORREO PIDIENDO QUE FIRMEN LA HOJA DE ENCARGO.
19/01/2023 LORMAN MANDA EL PRESUPUESTO DE LA CONSTRUCTORA PARA PREGUNTAR SI ESTÁ CONFORME AL PROYECTO, SE LE DICE QUE SÍ
22/06/2023 se modifican las rampas en junio. Ver Planos obra.
Se envía a lorman y al presidente el 27/09/2023 (no sé si lo tenían ya).
22/01/2025 subvenciones: Presentan cambio de contrata con fecha posterior a la presentación y actas no firmadas.  Se informa en la comunicación de la resolución. Ver correos adjuntos.","Constructora: · Juan  687 · 29 60 74 · IOAN DUDUC Teléfono 687296074 - 640049393 reformasdd@yahoo.com Calle, Travesía Carabanchel, Número 6 C. P. : 28902. C.I.F.: X67417763J",,,,MADRID\1APROVINCIA\FUENLABRADA\avprovincias16\FICHA DATOS TECNICOS.docx
avprovincias46,ok,H79490140,ANA ISABEL PEREZ JIMENEZ,52095850E,P.B.M. ASESORES Pedidos docs cp 14/03,Pedro Barrios Milán / Laura Barrios García,91 227 15 58 - 683 19 38 87,administracion@pbmasesores.com,,,Daniel,por defecto: sin etiqueta = Daniel,,2410705VK3621S,,,,"06/03/2025 aportan un presupuesto de codi, y quieren que les tramitemos la licencia de obras.
26-03-2026 correo enviado a la administración con copia a codi para comentarles sobre el requerimiento .Alejandra
25/09/2026 (Adriana-Alejandra) notificado por Daniel y por Luis Benavente que la comunidad no va a pagar por lo que pide el ayto y que prescribe, que lo dejemos estar.
Solicito el CFO",,MADRID\1APROVINCIA\FUENLABRADA\avprovincias46\FICHA DATOS.docx
avprovincias8,ok,,,,,,,,CDAD PROP,VALENTIN ALCORA,Daniel,por defecto: sin etiqueta = Daniel,,,,,,,,MADRID\1APROVINCIA\FUENLABRADA\avprovincias8\FICHA DATOS TECNICOS.docx
avregiones4,ok,,,,,,,miran3e@gmail.com,,,Daniel,por defecto: sin etiqueta = Daniel,,2204404VK3620S,,,,"09-05-2025
Miran Narim <miran3e@gmail.com>
para:	""comercial.accesalia@gmail.com"" <comercial.accesalia@gmail.com>
Cc:	aneira781 <aneira781@gmail.com>
fecha:	9 may 2025, 14:58
Buenas tardes.
Le escribo en calidad de PROPIETARIO de un piso en avda regiones 4 - Fuenlabrada - Madrid
Necesitamos estudio de viabilidad para la instalacción de ascensor y, de esa manera, obtener accesibilidad universal en el edficio, sin barreras.
A tal efecto, nuestra configuración es similar al edificio de calle andalucía 10 (dos pisos por rellano) - venimos recomendados por dicha comunidad.
Le dejo la parcela catastral para su mejor y correcta localización:

PARCELA CATASTRAL 2204404VK3620S
Le dejo mis datos.
Nombre: Antonio Gamez
Telefono: 654160707
Mail: miran3e@gmail.com
Un saludo,


Antonio gámez neira
21/05/2025 ENVIADAS HE
10/06/2025 Carlosg: Al haber una obra muy similar Andalucia 10 al lado tan solo necesito que me hagais plano de planta de la escalera.
800 escalera, 1160 de estructura de ascensor y 800 escalera. En total tenemos un ancho de escalera de 2760mm Te adjunto archivo de Andalucia, 10 hoja ap05, cualquiera de los dibujos de ella.
Reu el 11/06

Reunión de vecinos 11/06/2025 no aprueban la instalación (asiste Carlos García)",,MADRID\1APROVINCIA\FUENLABRADA\avregiones4\FICHA DATOS.docx
avregiones6,ok,H79783130,,09156528K,GESYMAR,MIGUEL,TFNOS.: 910149565 - 697887613,"incidencias@gesymar.es; info@gesymar.es contabilidad@gesymar.es (septiembre 2023) Posible constructora (a septiembre 2022) Cecilio Jiménez López Ascensores Jican, S.L. Tfno: 91 465 29 63 Fax:   91 525 20 31 cecilio@ascensoresjican.es Posible empresa en 2024: fain Persona que nos dio el contacto: CODI Luis Benavente Carpintero lbenavente@codib7.com 633 17 67 49",CDAD (Luis codi),,Daniel,por defecto: sin etiqueta = Daniel,,2204405VK3620S,,,,,,MADRID\1APROVINCIA\FUENLABRADA\avregiones6\ASCENSOR\FICHA DATOS TECNICOS.docx
badajoz4,ok,,,,,JUANJO administrador,637619958,info@gestiondefincasnavarro.es,,,Daniel,por defecto: sin etiqueta = Daniel,,,"No esta en oficina, teletrabaja.",,"No esta en oficina, teletrabaja.","31/10/2025 DANIEL : Esto es un administrador nuevo que se llama Juanjo, que se ha puesto en contacto conmigo a través de algún abogado que me conoce. La comunidad ha contratado a un arquitecto que no es capaz de dar una solución sin invadir espacios privados, por lo que el proyecto es inviable ante la negativa de una vecina a que le invadan un trozo de su cocina y la amenaza de ponerles una demanda para paralizarlo todo.. lo que quiere Juanjo es una alternativa que tenemos que pasarle la viabilidad para que los vecinos nos escuchen una una propuesta alternativa con un 3D. La propuesta es lo siguiente :

derribo completo de la escalera para instalación de un elevador de 0,15 m/s de velocidad donde va a caber una silla de ruedas. Se tirará la pared, se tirará la pared del fondo, pero se rehará con una chapas sandwich de acero con alma de aislamiento térmico, pero en ningún caso se invadirá el espacio privado que hay detrás de la ventana de la escalera. La solución contemplará también una plataforma elevadora vertical a la entrada. El elevador principal será de cinco paradas con un fondo de cabina superior a los 90 cm para que quepa cualquier tipo de silla de ruedas. Y se reitera que en ningún caso, habrá invasión del espacio privado de ningún vecino. Habrá que modificar los contadores eléctricos de posición a un armario homologado en la planta baja a la entrada. El presupuesto de ejecución material será de 220.000 € más IVA
31/10/2025 ALEJANDRA: SIGUIENDO INDICACIONES DE DANIEL ENTREGO HE Y VIABILIDAD A CARLOS PARA SU ENVÍO
31/10/2025 enviada HE y viabilidad. Fdo Carlos.",,MADRID\1APROVINCIA\FUENLABRADA\badajoz4\FICHA DATOS.docx
belen7,ok,H79707493,,02832130W,IGM,Lola,914989393,inmagarcia@igmserviciosjuridicos.com; info@igmserviciosjuridicos.com,CDAD,INMA ADMINISTRADORA,Daniel,por defecto: sin etiqueta = Daniel,José Ropero,2199801VK3529N,"09/10/2025 pendiente que vaya Jose Luis a la obra para el gestionar acta.
Fin de obra 01/10/2025. Se les manda a la CP los diferentes presupuestos para que lo firmen
11/12/2025 SE PASA A VIRSAR CFO",,,,,MADRID\1APROVINCIA\FUENLABRADA\belen7\FICHA DATOS TECNICOS.docx
berlin5,ok,,,,,,,,,,Daniel,por defecto: sin etiqueta = Daniel,,,"Propiedad:
CIF:
Presidente:
DNI:

Código postal:
Referencia catastral:
Fachada:
PEM:	          residuos:",,,,,MADRID\1APROVINCIA\FUENLABRADA\berlin5\FICHA DE DATOS ACCESALIA.docx
brunete3,ok,H79277513,ENGRACIA CALZADO JIMENEZ,02062137A,"MUÑOZ PANDO ABOGADOS , S.L.P (pedidos docs cp 13/01/2024)",,91 227 11 80  Jose Luis admi,comunidades@mupan.es,CDAD,Oscar Pando MUPAN,Daniel,por defecto: sin etiqueta = Daniel,fernanda,2601811VK3620S,"Presidente David 635 85 47 45 . Es para ir a ver que ascensor les entra, ver la solucion. Es uno de los que te ha pasado Mª Angeles MAFER. El presidente, David llega de currar a las 7:30, a partir de esa hora le da igual a que hora llegues. Le he dicho que sobre las 8:15, pero si es antes o despues, tambien puede ser.

24/05/22

2. BRUNETE 3. FUENLABRADA
Llamé a David pero justo se había marchado al gimnasio, así que lo vi por mi cuenta.
Se puede instalar un ascensor de 4 personas con embarque simple. No sería accesible, pero cabría perfectamente una silla de ruedas. La obra es muy sencilla. Habría que cambiar la ubicación de los contadores a un armario homologado, y limar un poco el ancho de las escaleras para aumentar el hueco existente. Habría que modificar en el portal las escaleras de acceso en planta baja y bajar la puerta principal.
Calculo una obra aproximada de 90.000 €, donde lo más caro será la modificación de contadores eléctricos.

09/07/2024 Administradora pide presupuesto para SATE, RAMPA, ASCENSOR Y SANEAR PARAMENTOS ZONAS COMUNES ESCALERA. YA SE HIZO UNA SIMULACION DE INSTALACION ASCENSOR. Se le manda un precio unitario para todo, pero solamente con subvenciones programa 3. Cuando salga el programa 5 se le ofrecerá aparte.
26/11/2024 vuelve a pedir presupuesto. Se le manda precio común y subvenciones a éxito.
Tiene bajantes de fibrocemento.
Se introduce en las medianeras expuestas la pintura BAUTER
INSTRUCCIONES DE DANIEL
Bajar cota de planta baja (aunque no sepamos si bajo la escalera hay local (ya se verá)
No demoler la teja
Poner pintura bauter en medianeras para tener un primer contacto
no poner sate en PB
(De Mónica) Meter pintura en el certificado

de:
Ana Santamarta <asantamarta.accesalia@gmail.com>
para:
Sofia <smarugan.accesalia@gmail.com>

fecha:
31 mar 2025, 11:57
asunto:
BRUNETE 3 FUENLABRADA - ELECNOR

Por indicación de Daniel, el presupuesto ganador tiene que ser el de Elecnor. Tomar nota en todas partes y verificar precios según vayan llegando presupuestos.

Muchas gracias.
Un cordial saludo,

31-03-2025 ADMINISTRADORA ME DICE QUE HASTA LA REUNION DE VECINOS QUE TENDRÁN EN ABRIL NO ME DICE ALGO SOBRE SACAR TASAS Y DR

07-05-2025 ME DICE ADMINISTRADORA QUE POSPONEN REUNION PARA DECIDIR TEMA DR HASTA JUNIO. EMAIL GUARDADO EN OBRA. Sofia

31/10/2025 PREGUNTO A LA COMUNIDAD SI YA HAN SE HAN REUNIDO PARA EL TEMA DE LA DR
02/12/2025 envian contrato con elecnor firmado.
Envio a la cp la solicitud de dr para que la firme el presidente y poder solicitar las tasas
11/02/2026 solicitud de tasas ICIO y DR
12/02/2026 OTAF envía tasas, las firmo y se las reenvio. pdt bonificación
13/02/2026 envio al administrador las tasas para que las paguen (ya bonificadas)
10/03/2026 tasas caducadas. Por ahora no van a realizar el pago ya que tienen la reunión de vecinos la semana siguiente.
Por recomendación de la OTAF y que no genere intereses, se cancelan las tasas, ya las pediremos cuando el administrador lo indique.
22/04/2026 desde la comunidad informan:
---------- Forwarded message ---------
De: <jlserrano@mupan.es>
Date: mar, 21 abr 2026 a las 10:13
Subject: RE: SITUACIÓN INICIO DE OBRA - REHABILITACIÓN INTEGRAL - C. BRUNETE 3, FUENLABRADA
To: TOMAS MORELL LLORENTE <tmorell@elecnor.com>, <comunidades@mupan.es>, Oficina Accesalia <OFICINA.ACCESALIA@gmail.com>
Cc: <opando@mupan.es>

“En la última junta celebrada el pasado 8 de abril, se acordó el ejecutar única y exclusivamente la instalación del ascensor, puesto que la obra conjunta planteada excedía las posibilidades económicas de los comuneros.

En aproximadamente tres semanas sabremos las diferentes formas de pago y se continuará con la tramitación.”
24/04/2026 pregunto al ayto si se puede tramitar la DR con el proyecto conjunto (aunque el cliente sólo quiere ascensor) o tenemos que dividir el proyecto
15/05/2026 desde el ayto informan:

de:
Maria Carmen Almansa Padilla <calmansa@ayto-fuenlabrada.es>

para:
Oficina Accesalia <oficina.accesalia@gmail.com>

fecha:
15 may 2026, 12:00
asunto:
RV: BRUNETE 3 FUENLABRADA - DUDA
“En cuanto a la cuestión que planteas, si se pretende hacer por separado el SATE y la instalación de ascensor, es conveniente que los proyectos estén definidos para cada actuación. Es más funcional a todos los niveles, tanto para la tramitación urbanística, bonificaciones municipales y la propia solicitud de subvención a la CAM.”
20/05/2026 (Adriana) daniel tiene reunión con el administrador para que comentar con más detalle el tema del proyecto
01-06-26 HE PARA SEPARAR PROYECTO ENVIADA A MONICA PARA SU OK            02-06-26 ENVIADA
9-06-26 HE recibida firmada
01/10/2026 (Adriana) envio proyecto terminado a los interesados.
Pdt informen si empiezan por el sate o por el ascensor",Mª ANGELES · FDEZ · Mª de los Ángeles Fernández Chocano · mafer@mupan.es · ; · PEDRO GARCIA SANCHEZ · 26475481C,,,,MADRID\1APROVINCIA\FUENLABRADA\brunete3\2 sate\FICHA DATOS TECNICOS.docx
callao21,ok,H80571219,,,FINCAS EN CASA,Ismael García Moreno,916079918,colegiado9971@fincasencasa.com,administrador,,Daniel,por defecto: sin etiqueta = Daniel,,3105502VK3630S,,,,,,MADRID\1APROVINCIA\FUENLABRADA\callao21\FICHA DATOS TECNICOS.docx
callao27,ok,,,,,Miguel Bárcenas,916079918,colegiado10837@fincasencasa.com,CDAD,MIGUEL BARCENAS,Daniel,por defecto: sin etiqueta = Daniel,,,"DIC 2019: VISTO CON FRAN DE FAIN ASCENSOR.
24/01/23 SATE CON EL ADMIN
22/01/2024 enviada hoja de encargo
--------- Forwarded message ---------
De: colegiado10837@fincasencasa.com <colegiado10837@fincasencasa.com>
Date: jue, 15 ene 2026 a las 11:13
Subject: SOLICITUD OFERTA PROYECTO, DIRECCION FACULTATIVA Y GESTIÓN DE SUBVENCION
To: daniel de soto <danieldesotoarquitecto@gmail.com>


Buenos días, Daniel:



Por favor, envíame una oferta para el proyecto, la dirección facultativa y la gestión de la subvención para la instalación de un ascensor en la comunidad de C/ Callao 27, Fuenlabrada.

Si pudieras enviármela a lo largo de esta mañana, te lo agradecería, ya que tengo previsto presentarla esta tarde en la Junta.



En su día visitaste la comunidad y nos enviaste el plano, que adjunto para tu referencia.



Gracias de antemano.
23-01-2026 HE CON INFORME ENVIADO
24/ 09/26 Nos piden actualizar honorarios , enviado a Mónica para su ok 29/09/26 enviado a cp",SATE,,,,MADRID\1APROVINCIA\FUENLABRADA\callao27\FICHA DATOS TECNICOS.docx
callao29,ok,,,,,Miguel Bárcenas,916079918,colegiado10837@fincasencasa.com,CDAD,MIGUEL BARCENAS,Daniel,por defecto: sin etiqueta = Daniel,,,24/01/23 SATE CON EL ADMIN,,,,,MADRID\1APROVINCIA\FUENLABRADA\callao29\FICHA DATOS TECNICOS.docx
callao31,ok,H79634564,,50797077J,FINCAS EN CASA. Encasa Administración de Fincas del Sur S.L. B88036405,Ismael García,916079918; 676676993,"colegiado9971@fincasencasa.com encasa@fincasencasa.com avisos@fincasencasa.com Pedidos docs cp 26-04-2023, 08/05 – 02/08/2023 MAIL DICIENDO QUE HASTA QUE NO ELIJAN EMPRESA, A PRIMEROS DE SEPT NO ENVIAN NADA- Sandra se lo reclama el 02/08/2023 CONSTRUCTORA: DIDEPRO",CDAD,,Daniel,por defecto: sin etiqueta = Daniel,Rafael Andújar,3206701VK3630N,"26/04/23 Quieren que cuando se vaya a medir llamemos a alguien de la comisión de obras.

Ojo: tienen un presupuesto ciego hecho por otro arquitecto. Como no les tramitan las subvenciones, nos lo han dado a nosotros.

No obstante, en las visitas que ya han tenido con las empresas “finalistas”, ya se han percatado de algunas cuestiones que, previsiblemente, será necesario matizar sobre la medición ciega inicialmente presentada por el arquitecto:

-          Ajustar la salida de humos de las cocinas de muchas viviendas, algunas habrá que prolongarlas.

-          Las actuales lamas de las terrazas deben ser pintadas, o se puede incluir como partida opcional su sustitución por otras nuevas. Revestimientos Proyecton, una de las empresas consultadas, nos marcaba como ejemplo unas que ha ejecutado en la Calle Canarias 6 (adjunto foto). (CAMBIARLA  A ALUMINIO)

-          El Ayuntamiento exigirá marcarle unas líneas en fachada donde se instalen los aires acondicionados.

-          La medición ciega no recoge todos los toldos existentes en el bloque, ni si hay que adaptarlos.

-          En la visita de ayer, con la empresa A.R.E., nos recomendaban implementar un aislamiento de 10cm en lugar de los 8 proyectados.

Estas son algunas cuestiones planteadas, pero nos interesaría que la visita, como os digo, se haga con la comisión de obra, de cara a matizar estas cuestiones.



~~D. Jorge Moreno, piso 3º A, telf. 609676429.~~~~Ya no esta en la comisión~~
Dña. Lidia Martín, piso 6º A, telf. 692750417.
D. Javier Moreno, piso 6º C, telf. 648205156.
D. José Ignacio Hernández, piso 9º B, telf. 667457839.


[NOTAS PARA PROYECTISTAS]
Galería Planta Baja. La galería está tabicada por el interior, aprovechando el espacio como trasteros. Adjunto foto en DATOS / FOTOS / Fotos a tener en cuenta

[NOTAS PARA ANA]
Vecinos saboteadores. El vicepresidente me comentó que hay 3 vecinos que está totalmente en contra de la obra y que intentaron denunciar a la Comunidad de Vecinos. Cuando fui a la visita, el cartel que mandamos había sido colocado por el Vicepresidente, pero no estaba cuando fui, presumiblemente arrancado por alguno de estos vecinos que están en contra del Proyecto.
Ascensor. Me comentó el Vicepresidente que a futuro estarían interesados en hacer una bajada del ascensor a cota 0, para suprimir los escalones del interior del portal (le comenté que nosotros también hacemos proyecto de eso). Hay una señora con graves problemas de movilidad que no puede usar la rampa porque no hay espacio en los rellanos de la rampa para que gire la silla motorizada que usa, por lo que se ve obligada a subir los escalones por su propio pie.

El administrador mandó un informe de eficiencia energética de la caldera que da servicio a Callao 31, 33 y 35. Está en DATOS / VISITA TOMA DE DATOS.
Antes de visar, pasar todo a la comisión de obras para que le den el visto bueno.
02/11/2023 Se han tramitado ellos la gestión de las tasas y la declaración responsable. Van a empezar la obra en breve.
13/11/2023 Nos llaman de didepro pidiendo el proyecto y que indiquemos quién será el Coordinador de seguridad y salud. No lo tienen contratado
01-10-2024 TERESA ROLDAN YA NO ESTÁ EN LA EMPRESA NUEVO JEFE DE OBRA: ALIS ANTONIO CABRERA acabrera@didepro.es   650116899
19/11/2024 INCIDENCIA IEE: La IEE recogía información de metros cuadrados de fachadas que han requerido por ser superior a la realidad, con lo cual se han ajustado, pueden afectar a las demás documentaciones como LIBRO DEL EDIFICIO","D. Jorge Moreno, piso 3º A, telf. 609676429. · Ya no esta en la comisión",,,,MADRID\1APROVINCIA\FUENLABRADA\callao31\FICHA DATOS TECNICOS.docx
callao33,ok,,,,,,,,CDAD PROP,MIGUEL BARCENAS FINCAS EN CASA,Daniel,por defecto: sin etiqueta = Daniel,,,"06/02/2024 enviada hoja de encargo
06/06/2024 PIDEN HOJA TOTALMENTE DESGLOSADA EN: partidas previas a la obra, partidas de ejecución de la obra, y tramitación de subvenciones. Dárselo muy pormenorizado. Primero quedar con el presidente Manuel. Cita el 21/06 avisado Miguel Bárcenas para que se lo diga a la comisión de obras.

CUBIERTA IMPERMEABILIZADA CON LOSA FILTRON EN 2023 (según Mónica, la cubierta sólo afecta en un 5% de ahorro energético)",,,,,MADRID\1APROVINCIA\FUENLABRADA\callao33\FICHA DATOS TECNICOS.docx
callao35,ok,H79121620,,02222107P,ADMINISTRADORES NOVAFINCAS,Susana Mejías Pérez,91.617.42.49 – 629.36.04.26,Nuevos administradores a mayo 2025 (PEDIDAS ACTAS 13/05),CDAD,MIGUEL BARCENAS,Daniel,por defecto: sin etiqueta = Daniel,Rafael andujar,3206802VK3630N,"24/01/23 SATE CON EL ADMIN
23/03/23 quieren medición ciega y los certificados de eficiencia energética. Mónica les manda hoja de encargo.
17-08-2023 Pido doc inicial y que elijan sobre la subvención. Miguel está de vacaciones mando mail a las otras 2 direcciones
VISITA TOMA DE DATOS 25/08/2023
Tenemos datos de la Caldera
Ya he podido coordinar el asunto de la atención al técnico que gire visita. Os facilito el teléfono de la vicepresidente, que en caso de no poder atenderos, os indicará la propiedad a la que le deja las llaves: Dña. Jennifer Carrizo, telf. 673791659.


02/11/2023 Ismael me cuenta por tlf que tienen previsto iniciar la obra en enero, a menos que les quede algún hueco antes y la puedan empezar. Nos irán diciendo. Ojo, no está presentada la DR. Se la saben gestionar ellos.

31/07/2026 (Adriana) llega notificación del ayto con la concesión de la DR
Informo a todos los interesados (la obra ya está acabada)","FINCAS EN CASA · C. de Holanda, · nº · 7, Local 4, 28943 Fuenlabrada, Madrid · Miguel Bárcenas · 916079918 · colegiado10837@fincasencasa.com · ; · encasa@fincasencasa.com · Ismael García Moreno · colegiado9971@fincasencasa.com",,,,MADRID\1APROVINCIA\FUENLABRADA\callao35\FICHA DATOS TECNICOS.docx
callao37,ok,,,,,,,,,MIGUEL BARCENAS FINCAS EN CASA,Daniel,por defecto: sin etiqueta = Daniel,,,06/02/2024 enviada hoja de encargo,,,,,MADRID\1APROVINCIA\FUENLABRADA\callao37\FICHA DATOS TECNICOS.docx
callao4,ok,,,,,,,yolanda.valinali@gmail.com,,,Daniel,por defecto: sin etiqueta = Daniel,,,"14/03/2023 MONICA LE ENVIA ESTUDIO ENERGÉTICO. Yolanda vecina de Lima 5, 633 055 580, quieren presupuesto y tramitacion, OJO.lead inmaculada.   MONICA PREPARAR PRESUPUESTO Y DARSELO A YOLANDA",,,,,MADRID\1APROVINCIA\FUENLABRADA\callao4\FICHA DATOS TECNICOS.docx
callao41,ok,,RAFAEL DIAZ,,,,,jubilatarafa@gmail.com,CDAD PROP,,Daniel,por defecto: sin etiqueta = Daniel,,,11/03/2024 PRESUPUESTO PARA SATE MISMO QUE CALLAO 31 Y 35.,,,,,MADRID\1APROVINCIA\FUENLABRADA\callao41\FICHA DATOS TECNICOS.docx
callao44,ok,,,,ADMINISTRADORES NOVAFINCAS,Susana Mejías Pérez,91.617.42.49 – 629.36.04.26,susana@administradoresnovafincas.es,,,Daniel,por defecto: sin etiqueta = Daniel,Fernanda del Río,,,,,"21-05-2025 ENVIADAS HE (VIABILIDAD HECHA POR DANIEL)
2-07-2025 HABLADO CON NOVAFINCAS SE REUNEN EN SEP PARA VOTAR POR EL ASCENSOR.",,MADRID\1APROVINCIA\FUENLABRADA\callao44\FICHA DATOS.docx
callao48,ok,,,,FINCAS EN CASA,MIGUEL BARCENAS,676676993 / 91 607 99 18,colegiado10837@fincasencasa.com,,,Daniel,etiqueta de la ficha,,,,,,"---------- Forwarded message ---------
De: colegiado10837@fincasencasa.com <colegiado10837@fincasencasa.com>
Date: mié, 24 sept 2025 a las 13:22
Subject: SOLICITUD OFERTA INSTALACIÓN ASCENSOR EN C/ CALLAO 48
To: danieldesotoarquitecto@gmail.com <danieldesotoarquitecto@gmail.com>


Buenos días;

En relación a la Comunidad de Propietarios de Calle Callao 48 de Fuenlabrada, estan planteandose con bastante firmeza la instalación de un ascensor. Es una Comunidad que acabamos de coger y la duda que tienen es si entra un asccensor por el tiro de escalera. La verdad es un portal con una construcción bastante singular. Por favor, realiza una pequeña visita para ver si entra y enviame oferta de honorarios para elaboración de proyecto y gestión de subvenciones si procede.

La persona de contacto se llama Ines y su telefono es el 650005446.
Gracias de antemano.

Daniel: Hay que derribar la escalera y hacer una nueva con un ancho de 1,85 m y fondo de 2,1 m , dejando hueco para un elevador de tres personas a velocidad de 0,15 m/sg . Modificación de contadores eléctricos.. presupuesto de la intervención 220000€  más IVA.
29-09/2025 HE enviada e informe de viabilidad",,MADRID\1APROVINCIA\FUENLABRADA\callao48\FICHA DATOS.docx
callao50,ok,,,,NOVAFINCAS,,,,,,Carlos,etiqueta de la ficha,,,,,,,,MADRID\1APROVINCIA\FUENLABRADA\callao50\FICHA DATOS.docx
callao68,ok,,,,,,,,,SUSANA BARCO ARQUIOBRAS,Daniel,por defecto: sin etiqueta = Daniel,,,26/06/2023	 Mónica envía presupuesto.,,,,,MADRID\1APROVINCIA\FUENLABRADA\callao68\FICHA DATOS TECNICOS.docx
calledelaestacion,sin ficha,,,,,,,,,,,,,,,,,,,
canarias8,ok,H78347028,ANTONIO SANCHEZ FERNANDEZ,02096199W,IGM (PEDIDOS DOCS 29/07/2024),Inmaculada García (jefa) Lola (secretaria),914 98 93 93 (oficina) 696 11 74 97 (Lola) 615 63 60 97 (inma),info@igmserviciosjuridicos.com (Lola); inmagarcia@igmserviciosjuridicos.com (Inma García) ES38 2085 9971 6503 3034 8143,Cdad prop,ANTONIO SANCHEZ SECRETARIO CP,Daniel,por defecto: sin etiqueta = Daniel,,2704602VK3620S,"04/03/2024 ANTONIO SANCHEZ SECRETARIO CP. ELIMINAR BARRERAS Y BAJADA A COTA CERO? PRESUPUESTAR. TLF 607 73 74 05. asf2731@gmail.com. DE PARTE DE IGM
28/06/2024 Envían firmada hoja de encargo para: completa eliminación de barreras arquitectónicas con bajada a cota cero de ascensor y modificación del primer tramo de escalera y del portal.
30/01/2025 Eugenio Chavarría
CHAVARRIAS CONSTRUCCIONES
Tlf 686 99 70 11

Dice que en nuestro presupuesto del proyecto hay muchas partidas que le parece que NO corresponden o que directamente no coinciden con la realidad de lo que hay que hacer:
- Andamios: dice que no corresponde
- Demolición de peldaños, que no son los 25 que pone ahí
- Alicatado, que no corresponde
- Acabados
- Falso techo, etc.
- Pide que Daniel lo revise entero, porque dice que NO ESTA BIEN
28-05-2025 enviada HE de subvención
30-05-2025 HE de subvención FIRMADA
24-06-2025 HABLO CON IVAN CHAVARRIAS Y ME CONFIRMA QUE QUIERE CFO, ESCRIBO EMAIL PIDIENDO DOCUMENTACIÓN QUE ME FALTA (APERTURA CTRO TRABAJO, Y PPTO FIRMADO)
01/07/2025 ACTA DE OBRA para impermeabilización del foso que evite filtraciones de agua
28/07/2025 ALEX: Tras conversación con Daniel, me indica que el portero electrónico de la comunidad si es accesible. Por ello, en el informe IEE no hablaré del mismo.
IEE: tampoco se hablará de la humedad en el foso del ascensor, que lo van a impermeabilizar.

IEE POSIBLE REQ: Ya se ha registrado y se ha detectado que se pusieron 24 viviendas, son 32 viviendas, esperaremos a que lo requieran para arreglarlo
21/08/2025: ENVIAMOS CORREO A LAS ADMINISTRADORAS SOBRE LA APROBACIÓN DE LA BONIFICACIÓN EN EL ICIO
IBASA ASCENSORES S.A. // 91 405 72 50 // administracion@ibasaascensores.es",PRESIDENTE · JESUS GUIO RODRIGUEZ · DNI PRESIDENTE · 50057752T · Fernanda del Río,,,,MADRID\1APROVINCIA\FUENLABRADA\canarias8\3 Mejora accesibilidad\FICHA DATOS TECNICOS.docx
castillalanueva16,ok,,,,,,,,FAIN,JUAN ANTONIO ALVAREZ,Daniel,por defecto: sin etiqueta = Daniel,,,23/11/22,,,,,MADRID\1APROVINCIA\FUENLABRADA\castillalanueva16\FICHA DATOS TECNICOS.docx
castillalanueva18,ok,H80862469,,,,,,jdomingo@datavoice.es,,NACHO  FAIN,Daniel,por defecto: sin etiqueta = Daniel,,,"Propiedad:	CP CASTILLA LA NUEVA 18
CIF:	H80862469
Presidente:
DNI:

Código postal:	28941
Referencia catastral: 2407811VK3620N
Fachada: 28
PEM:  30.000   residuos: 300
SUPEFICIES 41,10 m2


ES22 0081 0337 1200 0151 3354




Luis Benavente Carpintero <lbenavente@codib7.com>

9 jun. (hace 3 días)




para mí



A/T. Daniel De Soto.

Buenos días, soy Luis Benavente de la Empresa Coordinación de Instalaciones y como hemos hablado por teléfono le paso los datos del presidente de la comunidad de propietarios situada en la
C/ Castilla La Nueva Nº 18 en Fuenlabrada , ante el interés de la comunidad de aceptarle el presupuesto dado  para la realización del proyecto de renovación de ascensor con bajadas de paradas
en en portal y en el garaje.

El presidente se llama Juan  y su teléfono es el 635 45 05 22, le urge ponerse en contacto lo antes posible para fijar una entrevista, la semana que viene, para pornerlo en marcha cuanto antes
pues quieren que no se demore más por diferentes motivos (humanos, solicitud de subvención antes de final de mes y ver presupuestos finales de albañilería y ascensor para su aceptación).

Ruego les llame mañana.

En espera de noticias, me pongo a su disposición para lo que puediese necesitar.

Un saludo.

LUIS BENAVENTE

COORDINACIÓN DE INSTALACIONES B7, S.R.L.
Luis Benavente Carpintero
Oficina en C/ Castilla La Nueva, 19 Local
Talleres en PLz. de San Sebastian, S/N
Fuenlabrada 28 941 (Madrid)
Telf. 633 17 67 49
email. lbenavente@codib7.com",,,,,MADRID\1APROVINCIA\FUENLABRADA\castillalanueva18\FICHA DE DATOS ACCESALIA.docx
castillalanueva22,ok,,,,LORMAN,Juan Carlos,,lormanad@gmail.com,,,Daniel,etiqueta de la ficha,,,,,,"---------- Forwarded message ---------
De: Luis Benavente Carpintero <lbenavente@codib7.com>
Date: jue, 9 abr 2026 a las 14:22
Subject: Re: CASTILLA LA NUEVA 22 FUENLABRADA
To: Alejandra Pérez <aperez.accesalia@gmail.com>

Buenos días Alejandra, te adjunto croquis a mano, de la rampa a realizar, el cliente quiere presupuesto de lo que supondría la tramitación de la declaración responsable y la legalización de dicha rampa.
Es una intervención sencilla a realizar y la pagaría la comunidad del garaje que pertenece a Lorman.
El presupuesto envíaselo a Lorman a la atención de Juan Carlos y me pones en copia, pues ya tengo
aceptada mi intervención.
En espera de noticias, aprovecho la ocasión para saludarte.
Luis Benavente
4705353111500












09-04-2026 HE enviada a Mónica para su ok  14-04-2026  enviado",,MADRID\1APROVINCIA\FUENLABRADA\castillalanueva22\FICHA DATOS.docx
castillalanueva33,ok,H79387577,ANDRES ALONSO FEITO,02088199Y,LORMAN (PEDIDOS DOCS CP 13/01),Lorena,916 06 49 13,,CDAD,,Daniel,por defecto: sin etiqueta = Daniel,ROPERO,2210609VK3621S,"27/02/2024 ENVIADO PRESUPUESTO MISMO VALOR QUE CASTILLA LA NUEVA 40 FUENLABRADA
13/01/2025 Llaman de Lorman diciendo que tenían anotado que nos lo habían mandado firmado en abril de 2024, pero no lo tenemos. Mandan hoja de encargo firmada, pero faltan los datos de facturación.
Quieren empezar la obra con CODI de manera inminente.

24/04/2025 CFO VISADO ENVIADO AL ADMON Y CODI. Sofia",,,,,MADRID\1APROVINCIA\FUENLABRADA\castillalanueva33\FICHA DATOS TECNICOS.docx
castillalanueva37,sin ficha,,,,,,,,,,,,,,,,,,,
castillalanueva37bis,ok,H79410346,VERONICA SANTOS MATEOS,46845844L,LORMAN,LORENA,,lormanad@gmail.com,,,Carlos,etiqueta de la ficha,,2210607VK3621S,,,,"9/1/26 Daniel indica se ponga un presupuesto bajo.
23/01/2026 se envia justificante de registro y proyecto visado, aviso que ya se puede empezar la obra
30/03/2026 FIN DE OBRA
10/04/2026 SE PASA A VISAR CFO
20/04/2026 se envia cfo visado
21/07/2026 (Adriana) SE REGISTRA CFO EN EL AYTO",,MADRID\1APROVINCIA\FUENLABRADA\castillalanueva37bis\FICHA DATOS.docx
castillalanueva40,ok,H79562864,,01117135W,"LORMAN ADMINISTRACIONES, S.L.",José Antonio.,916064913,lormanad@gmail.com,Cdad prop,,Daniel,por defecto: sin etiqueta = Daniel,JAVIER ROPERO,2412401VK3621S,"16/02/2024 OJO, LA OBRA VA A SER DE REFORMA DEL PORTAL Y RAMPA, PERO NUESTRO PROYECTO SOLAMENTE TIENE QUE REFLEJAR LA RAMPA PARA QUE NO PAGUEN TASAS ADICIONALES. ES MUY URGENTE, QUIEREN INICIAR LA OBRA EL 26/02

SE HA HECHO UN CROQUIS POR PARTE DE CODI. VERLO EN DATOS / CROQUIS.

PAGO EN 3 PLAZOS",,,,,MADRID\1APROVINCIA\FUENLABRADA\castillalanueva40\FICHA DATOS TECNICOS.docx
castillalavieja10,ok,,,,ALCORA,VALENTIN,,,,VALENTIN ALCORA,Daniel,por defecto: sin etiqueta = Daniel,,,"19/11/2024 PROYECTO EXTERNO DE SATE. ÉL YA HA ESTADO TRAMITANDO LA NG QUE VENCIÓ EL 31/12/2023. QUIERE PRESUPUESTO PARA TRAMITACION DE SUBVENCIONES. Se le manda hoja de encargo modelo precio fijo + variable a éxito.
Están comprando las CAES.",,,,,MADRID\1APROVINCIA\FUENLABRADA\castillalavieja10\FICHA DATOS TECNICOS.docx
castillalavieja12,ok,,,,,,,,CDAD PROP,VALENTIN ALCORA,Daniel,por defecto: sin etiqueta = Daniel,,,,,,,,MADRID\1APROVINCIA\FUENLABRADA\castillalavieja12\SATE\FICHA DATOS TECNICOS.docx
castillalavieja8,ok,H79679098,,70322855X,ÁLVAREZ ASESORES (pedidos docs 12/04),LUIS CARLOS ÁLVAREZ – ANA ROSA,91 664 02 03,alvarezasesores@alvarezasesores.es LLANOS.MARTIN@alvarezasesores.es,CDAD,LUIS CARLOS ÁLVAREZ- ANA ROSA,Daniel,por defecto: sin etiqueta = Daniel,,2105401VK3620S,"MONICA ENVIA PRESUPUESTO?
30/03/23 hoja de encargo firmada
12/04/2023
Hay una serie de vecinos (que me lo han comunicado, a lo mejor hay más) que tienen humedades por:
FACHADA
1º C FRANCISCO JOSE ARGUDO BRAVO 91-6154573
2º C JUAN ANTONIO TORRALBO GARCIA 600-574341
4º C MIGUEL GILARTE OLALLA 679-882267
5º C MANUEL VILLAR JIMENEZ 667-256381
5º B DAVID RAMOS SANCHEZ//SHEILA GOMEZ VERA 610-607123
5º A SERGIO TORRES GARCIA 630-024629/639-837511
5º D AZUCENA GARCÍA HERNÁNDEZ 606223383
7º A MANUEL RODRIGO BELTRAN-HUERTAS 655-313019/675018110
7º D JOSE MANUEL VILLANUEVA DE LA RUBIA 666218036/696570376 Belén
CUBIERTA
9º C David Gutiérrez Escuderos 645727043
[NOTAS PARA PROYECTISTAS]
Cubierta. Cuando se ha intervenido en la impermeabilización de la cubierta, se han tapado 3 de los 8 sumideros que tiene.
12-05-2025 LLANOS ESCRIBE QUE PIDAMOS YA DR AUNQUE NO SEPAMOS NADA DE LA CONCESION DE SUBVENCIÓN.  EMAIL GUARDADO EN CARPETA DR
19-05-2025 ME LLAMAN DE LA OTAF DE FUENLABRADA QUE LAS TASAS QUE HE SOLICITADO YA ESTABAN SOLICITADAS EN 2023 Y NO LIQUIDADAS Y SE TENÍAN QUE HABER ANULADO POR NO HACER LA OBRA, NO PUEDEN GENERAR NUEVAS YA QUE HAY ESAS GENERADAS, HAY QUE PAGAR LAS ANTIGUAS CON RECARGO, MAÑANA ME LLAMAN DE LA OTAF PARA VER OTRA POSIBLE SOLUCIÓN.
21-05-2025 enviada HE DE SEGURIDAD Y SALUD

20-05-2025 MONICA Y YO HABLAMOS CON OLGA DE LA OTAF Y DICE QUE NO PUEDE HACER NADA QUE ENVIARÁN LAS ANTIGUAS TASAS CON RECARGO. DANIEL TIENE QUE HABLAR CON LA COMUNIDAD PARA EXPLICARLES LO DEL RECARGO.
22-05-2025 LLANOS ME ESCRIBE QUE LA CONTRATA YA ESTÁ MONTANDO ANDAMIOS. LE DIGO QUE HASTA QUE LA DR NO ESTÉ PRESENTADA NO PUEDEN MONTAR NI EMPEZAR. URGENTE HABLAR DANIEL CON CARETAL SARPEY Y COMUNIDAD
29-05-2025 se pide firma nuevamente de  HE DE SEGURIDAD Y SALUD
30-05-2025 POR INDICACION DE DANIEL EL CSS SE HARÁ GRATIS. Sofia


04-06-2025 El jefe de obra se llama Miguel Ángel Goñez Goñez. Su número de teléfono es el 687 888 811. (anotado por JL)

06-03-2026 Fin de obra: las fotos para CFO ya están hechas con fecha 3 de Marzo, pero no se prepara ese acta porque faltan remates. Cuando estén subsanados, no hace falta volver, se hace CFO con las fotos que ya tenemos.
08/06/2026 (Adriana) cfo visado e informado a todos los interesados.
Se registra en el ayto",David Gutiérrez Escuderos 9º C · 48995011C · 645727043,,,,MADRID\1APROVINCIA\FUENLABRADA\castillalavieja8\FICHA DATOS TECNICOS.docx
castillejos22,ok,H80412315,LEOVIGILDA ALVAREZ PAJARES,12658734V,,,,fuenlabrada@aeafincas.es,,NACHO  FAIN,Daniel,por defecto: sin etiqueta = Daniel,,,"Propiedad:	CP CASTILLEJOS 22
CIF:	H80412315
Presidente:	LEOVIGILDA ALVAREZ PAJARES
DNI:	12658734V

Código postal:	28944
Referencia catastral: 3099604VK3529N
Fachada: 15
PEM: 45.101	residuos: 300
SUPEFICIES 22,25

ES55 0049 5192 8826 9650 2219

Juan Luis o Cristian",,,,,MADRID\1APROVINCIA\FUENLABRADA\castillejos22\FICHA DE DATOS ACCESALIA.docx
castillejos23,ok,H79442745,,01896786E,FINCAS EN CASA,,,colegiado9971@fincasencasa.com,,FRANCISCO MIGUEL LÓPEZ MENA FAIN > oswaldo,Daniel,por defecto: sin etiqueta = Daniel,,,"Propiedad:	CDAD PROP CASTILLEJOS 23 FUENLABRADA
CIF:		H79442745
Presidente:	CLOTILDE GARCIA IZQUIERDO (A JUNIO 2025)
DNI:		01896786E

Código postal:	28944
Referencia catastral: 2998104VK3529N
Fachada:
PEM:	 101.770,41         residuos:



Con el acta de inicio de obra, mandar el CSS

La CP contrata directamente el proyecto en 2021 y luego subvenciones en 2022.
En 2024 nos contrata FAIN, y también se hacen subvenciones.

Expediente ayuntamiento 2021/DRN_01/000620

Fuenlabrada
Distrito Arroyo Centro la Fuente


HYPERLINK ""https://sede.ayto-fuenlabrada.es/zonasurbanismo/zonasdeurbanismo.html""https://sede.ayto-fuenlabrada.es/zonasurbanismo/zonasdeurbanismo.html

24-08-2023
Cita con la técnico de urbanismo de un vecino y el administrador que nos dice
“Me dirijo a vosotros para informaros del resultado de nuestra visita a Fernanda del Río. Nos comunica que, ante la previsión de que íbamos a consultarle sobre este expediente, antes ha procedido a informar positivamente, por lo que ya tenemos el visto bueno para el inicio de la obra. Me indica, además, que mandará e-mail para que lo tengamos por escrito.

Por lo tanto, ruego se inicien los trámites destinados a dar comienzo a la obra, informándonos del planning de actuación y demás. Recuerdo que en esta obra teníamos que coordinar con el propietario del local comercial situado en planta baja la utilización de parte del espacio del mismo, por lo que es un asunto que también habrá que tener en cuenta antes de empezar.”

Técnico: Enrique

Jefe de obra: Cristian Rodriguez


23/06/2025 HE RENOV SUBV ENVIADA
23/06/2025 HE RENOV SUBV FIRMADA Subvenciones infinitas.",,,,,MADRID\1APROVINCIA\FUENLABRADA\castillejos23\FICHA DE DATOS ACCESALIA.docx
chipre1,ok,E78577129,Manuel Muñoz Marchena,,FUNCASE,,,fincase@fincase.net,,,Daniel,por defecto: sin etiqueta = Daniel,,,hueco ascensor:,,,,,MADRID\1APROVINCIA\FUENLABRADA\chipre1\FICHA DE DATOS ACCESALIA.docx
comunidaddemadrid28,ok,,,,LORMAN ADMINISTRACIONES,Juan Carlos,916064913- 916068726,lormanad@gmail.com,,,Daniel,por defecto: sin etiqueta = Daniel,,,,,,"Forwarded message ---------
De: LORMAN ADMINISTRACIONES, S.L. <lormanad@gmail.com>
Date: mié, 14 may 2025 a las 11:40
Subject: CP COMUNIDAD DE MADRID 28_ACCESIBILIDAD PORTAL
To: Oficina Accesalia <oficina.accesalia@gmail.com>

Buenos días.

En la CP Comunidad de Madrid, 28, tienen intención de mejorar la accesibilidad del portal. Al parecer tienen 5 escalones que se deberían salvar con una rampa o lo que proceda.

Soy nuevo compañero en el despacho y no se muy bien como funcionais en estos casos la verdad. No se si primero visitáis para ver si existe viabilidad y a partir de ahí pasáis presupuesto o como va el asunto.

Sea como sea, y de cara a la próxima reunión, queremos llevar algo concreto para poder tratarlo en la junta.

19-05-2025  Si fuese necesario contactar con algún vecino se puede llamar a Sagrario y su teléfono es el 620835043 quien tiene especial interés en la remodelación
22-10-2025 enviado hoja de encargo proy + sub",,MADRID\1APROVINCIA\FUENLABRADA\comunidaddemadrid28\FICHA DATOS.docx
comunidaddemadrid9,ok,H80074024,YOLANDA PINILLO ALFONSO,08939170J,IGM Servicios,Inma García,914989393,"inmagarcia@igmserviciosjuridicos.com (ojo, que ella no ve los correos); info@igmserviciosjuridicos.com (Lola)",cdad,,Daniel,por defecto: sin etiqueta = Daniel,Fernanda del Río,2391701VK3529S,"El contrato que tienen con Triteca está supeditado a la concesión de la subvención. Salen en verano 2022, así que hasta otoño 2022 seguramente no empiece la obra. Llamarán para confirmar (01/12/2021)

Octubre 2022: Triteca ha cerrado. Pedir presupuestos a 3 empresas:
Elecnor. Pedido a Ibai y Daniel Navarro (19/10/22)
Aparicio. Daniel habla con ellos.
Lartec. Daniel habla con ellos. Enviado proyecto a Lartec (24/10)

24/01/23 se envían hojas de encargo a Inma
CALEFACCION INDIVIDUAL
La obra está ejecutada, pero nosotros vamos a presentarles ahora la subvención next generation, y para eso necesitamos la IEE.
Esto de los amortiguadores no es cosa nuestra, sino de la constructora.
Reenvíale el correo a la constructora Proyecton para que lo valoren ellos
Enviado 05-09-2023",YOLANDA SABALETE MONEDERO · 48996385Z · Susana Corona Benito presidente a noviembre 2023: 689 07 82 66,,,,MADRID\1APROVINCIA\FUENLABRADA\comunidaddemadrid9\FICHA SATE COMUNIDAD DE MADRID 9 FUENLABRADA.docx
constitucion11,ok,,,,ELITE GESTION,SUSANA SOLANILLA,91 690 03 82,incidencias@elitegestion.net,CDAD,SONIA (VECINA DE FUENTEBELLA),Daniel,por defecto: sin etiqueta = Daniel,,3096802VK3529N,"21/12/2023
LA COMUNIDAD DE LA MADRE DE SONIA VA A PONER SATE Y PEDIR NEXT GEN. ES UNA MANCOMUNIDAD DE 4 TORRES. LE VA A PASAR NUESTRO TELEFONO. OJO!!! NO QUIEREN VER NI EN PINTURA A ARQUIOBRAS, LES HIZO UNOS ARREGLOS Y TUVIERON MUCHOS PROBLEMAS.

29-12-2023
MANDAR A ELITE GESTION LA PROPUESTA DE HONORARIOS, VIENE DE SONIA, LA PSCOPATA DE PARLA, HABLE CON SUSANA DE ELITE GESTION",,,,,MADRID\1APROVINCIA\FUENLABRADA\constitucion11\FICHA DATOS TECNICOS.docx
constitucion49,ok,,DIEGO ORTEGA FERNANDEZ,,BEGOÑA E INMACULADA,,,619148748@orange.es,,NACHO   FAIN,Daniel,por defecto: sin etiqueta = Daniel,,,"Propiedad:	CP CONSTITUCION 49
CIF:		H-79528493
Presidente:	DIEGO ORTEGA FERNANDEZ
DNI:		46928961-Z

Código postal:	28944
Referencia catastral: 3196521VK3539N
Fachada: 29,30 m
PEM:	          residuos:

Local Hiper
ANTONIO BERNAT  626 484 966
Representante: PACO CARPIO  626 470 986
inmocarme@hotmail.com

2100 1792 8002 0007 0331",,,,,MADRID\1APROVINCIA\FUENLABRADA\constitucion49\FICHA DE DATOS ACCESALIA.docx
constitucion50,ok,,,,SERGIO,,,esther.reicom@gmail.com,,NACHO FAIN,Daniel,por defecto: sin etiqueta = Daniel,,,"Propiedad:
CIF:
Presidente:
DNI:

Código postal:
Referencia catastral:
Fachada:
PEM:	residuos:
SUPERFICIES
AMBITO ORDENACION
DISTRITO

HABLAR CON EMPRESA CONSTRUCTORA REICO
ESTER  625 172 564   esther.reicom@gmail.com

PARA INVASION DE SUELO PUBLICA HACER SEPARATA EXPLICATIVA DENTRO DEL PROYECTO DE EJECUCION PARA QUE LA MIRE:
JUAN ANTONIO JUARA  91 649 70 00  (MARCAR 1 Y EXTENSION 4221)",,,,,MADRID\1APROVINCIA\FUENLABRADA\constitucion50\FICHA DE DATOS ACCESALIA.docx
constitucion51,ok,,,,,,,,,PEDRO YHYSSEN  Y NACHO,Daniel,por defecto: sin etiqueta = Daniel,,,"Propiedad:
CIF:
Presidente:
DNI:

Código postal:
Referencia catastral:
Fachada:
PEM:	          residuos:",,,,,MADRID\1APROVINCIA\FUENLABRADA\constitucion51\FICHA DE DATOS ACCESALIA.docx
cruzdeluisa11,ok,,,,YARA ASESORES,NO DICE,,gestionfincas@yaraasesores.com,,,Daniel,etiqueta de la ficha,,,,,,"---------- Forwarded message ---------
De: <gestionfincas@yaraasesores.com>
Date: mar, 9 dic 2025 a las 17:35
Subject: CCPP CRUZ DE LUISA 11
To: Oficina Accesalia <oficina.accesalia@gmail.com>


Buenas tardes,

Desde la administración de la CCPP CRUZ DE LUISA 11 (Fuenlabrada) solicitamos estudio de viabilidad para instalar una rampa en el escalón de acceso al portal, mejorando así la accesibilidad del edificio.

El contacto del presidente es Roberto 620062216

Muchas gracias,

DANIEL: Hay que eliminar el escalón de la entrada mediante picado y sustituirlo por una rampa que solo sube 5 cm. Se amplía por debajo un anexo a la puerta del portal.. se eliminan las puertas contraviento. Se pica la actual rampa y se sustituye por otra que cumpla pendiente del 10 %.. presupuesto de ejecución material de la obra es de 20.000 € más IVA
16/12/2025 HE CON VIABILIDAD ENVIADOS",,MADRID\1APROVINCIA\FUENLABRADA\cruzdeluisa11\FICHA DATOS.docx
cuartel 1,ok,H79661963,,,ONIX ABOGADOS (SEPT 2022),,,,,,Daniel,por defecto: sin etiqueta = Daniel,,,"Propiedad:	CDAD PROP CL CUARTEL 1
CIF:				H79661963
Presidente:
DNI:

Código postal:				28944
Referencia catastral: 			2597101VK3529N
Fachada:				32.80m
PEM:	  				93.551,31


Residuos:

PLANTA BAJA: 8.90m2
PLANTA TIPO (1º-4º) 4 x 7.70m2 = 30.80m2
TOTAL= 39.70m2",,,,,MADRID\1APROVINCIA\FUENLABRADA\cuartel 1\FICHA DE DATOS ACCESALIA.docx
cuzco1,ok,,,,,,,,,RICARDO DE DIDEPRO,Daniel,por defecto: sin etiqueta = Daniel,,,"08/03/2024 VER VIABILIDAD. ESTÁN PONIENDO AHORA SATE Y CUBIERTA. TIENEN UN PATIO GRANDE. OTRAS CONTRATAS DICEN DE INVADIR TERRAZAS. Cita el 19/03

19/03/2024 ESTUVE CON PRESIDENTE COMENTANDO DERRIBO DE ESCALERA E INVASION DE 30 CM DE TERRAZAS PRIVADAS",,,,,MADRID\1APROVINCIA\FUENLABRADA\cuzco1\FICHA DATOS TECNICOS.docx
delicias1,ok,H79760112,MARIA PAZ HERRERO BALLESTEROS,52090338F,AGV ASOCIADOS - EDUARDO GARIJO,Carlos Iván Sánchez Cabezudo Rina,699845766,ivan@agvasociados.com dani.agvasociados@hotmail.com Poner en copia de todo a la presidenta,FAIN,Juan Antonio Álvarez Novillo,Daniel,por defecto: sin etiqueta = Daniel,Fernanda del río,2497001VK3529N,"06/09/2023 NOS ENVÍAN UNA PERICIAL Y UN PROYECTO DE ASCENSOR (ver en croquis) de una obra abandonada. Pero nosotros tenemos que hacer un planito con otra solución diferente (la sabe Daniel), SIN QUE HAYA QUE IR A MEDIR.
10/10/2023 NOS AVISA JUAN ANTONIO DE COMO SE HACE. No le han mandado todavía el presup firmado a él

12/02/2024 OJO, nos mandan una IEE que falta la firma de la comunidad, no está registrada aparentemente ni nada. Es de la arquitecta que dejó tirada a la comunidad, así que no se le puede pedir nada. Se puede uno fijar en lo que pone pero no sabemos si es fiable. Hacerla bien.

1/04/2024. Hablado con Antonio Álvarez Novillo: El fondo del hueco es de 1,60m ya que ellos en el PTO han interpretado diferente las medidas del hueco libre.
04/04/2024. IEE paralizada hasta tener documentos actualizados de la comunidad
10/04/2024. Solicitud de tasas y bonificación ICIO en la OTAF
17/04/2024 Nombre registrado en ayto FUENLABRADA es
NOMBRE: COMUNIDAD D PROPIETARIOS
PRIMER APELLIDO: DELICIAS 1
06-09-2024 DANIEL TIENE CITA CON FERNANDA Y LA PRESIDENTA MARI PAZ ACUDIRÁ TAMBIÉN
23/02/2026 PASO A VISAR CFO
21/07/2026 (Adriana) registro cfo en ayto",ivan.agvasociados@hotmail.com · Daniel Diaz Torrijos · (YA NO ES PRESIDENTE EN ABRIL 2024) · danieldiaztorrijos@outlook.com,,,,MADRID\1APROVINCIA\FUENLABRADA\delicias1\FICHA DATOS TECNICOS.docx
delicias7,ok,H81223174,JOSE ENRIQUE LUYO PERALTA,Y8314466A,IGM,INMACULADA GARCIA MORENO,91 498 93 93,inmagarcia@igmserviciosjuridicos.com,FAIN,,Daniel,por defecto: sin etiqueta = Daniel,,2398005VK3529N,"03/06/2021 SE VIO CON IBAI DE ELECNOR.
16/10/2023 Se va a ver con Juan Antonio Alvarez Novillo de FAIN y se escanea. Revisar si están escaneados los patios.

Hay que hacer unos planos de instalación de ascensor que se mete en el patio y en el local:

Plano planta primera: cómo queda el ascensor dentro del patio
Plano planta baja: idem

Corre prisa

DIBUJAR LOCAL Y ESCALERAS Y COLOCAR ASCENSOR
16/10/2024 Preguntado status tras reunión. Hay que esperar un poco.
31/10/2025 Miguel Ángel Gómez Pérez(FAIN) NOS ENCARGA PROYECTO
31/10/2025 HE  ENVIADA
3/11/2025 HE RECIBIDA FIRMADA
DELICIAS 7 FUENLABRADA - ASCENSOR - PETICIÓN DE DOCUMENTACIÓN
19/11/2025 inmagarcia@igmserviciosjuridicos.com
Buenas tardes,
Aún no hemos firmado el nuevo contrato con Fain.

26/11/2025 miguelangel.gomez@fainascensores.com
No entendemos a que contrato os referis, tenemos en principio todo lo necesario firmado y enviado por vosotros, os lo adjunto...
11-02-2026 HE SUBV ENVIADA A LA COMUNIDAD
11/02/2026 SE ENVIA PROYECTO TERMINADO A LA COMUNIDAD Y A FAIN, PDT OK PARA SEGUIR GESTIONANDO
17/02/2026 ok proyecto
24/02/2026 envío proyecto visado y formulario para que firme el presidente
04/03/2026 envian solicitud firmada. Solicito a la OTAF las tasas
10/03/2026 envio tasas para que las paguen
17/04/2026 envian los justificantes de pago de las tasas.
Registro la DR y les informo que ya pueden empezar las obras
29/06/2026 se ha realizado una cata par ver el hueco del ascensor en los bajos destinados a viviendas todo ok
14/07/2026 (Adriana) solicito información del estado de la DR a urbanismo
31/07/2026
de:
Juan Luis Ruiz de Mier Maldonado <juanluis.ruizdemier@fainascensores.com> a través de gmail.com

para:
Oficina Accesalia <oficina.accesalia@gmail.com>
Cc:
OBRAS ACCESALIA <obras.accesalia@gmail.com>
fecha:
29 jul 2026, 15:00


“Todavía no hemos empezado la obra. Hasta después de agosto no nos juntaremos con el cliente para explicarle la situación. “",IGM + · JUAN ANTONIO ALVAREZ NOVILLO,,,,MADRID\1APROVINCIA\FUENLABRADA\delicias7\FICHA DATOS TECNICOS.docx
"dinamarca 8,10,12,14",ok,,,,,,,,,NACHO  FAIN,Daniel,por defecto: sin etiqueta = Daniel,,,"Propiedad:
CIF:
Presidente:
DNI:

Código postal:
Referencia catastral:
Fachada:
PEM:	          residuos:",,,,,"MADRID\1APROVINCIA\FUENLABRADA\dinamarca 8,10,12,14\FICHA DE DATOS ACCESALIA.docx"
eras 3 5 7 9 11 13,ok,H79934220,,,,,,lormanad@gmail.com,,NACHO FAIN,Daniel,por defecto: sin etiqueta = Daniel,,,"Propiedad:
CIF:
Presidente:
DNI:

Código postal:
Referencia catastral:
Fachada:
PEM:	          residuos:",,,,,MADRID\1APROVINCIA\FUENLABRADA\eras 3 5 7 9 11 13\FICHA DE DATOS ACCESALIA.docx
eras5,ok,H79813010,,,ROYMAR,,,incidencias@gruporoymar.es,,NACHO FAIN,Daniel,por defecto: sin etiqueta = Daniel,,,"Propiedad:	CP ERAS 5.  FUENLABRADA
CIF:	H 79813010
Presidente:
DNI:

Código postal:	28944
Referencia catastral: 2892802VK3529S
Fachada: 16,20
PEM: 50.000	residuos: 300
SUPEFICIES 57,80 m2

ES27 0081 1387 8200 0116 6819

EXPEDIENTE 1673 LM 17",,,,,MADRID\1APROVINCIA\FUENLABRADA\eras5\FICHA DE DATOS ACCESALIA.docx
eras9,ok,H79934220,SERGIO MANZANO GUTIERREZ,53423130H,YARA GESTORÍA ADMINISTRATIVA,ESTEFANIA GARCÍA,916 90 72 11 / 605 46 50 08,e.garcia@gestoriayara.com,,,Carlos,etiqueta de la ficha,,2892804VK3529S,,,,"ENCARGO:
ELABORACIÓN DE LOS PLANOS NECESARIOS PARA JUSTIFICAR LA INTERVENCIÓN, INCLUYENDO EMPLAZAMIENTO, DISTRIBUCIÓN, DETALLES CONSTRUCTIVOS U OTROS QUE SEAN EXIGIDOS.
ADAPTACIÓN DE LA DOCUMENTACIÓN AL TIPO DE PROCEDIMIENTO APLICABLE (POR EJEMPLO, DECLARACIÓN RESPONSABLE U OTROS SUPUESTOS QUE NO EXIJAN PROYECTO COMPLETO)

Buenos días Carlos,

Como te he comentado por tlf, vamos a sustituir las tuberías del edificio y para ello nos indican que tenemos que tramitar la Declaración responsable de obra menor que tenemos que entregar al Ayuntamiento de Fuenlabrada junto con la siguiente documentación:

1. Un (1) ejemplar en soporte electrónico de, según el caso, la documentación técnica o el proyecto técnico con el contenido mínimo indicado en el Anexo I de la Ordenanza de Tramitación de Licencias Urbanísticas del Ayuntamiento de Fuenlabrada (O.T.L.U.F), suscrito por técnico competente y visado por el colegio oficial correspondiente en los casos reglamentariamente establecidos.
2. Plano de emplazamiento de local donde se ejecute la obra en el conjunto del edificio.
3. Un (1) ejemplar del estudio de seguridad y salud, firmado por técnico competente.
4. Justificante de abono de los tributos municipales.
5. Declaración del autor del proyecto técnico de la conformidad de lo proyectado con la ordenación urbanística aplicable.
6. Certificado de viabilidad geométrica del proyecto técnico suscrito por el autor del mismo.
7. Declaración del promotor de su compromiso de colocación en el lugar donde se vayan a ejecutar la obra, de cartel anunciando la fecha de presentación de la declaración y de las características de la misma.
8. Hojas de encargo de la dirección de obra y en caso de obra mayor de la dirección de ejecución de la obra, de los técnicos
competentes.
9. Copia de la declaración ambiental favorable del órgano ambiental correspondiente cuando la actividad a la que va a destinarse la obra o ésta misma estén sujetas a evaluación ambiental, de conformidad con la ley 21/2013.

23/03/2026 envío informe a todos los interesados
08/04/2026 pdt modificación técnico del informe. Cuando lo termine se lo vuelvo a enviar a la comunidad, sin dan ok, solicito tasas para obra.
El presupuesto dado se pasa por un céntimo, lo cual fue ajustado, y en caso que se vuelva a imprimir modificarlo
27/04/2026 envio proyecto terminado para ok.
Cuando den ok, solicito las tasas.
04/05/2026 ok al proyecto, envío solicitud DR para que la firme el presidente de la comunidad y después solicitar las tasas
06/05/2026 solicito por OTAF las tasas
14/05/2026 envio las tasas para que gestionen el pago
19/05/2026 registro la DR e informo a los interesados que ya pueden empezar la obra
29/05/2026
de:
susanaus29@gmail.com

para:
Oficina Accesalia <oficina.accesalia@gmail.com>

fecha:
29 may 2026, 11:29

Informan: “Ya tenemos fecha del comienzo de la obra, será el 8 de junio”
05/06/2026

de:
susanaus29@gmail.com

para:
Oficina Accesalia <oficina.accesalia@gmail.com>

fecha:
5 jun 2026, 11:22

Me acaba de llamar el constructor, al fontanero le ha surgido un imprevisto muy grave en la obra que estaba haciendo esta semana y le va ser imposible empezar nuestra obra el próximo lunes día 8 que era como estaba previsto. La tenemos que retrasar al día 15",,MADRID\1APROVINCIA\FUENLABRADA\eras9\dr\FICHA DATOS.docx
"escandinavia1,2,3,4,5,6",ok,,,,,,,,,FAIN   NACHO,Daniel,por defecto: sin etiqueta = Daniel,,,"Propiedad:
CIF:
Presidente:
DNI:

Código postal:
Referencia catastral:
Fachada:
PEM:	          residuos:",,,,,"MADRID\1APROVINCIA\FUENLABRADA\escandinavia1,2,3,4,5,6\FICHA DE DATOS ACCESALIA.docx"
estacion1,ok,H79971883,,,ADMINISTRACION AEA FINCAS,,,fuenlabrada@aeafincas.es,,NACHO  FAIN,Daniel,por defecto: sin etiqueta = Daniel,,,6800,,,,,MADRID\1APROVINCIA\FUENLABRADA\estacion1\FICHA DE DATOS ACCESALIA.docx
estacion9,ok,,,,,,,,,JUAN ANTONIO FAIN,Daniel,por defecto: sin etiqueta = Daniel,,,27/04/2023 MANDO FOTOS POR WHATSAPP,,,,,MADRID\1APROVINCIA\FUENLABRADA\estacion9\FICHA DATOS TECNICOS.docx
fatima18,sin ficha,,,,,,,,,,,,,,,,,,,
fatima3,sin ficha,,,,,,,,,,,,,,,,,,,
fatima6,ok,H79266052,MILAGROS SANTOS RAMOS,02086711J,"DPTO. DE ADMINISTRACIÓN DE FINCAS – ABOGADOS DEL PESO (pedidos docs 23/03, 17/04, 04/05 tlf, 23/05)",Rafael del Peso Ramírez,91.226.99.63 - 668 886 025 616587408 Rafael personal,rafael@abogadosdelpeso.com MEJOR ESTA DIRECC comunidades@abogadosdelpeso.com; info@abogadosdelpeso.com (ojo a veces les ha llegado a spam),FAIN,OSCAR LOPEZ,Daniel,por defecto: sin etiqueta = Daniel,Ropero,2001502VK3610S,"06/03/2023 ESCANEAR Y HACER 3D PARA 08/03
10/03/2023 APROBADO. MANDAR HOJA DE ENCARGO A LA COMUNIDAD EN CUANTO NOS PASE OSCAR LOS DATOS DEL ADMINISTRADOR.

22/12/2023 Ojo facturado a FAIN. Se metió la factura 56 por el 50%. Luego se renumeró porque estaba mal el número, y se volvió a enviar como nº 60. Sin embargo FAIN la ha pagado 2 veces. Es decir, que ya está facturado todo el proyecto, aunque se acaba de obtener la aprobación de la DR.
Falta facturar la CSS cuando empiece la obra.

30/10/2025 paso a visar el CFO",MIGUEL ANGEL GALVEZ FELIPE · 76007040K · 625351691,,,,MADRID\1APROVINCIA\FUENLABRADA\fatima6\FICHA DATOS TECNICOS.docx
fatima8,ok,H79718540,ISABEL DONCEL LANCHO,06923701B,CONSTRUCTIVE SOLUTIONS 2019 SL,JOSE MANUEL CARRASCO ALCOLEA,656836178,DATOS CONSTRUCTOR,CONSTRUCTIVE SOLUTIONS,JOSE MANUEL CARRASCO,Daniel,por defecto: sin etiqueta = Daniel,,2001503VK3610S,,,,,,MADRID\1APROVINCIA\FUENLABRADA\fatima8\FICHA DATOS TECNICOS.docx
ferial7,ok,,,,,,,fernando@asesoriasl.com,PEDRO ARANDA,,Daniel,por defecto: sin etiqueta = Daniel,,,"Propiedad:	CP FERIAL 7
CIF:		H-79948956
Presidente:	ANGEL MONTERO PEREZ (3º-C)
DNI:

Código postal:	28944
Referencia catastral: 2795503VK3529S
Fachada:
PEM: 70.000	          residuos: 1000",,,,,MADRID\1APROVINCIA\FUENLABRADA\ferial7\FICHA DE DATOS ACCESALIA.docx
ferrocarril 1-B,ok,H80566060,NURIA DOMINGUEZ PERPIÑA,,,,,david.cacesa@gmail.com,,NACHO  FAIN,Daniel,por defecto: sin etiqueta = Daniel,,,"Propiedad: CP FERROCARRIL 1-B
CIF: H80566060
Presidente: NURIA DOMINGUEZ PERPIÑA
DNI: 46000116-R

Código postal:	28944
Referencia catastral: 2397806VK3529N
Fachada: 24,5 m
PEM: 50.000	          residuos: 1.000
Superficie:71,60

Necesito un hueco bruto para ascensor + pilares de: 1.450 mm de ancho x 1.600 de fondo. Tampoco necesito más para cumplir con lo acordado con la comunidad.
Hacer voladizo galería por el patio de 50 o 60 cm, con cerramiento mitad de fábrica mitad de aluminio con oscilo.
Escalera de mármol, suelo del portal de mármol.

Por favor cuando tengas el plano, pásamelo para ver cómo queda y pedir yo el plano oficial del ascensor.

Gracias.




ose Ignacio San Felipe Manzano

26 abr. (hace 2 días)




para mí



Largo:
Rellano 1200
ascensor con puertas y cerramiento 1800
Escalera de 900
nos salimos 350-400
Ancho:
Ascensor total 1400
pasillo 1000

Buenas,
Adjunto plano definitivo ascensor. Medidas con cerramiento: 1.450 mm x 1.900 mm
Gracias.



Jose Ignacio San Felipe Manzano

10:31 (hace 19 minutos)




para mí



Entonces si de las 80 mm más al voladizo…. 50mm para el 1250 de fondo y 30mm para la estructura de 80x80mm para sujetar el pistón.
Acuérdate de la escalera hacerla como mínimo de 900, que fue lo que quedamos con los vecinos.

Gracias.",,,,,MADRID\1APROVINCIA\FUENLABRADA\ferrocarril 1-B\FICHA DE DATOS ACCESALIA.docx
francia12,ok,,,,,BELEN BERMEJO (FINCAS ONIX),,,,BELEN BERMEJO (FINCAS ONIX),Daniel,por defecto: sin etiqueta = Daniel,,,"23/10/2024 SUELO HUNDIDO 1º B. AVISADO A BOMBEROS. presidente Evgeny tfno 617 01 01 09 piso 4ºB y la propietaria del piso 1ºB Charo tfno 630 480 447. Cuando llamo a la propietaria, dicen que ya ha ido otro arquitecto.",,,,,MADRID\1APROVINCIA\FUENLABRADA\francia12\FICHA DATOS TECNICOS.docx
francia14,ok,,,,,,,,FAIN,OSCAR LOPEZ,Daniel,por defecto: sin etiqueta = Daniel,,,06/03/2023 ESCANEAR Y HACER 3D PARA 10/03. PRESENTACION 3D DE JOHN CON OSCAR,,,,,MADRID\1APROVINCIA\FUENLABRADA\francia14\FICHA DATOS TECNICOS.docx
francia15,ok,H79641874,,,"ADMINISTRACIONES Y FINCAS SANFER, S.L.",,,fincassanfer@gmail.com,,Francisco Miguel López Mena -> Oswaldo,Daniel,por defecto: sin etiqueta = Daniel,,,"Propiedad: CP FRANCIA 15
CIF:	H79641874
Presidente:
DNI:

Código postal:	28943

Referencia catastral: 2099502VK3519N00

Fachada:

PEM:	          residuos:

SUPERFICIE A INTERVENIR

PLANTA BAJA PLANTA TIPO (1ª - 4ª) 24,87 m² 11,83 x 4) =  47,32 m²

TOTAL          72,22 m2

PEM CORREGIDO: 63.049,29",,,,,MADRID\1APROVINCIA\FUENLABRADA\francia15\FICHA DE DATOS ACCESALIA.docx
francia25,ok,,,,Mupan,Oscar Pando,,opando@mupan.es,,,Daniel,etiqueta de la ficha,,,,,,"25-09-26 Daniel me llama desde la ofi del admi, no me da mas datos que el nombre y el tipo de proyecto , pide envío de  hoja con urgencia a Oscar Pando .
Enviado a Monica para su ok enviado",,MADRID\1APROVINCIA\FUENLABRADA\francia25\FICHA DATOS.docx
francia34,ok,,,,,ismael,,colegiado9971@fincasencasa.com,,Administrador ismael,Daniel,por defecto: sin etiqueta = Daniel,,,"14/03/2023 Buenas tardes,
Tal y como estuve comentando con Mónica la semana pasada, adjunto remito el anteproyecto para la
instalación de sistema de aerotermia en la Comunidad de Propietarios de la Calle Francia nº 34 de
Fuenlabrada. También envío el presupuesto de ejecución del SATE en fachada, y losa filtrón para cubierta, por el
que la Comunidad recibió subvención correspondiente al programa PAREER-CRECE, y que se ejecutó en el
edificio entre los meses de enero y agosto de 2018.
Un saludo",,,,,MADRID\1APROVINCIA\FUENLABRADA\francia34\FICHA DATOS TECNICOS.docx
francia5,ok,H79704250,MARIA MERCEDES HERNAN LEIRO,02515614N,Yara Asesores,Estefanía,605 46 50 08 (Estefanía)  / 916 90 72 11 (ext 2),e.garcia@gestoriayara.com,,MERCEDES VECINA,Daniel,por defecto: sin etiqueta = Daniel,,2198803VK3529N,"12/12/2024 LA QUIEREN IGUAL QUE FRANCIA 7. TLF 662 40 83 71, mercedes.hernan@hotmail.com

20/01/2025 Daniel presenta proyecto a vecinos. Lo quieren. Queda pendiente confirmar con Estefanía Yara asesores hoja de encargo. Y coordinar reunión comercial con estos administradores.

22/01/2025 Estefanía confirma que quieren el proyecto. Nos confirma que se hizo la IEE antes de hacer fachada pero que no se registró. Pero si tienen hecho el CEE Final, que tiene vigencia hasta 2031. Enviamos presupuesto PARA: do + css + SUBVENCIONES CON IEE. Se coordina reunión comercial para presentación de accesalia a estos administradores para el día 28/01

06/02/2025 Se envía mail y recado en el buzón de Estefanía para ver si lo han firmado ya.
05-05-2025 se envían los 3 presupuestos para que voten en junta.
27-05-2025 ELECNOR me envía presupuesto de la ramap y Daniel me indica que lo envíe a la administradora. Sofia
03-07-2025
para:
Sofía Marugán <smarugan.accesalia@gmail.com>

fecha:
3 jul 2025, 11:19
asunto:
RE: FRANCIA 5 FUENLABRADA - ACTA APROBACION DE LA OBRA
Buenos días, aún no han aprobado la obra, esperarán hasta septiembre.

19/03/2026 e.garcia@gestoriayara.com
Pregunta por la licencia. Le explico que desde julio de 2025 no tenemos noticias pero que si quiere retomar nos confirmen y sacamos las tasas para la DR
25/03/2026 confirma seguir con las tramitaciones.
Envio solicitud de DR para que lo firme el presidente de la comunidad
06/04/2026 solicito a la OTAF las tasas
09/04/2026 envio tasas para su pago. En cuanto tenga los justificantes de pago registro la DR
27/04/2026 registro DR en el ayto. informo a todos los interesados.
Pdt informen fecha de inicio de obra.
15/07/2026 (Adriana) administrador envia documentación de canal de Isabel II para solicitar la licencia.
17/07/2026 (Adriana) tienen que realizar el pago de la tasa de canal de Isabel II y firmar la comunicación
24/07/2026 (Adriana) se registra cala en canal de Isabel II y en el ayto
18/09/2026 (Adriana) El ayto envía instrucciones para registrar correctamente el retranqueo.
Gestiono la documentación e informo a los interesados
23/09/2026 (Adriana) envío al administrador las tasas relacionadas con el retranqueo
30/09/2026 (Adriana) se registra la acometida del agua en el ayuntamiento.

Informo a todos los interesados",e.garcia@yaraasesores.com,,,,MADRID\1APROVINCIA\FUENLABRADA\francia5\FICHA DATOS TECNICOS.docx
francia50,ok,,,,,,,maribelgarci68@gmail.com,,,Daniel,etiqueta de la ficha,,,,,,"23-09-26 Han hecho con nosotros un ascensor y en el 2017 un sate con otra empresa . Nos contactan ahora porque quieren poner cubre tendederos en todas las terrazas . Vamos a hacer una memoria ( algo muy simple con alzados ) ya ellos lo tramitan todo en el ayuntamiento . NO tramitamos la DR ni nada más .
Nos envían el presupuesto que les ha dado la empresa con la que lo van a ejecutar
C:\accesalia Dropbox\D SM\Ascensores y rehabilitaciones\MADRID\1APROVINCIA\FUENLABRADA\francia50\CUBRE TENDEDEROS\1.DATOS\3.PRESUPUESTO
23-09-26 enviado a Monica para su ok 29/09/26 enviado a cp",,MADRID\1APROVINCIA\FUENLABRADA\francia50\CUBRE TENDEDEROS\FICHA DATOS.docx
francia7,ok,H79538823,ANTONIO NICOLAS TRILLO,00801689R,MUPAN (PEDIDOS DOCS 22/07),Oscar,912271180,comunidades@mupan.es; opando@mupan.es; mafer@mupan.es; administracion@mupan.es FACTURAS A: contabilidad@mupan.es,,OSCAR DE MUPAN ADMINISTRACION,Daniel,por defecto: sin etiqueta = Daniel,Ropero,2198802VK3529N,"02/07/2024 VISITADO CON PRESIDENTE E INFORMADO A OSCAR DE MUPAN.  POSIBLE HACER 3D

15/07/2024 APROBADO EN JUNTA PRY + SUBV. TIENEN QUE ENVIAR LA HOJA FIRMADA.
22/07/2024 Recibido encargo de proyecto y subvenciones.
29/07/2024 Hablar con Daniel: para quien haga el presupuesto, Antonio el presidente me ha comentado que no le han mencionado a Daniel que también querían cambiar la puerta del cuarto de bomba y una puerta pequeña que hay al lado de esta puerta (Preguntar a Alex). Para que sea tomado en cuenta estos cambios en el presupuesto.
11/10/2024 Por indicación de Daniel, se falsea la cota real de la planta baja, puesto que la composición de rampas, se queda corta. Faltan 7/8cm para llegar a la cota real.
24/10/2024 NO PEDIR DR NI TASAS HASTA QUE ME AVISE ADMINISTRADORA

12-11-2024 DANIEL ME DICE QUE PIDA TASAS ESTÁ REUNICO DON OSCAR DE MUPAN. PIDO DOC CDAD QUE AUN NO NOS HAN ENVIADO. SOFIA

13-11-2024 HABLO CON Mª JOSE Y ME DICE QUE AUN NO PIDA TASAS NI DR PORQUE NO TIENEN PRESUPUESTOS APROBADOS EN JUNTA

03-06-2025 ENVIADA HE CSS
06-06-2025 FIRMADA HE CSS
31/07/2026 (Adriana) llega notificación del ayto con la concesión de la DR.
Informo a todos los interesados (obra finalizada)",,,,,MADRID\1APROVINCIA\FUENLABRADA\francia7\FICHA DATOS TECNICOS.docx
getafe17,ok,,,,,,,,FAIN,JUAN ANTONIO ALVAREZ,Daniel,por defecto: sin etiqueta = Daniel,,,23/11/22 CON MODIFICACION DE L PRIMER TRAMO DE ESCALERA,,,,,MADRID\1APROVINCIA\FUENLABRADA\getafe17\FICHA DATOS TECNICOS.docx
glorietamiraflores2,ok,,,,,,,,,OSWALDO FAIN,Daniel,por defecto: sin etiqueta = Daniel,,,"Propiedad:
CIF:
Presidente:
DNI:

Código postal:
Referencia catastral:
Fachada:
PEM:	          residuos:",,,,,MADRID\1APROVINCIA\FUENLABRADA\glorietamiraflores2\FICHA DE DATOS ACCESALIA.docx
grecia18,ok,,,,,,,pocholotino53@gmail.com,COMUNIDAD,,Daniel,por defecto: sin etiqueta = Daniel,,,"10/03/2023 PRESIDENTE: FLORENCIO 618736207, DECIR QU ELLAMO DE PARTE DE JOSE ALFREDO  DE ADMINISTRACION ALVAREZ,  OJO COMISION PARA OSCAR
14/03/2023 MÓNICA ENVIA PRESUPUESTOS. PRESENTACION EL 20/03 VA DANIEL.
ENTREGADA PRESUPUESTOS, PIDEN ESTUDIARLO PARA IBERDROLA, LES HE PEDIDO LOS CONSUMOS, QUE ALGUIEN LLAME AL PRESIDENTE Y LE PIDA LOS CONSUMOS
LLAMA FLORENCIO DICIENDO QUE HAY 2 BLOQUES DE LOS 6 QUE SE CIERRAN EN BANDA, SOLO HARÁN ALGO CUANDO HAYA UNA ITE DESFAVORABLE. EL BLOQUE MÁS INTERESADO LO VOTARÁ EL JUNTA.",,,,,MADRID\1APROVINCIA\FUENLABRADA\grecia18\FICHA DATOS TECNICOS.docx
habana27,ok,,,,SUSANA MEJIAS,,,,,SUSANA MEJIAS,Daniel,por defecto: sin etiqueta = Daniel,,,"20/10/22 NOS PIDE LA ADMIN PRESUP PARA RAMPA. DANI HA IDO A VERLO CON ELLA, Y LE PASAMOS HOJA DE ENCARGO. PDTE RECIBIRLA",,,,,MADRID\1APROVINCIA\FUENLABRADA\habana27\FICHA DATOS TECNICOS.docx
habana41,ok,H79697546,DOMINGO RODRIGUEZ BLAZQUEZ,76230998M,Aracasa Asesores S.L,Javier Bueno,628362211 / 91 697 62 00,"javierbueno@aracasa.com Siempre q se vaya físicamente o se hable con el administrador, decir q es de Arquiobras, de parte de Susana barco CONSTRUCTORA: REHABILITACIONES ARQUIOBRAS, S.L. C/ VALLE TOBALINA , 20 NAVE 24 - 28021 – MADRID sbarco@arquiobras.es 910428089 699063363",ARQUIOBRAS,SUSANA BARCO TATO arquiobras,Daniel,por defecto: sin etiqueta = Daniel,RAFAEL ANDUJAR,3408001VK3630N,"27/03/2023 Contacta por web. Hablan Dani y Mónica con ella. Tiene varios proyectos. Contacto por Grecia 18 Fuenlabrada

19/04/2023 ENVIADA HOJA DE ENCARGO
20/04/2023 RECIBIDA HOJA ENCARGO FIRMADA. PIDE IR CUANDO VAYAMOS A LA TOMA DE DATOS
Según el requerimiento: aclaración telefónica de lo que piden que se contesto mal

añadir una leyenda de los rales con el color al lado para identificar claramente que los colores en blando y negro de los planos es el real

Hacer un plano de alzados que regule como serán las terrazas cerradas si se cierran o modifican, la posición de los aires etc con criterio unificado
14/01/2026 PASO A VISAR ACTA DE INICIO Y REPLANTEO PARA SUBVENCIONES
24/02/2026 EL AYTO ENVIA NOTIFICACION DE APROBACION DE DR. Informo a los interesados",,,,,MADRID\1APROVINCIA\FUENLABRADA\habana41\FICHA DATOS TECNICOS.docx
higueral1,ok,,,,ROYMAR,"Calle Comunidad de Madrid, 28, Local 28944 Fuenlabrada",RUBEN,916906879.  679602188,,,Daniel,etiqueta de la ficha,,,incidencias@gruporoymar.es / tramites@gruporoymar.es,,incidencias@gruporoymar.es / tramites@gruporoymar.es,30/01/2026 HE ENVIADA,,MADRID\1APROVINCIA\FUENLABRADA\higueral1\FICHA DATOS.docx
higueral12,sin ficha,,,,,,,,,,,,,,,,,,,
hispanidad12,sin ficha,,,,,,,,,,,,,,,,,,,
hispanidad3,ok,H81524076,,,NO HAY YA (ENERO 2022),,,marisolveliz44@gmail.com,"ZARDOYA OTIS, S. A",Raúl Pastor,Daniel,por defecto: sin etiqueta = Daniel,Rafael Andújar,3108103VK3630N,"Ojo: originalmente había un presupuesto de FAIN, pero luego se lo dieron a OTIS. Ya no hay administrador de comunidad. Ahora lo lleva todo el presidente Jesús Egido. 19/01/2022
Mayo 2022: nos escriben de esta empresa con certificados de diferentes obras.
Natalia.
ATURA ARQUITECTURA Y ESTRUCTURA SL.
Dpto. Administración
administracion@atura.es
  916420206
www.atura.es

09/06/2022

La comunidad nos informa que les han parado una subvención del ayto de Fuenlabrada porque en urbanismo de Fuenlabrada la obra figura que no está OK. El fin de obra ya se hizo.
Daniel ha estado reunido en el ayuntamiento con el técnico municipal Rafael Andújar.
Se ha ejecutado lo que se ha querido, no la licencia.
Cuando llegue la denegación de licencia, hay que contestar explicando por qué es la única solución.
Daniel ya ha avisado a la comunidad, no pueden seguir con la subvención hasta que esto se solucione.
03/02/2023 Con Jesús presidente. SATE+FV. Pasarle presupuesto.",,,,,MADRID\1APROVINCIA\FUENLABRADA\hispanidad3\FICHA DATOS TECNICOS.docx
holanda10,ok,H79578563,MARIA VICTORIA  GARCIA LOZANO,02515979D,NO TIENEN,,,hermenegildo.chavero@tkelevator.com,cdad,,Daniel,por defecto: sin etiqueta = Daniel,,1502301VK3610S,"27/04/2022 Presidenta indica que había que hacer un bypass de tuberías. Habría que hablar con Luis Benavente.
Han cambiado a Thyssen (la maquinaria actual que tienen es de Otis). Thyssen sería el encargado de hacer el cambio de ascensor conforme al proyecto de Daniel.
PRESIDENTA ES MARIA VICTORIA 630282690. ENVIADO MAIL CON PRESUPUESTO A COMUNIDADHOLANDA10@HOTMAIL.COM

23/11/22 Firman hoja de encargo proyecto y dirección de obra. Por ahora CSS no.
Quieren hacer una bajada a cota cero, pero hay que saber si el sitio por donde bajará el ascensor tendría algún problema estructural que impidiera hacerlo.
Hay que pedir planos del edificio al ayuntamiento.

28/11/22 Pedidos por instancia general
En el ayuntamiento están cambiando los archivos de competencia, no están seguros de tener los planos actualizados. Ver físicamente qué hay. Una vez hecho esto, nos reuniremos para ver qué solución se puede hacer.

27/02/2023

Recortar escalera para que quede a 90 cm
Picar la pared para que tenga un radio de 1,20
Ascensor doble embarque a 90 grados.
21/11/2023 revisados planos de estructura del edificio:

Una vez revisado el proyecto con la documentación facilitada de los planos originales y revisando la disposición de sus pilares, se llega a la conclusión de que no hay necesidad de realizar el foso colgado, por lo que los planos realizados en abril no necesitan modificación de la cimentación. Una vez se inicie la obra y se pique en todo caso se verá a ver si hay algo diferente. (Susana) Informado a la comunidad.
1/12/2025 css cobrada",,,,,MADRID\1APROVINCIA\FUENLABRADA\holanda10\FICHA DATOS TECNICOS.docx
holanda11,ok,H81146821,,,ADMINISTRACIONES DONATE S.L.,,,comunidades@addonate.es,,Francisco Miguel Lopez Mena,Daniel,por defecto: sin etiqueta = Daniel,,,"Propiedad: 	CP CL HOLANDA 11 FUENLABRADA
CIF:		H81146821
Presidente:
DNI:

Código postal: 			28943
Referencia catastral: 		1502501VK3610S
Fachada:			20.66m
PEM:				85.966,17 €
Residuos:

SUPERFICIES

PB:		19.80m2
P. TIPO: 	7.00x3=21.00m2
TOTAL=	40.80m2

COAM nuevo TL/019200/2021",,,,,MADRID\1APROVINCIA\FUENLABRADA\holanda11\FICHA DE DATOS ACCESALIA.docx
holanda3,ok,,,,FINCAS EN CASA,MIGUEL BARCENAS,916079918,colegiado10837@fincasencasa.com,CDAD,MIGUEL BARCENAS,Daniel,por defecto: sin etiqueta = Daniel,,,"16/06/2023 PIDEN QUE SI SE PUEDE, Y SI SE PUEDE YES WE CAN. SE ENVÍA HOJA DE ENCARGO PRY Y SUBV",,,,,MADRID\1APROVINCIA\FUENLABRADA\holanda3\FICHA DATOS TECNICOS.docx
holanda5,sin ficha,,,,,,,,,,,,,,,,,,,
honda18,ok,H79690129,,,ROYMAR,,,gestiones@gruporoymar.es,,JOSE LUIS,Daniel,por defecto: sin etiqueta = Daniel,,,"Propiedad:	CP HONDA 18
CIF:	H79690129
Presidente:
DNI:

Código postal:	28944
Referencia catastral: 2994701VK3529S

Fachada: 56,43
PEM:	residuos: 300
SUPEFICIES 28 m2

Buenas tardes,
De acuerdo a su petición les informamos de que el presupuesto presentado a la comunidad ya es un presupuesto ajustado desde el principio, y si pudiéramos quitar ahora 4800.-€ ya lo habríamos hecho desde el primer momento. Entendemos que la comunidad y sus representantes se dejen seducir por lo que les ofrece la competencia, pero nosotros en este caso y considerando la buena relación existente con la comunidad podemos ofrecerle un descuento del 15% adicional en la partida del granito, entendiendo que los vecinos quieren que su comunidad después de la obra luzca más con el suelo de granito que de gres.

El presupuesto final de la instalación según lo aprobado en la junta: 91.800.-€+IVA. Con Gearless, doble embarque 180º, suelos en gres y reforma eléctrica.
El proyecto: 3.000.-€+IVA. no se cobrará hasta que la licencia sea favorable.
Opción Granito: 4.080.-€+IVA con dto. realizado.

Quedamos a la espera de la firma del contrato por parte de la comunidad, si finalmente les sigue interesando nuestra propuesta. En caso de desestimarla ruego nos lo comuniquen a la mayor brevedad posible para no continuar con la redacción del proyecto ya iniciada por parte del arquitecto como ya conocen.
Adjunto presupuesto con lo reflejado anteriormente.
Gracias,
Un saludo.",,,,,MADRID\1APROVINCIA\FUENLABRADA\honda18\FICHA DE DATOS ACCESALIA.docx
honduras4,ok,H79930145,,,IGM,,,inmagarcia@igmserviciosjuridicos.com,,INMAculada garcía Moreno,Daniel,por defecto: sin etiqueta = Daniel,,,"Propiedad:	CP HONDURAS 4
CIF:	 H79930145
Presidente:	Carlos
627427817 (enero 2022)

DNI:

Cuenta CDAD: ES65 2085 9733 9003 3044 8348

Código postal:	28945
Referencia catastral: 2902601VK3620S
Fachada:	21,64
PEM:	   86.825,69       residuos:


Presidente: Jose Luis Acero: 661045729 jl.acero03@gmail.com (a noviembre 2021)
Carlos 627427817 (enero 2022)
Constructora: Bim Level: Antonio 696762192/ Angel 605678185

afranco@blmlevel.com

TL-016681-2020
TL-015506-2019",,,,,MADRID\1APROVINCIA\FUENLABRADA\honduras4\FICHA DE DATOS ACCESALIA (2).docx
humera14,ok,,,,,,,,FAIN,JUAN ANTONIO ALVAREZ NOVILLO,Daniel,por defecto: sin etiqueta = Daniel,,,,,,,,MADRID\1APROVINCIA\FUENLABRADA\humera14\FICHA DATOS TECNICOS.docx
humera16,ok,H79112322,PEDRO SANCHEZ CISNEROS,53447056R,ADDONATE PEDIDOS DOCS A OSWALDO 21/02 O CONTACTO DEL ADMINISTRADOR,Eva,,comunidades@addonate.es,,,Daniel,por defecto: sin etiqueta = Daniel,,2501104VK3620S,,OSWALDO · FAIN · –,,18/02/2025 ENVIADA HOJA DE ENCARGO,,MADRID\1APROVINCIA\FUENLABRADA\humera16\FICHA DATOS.docx
humera2,ok,H79669404,,,A través de Edgar Delgado,Evelyn G-7,,comunidades@addonate.es,ELECNOR,Edgar Delgado,Daniel,por defecto: sin etiqueta = Daniel,Fernanda del Río,2499401VK3529N,"---------- Forwarded message ---------
De: EDGAR KELLY DELGADO STALLONE <ekdelgado@elecnor.com>
Date: lun, 20 dic 2021 a las 18:03
Subject: C.P HÚMERA 2, FUENLABRADA
To: <danieldesotoarquitecto@gmail.com>


Buenas tardes Daniel,

Tras conversación previa te adjunto las partidas del presupuesto y dirección que habías hablado con mi compañero Ángel Quiñones.

Vamos a colocar en una Cubierta de Uralita chapa miniada soldada a ganchos de fibrocemento con aislamiento, incluido montaje de cubierta de chapa perfil de 32 de espesor 0,6 i/p.p de tornillería. Te adjunto oferta.

Me dice Ángel que ha comentado contigo no era necesario un proyecto como tal para esta actuación si no que con un informe era suficiente para poder hacer la obra y presentarlo en el ayuntamiento con planos y especificaciones,

Necesito por favor me facilites cuando puedas este informe con planos, con lo que sea llámame, quiero empezar la obra el 10 de enero.

Saludos cordiales.


--
Edgar Delgado Stallone
Jefe de Obra.

Buenas tardes Daniel,
Tras conversación previa te adjunto las partidas del presupuesto y dirección que habías hablado con mi compañero Ángel Quiñones.

Vamos a colocar en una Cubierta de Uralita chapa miniada soldada a ganchos de fibrocemento con aislamiento, incluido montaje de cubierta de chapa perfil de 32 de espesor 0,6 i/p.p de tornillería. Te adjunto oferta.

Tambien necesito que me hagas de DF en esta obra la cual empieza mañana martes 15/02/2022




Dirección Centro - Delegación Mantenimiento I
Calle de Alcalá, 265
28027 Madrid
Tel.: 917 251 004 / Ext. 2916
Movil: 690 934 905
www.elecnorserviciotecnico.com

www.elecnorserviciotecnico.com

17/05/2024

Re: HUMERA 2 FUENLABRADA - DENEGACION DEL RECURSO
Recibidos
Buscar todos los mensajes con la etiqueta “Recibidos”
Eliminar la etiqueta “Recibidos” de esta conversación

Gerencia Accesalia
vie, 17 may, 12:03 (hace 3 días)
Responder a todos


para mí, Dacho



Si no van a pedir subvenciones de ningun tipo (que estando la obra terminada, es para lo unico que necesitan la DR) yo pasaria del tema y lo archivaria, pero a ver qué dice Dani. Por supuesto, primero informando a la comunidad y que sean ellos quienes decidan.

El vie, 17 may 2024 a las 9:14, Oficina Accesalia (<oficina.accesalia@gmail.com>) escribió:
Nos han denegado el recurso. La DR es desfavorable, y dicen que no se pueden ejecutar las obras, pero están acabadas desde hace mucho. Dicen que habría que presentar una nueva DR pero como las obras ya están acabadas, no sé qué hay que hacer.

Es de Fernanda. Yo estuve mandándole mails y llamándola insistiendo, pero ella contestaba todo el tiempo que éramos nosotros los que no mandábamos las cosas, a pesar de haber contestado todo en tiempo y forma.

Histórico:

Proyecto: sustitución cubierta de uralita
Memoria valorada
Se cobró a Elecnor. Lo hizo Enrique.

15/02/2022 Tramitado por DR sin visar. Envío parcial porque empezaban ya las obras.

03/03/2022 Envío completo.

10/05/2022 Se recibe requerimiento.

12/05/2022 Se contesta requerimiento.

17/05/2022 Se añade plano de evacuación de pluviales a la contestación.

09/06/2022 Nos mandan nuevo requerimiento, idéntico al del 10/05/2022, sin explicar nada.

16/06/2022 Volvemos a mandar todo

31/08/2023 Recibimos denegación

05/09/2023 Presentamos alegaciones. Añadimos certificado de alta colegial de Daniel ACTUALIZADO a la fecha 05/09/2023. El anterior que habíamos mandado era de julio 2021 con el alta colegial del nuevo número.

Ahora contestan que reiteradamente no hemos dado contestación a lo que nos pedían, y que la documentación presentada en la alegación es ""extemporánea"". Que no se puede ejecutar la obra, y que hay que presentar DR de nuevo. Tampoco dicen si todo lo presentado ya está correcto y completo, o si falta algo.

Las tasas que pagó la comunidad en su día fueron:
280 euros de tasa licencia
503 euros de tasa ICIO

El fin de obra está firmado a 09/03/2022, es decir, menos de un mes después de haberse tramitado la DR. Este fin de obra NO ESTA VISADO, porque la memoria valorada tampoco lo estaba. El fin de obra tampoco se llegó a meter nunca en el ayuntamiento.

Adjunto la denegación del recurso y las alegaciones que hicimos en septiembre.

Un cordial saludo,

Ana",,,,,MADRID\1APROVINCIA\FUENLABRADA\humera2\FICHA MEMORIA VALORADA CUBIERTA.docx
humera23,ok,H79617072,,,,,,fuenlabrada@aeafincas.es,,SERGIO  VANESSA,Daniel,por defecto: sin etiqueta = Daniel,,,"Propiedad:	CP HUMERA 23
CIF:		H79617072
Presidente:
DNI:

Código postal:	28940
Referencia catastral: 2401204VK3620S
Fachada: 22
PEM: 104.502,94	residuos: 300
SUPEFICIES 36,80 m2
AMBITO ORDENACION
DISTRITO",,,,,MADRID\1APROVINCIA\FUENLABRADA\humera23\FICHA DE DATOS SATE.docx
humera27,ok,H79640397,,,ADMINISTRACIONES DONATE S.L.,,,comunidades@addonate.es,4768850488950037077652984500ADMINISTRADOR DE FINCAS        SI           NO,OSWALDO – FRANCISCO MIGUEL  LOPEZ,Daniel,por defecto: sin etiqueta = Daniel,,,"Propiedad:	CP HUMERA 27 FUENLABRADA
CIF:		H79640397
Presidente:
DNI:

Código postal:		28945
Referencia catastral: 	2401202VK3620S
Fachada:		24m
PEM:
residuos:
SUPEFICIES
Planta baja 8m2
Planta tipo 7m2 x 4 = 28m2
TOTAL= 36m2

AMBITO ORDENACION
DISTRITO

TL/015707/2019",,,,,MADRID\1APROVINCIA\FUENLABRADA\humera27\FICHA DE DATOS ACCESALIA.docx
humilladero5,ok,H79692190,,,,,,SANCHEZ Y LOZANO FINCAS TLF 91 606 53 25 MOV 681 216 190 ANA ADMINISTRADORA recepcion@asesoriasl.com,comunidad,Francisco Miguel López Mena,Daniel,por defecto: sin etiqueta = Daniel,,2598602VK3529N,"Sólo proyecto y visado en el coam. No hay que pedir tasas ni licencia. (Ana 04-11-21) Hasta que lo apruebe la comunidad de propietarios! (reunión prevista el 16/12/21). A 20/12 sin noticias.
A 11/1/22 no tenemos todavía hoja de encargo firmada ni presupuesto
Respuesta de Mª Angeles:
Os informamos que hemos emitido 3 cuotas extraordinarias para poder pagar el proyecto..
A fecha de hoy está aceptado el presupuesto pero no podemos realizar el pago , a la espera de la cuota de Febrero 2022.
En el momento que la tengamos , se les adjunta toda la documentación firmada.

El proyecto se realiza para la demanda del local , comprar la servidumbre y  saber la localización exacta .
La instalación la va a realizarla FAIN ASCENSORES  , pero no hay firmado presupuesto , ya que llevamos 3 años con la demanda.

08/11/22 ESTAN EN COMUNICACIÓN CON EL NUEVO PROPIETARIO DE LOCAL PARA VER SI VALE EL PROYECTYO DE INVASION
11/03/2024 Me llama una nueva administradora, ya no está Mafer. En su día se hizo un proyecto de ascensor y ahora parece que ya se han puesto de acuerdo con el local. Quieren que les pasemos precio para DF y CSS, y saber si vamos a poder estudiar los presupuestos.",GESTION MAFER · (ojo que la cdad les va a dejar nov. 2022) · Oriente 8 local 3. 28945  Fuenlabrada · María Ángeles · Fernández Chocano · 912271180 · administradora@gestionmafer.es,,,,MADRID\1APROVINCIA\FUENLABRADA\humilladero5\FICHA DATOS TECNICOS.docx
hungria4,ok,H79740700,ANGEL RUIZ ALONSO,75984118F,FINCAS EN CASA Pedidos datos 26/04/2023,Miguel Bárcenas,916079918 (L A J DE 9 A 1 Y DE 5 A 7),colegiado10837@fincasencasa.com,CDAD,MIGUEL BARCENAS,Daniel,por defecto: sin etiqueta = Daniel,,2199001VK3529N,"24/01/23 SATE CON EL ADMIN
21/03/2023 PASAR CONTRATO DE AGENTE URBANIZADOR Y PROYECTOS
05/06/2023 hay que presupuestar retirada de amianto
20/06/2023 dicen que a next generation ya no se presentan. Continuar presentación CAM solamente de ascensor.
11-10-2024 CUANDO SE HAGA CFO HAY QUE REGISTRARLO EN AYTO POR INDICACINO EXPRESA DE MINERVA EN EMAIL
04/09/2026 (Adriana) proyecto conjunto, sólo han terminado el ascensor, pregunto al administrado si van a realizar el SATE para poder tramitar el cfo
de:
colegiado10837@fincasencasa.com <colegiado10837@fincasencasa.com>

para:
Oficina Accesalia <oficina.accesalia@gmail.com>
fecha:
4 sept 2026, 13:36
Los trabajos de SATE no tienen actualmente nada aprobado. Comentaron en su dia de finalizar la actuación de ascensor y cuando cobren la subvención retomar SATE para lo cual ya contactaré con vosotros dado que quiza haya que actualizar el proyecto que se hizo en su día.

Quedo a tu disposición para cualquier cuestión que precises al objeto de la justificación de la obra realizada de mejora de accesibilidad. Cuando tengais el registro de la justificación, agradeceria si me lo remites.

SE GESTIONA EL CFO SÓLO CON EL ASCENSOR",,,,,MADRID\1APROVINCIA\FUENLABRADA\hungria4\FICHA DATOS TECNICOS.docx
islandia2,ok,H79252102,,,,,,comunidades@addonate.es,,NACHO  FAIN,Daniel,por defecto: sin etiqueta = Daniel,,,"Propiedad: CP ISLANDIA 2
CIF:	H79252102
Presidente:
DNI:

Código postal:	28942
Referencia catastral: 1407501VK3610N
Fachada: 21,60 m2
PEM: 92.262,98	( 75.625,40)  residuos: 300
SUPEFICIES 40,60


LAS MEDICIONES LAS HARA ANTONIO HERENCIAS.
COBRAR 3000 cuando esté la licencia.",,,,,MADRID\1APROVINCIA\FUENLABRADA\islandia2\FICHA DE DATOS ACCESALIA.docx
islandia4,ok,,,,,,,,4768850488950037077652984500ADMINISTRADOR DE FINCAS        SI           NO,,Daniel,por defecto: sin etiqueta = Daniel,,,"Propiedad:
CIF:
Presidente:
DNI:

Código postal:			28942
Referencia catastral: 		1407502VK3610N
Fachada:			21m
PEM:
residuos:
SUPEFICIES

P.Baja:		11,10m2
P1º:		7,70m2
P2º:		7,70m2
P3º:		7,70m2
TOTAL: 	34,20m2


AMBITO ORDENACION
DISTRITO",,,,,MADRID\1APROVINCIA\FUENLABRADA\islandia4\FICHA DE DATOS ACCESALIA.docx
islandia6,ok,,,,,,,,,NACHO FAIN,Daniel,por defecto: sin etiqueta = Daniel,,,"Propiedad:
CIF:
Presidente:
DNI:

Código postal:
Referencia catastral:
Fachada:
PEM:	          residuos:",,,,,MADRID\1APROVINCIA\FUENLABRADA\islandia6\FICHA DE DATOS  FAIN 2016 .docx
islasbritanicas26,ok,H79253514,CLAUDIO CARRERO CARRETERO,06931394E,FINCAS EN CASA Pedidos docs 31/01,ISMAEL GARCIA MORENO,916079918,colegiado9971@fincasencasa.com,CDAD,ISMAEL GARCIA,Daniel,por defecto: sin etiqueta = Daniel,Rafael Andújar,1307003VK3610N,"19/01/23 Me dirijo a ti al hilo de la conversación telefónica mantenida esta mañana, para hacerte llegar el presupuesto de instalación de ascensor en la Calle Islas Británicas nº 26 de Fuenlabrada, realizado por Bogdan Reformas 2017 S.L. La Comunidad lo aprobó en Junta, pero no tengo partida de elaboración de proyecto, dirección facultativa y demás. Por ello, en la Junta que voy a celebrar en la Comunidad el próximo lunes les voy a contar la situación, y les voy a presentar vuestros honorarios para ello. Si os da tiempo a darme valoración actualizada, genial, pero en cualquier caso les orientaré en base a los honorarios que se presentaron en Castillejos nº 23.

Mónica manda hojas de encargo de proyecto y subvenciones.
31/01/23 RECIBIDA FIRMADA HOJA DE ENCARGO DEL PROYECTO. SUBVENCIONES POR AHORA NO.
19/08/2025 daniel indica la paralización de la obra por incumplimiento de lo reflejado en proyecto. Burofax",ES97 2100 2005 2502 0001 5631,,,,MADRID\1APROVINCIA\FUENLABRADA\islasbritanicas26\FICHA DATOS TECNICOS.docx
italia1,ok,,,,,,,,,NACHO FAIN,Daniel,por defecto: sin etiqueta = Daniel,,,"Propiedad:
CIF:
Presidente:
DNI:

Código postal:
Referencia catastral:
Fachada:
PEM:	residuos:
SUPEFICIES
AMBITO ORDENACION
DISTRITO",,,,,MADRID\1APROVINCIA\FUENLABRADA\italia1\FICHA DE DATOS ACCESALIA.docx
italia11,ok,H79803797,IGNACIO CATALÁN GARCÍA,01915212W,MUÑOZ PANDO,María Ángeles y Justi Oscar,912271180 (opc 1),opando@mupan.es; comunidades@mupan.es enviar facturas a contabilidad@mupan.es (estos también mandan la documentación de la subvencion Next Gen: Justi Fernández),CDAD,JAVIER VELASCO,Daniel,por defecto: sin etiqueta = Daniel,,1897102VK3519N,"18/04/2023 accesibilidad y sate. VA A NEXT GENERATION
Luego se ve que no se puede hacer nada de accesibilidad.
24/07/2024 CONCESIÓN de la subvención de fondos europeos Next Generation para vuestra comunidad de propietarios de c/ Italia 11 de Fuenlabrada por un  importe de 140.733,64 € (adjunto notificación).
La comunidad dispone de 26 meses para realizar la obra, contados desde la fecha de concesion de ayuda, debiendo, en todo caso, estar finalizadas antes del día 30 de junio de 2026, límite temporal para ser financiadas a cargo de este programa, según el artículo 48 del RD 853/2021 de 5 de octubre.

10/10/2024 orden de paralización de obra hoy y mañana por instalación de algo de Gas Natural en la fachada.",ACCESIBILIDAD · Inmaculada Muñoz · MARIA DEL CARMEN BENITEZ SERRADILLA · 05618674G · 3ºD CARMEN: 916075599,,,,MADRID\1APROVINCIA\FUENLABRADA\italia11\FICHA DATOS TECNICOS.docx
italia15,ok,,FRANCISCA JUAREZ HERRERO,,IMPE,,,impeasesoramientojuridico@gmail.com,,NACHO  FAIN,Daniel,por defecto: sin etiqueta = Daniel,,,"Propiedad:	C/ ITALIA 15
CIF:		H-79652558
Presidente:	FRANCISCA JUAREZ HERRERO
DNI:

Código postal:	28943
Referencia catastral: 1797301VK3519N
Fachada: 20,30 m
PEM:50.000	          residuos: 1.000


Se han presentado presupuestos alternativos para nacho

Jose Ignacio San Felipe Manzano

16:48 (hace 17 horas)




para mí, impeasesoramie.



Daniel, te paso para que me prepares dos pptos y se los mandes al adm.  El adm. es Pedro, con el que tenemos lo de la calle Italia, 15 el día 28.

impeasesoramientojuridico@gmail.com

Los precios de instalación y proyectos,que tienes que poner en cada presupuesto te los pongo en el archivo adjunto.

Gracias",,,,,MADRID\1APROVINCIA\FUENLABRADA\italia15\FICHA DE DATOS ACCESALIA.docx
italia35,ok,H79044913,LUIS MIGUEL RODRIGUEZ PARRALEJO,52126575L,ALCORA,VALENTIN ALCOCER,617 35 47 03. 916978551 de 9.30 a 14 h,administracion@administracionesalcora.es CONSTRUCTORA SATE ROEN : José Luis 645369037 sate y cubierta FAIN ACCESIBILIDAD: Francisco Miguel López Mena franciscomiguel.lopez@fainascensores.com,CDAD,VALENTIN DE ALCORA,Daniel,por defecto: sin etiqueta = Daniel,,1496601VK3519N,"12/12/22 NOS PASA VALENTIN ESTE PARA PRESUPUESTAR. ELECNOR HA EMITIDO TB PRESUPUESTO, IGNORARLO
22/02/2023

CP. Italia 35 - Fuenlabrada - Madrid
Recibidos

Administración Alcora
12:00 (hace 2 horas)
para mí

Buenos días Daniel.


Tal y como te he comentado telefónicamente, en la reunión de ayer de CP. Italia, 35, quedo aprobado, que realizaras tu el proyecto y la tramitación de subvenciones.

En dicho proyecto, ahí que incorporar: fachada, cubierta, placas solares y accesibilidad, consistente en una plataforma elevadora en el portal y rampa.

Un saludo.

Valentín Alcocer

Administrador.

Administraciones Alcora,S.L

C/ Valladolid, 3, local 2

28941 Fuenlabrada (Madrid)

Telf: 916150975 / Fax: 916978551
22/02/23 avisado a Sandra que hay que presentar Fuenlabrada (cierra el 16/03) y Next Generation.
31/08/2023 Hablado con Valentín, no se inicia la obra hasta que no les concedan la subvención.
12/03/2026 PSS pdt confirme Daniel (€)está preparado para enviar
13-03-2026 Alejandra: Ya le he explicado a Cristian las razones por las que nos debe pagar si quiere que se le firme el PSS, Roberto está al tanto.
HE CSS (SATE)  enviada  (eligieron a otro CSS)

07-04-2026 HE CSS (DE ACCESIBILIDAD - FAIN )ENVIADA A MONICA PARA OK 8-04-2026 enviada (pdt.la firme el presidente de la comunidad)
17-04-2026 HE CSS accesibilidad , recibida firmada",,,,,MADRID\1APROVINCIA\FUENLABRADA\italia35\4.FICHA DATOS TECNICOS.docx
laarena45,sin ficha,,,,,,,,,,,,,,,,,,,
lafontana-mancomunidad,sin ficha,,,,,,,,,,,,,,,,,,,
lapaz66,ok,,,,,,,,FAIN,JUAN ANTONIO ALVAREZ,Daniel,por defecto: sin etiqueta = Daniel,,,15/02/2024 DERRIBO DE ESCALERA CON DOBLE EMBARQUE A 90,,,,,MADRID\1APROVINCIA\FUENLABRADA\lapaz66\FICHA DATOS TECNICOS.docx
lasnieves5,ok,H79561106,DAVID VALMORISCO TIZON,53264292H,MONTESOCHOA,,,fincas@administracionmontesochoa.es,PEDRO ARANDA,THYSSEN/ LUEGO CON NACHO FAIN,Daniel,por defecto: sin etiqueta = Daniel,,,"Propiedad:	CP LAS NIEVES 5
CIF:	H79561106
Presidente:	DAVID VALMORISCO TIZON
DNI: 53264292H

Código postal:				28941
Referencia catastral: 		2201001VK3620S
Fachada:			15m
PEM: 97.243,70 + beneficio = 115,719,06	residuos: 300
SUPEFICIES 	 36.45 m2

SE COBRA CUANDO DEN LA LICENCIA
ES75 0081 1387 8500 0122 6627

LOS PRESUPUESTOS LOS COPIE DE HUEMRA 23, QUE LOS HIZO A.HERENCIAS",,,,,MADRID\1APROVINCIA\FUENLABRADA\lasnieves5\FICHA DE DATOS ACCESALIA.docx
lavega14,ok,,,,ROYMAR,,,incidencias@gruporoymar.es,,Pedro aranda NACHO FAIN,Daniel,por defecto: sin etiqueta = Daniel,,,"Propiedad: CO DE LA VEGA 14
CIF:	H-80272503
Presidente:
DNI:

Código postal:	28944
Referencia catastral: 3293701VK3539S
Fachada: 30,40
PEM: 35.000	residuos: 1000
SUPEFICIES 13,15 X 5 = 15,75




COBRADO CON CHEQUE


Jose Ignacio San Felipe Manzano

8 may. (hace 2 días)




para avisos, mí



Hola Juan,
Te pongo en contacto con Daniel el arquitecto para que comience con el proyecto.
Sus honorarios son 3.000.-€+IVA, y en cuanto tenga el proyecto contactará contigo.
Se me olvido comentarte esta mañana que, la comunidad de propietarios como promotora de la obra, siguiendo la legislación vigente en materia de Seguridad y Salud Laboral, tiene la obligación de contratar un coordinador de seguridad y salud en obra que vele por sus intereses como promotor en materia de seguridad.
Puedo poneros en contacto con el aparejador que nos trabaja habitualmente en las obras de instalación. El coste es de 800.-€+IVA, se abonarían igualmente al inicio de las obras en el momento que se elabore y apruebe el plan de seguridad y se realice la apertura de centro de trabajo. Obviamente, no es obligatorio que lo realice esta persona, pero si recomendable por su experiencia en este tipo de instalaciones.
Gracias,
Un saludo.
Nacho.",,,,,MADRID\1APROVINCIA\FUENLABRADA\lavega14\FICHA DE DATOS ACCESALIA.docx
lavega6,ok,,,,,,,,,PEDRO SANCHO.  MIRAR CON ELECNOR,Daniel,por defecto: sin etiqueta = Daniel,,,"Propiedad:
CIF:
Presidente:
DNI:

Código postal:
Referencia catastral:
Fachada:
PEM:	          residuos:


CP LA VEGA 6
Recibidos

Pedro Sancho

12:13 (hace 36 minutos)



para mí



Buenos días Daniel necesito presupuesto de rehabilitación de fachada por sistema sate para esta comunidad tienen dos patios la Presidenta se llama Manuela 608045239 y como en el otro presupuesto siempre dejar fuera el proyecto y la dirección de obra y me mandas tu el presupuesto aparte

Un saludo",,,,,MADRID\1APROVINCIA\FUENLABRADA\lavega6\sate\FICHA DE DATOS ACCESALIA sate.docx
leganes12,ok,,,,Lorman,VICENTE /,Antonio Mendoza  687733724 / 920 36 89 21,,CDAD,VICENTE LORMAN,Daniel,por defecto: sin etiqueta = Daniel,,,02/12/22 Dice Lorman que harán la reunión de vecinos a finales de mes para llegar a un acuerdo.,,,,,MADRID\1APROVINCIA\FUENLABRADA\leganes12\FICHA DATOS TECNICOS.docx
leganes14,ok,H79801049,Cristina Rincon Fuentes,49101803T,MUPAN,Oscar Pando,648 11 70 50 (tlf personal no llamar) 912 27 11 80 (ext 1),opando@mupan.es - comunidades@mupan.es,,,Daniel,por defecto: sin etiqueta = Daniel,FERNANDA DEL RIO,2801705VK3620S,"18/07/2024 ASCENSOR POR PATIO SIN LOCAL.
PRY, DF Y SUBV. PASAR HOJA DE ENCARGO A MUPAN Y VECINA FRANCISCA YAGÜE  franciscayague@gmail.com 646363640
24/10/2024 NO PEDIR DR NI TASAS HASTA QUE ME AVISE ADMINISTRADORA

12-11-2024 DANIEL REUNIDO IN SITU CON OSCAR DE MUPAN ME DIQUE QUE LLAME MAÑANA A Mª ANGELES PARA QUE ME DIGA SI PIDO YA TASAS DE DR
13-11-2024 HABLO CON Mª JOSE Y ME DICE QUE AUN NO PIDA TASAS NI DR PORQUE NO TIENEN PRESUPUESTOS APROBADOS EN JUNTA
22/07/2025 DANIEL ACUDE A JUNTA DONDE QUEDA APROBADO EL CONTRADICTORIO DE ELECNOR C:\accesalia Dropbox\D SM\Ascensores y rehabilitaciones\MADRID\1APROVINCIA\FUENLABRADA\leganes14\1.DATOS\3.PRESUPUESTO

A fecha de la visita (29/09/2026), la obra no ha avanzado nada desde la fecha 29-06-2026, la obra se encuentra parada. Iberdrola ha exigido la ejecución de una nueva canalización subterránea mediante la apertura de una zanja en la vía pública. La contrata necesita disponer del permiso y licencia de ocupación de la vía publica que tiene que concederle el ayuntamiento de Fuenlabrada.",María ángeles Fernández · mafer@mupan.es,,,,MADRID\1APROVINCIA\FUENLABRADA\leganes14\FICHA DATOS TECNICOS.docx
leganes18,ok,,,,INMA,,,,CDAD PROP,INMA (ES SU CASA!),Daniel,por defecto: sin etiqueta = Daniel,,,,,,,,MADRID\1APROVINCIA\FUENLABRADA\leganes18\FICHA DATOS TECNICOS.docx
leganes27,ok,,,,,,,fuenlabrada@aeafincas.es,,NACHO FAIN,Daniel,por defecto: sin etiqueta = Daniel,,,"Propiedad:
CIF:H-79625455
Presidente:
DNI:

Código postal:	  28945
Referencia catastral:   2701216VK3620S
Fachada:	21.80 m
PEM:     40.000	          residuos: 300

ES59 0049 5192 8124 1686 6622",,,,,MADRID\1APROVINCIA\FUENLABRADA\leganes27\FICHA DE DATOS ACCESALIA.docx
lima16-24,ok,,,,,,,andrea.diaz@elecnor.com,,,Daniel,etiqueta de la ficha,,,,,,"---------- Forwarded message ---------
De: ANDREA DIAZ SERRANO <andrea.diaz@elecnor.com>
Date: lun, 22 sept 2025 a las 16:25
Subject: SOLICITUD SERVICIOS ANEXOS LIMA 16-24 (FUENLABRADA)
To: Comercial Accesalia <comercial.accesalia@gmail.com>
Cc: Alejandra Pérez <aperez.accesalia@gmail.com>, Gerencia Accesalia <gerencia.accesalia@gmail.com>


Buenos días,

Necesito precio para servicios anexos para la rehabilitación del edificio (SATE + CUBIERTA) situado en C/ Lima 16-24, Fuenlabrada.

El importe es de 1.36.773,05 € sin IVA y son 155 vecinos.

Adjunto la lista de los servicios:
- Proyecto básico y de ejecución
- Dirección de obra y certificado final de obra
- Coordinación de seguridad y salud
- Certificado de eficiencia energética inicial y final
- Elaboración del informe de evaluación del edificio
- Elaboración del libro del edificio existente
- Gestión de subvenciones

Si es posible que me mandeis el presupuesto mañana a lo largo del día, os lo agradecería.

Gracias de antemano,
un saludo.
--

Andrea Díaz Serrano
Oficina técnica
29/09/2025 HE enviada con forma de pago especial indicada por Daniel",,MADRID\1APROVINCIA\FUENLABRADA\lima16-24\FICHA DATOS.docx
lima33,ok,,,,NOVAFINCAS ADMINISTRACIÓN,,916174249-629360426,info@administradoresnovafincas.es,,,Alvaro,etiqueta de la ficha,,,,,,,,MADRID\1APROVINCIA\FUENLABRADA\lima33\FICHA DATOS.docx
lima5,ok,H81427155,Fernando de Tena Cabezas,51589147D,INMACULADA GARCIA (pedidos docs 12/04),Lola (secretaria),914989393,IGM Servicios Juridicos info@igmserviciosjuridicos.com Inma García <inmagarcia@igmserviciosjuridicos.com> CONSTRUCTORA: APARICIO,CDAD PROP,,Daniel,por defecto: sin etiqueta = Daniel,FERNANDA DEL RIO,2800501VK3529N,07/03/23 adelante,"Presidenta: · Mª · Jose · Yeguas · Momo · 629508522 · (Bajo B) · y · 654062518 · (secretario, no tiene llaves) · Han cambiado de presidente NICOLAS · 1ºB · 46926064S",,,,MADRID\1APROVINCIA\FUENLABRADA\lima5\SATE\FICHA DATOS TECNICOS.docx
lima53,ok,H79775557,MARI CARMEN VEGA,11940135F,nayferasesores,,,ana@nayferasesores.com,4768850488950037077652984500ADMINISTRADOR DE FINCAS        SI           NO,Nacho Fain,Daniel,por defecto: sin etiqueta = Daniel,,,"Propiedad:	calle lima 53
CIF:		H79775557
Presidente:	MARI CARMEN VEGA
DNI:		11940135F

Código postal: 28945
Referencia catastral: 3108106VK3630N0001GW
Fachada:
PEM :	73.052, 64       residuos: 300
SUPERFICIES  28 m2


Nº DE CUENTA PARA PASAR EL PAGO
ES94 0081 5152 3400 0133 1340",,,,,MADRID\1APROVINCIA\FUENLABRADA\lima53\FICHA DE DATOS ACCESALIA.docx
lima73,sin ficha,,,,,,,,,,,,,,,,,,,
losangeles6,ok,,,,Yara Asesores,ESTEFANIA,605 465 008,e.garcia@gestoriayara.com,,,Daniel,etiqueta de la ficha,,,Yara Asesores,,Yara Asesores,"---------- Forwarded message ---------
De: <e.garcia@gestoriayara.com>
Date: jue, 15 ene 2026 a las 16:41
Subject: RE: SOLICITUD DE PRESUPUESTO PARA IEE CCPP LOS ÁNGELES 6
To: Oficina Accesalia <oficina.accesalia@gmail.com>


Buenos días,

Necesito un presupuesto para la realización del IEE.
Muchas gracias, un saludo
20/01/2026 HE ENVIADA",,MADRID\1APROVINCIA\FUENLABRADA\losangeles6\FICHA DATOS.docx
lourdes5,ok,,,,,,,,,PEDRO ARANDA,Daniel,por defecto: sin etiqueta = Daniel,,,"Propiedad:
CIF:
Presidente:
DNI:

Código postal:
Referencia catastral:
Fachada:
PEM:	          residuos:",,,,,MADRID\1APROVINCIA\FUENLABRADA\lourdes5\FICHA DE DATOS ACCESALIA.docx
luissauquillo59,ok,H79560389,FRANCISCA MIGUEL RODRIGUEZ,,SANCHEZ Y LOZANO,,,fernando@asesoriasl.com,,NACHO FAIN,Daniel,por defecto: sin etiqueta = Daniel,,,"Propiedad: CP LUIS SAUQUILLO 59
CIF: H79560389
Presidente: FRANCISCA MIGUEL RODRIGUEZ
DNI: 	4119404N

Código postal:	28944
Referencia catastral: 2395003VK3529N
Fachada:	30 m
PEM: 35000	          residuos: 1000


Hola Fernando,
Te paso el presupuesto de la instalación con la forma de pago rectificada. Te comento que por temas de visados, el arquitecto va a cobrar 3.400.-€+IVA en lugar de los 3.000.-€ iniciales, esta diferencia como podrás comprobar la he quitado de mi presupuesto. Espero que no te ocasione mucho trastorno. Daniel se pondrá en contacto contigo (si es que no lo ha hecho ya) para formalizar el encargo.
El jueves pasado ya estuvimos por la comunidad, incluso me encontré con la vecina con la que estuve contigo, se alegró al vernos ya por allí. Por favor, avísame cuando te lo hayan firmado para pasarme a recogerlo, aunque como ves ya me he puesto a la faena.
Gracias,
Un saludo.
Nacho",,,,,MADRID\1APROVINCIA\FUENLABRADA\luissauquillo59\FICHA DE DATOS ACCESALIA.docx
madrid18,ok,,,,,,,,FAIN,,Daniel,por defecto: sin etiqueta = Daniel,,,"17/06/22 ESTAN ESPERANDO A LLEGAR A ACUERDO DE CESION DE ESPACIO CON EL LOCAL,",,,,,MADRID\1APROVINCIA\FUENLABRADA\madrid18\FICHA DATOS TECNICOS.docx
malaga16,ok,,,,,,,jojo.madrid@gmail.com,,,Daniel,por defecto: sin etiqueta = Daniel,,,,,,"08/04/2025 llama por tlf este vecino diciendo que le ha dado nuestro contacto una persona del instituto de la Vivienda de Fuenlabrada como “expertos en poner ascensores”. Quieren ver viabilidad. Ver JL. Han cambiado de administrador y no se sabe los datos, nos los mandará.
23/04/2025 enviado informe de viabilidad y hojas de encargo",,MADRID\1APROVINCIA\FUENLABRADA\malaga16\FICHA DATOS.docx
malaga1618 20,ok,,,,,,,,,INMA FUENLABRADA,Daniel,por defecto: sin etiqueta = Daniel,,,"Propiedad:
CIF:
Presidente:
DNI:

Código postal:
Referencia catastral:
Fachada:
PEM:	          residuos:",,,,,MADRID\1APROVINCIA\FUENLABRADA\malaga1618 20\FICHA DE DATOS ACCESALIA.docx
malaga2,ok,H79753406,ADELA GARRIDO BUENDIA,,SANFER,,,fincassanfer@gmail.com,,NACHO FAIN,Daniel,por defecto: sin etiqueta = Daniel,,,"Propiedad:	CP MALAGA 2
CIF:		H79753406
Presidente:	ADELA GARRIDO BUENDIA
DNI:

Código postal:	28945
Referencia catastral: 2703404VK360S
Fachada: 17,50 m
PEM: 50.000	          residuos: 300
SUPERFICIE CONSTRUIDA: 46,60

ES26 2038 2292 2060 0036 6670",,,,,MADRID\1APROVINCIA\FUENLABRADA\malaga2\FICHA DE DATOS ACCESALIA.docx
malaga22,ok,,,,,,,,,,Daniel,por defecto: sin etiqueta = Daniel,,,23/09/2024 enviada hoja de encargo,,,,,MADRID\1APROVINCIA\FUENLABRADA\malaga22\ascensor\FICHA DATOS TECNICOS.docx
malaga26,ok,H79738498,,,ASERPEMAR S.L.,,,aserpemar@gmail.com,4768850488950037077652984500ADMINISTRADOR DE FINCAS        SI           NO,Pedro de Inma ASERPEMAR S.L.,Daniel,por defecto: sin etiqueta = Daniel,,,"Propiedad:	Cdad de Prop Málaga 26 Madrid
CIF:		H79738498
Presidente:
DNI:

Código postal:	28945
Referencia catastral: 	2603602VK3620S
Fachada:
PEM:	4400€
residuos:
SUPEFICIES
AMBITO ORDENACION
DISTRITO",,,,,MADRID\1APROVINCIA\FUENLABRADA\malaga26\FICHA DE DATOS ACCESALIA.docx
malaga28,ok,,,,IGM,,,,,,Daniel,por defecto: sin etiqueta = Daniel,,,11/11/2024 SE ENVIA HOJA DE ENCARGO PRY + SUBV. Lead inma,,,,,MADRID\1APROVINCIA\FUENLABRADA\malaga28\sate\FICHA DATOS TECNICOS.docx
malaga4,ok,H79617569,,,,,,,,NACHO  FAIN,Daniel,por defecto: sin etiqueta = Daniel,,,"Propiedad:	CP MALAGA 4
CIF:		H79617569
Presidente:
DNI:

Código postal:	28945
Referencia catastral: 2703403VK3620S
Fachada: 19 m
PEM:	50.000          residuos: 300

ES04 2038 2800 1860 0013 1759",,,,,MADRID\1APROVINCIA\FUENLABRADA\malaga4\FICHA DE DATOS ACCESALIA.docx
malaga40,ok,E78347028,,,IGM,INMACULADA GARCIA,914989393,info@serviciosjuridicos.com; inmagarcia@igmserviciosjuridicos.com,,ELECNOR LUCÍA DAVILA,Daniel,por defecto: sin etiqueta = Daniel,,,"25/09/2024 Piden presupuesto para realización de SATE y subvenciones. Tienen un embalsamiento de agua.

No quieren que aparezca el nombre de Daniel de Soto por ninguna parte. Se envía hoja de encargo para proyecto sate con CSS y DF, y para tramitación de subvenciones de todo tipo, sin especificar nada del programa 5.

27/09/2024 Le han indicado a Daniel que se hará dentro de un año.",,,,,MADRID\1APROVINCIA\FUENLABRADA\malaga40\sate\FICHA DATOS TECNICOS.docx
mejicosn,ok,,,,,,,,,,Carlos,etiqueta de la ficha,,,,,,,,MADRID\1APROVINCIA\FUENLABRADA\mejicosn\Acceso 1\FICHA DATOS.docx
migueldeunamuno17,ok,,,,,,,,PEDRO ARANDA,,Daniel,por defecto: sin etiqueta = Daniel,,,,,,,,MADRID\1APROVINCIA\FUENLABRADA\migueldeunamuno17\FICHA DE DATOS ACCESALIA.docx
migueldeunamuno20,ok,,,,,Yara Asesores,605 46 50 08,gestionfincas@yaraasesores.com,,,Daniel,etiqueta de la ficha,,,,,,18/09/2025 enviada HE,,MADRID\1APROVINCIA\FUENLABRADA\migueldeunamuno20\FICHA DATOS.docx
migueldeunamuno24,ok,,,,GESYMAR,,697887613,,,,Alvaro,etiqueta de la ficha,,,,,,,,MADRID\1APROVINCIA\FUENLABRADA\migueldeunamuno24\FICHA DATOS.docx
migueldeunamuno25,ok,H80757834,TERESA GARRIDO ALLER,05351551A,GES CINCO,,,,,"Elecnor Raúl, Pedro Impe",Daniel,por defecto: sin etiqueta = Daniel,,,"Propiedad: CDAD PROP CL MIGUEL DE UNAMUNO 25 FUENLABRADA
CIF:	H80757834
Presidente: TERESA GARRIDO ALLER
DNI: 05351551A

Presidenta a junio 2022:
Ana Isaura CRUZ VELEZ
49139831D
620382343
NO TIENE MAIL, PONER EL DE PEDRO

José 662599081
Presidente en marzo 2023

Nº de viviendas: 32
Antigüedad del edificio:  1979
Nº de cta de la cdad.: ES80 2085 9711 57 03300522963
Código postal:	28944
Referencia catastral: 2900401VK3529N

Fachada:	25,45 m2
PEM:	93.057,14
residuos:

Técnico: Dennis


10-04-2025 ENVIAN ACTA DE CAMBIO DE ADMINISTRADOR. Sofia","Administración de fincas. Asesoría jurídica. Correduría de seguros · 91 9126426 / 641230532 · Pedro Sancho · aserpemar@gmail.com · Calle Castillejos 26, Local 3 28944 · fuenlabrada",,,,MADRID\1APROVINCIA\FUENLABRADA\migueldeunamuno25\FICHA DE DATOS ACCESALIA.docx
migueldeunamuno27,ok,,,,,,,maribelnaranjoe@gmail.com,,,"VARIOS: CARLOS, ALVARO, DANIEL",la etiqueta nombra a varios: mirar a mano,,,,,,"En 2020 a través de Fran FAIN llegó petición de presupuesto para proyecto de Salvaescaleras vertical. No salió.
20-03-2026 Daniel : CORREO: maribelnaranjoe@gmail.com Acabamos de hablar telefónicamente en relación a la solicitud del presupuesto de un proyecto de obra. Es en Fuenlabrada en la calle Miguel de Unamuno 27, código postal 28944. Nos interesa por separado arreglo y aislamiento de la cubierta, y por otro lo mismo con cubierta y fachada. También querríamos saber si estás obras, tendrían alguna subvención o ayuda. El correo electrónico al que pueden enviar la información es maribelnaranjoe@hotmail.com. Muchas gracias.

25-03-2026 HE enviada a Monica para ok ( 2 ofertas tal y como se ha solicitado ) 26-03-2026 enviada  a Maribel

28-04-26 tener en cuenta a Arquiobras  al parecer llega por Victor de Pino, si sale adelante.",,MADRID\1APROVINCIA\FUENLABRADA\migueldeunamuno27\cubierta y fachada\FICHA DATOS.docx
mirasierra1,ok,,,,ONIX ABOGADOS,BELEN BERMEJO,910 46 21 33 / 625 71 74 14,fincas@onixabogados.com,,,Carlos,etiqueta de la ficha,,,,,,HE ENVIADA,,MADRID\1APROVINCIA\FUENLABRADA\mirasierra1\FICHA DATOS.docx
mirasierra8,ok,,,,,RAFAEL SALOMON,,rafaelsalomon@icam.es,,,Carlos,etiqueta de la ficha,,,,,,,,MADRID\1APROVINCIA\FUENLABRADA\mirasierra8\FICHA DATOS.docx
mostoles3portal2,ok,H79267993,BELEN CABALLERO GAMERO,30397338D,IGM servicios jurídicos,Inma García,914989393,info@igmserviciosjuridicos.com inmagarcia@igmserviciosjuridicos.com ES97 2100 68941913 0014 2288 se cobra a la comunidad,,FRANCISCO MIGUEL LÓPEZ MENA – JUAN ANTONIO ALVAREZ,Daniel,por defecto: sin etiqueta = Daniel,Fernanda del Río,2399503VK3529N,"18/07/22 inicio de obra. Jefe de obra, Manuel Requena.
19-01-2024

De: Manuel Requena Rodríguez <manuel.requena@fainascensores.com>
Date: vie, 19 ene 2024 a las 13:35
Subject: Re: [External] mostoles 3 portal 2 fuenlabrada - status obra
To: Ana Santamarta <asantamarta.accesalia@gmail.com>


Buenos días Ana,

EL cliente no me ha firmado aun la entrega de obra aunque está acabada, podéis dar el CFO pero no entregarlo al cliente

Saludos",,,,,MADRID\1APROVINCIA\FUENLABRADA\mostoles3portal2\Ascensor TERMINADO\FICHA DATOS TECNICOS.docx
mostoles3portal3,ok,H79265153,SERGIO FERNÁNDEZ MARTÍN,,BEGOÑA E INMACULADA,,,inmalopez55890@hotmail.com,,NACHO   FAIN,Daniel,por defecto: sin etiqueta = Daniel,,,"Propiedad:	CP MOSTOLES 3 PORTAL 3
CIF:		H79265153
Presidente:	SERGIO FERNÁNDEZ MARTÍN
DNI:		48995923-N

Código postal:	28942
Referencia catastral: 2399503VK3529N
Fachada:
PEM:35.000	          residuos: 1000

FRUTERIA   JAIME 671 088 673
Arquitecto frutería. Manuel  656 970 500

ABOGADO DE JAIME  619 11 13 26  ANGEL MERSAN
ASCENSOR HIDRAULICO CON ARMARIO EN PLANTA BAJA.
SUELO DEL PORTAL EN GRES
PAREDES DEL PORTAL EN PLAQUETA

REFERENCIA CATASTRAL RECOGIDA EN MOVIL EL 18/01/2018
2399503VK3529N0051IB


EMPRESA CONSTRUCTORA: AUTESA
ENCARGADO COMERCIAL: LUIS MENDAÑA  650 946 301",,,,,MADRID\1APROVINCIA\FUENLABRADA\mostoles3portal3\FICHA DE DATOS ACCESALIA.docx
mostoles3portal4,ok,H84265164,,,"MUÑOZ PANDO ABOGADOS , S.L.P (pedidos docs 30/09, 11/10)",Mª de los Ángeles Fernández Chocano,91 227 11 80,mafer@mupan.es; comunidades@mupan.es,CDAD,Mª ANGELES,Daniel,por defecto: sin etiqueta = Daniel,,2399503VK3529N,"04/11/2024
No tramitar licencia hasta que nos digan. Es para un juicio contra la mancomunidad.







El presidente se llama Jose Parra 674245418. Consulta cómo se hace
Es Jubilado, le da igual que sea a las 3.30 que a las 4:30. He quedado que sobre las 4 vas, que le llamas cuando llegues y el se acerca (esta a 100 m) Es el que ha pasado Mª Angeles de MAFER, el tema es ver que tipo de ascensor les encaja.

24/05/22

Estuve con José Parra y otro vecino. Quieren colocar el ascensor en el pasillo del pasadizo comunitario. Eso que proponen es la única forma de colocar un ascensor para minusválidos de 6 personas 450 kg de cabina 1000 x 1250 mm. Los demás comuneros de los otros portales tienen que autorizarles a invadir el espacio del pasillo (1,7 x 1,7 m2). Estos otros vecinos podrían negarse aduciendo que es posible meter un ascensor en el interior de las zonas comunes del portal, sin invadir el pasadizo.
Es cierto que es posible meter en las zonas comunes de las escaleras un ascensor pequeño NO ACCESIBLE PARA MINUSVALIDOS)
SI SE NIEGAN A CEDERLO POR LAS BUENAS (se les puede ofrecer arreglar o mejorar el pasadizo, mejorar la rampa, pintarlo etc), habría que ir a juicio. El juicio lo ganaríais pero dentro de 1 año o año y medio.
Habría que hacer una primera reunión con los vecinos de la escalera para aprobar esta opción y la de ir a juicio, si la mancomunidad no diese permiso.
Luego habría que convocar a los demás portales de la mancomunidad para que votasen conceder el permiso o negarse.
Si se decide ir a juicio contra ellos, sería suficiente, junto con el informe jurídico,  presentar un informe técnico a modo de anteproyecto, justificado la invasión del pasadizo, como única solución viable para instalar un ascensor accesible.
Calculo una obra de 69.000 €

---------- Forwarded message ---------
De: mafer@mupan.es <mafer@mupan.es>
Date: vie, 13 sept 2024, 14:21
Subject: CP MOSTOLES 3 PORTAL 4 FUENLABRADA
To: <gerencia.accesalia@gmail.com>
Cc: <gerencia.accesalia@gmail.com>



Buenos días Daniel :


Después de la reunión mantenida en la Comunidad de Propietarios Mostoles 3 portal 4 de Fuenlabrada , solicitan realizar el proyecto de instalación del ascensor ( accesibilidad )  y posteriormente demandar a la Mancomunidad para que se pueda instalar en el pasadizo como se informó en la junta anterior.

Ruego nos envíen la hoja de encargo para su firma y aceptación.

Gracias y un saludo




MUÑOZ PANDO ABOGADOS , S.L.P
Mª de los Ángeles Fernández Chocano
Teléfono: 91 227 11 80
mafer@mupan.es


16/09/2024 Se envía hoja de encargo


---------- Forwarded message ---------
De: mafer@mupan.es <mafer@mupan.es>
Date: mar, 24 sept 2024 a las 9:44
Subject: CP MOSTOLES 3 PORTAL 4 FUENLABRADA - HOJA DE ENCARGO
To: <oficina.accesalia@gmail.com>
Cc: <oficina.accesalia@gmail.com>


Buenos días :



Adjunto a la presente la hoja de encargo para proyecto del ascensor de la Comunidad de Propietarios Móstoles 3 portal 4.



Contacto Presidenta : Simona Irina   Teléfono : 697512096.


No solicitar en principio la tramitación de la solicitud de la licencia al Ayuntamiento , ya que hay que demandar a la Mancomunidad para utilizar el acceso del pasadizo.


Un saludo


MUÑOZ PANDO ABOGADOS , S.L.P

Mª de los Ángeles Fernández Chocano

Teléfono: 91 227 11 80


mafer@mupan.es


Tiene fibrocemento acorde a las fotos

PARA IEE

3 LOCALES COMERCIALES (En planos por plantas de catastro aparece la galería de paso como otro local comercial pero no)

22/10/2024 de Israel:

Proyecto terminado. NOTA IMPORTANTE, he detectado que a la memoria sin demolición de escalera le faltan cosas como el cuadro de anejo 1 o no aplica, esperar antes de hacer nada a preguntar a Carla si esta está actualizada. Se encuentra el proyecto completo en la siguiente ruta:

D:\accesalia Dropbox\D SM\Ascensores y rehabilitaciones\MADRID\1APROVINCIA\FUENLABRADA\mostoles3portal4\2.PROYECTO\3.PDF

Se ocupa una galería de paso privativa dentro de nuestra propiedad (NO es espacio público).
No tenemos presupuesto aportado ni medidas de ascensor, se pone la medida de cabina mínima accesible. Presupuesto hecho sin ajustar a ningún precio. Ciego en la siguiente carpeta:
D:\accesalia Dropbox\D SM\Ascensores y rehabilitaciones\MADRID\1APROVINCIA\FUENLABRADA\mostoles3portal4\2.PROYECTO\2.MEDICIONES\CIEGO

Los acabados para que revise Daniel son los siguientes:
Tejadillo industrializado para cubierta de torre, realizada en tres piezas de chapa, plegada en sus bordes con pestañas de anclaje a torre con tornillería. Pintada al horno en taller con epoxi poliéster con resistencia M1 al fuego y resistencia garantizada a la corrosión. Fabricación, preparación, ajuste y montaje en obra según especificaciones, totalmente terminado.
Cerramiento en fachada a patio será el existente.
Barandilla de escaleras rampas, de un metro de altura, construida con barrotes verticales perfiles de tubo hueco de acero laminado en frío y ø20 separados 10 cm, con pasamanos de tubo ø50.2 y bastidores inferior e intermedio de tubo #50.2, con prolongación para anclaje a la losa. Pintada con resistencia M1 al fuego y resistencia garantizada a la corrosión. Elaborada en taller y montaje con anclaje en obra. El pasamanos de las escaleras del núcleo de comunicación vertical será el existente pues no se interviene en la escalera. El de las rampas exteriores de acero inoxidable.
Acristalamiento transparente con vidrio laminar de seguridad tipo stadip compuesto por dos vidrios de 3 mm de espesor unidos, como cerramiento de la torre de ascensor. Panel sandwich en la fachada de patio en la que se interviene para la instalacion de las nuevas ventanas y el la planta primera de la torre de ascensor.
Cerramiento con ladrillo cara vista en el encuentro de la torre de ascensor con la galeria de paso al patio de manzana.

Solado de gres nacional a elegir según muestras presentadas por contrata. Zonas con cambio de acabado abujardado cercanas a la entrada de ascensor, según planos para verificación de invidentes.
Peldaño de gres, , p.p. de zanquín, i/rejuntado con lechada de cemento blanco BL 22,5X y limpieza, s/NTE-RSR-21 y NTE-RSR-26, medido en su longitud. Índice de resbaladicidad 2.
Zócalos de gres ídem pavimento
En la zona de la galeria se empleara el mismo solado empleado en el resto de la galeria o similar respetando el diseño.

Pintura al temple liso blanco, para paramentos verticales y horizontales, dos manos, incluso aparejado, plastecido, lijado y dos manos.
Pintura gotelé blanco para paramentos verticales y horizontales, incluso aparejo, plastecido y proyectado de gota fina y tupida no lavable, según NTE-RPP-20.

INSTRUCCIONES DE DANIEL
Poner las ventilacion de ventanas más rejilla de montera por si nos lo dan como válido
No demoler buzones y de azulejo no demoler nada más que un zócalo
mantener luminarias
solución de rampas consultada (una rampa a un lado con escalera al otro lado para no demoler buzones aunque debería ser todo rampa)
terminar el muro a 45 grados junto al ascensor
No cambiamos mas que el suelo imprescindible de la galería sin pintar, pero pintamos el patio
No tratar la intervención en la galería como espacio público
Recortar la escalera que es losa sin disminuir el ancho útil en PB a P1",,,,,MADRID\1APROVINCIA\FUENLABRADA\mostoles3portal4\FICHA DATOS TECNICOS.docx
mostoles3portal5,ok,H80043706,Carmen Jimeno Montesino,51835041X,SANFER,,,fincassanfer@gmail.com,,NACHO   FAIN,Daniel,por defecto: sin etiqueta = Daniel,,,"Propiedad:	CDAD PROP CL MOSTOLES 3 PORTAL 5
CIF:	H80043706
Presidente:	Carmen Jimeno Montesino
DNI:	51835041X

Código postal:	28942
Referencia catastral: 2399503VK3529N
Fachada:
PEM: 40.300€	          residuos: 1000

SUPERFICIES
PLANTA BAJA 3.00M2
PLANTA TIPO  3.00 x 4 = 12M2
TOTAL SUPERFICIE: 15M2

CUENTA PARA PASAR EL PAGO
Número de cuenta  ES64-0081-1387-88-0001231528.",,,,,MADRID\1APROVINCIA\FUENLABRADA\mostoles3portal5\FICHA DE DATOS ACCESALIA.docx
mostoles3portal7,ok,H79568283,,X6647199S,ALCORA,VALENTIN,916150975 /  618688055,administracion@administracionesalcora.es,,VALENTIN ALCOCER,Daniel,por defecto: sin etiqueta = Daniel,,2399503VK3529N,"Valentín Alcocer

15:46 (hace 9 minutos) 01-04-2025




para mí



Traducir al español
Buenas tardes Sofia.

Esta comunidad esta pendiente de la subvención, para iniciar las obras, pero después de Semana Santa, como ya hable con Daniel, realizaremos una reunión para saber si inician las obras.

Un saludo.

12-05-2025  Me comenta Valentín que hasta que no les aprueben la financiación que no pida DR que ya me avisará el cuando les confirme el banco. Email guardado en carpeta DR. Sofia

08-07-2025 VALENTIN ME DA OK PARA DR. PIDO DOC NUEVO PRESIDENTE
03-11-2025 solicitud nuevas tasas, Valentin lo quieren fraccionado
11/11/2025 Valentin informar que tienen para pagarlo, no se fracciona
---------- Forwarded message ---------
De: Administración Alcora <administracion@administracionesalcora.es>
Date: vie, 27 feb 2026 a las 13:57
Subject: RE: ANEXOS OBRAS - CP. MOSTOLES 3, PORTAL 7 - FUENLABRADA
To:
Cc: daniel de soto <danieldesotoarquitecto@gmail.com>


Buenas tardes.

Realizada la consulta para conocer la decisión de los propietarios de la CP. Mostoles, 3, portal 7, de Fuenlabrada, con respecto a realizar las dos nuevas actuaciones recogidas en los anexos enviados, o alguna de ellas. A fecha de hoy, el resultado comunicado, ha sido el siguiente:

Votos recibidos:

OPCION 1:  REALIZAR EL ANEXO 2:  AISLAMIENTO TERMICO SOBRE TERRAZAS.  Votos: 1
OPCION 2:  REALIZAR EL ANEXO 3: TENDEDEROS LAMAS ALUMNIO CELOSIA FIJA. Votos: 1
OPCIION 3: NO REALIZAR NINGÚN ACTUACION MAS, SOLO LAS YA APROBADAS EN EL PRESUPUESTO INICIAL. Votos: 7

Por lo tanto se comunica la decisión al arquitecto y a la empresa, con el fin de no retrasar las obras y que puedan proseguir con el desmontaje y montaje de los andamios.

Un saludo.

Valentín Alcocer
Administrador.

03/03/2026 Daniel indica que solo se le cobre la CSS , no DF. HE enviada
10/03/2026 HE CSS recibida

16/04/2026 Hablado con Miguel Ángel de ARE y me indica que a mediados de junio estará terminada la obra
25/06/2026 se pasa a visar cfo
06/07/2026 se registra cfo en ayto",,,,,MADRID\1APROVINCIA\FUENLABRADA\mostoles3portal7\SATE\FICHA DATOS TECNICOS.docx
mostoles3portal8,ok,H79265153,,,ADMINISTRACION AEA FINCAS,,,fuenlabrada@aeafincas.es,,FAIN   NACHO -> Orona,Daniel,por defecto: sin etiqueta = Daniel,,,3900,,,,,MADRID\1APROVINCIA\FUENLABRADA\mostoles3portal8\FICHA DE DATOS ACCESALIA.docx
naciones37,ok,,,,,BELEN BERMEJO (FINCAS ONIX),,,,BELEN BERMEJO (FINCAS ONIX),Daniel,por defecto: sin etiqueta = Daniel,,,"22/10/2024 PISOS 5ºA, 6ºB, 7ºc y 7ºD. INFORME SOBRE HUMEDADES PREVIO A HACER SATE. PRESIDENTE JUAN tfno 675 94 66 89",,,,,MADRID\1APROVINCIA\FUENLABRADA\naciones37\FICHA DATOS TECNICOS.docx
nardos2,ok,H79270757,,,,,,fincas@onixabogados.com,,NACHO  FAIN,Daniel,por defecto: sin etiqueta = Daniel,,,"Propiedad: CDAD PROP NARDOS 2 FUENLABRADA
CIF:	H79270757
Presidente:	ANTONIO RAMIREZ AGUILAR ( a enero 2024)
DNI:

Código postal:	28941
Referencia catastral: 2202503VK3620S
Fachada: 52m
PEM:	108.775          residuos: 300
SUPERFICIE 44 m2

ES16 2085 9715 3103 3046 1363 (a enero 2024)


EXPEDIENTE 1357 LM-18/ULM-22653-2018

Visado coam: TL/013177/2018

TL/004803/2024 (JUSTIF OBRA)",EMPRESA : · SANFER · TELÉFONO: · 916152708 · 625 71 74 14 · PERSONA DE CONTACTO: · MARCOS · E_MAIL: · fincassanfer@gmail.com,,,,MADRID\1APROVINCIA\FUENLABRADA\nardos2\FICHA DE DATOS ACCESALIA.docx
nardos4,ok,H79862983,JUAN RUEDA GARRIDO,02221213B,ANTONIO,,,lormanad@gmail.com,,NACHO  FAIN,Daniel,por defecto: sin etiqueta = Daniel,,,"Propiedad:	CP  NARDOS 4
CIF:		H79862983
Presidente:	JUAN RUEDA GARRIDO
DNI:		02221213B

Código postal:	28941
Referencia catastral: 2202503VK3620S
Fachada: 52 m
PEM: 50.000	          residuos: 1.000",,,,,MADRID\1APROVINCIA\FUENLABRADA\nardos4\FICHA DE DATOS ACCESALIA.docx
nazaret1,ok,H79699047,Casimiro Flores Cordero,76150361Y,ONIX ABOGADOS,,,fincas@onixabogados.com,4768850488950037077652984500ADMINISTRADOR DE FINCAS        SI           NO,Nacho Fain,Daniel,por defecto: sin etiqueta = Daniel,,,"Propiedad:	calle Nazaret 1
CIF:		H79699047
Presidente:	Casimiro Flores Cordero
DNI:		76150361Y

Código postal: 28941
Referencia catastral: 2201403VK3620S
Fachada:
PEM: 42.753,00€	residuos: 300

SUPERFICIES :
PLANTA BAJA	4,60 m2
PLANTA TIPO 1-4	1.30 X 4 = 5,20 m2
SUPERFICIE TOTAL :.	9,80 m2



Nº DE CUENTA PARA PASAR EL PAGO
ES36 2038 2800 1360 0011 3386",,,,,MADRID\1APROVINCIA\FUENLABRADA\nazaret1\FICHA DE DATOS ACCESALIA.docx
nazaret10,ok,,,,,,,,4768850488950037077652984500ADMINISTRADOR DE FINCAS        SI           NO,,Daniel,por defecto: sin etiqueta = Daniel,,,"Propiedad:
CIF:
Presidente:
DNI:

Código postal:
Referencia catastral:
Fachada:
PEM:
residuos:
SUPEFICIES
AMBITO ORDENACION
DISTRITO",,,,,MADRID\1APROVINCIA\FUENLABRADA\nazaret10\FICHA DE DATOS ACCESALIA.docx
nazaret14,ok,H79549671,JACINTO ABAGA NCHAMA,X1656540B,FINCAS ONIX Pedidos docs cp  23/04,Sandra Quero,910462133,fincas@onixabogados.com,,,Daniel,por defecto: sin etiqueta = Daniel,,2301601VK3620S,,LUIS · ONIX · Luis ->,,"06/02/2025 LLEVA INVASION DE UN LOCAL. M2 A COGER, LOCAL CERRADO CUÁNTO TIEMPO Y CUÁNDO SE APROPIAN DE ESOS M2. ESCRIBIERON EL 30/01. ir a verlo el 26/02 con abogado cp y propietario

26/02/2025 He realizado un escaneado del patio, escalera y local afectado que le mando a Alex es escaneado para tenerlo grabado

el problema es que hay que invadir un local y he estado con el Local explicándole que le quitamos 2, 3, o 4 m²

se pondrá en contacto con nosotros el abogado y la comunidad, para decirnos si tiramos para adelante con el ascensor por el patio o con el ascensor más pequeño por el interior

07/04/2025 Me llama Luis de Onix, diciendo que lo que necesitan es un ascensor que quepa una silla de ruedas, ocupando el local. El del local está dispuesto a negociar.

Tienen reunión en breve con los vecinos. Esperaban que tuviéramos hecho ya unos planos de cómo va a quedar.

Dicen que ya han firmado el contrato con FAIN y que nos contrataban a nosotros, pero aquí no tenemos noticia. Tenían el acuerdo con Juan Antonio Alvarez Novillo, y como no está disponible, va a llamar a Oswaldo.

Se envía hoja de encargo indicando que el proyecto ya está prácticamente acabado.
09/04/2025 llamo a Onix, preguntando por Luis. Le ha dicho a Daniel que no habían recibido la hoja de encargo y que se ha montado un drama. Me dicen que está ocupado y que ahora lo lleva Sandra Quero. Sandra me dice que sí que lo recibieron y que lo van a someter a votación el 22/04. Luis creía que ya estaba aprobado pero que él ya no lo lleva y que no se mete.

Por orden de Daniel, se les envía HE pry df y css (sin subvenciones), indicando que el proyecto ya está prácticamente acabado.
23/04/2025 Recibida hoja de encargo firmada. Hay 3D, ver qué se ha presentado.
28/05/2025 Santiago: Levantamiento Estado Actual:

Los muros internos del local comercial en planta baja fueron modelados a partir de una proyección de la nube de puntos, utilizando como referencias el nivel del Piso 1 y el patio.",,MADRID\1APROVINCIA\FUENLABRADA\nazaret14\FICHA DATOS.docx
nazaret32bis,ok,H79706172,JUAN CABALLERO GÓMEZ,50960074D,ASERPEMAR S.L.,Pedro Sancho,Telf.: 919126426 / 641230532,aserpemar@gmail.com montero@legalmmabogados.com,,PEDRO IMPE / elecnor,Daniel,por defecto: sin etiqueta = Daniel,José Ropero,2204410VK3620S,"19/01/2024 Andrés Mulas: siguen los conflictos con la comunidad, no se da el fin de obra de momento
23-06-26 se envía HE subv para ok de Mónica según lo pactado y reflejado en acta de junta 24-06-26 ENVIADO C:\accesalia Dropbox\D SM\Ascensores y rehabilitaciones\MADRID\1APROVINCIA\FUENLABRADA\nazaret32bis\SATE\1.DATOS\2.DOCUMENTACION\acta donde se refleja % subv
25/06/2026 se pasa a visar cfo
06/07/2026 registro cfo en ayto",ROCIO ULLOA,,,,MADRID\1APROVINCIA\FUENLABRADA\nazaret32bis\SATE\FICHA DATOS TECNICOS.docx
nazaret8,ok,,,,FINCAS ONIX,Belén Bermejo,,fincas@onixabogados.com,,FINCAS ONIX Belén Bermejo,Daniel,por defecto: sin etiqueta = Daniel,,,12/11/2024 VISITADO Y ENVIADA HOJA DE ENCARGO,,,,,MADRID\1APROVINCIA\FUENLABRADA\nazaret8\FICHA DATOS TECNICOS.docx
nazaret9-11,ok,,,,,,,,,NACHO  FAIN,Daniel,por defecto: sin etiqueta = Daniel,,,"Propiedad:
CIF:
Presidente:
DNI:

Código postal:
Referencia catastral:
Fachada:
PEM:	          residuos:",,,,,MADRID\1APROVINCIA\FUENLABRADA\nazaret9-11\FICHA DE DATOS ACCESALIA.docx
oriente6,ok,H79699617,,52069659G,"MUÑOZ PANDO ABOGADOS, S.L.P",JOSE LUIS SERRANO,912271180,jlserrano@mupan.es,CDAD,MARIA ANGELES FERNANDEZ MAFER,Daniel,por defecto: sin etiqueta = Daniel,Fernanda del río,2598201VK3529N,"03/2022 SE ANOTA POR PRIMERA VEZ.
01/2023 ANTONIO JAVIER COCA RUBIO DE ORONA MANDA UN CROQUIS A DANIEL.
05/2023 PASAR HOJA DE ENCARGO PARA ASCENSOR. SE COBRA A LA COMUNIDAD
03/10/2023	ASCENSOR
26-05-2025 PIDO CITA PREVIA EN EL AYTO A PETICION DE DANIEL PARA VER SI DAN CONFORMIDAD DR Y COMENZAR OBRA, INFORMO A ADMINISTRADORA. Sofia
18/02/2026 Solicitud de información sobre la DR
23/02/2026 desde el ayto de Fuenlabrada indican:” Se encuentra en fase de ""Análisis tras subsanación"", lo que significa que se encuentra pendiente de revisión de la documentación aportada tras requerimiento, y de emisión de informe técnico.”

Informo a los interesados
14/05/2026 pregunto al ayto de Fuenlabrada el estado de la DR
15/05/2026 EL AYUNTAMIENTO DE FUENLABRADA CONCEDE LA LICENCIA DE OBRA
Rafael Andujar Guerrero <r.andujar@ayto-fuenlabrada.es>

para:
Maria Carmen Almansa Padilla <calmansa@ayto-fuenlabrada.es>,
Oficina Accesalia <oficina.accesalia@gmail.com>

fecha:
15 may 2026, 13:19




Hola,

He revisado la contestación al requerimiento, y es favorable, por lo que he pasado el expte a fase de visita de comprobación cuando termine la obra.

Cualquier complicación durante la obra, procuren consultar previamente a los Servicios Técnicos para ver cuál sería la mejor solución.

Cuando terminen la obra, presenten el Certificado Final de Obra.

Gracias.

Atentamente, reciba un cordial saludo.

Rafael Andújar
Técnico Urbanismo
Licencias de Obras.
Concejalía de Urbanismo y Movilidad.
Ayuntamiento de Fuenlabrada (Pza. Constitución, 1. CP 28943)
Tel: 658599477 - Fijo: 91 649 70 00 ext. 4311
Email: r.andujar@ayto-fuenlabrada.es



15/06/2026 La comunidad tiene aceptado el presup de Otis, aunque no lo manda firmado. Ana
27/07/2026 Pregunto a admin cuándo prevén empezar las obras. Ana
Admin: Tenemos previsto celebrar una reunión informativa con los vecinos en la primera semana de septiembre (presumiblemente el jueves 3) y a partir de ahí veremos disponibilidad de la empresa.",administradora@gestionmafer.es · ; · mafer@mupan.es,,,,MADRID\1APROVINCIA\FUENLABRADA\oriente6\FICHA DATOS TECNICOS.docx
oriente8,ok,,,,MUPAN,MARIA ANGELES FERNANDEZ,,,CDAD,MARIA ANGELES FERNANDEZ MUPAN,Daniel,por defecto: sin etiqueta = Daniel,,,"10/10/2023	ASCENSOR
COMO SE HIZO EN ORIENTE 6 FUENLABRADA. QUIEREN REUNION DIC 2023 O ENERO 2024. MANDAR PRESUPUESTO Y HACER 3D. Presidente : Antonio  4º B Teléfono : 616 092 502
28/11/2023 PRESENTACIÓN 3D",,,,,MADRID\1APROVINCIA\FUENLABRADA\oriente8\FICHA DATOS TECNICOS.docx
oriente8 - LOCAL 3,sin ficha,,,,,,,,,,,,,,,,,,,
oriente9,sin ficha,,,,,,,,,,,,,,,,,,,
palencia12,ok,H80203466,EUSTAQUIO GOMEZ GOMEZ,,LORMAN (pedidos docs el 13/06/2022),José Vicente,91 6064913,lormanad@gmail.com CONSTRUCTOR: Luis Benavente CODI Luis Benavente Carpintero lbenavente@codib7.com 633 17 67 49,CDAD PROP,,Daniel,por defecto: sin etiqueta = Daniel,,5636101VK2653N,"12/05/22 Presupuesto firmado. Rampa.
Mandarán CIF y datos cuenta bancaria cuando lo tenga la secretaria.
18/07/22 Lorman dice que tenemos que hablar con alguien de la comisión de obras antes de que paguen las tasas. Que nos pidieron el proyecto para pedirles presupuestos a constructoras.
Llamo a Eustaquio, no lo coge.
Llamo a Antonio, de la comisión de obras. Le explico que el proyecto ya está pagado íntegramente (incluye dirección de obra, licencia, fin de obra, etc.), y dice que “alguien está actuando sin consultar”.
Quedamos en que les mando el proyecto visado y las tasas a Lorman y al correo de la secretaria. Y que ya con eso decidan si siguen adelante.
26/07/22 Envían tasas pagadas y se presenta DR.

11/12/2025 envio aprobación de DR para su archivo (obra finalizada)",,,,,MADRID\1APROVINCIA\FUENLABRADA\palencia12\FICHA DATOS TECNICOS.docx
paseocares1,ok,,,,FINCAS M3 de Fuenlabrada.,,,,,,Carlos,etiqueta de la ficha,,,,,,,,MADRID\1APROVINCIA\FUENLABRADA\paseocares1\FICHA DATOS.docx
paseochile10,ok,,,,YARA ASESORES,,91 690 72 11 / 605 465 008,e.garcia@yaraasesores.com,,,Daniel,por defecto: sin etiqueta = Daniel,,,,,,07/02/2025 ENVÍAN: consulta vinculante que ha realizado el arquitecto a la cual no han contestado aún.,,MADRID\1APROVINCIA\FUENLABRADA\paseochile10\FICHA DATOS.docx
paseocolonia5,ok,,,,,,,,,MIGUEL BARCENAS FINCAS EN CASA,Daniel,por defecto: sin etiqueta = Daniel,,,06/02/2024 enviada hoja de encargo,,,,,MADRID\1APROVINCIA\FUENLABRADA\paseocolonia5\FICHA DATOS TECNICOS.docx
paseodegranada2,ok,H79943031,PABLO CARBALLO RAMOS,06987686X,ALCORA (pedidos docs 28-11-2023 falta autorización firmada),VALENTIN ALCOCER,617 35 47 03,administracion@administracionesalcora.es; valentin@administracionesalcora.es,CDAD,VALENTIN ALCORA,Daniel,por defecto: sin etiqueta = Daniel,,2106002VK3620N,"23/10/2023 MONICA ENVIA ESTUDIO GENERAL CON NEXT GENERATION
15/11/2023 Pagarán 50% al principio y 50% a la entrega del proyecto. Hoja de encargo??
29/11/2023 se hace el cargo por el 50% pero no tienen dinero. Anularlo. Piden hacer el primer 50% en tres veces, empezando en diciembre.
SUSANA Hablado con Daniel: Dado que no hay imágenes ni escaneo de la cubierta se hace toda la impermeabilización completa.
Se aíslan las barandillas tanto de las terrazas cerradas como abiertas con panel sándwich de 100mm.
Se aíslan techos de terraza abierta cuando la de arriba esté cerrada.
Respecto de los cubre tendederos omitimos si hay que ponerlos (hablado con Daniel)
De: Subvenciones Accesalia <subvenciones.accesalia@gmail.com>
Date: mar, 14 may 2024 a las 13:48
Subject: Re: Subvención Fondos Next Generation - Paseo Granada 2 - Fuenlabrada
To: Administración Alcora <administracion@administracionesalcora.es>, Valentín Alcocer <valentin@administracionesalcora.es>
Cc: daniel de soto <danieldesotoarquitecto@gmail.com>, Gerencia Accesalia <gerencia.accesalia@gmail.com>, Oficina Accesalia <oficina.accesalia@gmail.com>
Buenos dias Valentin,
tras conversación telefónica con Daniel, me ha confirmado que esta comunidad no alcanza un ahorro suficiente con la instalación fotovoltaica para poder subir de tramo y solicitar más porcentaje en la subvención, por eso no se contempla en el proyecto.

Por lo tanto, el presupuesto de instalación fotovoltaica que me adjuntas, no lo tomaré en cuenta a la hora de calcular el importe subvencionable.
Quedo a tu disposición para cualquier aclaración.
Recibe un cordial saludo
17/08/2026
de:
Valentín Alcora <valentin@administracionesalcora.es>

para:
Oficina Accesalia <oficina.accesalia@gmail.com>
fecha:
17 ago 2026, 12:17

Si puedes empezar a solicitar las tasas de la DR, para la bajada a cota cero y el SATE, aunque en septiembre sólo se iniciaran las obras de bajada a cota cero.
19/08/2026 (Adriana) solicito documentación al administrador para poder solicitar las tasas.
26/08/2026 (Adriana) envío al administrador el justificante de solicitud de tasas",,,,,MADRID\1APROVINCIA\FUENLABRADA\paseodegranada2\sate\FICHA DATOS TECNICOS.docx
paseodegranada3,ok,H79616652,,,LORMAN,ANTONIO MENDOZA,,bcastrovegue@gmail.com,CDAD,,Daniel,por defecto: sin etiqueta = Daniel,José Ropero,2107502VK3620N,,,,,,MADRID\1APROVINCIA\FUENLABRADA\paseodegranada3\reparar fachada\FICHA DATOS TECNICOS.docx
paseodelahaya2,ok,H79705851,Miguel Mejias Camacho,08792716T,"LORMAN ADMINISTRACIONES, S.L. (docs pedidos 13/09/2022)",Marita,91 6064913,lormanad@gmail.com,CDAD,,Daniel,por defecto: sin etiqueta = Daniel,,1602003VK3610S,"31/08/22 PLATAFORMA Y BAJANTES. PRECIO INCLUIDO CSS

11/10/22 De Lorman: Te he enviado el presupuesto aceptado de Haya 2, es urgente hablar con la empresa que hace la instalación de las bajantes y ascendentes, pasan por el portal.

Llamar a Andrés 665530436",,,,,MADRID\1APROVINCIA\FUENLABRADA\paseodelahaya2\FICHA DATOS TECNICOS.docx
paseodoctorseveroochoa10,ok,H85862803,MARIA MAGDALENA PAEZ HERRERO,51944732Z,ONIX ABOGADOS Pedidos docs cp a Oswaldo 18/02,LUIS,910 46 21 33 / 625 71 74 14,fincas@onixabogados.com (a través de Oswaldo).,,,Daniel,por defecto: sin etiqueta = Daniel,MARINA ORTEGA,2500103VK3620S,,OSWALDO · – DAVID CAMARA · OSWALDO GARCIA · 672 026 792 · oswaldo.garcia@fainascensores.com,,"27/03/2025 correo de julio a Oswaldo: Buenos días, revisando el presupuesto para la instalación de ascensor en Paseo Doctor Severo Ochoa 10, Fuenlabrada, se presupuesta un ascensor con un hueco de 1550mm x 1550mm. No nos permiten invadir espacio público, por lo que no es posible instalar un ascensor con las dimensiones presupuestadas. Adjunto plano con el hueco de ascensor que es posible instalar en dicha comunidad. Quedo al pendiente de que se presupueste nuevamente el ascensor con las dimensiones permitidas por proyecto. El ascensor proyectado no cumple con las dimensiones de cabina para personas en silla de ruedas pero si para personas con movilidad reducida.

Respuesta de Oswaldo: Como os he comentado, presentarlo invadiendo y que nos requieran, lo que quiero es poder demostrar en su momento, que los cambios son provocados por el ayto
22/10/2025 el ayto de Fuenlabrada informa sobre la DR “Buenos días, sobre el registro de entrada 2025033525 de 28/05/2025 indicar que le corresponde el núm. de expediente 2025/DRN_01/000289 DR SEVERO OCHOA 10 INSTALACION DE ASCENSOR - Se encuentra en fase ""Preparación de informe técnico"" tras revisar la documentación aportada.”
Se da contestación a la presidenta (email 6/10)
--------- Forwarded message ---------
De: Magdalena <madaph@gmail.com>
Date: mié, 22 oct 2025 a las 11:20
Subject: Re: CP Paseo Doctor Severo Ochoa 10
To: Oficina Accesalia <oficina.accesalia@gmail.com>


Buenos días:
Me gustaría que me enviara la nota de cargo con lo que se les ha pedido porque estoy muy interesada en saber lo de las subvenciones.
Gracias por toda l información que me ah dado
Saludos
23/10/2025 HE SUBV enviada
24/10/2025
Raúl García López <raul.garcia@fainascensores.com>

Localizado, Abel,
Obra vendida por David Cámara.
Zona Fuenlabrada.
Asignamos a Miguel Angel por zona para que atienda esta petición y se encargue de  llevar todo el tema de esta obra

Miguel:para tu gestion ;  tienes la línea creada en la tabla de seguimiento de obras que tenemos, encargate de cumplimentar lo que puedas y atiende esta petición de Accesalia y de  la administración de la finca.


Adriana, Daniel ( Accesalia) : por favor , todas las gestiones de FSA ( fincas sin ascensor ) que tuvierais  abiertas con Oswaldo, remitir a mi , y yo os gestiono tema  y os digo quien las lleva ahora por zona dentro de nuestro departamento /DELEGACION MADRID FSA

10/12/2025 ESTADO DE LA DECLARACION RESPONSABLE SEGÚN calmansa@ayto-fuenlabrada.es

“Buenas tardes, a fecha de hoy el expediente indicado sigue aún en fase de ""Preparación de informe técnico"" pendiente de revisión por parte del técnico municipal.”

Se lo informo a MARIA MAGDALENA PAEZ HERRERO que es la presidenta de la cp y preguntaba por ello
06/04/2025 desde el ayuntamiento de Fuenlabrada informan:

“La documentación aportada con registro de entrada nº 2026012822 10/03/2026 ya consta subida a su expediente, el cuál se encuentra en fase de ""Análisis tras subsanación"" para revisión por parte de la técnico municipal.”
01/09/2026 (Adriana) hablo con el ayto para saber cómo va el expediente y me indican que está pendiente de revisión técnica municipal, que llame el 18-09 (me lo dejo anotado y Alejandra envía información a todos los interesados)",,MADRID\1APROVINCIA\FUENLABRADA\paseodoctorseveroochoa10\FICHA DATOS.docx
paseodoctorseveroochoa2,ok,,,,Yara Asesores,ESTEFANIA,605 465 008,e.garcia@gestoriayara.com,,,Daniel,etiqueta de la ficha,,,,e.garcia@yaraasesores.com,,"--------- Forwarded message ---------
De: <e.garcia@yaraasesores.com>
Date: lun, 24 nov 2025 a las 10:03
Subject: CCPP DOCTOR SEVERO OCHOA 2
To: <danieldesotoarquitecto@gnmail.com>, <oficina.accesalia@gmail.com>


Buenos días Daniel,


Tal como hablamos el jueves pasado, tras la junta la comunidad de propietarios del Paseo Doctor Severo Ochoa 2, aquí en Fuenlabrada. Quieren que les realices un estudio de viabilidad para la instalación del ascensor y accesibilidad en la entrada que tienen un pequeño escalón.

Que datos necesitas?
Un saludo
DANIEL:  Se derriba la escalera sin tocar el muro trasero. Se pone un ascensor por el interior para cinco personas y se modifican los contadores eléctricos ascensor para cinco personas con puertas automáticas eléctrico. Proyecto de ejecución. Material de contrata 220.000 € más IVA

16/12/2025 HE CON INFORME VIAB ENVIADA
---------- Forwarded message ---------
De: <gestionfincas@yaraasesores.com>
Date: mar, 27 ene 2026 a las 17:33
Subject: IEE PASEO DOCTOR SEVERO OCHOA Nº 2
To: <ACCESALIA@accesalia.es>, <R.VERMEJO@sate.es>

Buenos días,

Le escribimos desde la administración de la comunidad de propietarios sita en PASEO DOCTOR SEVERO OCHOA Nº 2, necesitamos presupuesto para la IEE del edificio.

Muchas gracias,

Un saludo
28-01-2026 HE IEE ENVIADO",,MADRID\1APROVINCIA\FUENLABRADA\paseodoctorseveroochoa2\FICHA DATOS.docx
paseoolimpo16,ok,H79607446,CONCEPCIÓN MARTIN HERNANDEZ,11793111E,Gonzalo Díez y Asociados S.L. (GDA CONSULTORES) B86818739,Nuria Gonzalo Díez Colegiada 8739,91 831 55 02,DATOS ADMINISTRADOR DE FINCAS (desde sept 2024),CDAD PROP,MIGUEL ANGEL ARE FACHADAS,Daniel,por defecto: sin etiqueta = Daniel,,1596503VK3519N,"04/07/2024 enviar hoja de encargo con proyecto sate y subvenciones a Miguel Angel de ARE FACHADAS. Decirle que tiene que MANDAR EL PRESUPUESTO A SU AMIGO FELIX Y A ADRIAN SERRANO (adrianserrano1993@gmail.com)

12/07/2024 Tienen una ITE desfavorable porque se les están cayendo los ladrillos. Pedirla y tenerlo en cuenta a la hora de las tasas (tienen reducción o exención en ICIO, ocupación de vía pública, etc. ENTERARSE BIEN). Pedirles la ITE desfavorable para poder justificarlo.

Quieren fachada chula y rompedora como en Callao 29

Hay que atenerse al presupuesto y mediciones de ARE.

Hay que reconstruir la fachada que afecta a las viviendas del 7º C y 7º D para poner el SATE.

Ojo: en el proyecto hay que redactar muy claramente que el problema de desprendimiento de fachada es generalizado y que la única manera de solucionarlo es mediante SATE
Julio 2024: a Sofía le han dicho en urbanismo que hay que pagar las tasas íntegras, y si procede ya lo devolverán, pero en la orden de ejecución vienen instrucciones, atenerse a las instrucciones. Pedir bonificación de icio como siempre al 50%

18/07/2024 OJO, ARE NOS VA A PASAR EL PRESUPUESTO CORREGIDO PORQUE HAN HECHO UNAS MODIFICACIONES EN LA REUNION DE VECINOS. ATENERSE AL PRESUPESTO DE ARE. Recibido.
19/09/2024 REGISTRO AYUNTAMIENTO: en nombre: COMUNIDAD DE PROPIETARIOS PASEO DEL OLIMPO, 16

Correo: administracion@pbmasesores.com

(cuidado este correo es incorrecto!!!)
Se pide a Alex que escriba al ayuntamiento notificando que nos escriban a nosotros.

En la redacción del proyecto se pide a ARE fachadas, bc3 para redacción de presupuesto. Se corrige el número de terrazas abiertas y se añade la partida de cerrajería puesto que no estaban contempladas unas rejas de ventanas.
Se corrigen también las mediciones de cubierta para que coincidan con certificado energético.
Se realiza diseño según Callao 31, Fuenlabrada.

26/09/2024 La comunidad confirma por correo electrónico que no quieren que se presente todavía la DR. A la next, salvo noticia en contrario, irá con COMPROMISO. Parece ser que estaban a la espera de un crédito.

16/10/2024 Pide Adrián retomar la DR y cobrar. Hablado con Nuria, les han aceptado el crédito pero todavía no está todo firmado ni el dinero en el banco. Nos avisa en cuanto lo tengan para poder afrontar lo que nos deben a nosotros y las tasas del ayuntamiento, que habrá que volver a pedirlas.

03/03/2025
De: Adrian Serrano <adrianserrano1993@gmail.com>
Date: vie, 28 feb 2025 a las 13:58
Subject: Antena televisión P. Olimpo 16
To: Miguel Angel Ventaja Diaz <miguelangel@arefachadas.es>
Cc: Nuria GDA <nuria@gonzalodiez.com>, daniel de soto <danieldesotoarquitecto@gmail.com>, <macu.7@hotmail.com>

Buenos días Miguel Ángel.

Debido a las reiteradas quejas de los vecinos a causa del desmontaje de la antena de televisión del torreón para realizar el SATE de la zona, por favor, indícame una planificación o fecha en la que va a reinstalar dicha antena para poder informar a los vecinos.

También infórmate tanto a ti, como a Daniel (en copia de este correo), del relevo en la presidencia de la comunidad.

Ahora la presidenta es macu.7@hotmail.com y el vicepresidente yo mismo adrianserrano1993@gmail.com.

Todas las comunicaciones referentes a la obra, de ahora en adelante, deben incluir estos dos correos electrónicos.

Muchas gracias de antemano y un saludo.

29/04/2025 Enviado por mail a Ropero y Lozano del ayto consulta vinculante sobre tendederos. No funciona registro. Se intentará más adelante.
Sept/09 ARE DICE QUE LA COMUNIDDA LES DEBE € POR LO CUAL AUNQUE LA OBRA ESTA ACABADA NO SE METE FIN DE OBRA
03/12/2025 se vuelve a preguntar a ARE para fin de obra y contestan:

“Seguimos sin cobrar, siguen sin estar de acuerdo con la certificación de fin de obra”
Por lo que todavía no podemos gestionar el CFO
21/01/2026 paso a visar el CFO, informo a los interesados
23/01/2026 CFO visado, informo a los interesados","PBM ASESORES · Calle Suecia, 3, Local 10 · 28942 Fuenlabrada, Madrid · 91 227 15 58 – 683 19 38 87 · administracion@pbmasesores.com · nuria@gonzalodiez.com · / · sonia@gonzalodiez.com · sonia@gdaconsultores.com · ; · ANGEL MANUEL ESTRADA MUÑOZ · 50220479W",,,,MADRID\1APROVINCIA\FUENLABRADA\paseoolimpo16\sate\FICHA DATOS TECNICOS.docx
paseoolimpo7,ok,,JUAN CARLOS CUENA SANZ,,MONTES OCHOA,,,fincas@administracionmontesochoa.es,,,Daniel,por defecto: sin etiqueta = Daniel,,,"Propiedad:	CP PASEO OLIMPO 7
CIF:		H-79648697
Presidente:	JUAN CARLOS CUENA SANZ
DNI:		2070920-T

Código postal:	28943
Referencia catastral:
Fachada:
PEM:	   2.500 €       residuos: 50

COBRAR 250 POR LA MEMORIA + iva",,,,,MADRID\1APROVINCIA\FUENLABRADA\paseoolimpo7\FICHA DE DATOS ACCESALIA.docx
paseosanantonio3,ok,H79741195,FERNANDO OLIVA RELAÑO,51315138E,,,91 690 43 94 / 912271180,MAFER se ha jubilado. Llamar a MUÑOZ Y PANDO Nos pide que le carguemos en cuenta la factura de honorarios. 27/01/22 ES55 0030 1130 4209 0028 4271,CDAD,Se han ido a OTIS,Daniel,por defecto: sin etiqueta = Daniel,FERNANDA DEL RIO,2599002VK3529N,"19-01-2024
De: Victor Esquinas Barbacil <victor.esquinas@fainascensores.com>
Date: vie, 19 ene 2024 a las 14:54
Subject: Re: [External] paseo san antonio 3 fuenlabrada - status obra
To: Ana Santamarta <asantamarta.accesalia@gmail.com>


Buenos días,

Estamos pendientes de aceptación de ppto por parte de la comunidad. Os aviso con el inicio.

Muchas gracias. Un saludo.

Se fueron de FAIN. El proyecto lo pagó la comunidad directamente, y se han ido con el proyecto a otra contrata (OTIS).
01/10/2024 Se manda hoja de encargo a la cp para la CSS

24-06-2025    de:	Accesalia Obras    cerramiento terraza piso bajo

Hola Alejandra,
Me ha comentado Ana que esto lo envíe primero a Comercial y cuando ya esté en orden le llegará a ella para asignar el trabajo.

Se trata de hacer un proyecto para cerrar la terraza de un bajo, que ahora mismo da a la calle. Ya han hablado con el ayuntamiento y necesitan las cosas que detallo abajo.
_____________________

Aprovechando las obras del ascensor, los vecinos del bajo quieren cerrar la terraza, está a nivel de calle. El otro día fui a tomar datos.
En esta carpeta está el modelo en SketchUp:
C:\accesalia Dropbox\Tecnicos Accesalia\Ascensores y rehabilitaciones\MADRID\1APROVINCIA\FUENLABRADA\paseosanantonio3\PROYECTO\PROYECTO CERRAR BAJO

Necesitan un pequeño proyecto para tramitar las obras en el Ayuntamiento.
Lo que les piden viene en la foto que adjunto
s un murete de cerramiento de 90 cm de alto continuando la línea de fachada (en color naranja) hasta dar con el nuevo muro del ascensor  (color azul marino) que en la parte de abajo será de ladrillo. Sobre el murete irán unas rejas.
José Luis González Almansa





25/06/2025 DANIEL Y JL HAN LLEGADO A LA CONCLUSION DE QUE ESTO NO PROCEDE YA QUE ES UNA VIVIENDA PARTICULAR




























28/07/2025 HE SUBV ENVIADA  –RECIBIDA FIRMADA
28/07/2025 ALEX: Por indicaciones de Carla, que ya ha hablado con Daniel, hay que realizar CEE + IEE sin toma de datos.
07/05/2026

Raúl Pastor no puede realizar acciones en nombre de OTIS e indica que nos pongamos en contacto (cuando toque) con  JIMENEZ MORAN, MARCOS MARCOS.JIMENEZMORAN@otis.com

31/08/2026 Para el CFO se hizo el ajuste del total, nos e añadió como adicional el aumento
18/09/2026 (Adriana) paso a visar CFO",FRANCISCO MIGUEL LOPEZ MENA -> Oswaldo -> Juan Antonio Alvarez Novillo · GESTION MAFER · Oriente 8 local 3 · 28945  Fuenlabrada Madrid · Mª de los Ángeles Fernández Chocano · mafer@mupan.es,,,,MADRID\1APROVINCIA\FUENLABRADA\paseosanantonio3\FICHA DATOS TECNICOS.docx
paseosanantonio4,ok,H79574778,KELLY ALEXANDRA HERRERA CUSQUISIBAN,01836900M,MUPAN Pedidos docs cp 21/05,Jose Luis Serrano,91 227 11 80 ext 1,jlserrano@mupan.es; administracion@mupan.es; contabilidad@mupan.es (facturas),,,Daniel,por defecto: sin etiqueta = Daniel,,2699103VK3529N,,MARIA ANGELES FERNANDEZ · ACCESIB · María ángeles · fernandez · mafer@mupan.es · ;,,"27/02/2025 MONICA ENVIA HOJA DE ENCARGO
06/03/2025 Aprobado solo el SATE con las condiciones de la hoja de encargo
09/03/2025 Ana envia email a la comunidad para ver en qué punto están, no han contestado a los 3 pptos enviados y no han solicitado licencia ni dr
20/05/2026 pregunto si tramito la licencia o dr.

El administrador indica que tienen junta el 11/06/2026, hasta esa fecha no confirman si tramitamos la licencia
24/06/2026 Hablado con el admin, dice que ya han elegido presupuesto y cuando esté redactada el acta nos lo mandan todo. Ana",,MADRID\1APROVINCIA\FUENLABRADA\paseosanantonio4\SATE\FICHA DATOS.docx
paseosanantonio5,ok,H79816146,Rodolfo Andrino Blazquez,01151360A,SANFER,,,fincassanfer@gmail.com,,NACHO FAIN  FRAN FAIN,Daniel,por defecto: sin etiqueta = Daniel,,,"Propiedad:	CP SAN ANTONIO 5
CIF:		H79816146
Presidente:	Rodolfo Andrino Blazquez
DNI:		01151360A

Código postal:	28945
Referencia catastral: 2599001VK3529N
Fachada:

Superficie:
PLANTA BAJA: 7,90 M2
PLANTA TIPO (7,4 X 4 ) = 29,60
TOTAL 37,50 m2

PEM:	87.661,74          residuos: 300

Nº de cuenta para pasar el pago
ES89 2038 2231 4760 0053 6334



ACTA DE APROBACION DE ASCENSOR
ACTA DE NOMBRAMIENTO DE CARGOS
COPIA CIF COMUNIDAD
DNI PRESIDENTE
CARTA DE PERMISO PARA TRAMITAR LICENCIA
Nº CUENTA COMUNIDAD PARA PASAR CARGO",,,,,MADRID\1APROVINCIA\FUENLABRADA\paseosanantonio5\FICHA DE DATOS ACCESALIA.docx
paseosanantonio6,ok,,AMADOR MARTIN CENTENO,,SANFER,,,fincassanfer@gmail.com,,NACHO FAIN,Daniel,por defecto: sin etiqueta = Daniel,,,"Propiedad: CP PASEO SAN ANTONIO 6
CIF:	H-79546875
Presidente: AMADOR MARTIN CENTENO
DNI:

Código postal:	28945
Referencia catastral: 2699101VK3529N
Fachada: 26,80 m
PEM:	50.000 residuos: 300
SUPEFICIES 57,60 m2

ES62 2038 2231 4360 0057 4652",,,,,MADRID\1APROVINCIA\FUENLABRADA\paseosanantonio6\FICHA DE DATOS ACCESALIA.docx
paular1,ok,H79824298,LUIS ALVAREZ PEREZ,00644923A,"MUÑOZ PANDO ABOGADOS , S.L.P",Mª de los Ángeles Fernández Chocano (jubilada),91 227 11 80,comunidades@mupan.es jlserrano@mupan.es administracion@mupan.es,CDAD PROP,,Daniel,por defecto: sin etiqueta = Daniel,,3195405VK3539S,"15/01 Mónica envia hoja de encargo para Sate y subvenciones.  Contactó MAFER de Mupan
23/01 Junta de propietarios con Daniel.
30/01/2025 Mónica llama a Mª de los Angeles para consultarle si decidieron avanzar con el proyecto o no. Dice que quieren, pero primero tienen que cancelar morosidad de vecinos. Colocar unas mallas, presentar info. A banco para pedir crédito y recién ahí nos contactan para comenzar con la obra.
17/09/2025 javier de Elecnor contacta a daniel por WhatsApp y quedan en un precio para pasarles nosotros la HE y él se encarga de que la firmen . Nuestro contacto ahora es ELECNOR
17/08/2025 HE SATE ENVIADA

29/10/2025 HE FIRMADA
04/11/2025 ALEX: Para el técnico que realice el proyecto es importante: la medianera entre el edificio y el portal Calle del Olivar 4, llega hasta la terraza que hay encima del portal Olivar 4, hay un 3D del escaneado con el iPhone de la habitación para que se use de referencia. ES IMPORTANTE YA QUE DESDE EL EXTERIOR NO SE APRECIA LA MEDIANERA DE EDIFICIOS
13/01/2026 se envía proyecto terminado a los interesados, a la espera de que informen para seguir con la tramitación + solicitud de documentación
15/01/2026 SE PASA A VISAR, CUANDO ESTÉ VISADO SOLICITAR TASAS
11/02/2026 proyecto visado, se solicitan tasas. Informo al administrador
13/02/2026 envio tasas dr e ICIO al administrador
23/03/2026 vuelvo a solicitar información sobre las tasas, no las han pagado y están caducadas
01/06/2026 vuelvo a solicitar información para saber si van a pagar las tasas o nos esperamos
29/06/2026 (Adriana) tras conversación telefónica informan que no van a realizar el pago, la comunidad no tiene dinero.
Me enviarán un email indicando que ya podemos seguir con la tramitación.

Quedamos a la espera",MUPAN · Maria de los Angeles · Fdez · mafer@mupan.es,,,,MADRID\1APROVINCIA\FUENLABRADA\paular1\FICHA DATOS TECNICOS.docx
paular5,ok,H80228158,VANESA BURGOS JIMENEZ,46939258F,AEA FINCAS,Vanesa Barragán,678146457,fuenlabrada@aeafincas.es,FAIN,FRAN -> OSWALDO,Daniel,por defecto: sin etiqueta = Daniel,FERNANDA DEL RIO,3294801VK3539S,"08-07-2022 Facturar a la comunidad en 2 recibos, el primero a la firma del proyecto y el segundo a la entrega del mismo,

OJO! En esta nos tienen quer meter 100 euros mas de CSS que nos han descontado en Mostoles 3 portal 2 (confirmado con FRAN)

14/01/2025 SE ENVIA HE DE SUBVENCIONES
---------- Forwarded message ---------
De: AEA FINCAS FUENLABRADA <fuenlabrada@aeafincas.es>
Date: lun, 3 nov 2025 a las 12:36
Subject: PAULAR 5 FUENLABRADA -
To: Oficina Accesalia <oficina.accesalia@gmail.com>
Cc: OBRAS ACCESALIA <obras.accesalia@gmail.com>


Buenos dias,

Necesito que me paséis presupuesto para el IEE de la comunidad de referencia


Saludos.
5/11/2025 HE IEE ENVIADA
30/12/2025 FAIN informa:

“en el día de hoy hemos realizado la ""entrega de obra"" de PAULAR 5, FUENLABRADA, la parte de obra civil.
Lo pongo entre comillas porque falta la legalización de la reforma eléctrica de finca por parte de Iberdrola, contratación de contador trifásico y puesta en marcha y legalización del equipo.

La obra como tal (CFO) está a falta de puesta en marcha y legalización del ascensor, que depende de que compañía realice la instalación de enlace y no sabemos cuándo podrá ser.”

09/01/2026 solicito contradictorio a FAIN para ir gestionando el CFO.

Ana Baraibar irá la semana del 12/01/2026 para acta CFO
13/01/2026 Fain informa:

“""falta la legalización de la reforma eléctrica de finca por parte de Iberdrola, contratación de contador trifásico y puesta en marcha y legalización del equipo"", por lo que no podrá emitirse el CFO todavía, aunque la obra en sí esté terminada.”

23/02/2026 Fain informa:

“El ascensor aún no está legalizado.
El pasado 19/02/2026 acudió Iberdrola a hacer los trabajos de enlace y acometida. Queda contratar contador trifásico, pasar las pruebas y legalizar”

03/06/2026 (Adriana) se pasa a visar CFO
09/07/2026 (Adriana) se registra CFO en ayto",,,,,MADRID\1APROVINCIA\FUENLABRADA\paular5\FICHA DATOS TECNICOS.docx
pelayo7,ok,,,,,,,,,PEDRO ARANDA,Daniel,por defecto: sin etiqueta = Daniel,,,"Propiedad:
CIF:
Presidente:
DNI:

Código postal:
Referencia catastral:
Fachada:
PEM:	          residuos:",,,,,MADRID\1APROVINCIA\FUENLABRADA\pelayo7\FICHA DE DATOS ACCESALIA.docx
pelayos11,ok,H79674370,ANTONIO ARTERO HOMBRADO,51973224D,GESTION MAFER,Mª Angeles Fernández Chocano,912 27 11 80,mafer@mupan.es; comunidades@mupan.es,CDAD,Maria Angeles,Daniel,por defecto: sin etiqueta = Daniel,Fernanda del Río,2499401VK3529N,"11-12-2023 No tenemos previsión aun de empezar porque no tienen la financiación aprobada con el banco.
19-01-2024
De: Manuel Requena Rodríguez <manuel.requena@fainascensores.com>
Date: vie, 19 ene 2024 a las 13:36
Subject: Re: [External] PELAYOS 11 FUENLABRADA - status obra
To: Ana Santamarta <asantamarta.accesalia@gmail.com>


Me reuní con los vecinos en octubre y querían empezar pero aún no tienen autorizada la financiación por el banco.
Luego no tienen aún dinero para pagarnos y no podemos empezar

Haciendo el iee a toda leche porque vamos a subvención, me indica Daniel que a pesar de que no cumplan los buzones, la cartelería ni la altura del portero y la ausencia de señalización SIA, pongamos que cumple. Informo a contrata, administrador que hay que colocar la señalización SIA. (CARLA)

12-06-2025 EVIADA HE DE SUBV
30/07/2025 HE SUBV FIRMADA
04/09/2025 ALEX: Me indican el día de hoy a las 15h que necesitan el informe IEE para mañana 085 de septiembre, he revisado la documentación y no se encuentra actualizada, he hablado con Ana y me dice que usemos los datos antiguos y si nos lo requieren, los cambiamos. Pego correo que envié:

Buenas tardes Ana, Tal y como hemos comentado, al haber recibido hoy a las 15:00 h el aviso de tener con carácter urgente el informe IEE de la comunidad de Pelayos 11, Fuenlabrada para mañana, y dado que no disponemos de la documentación actualizada de la comunidad, hemos acordado presentarlo con los datos correspondientes al presidente anterior, quedando a la espera de que posteriormente nos requieran la subsanación. Así, al menos la comunidad podrá presentarse a la convocatoria.

Por otro lado, recordar que mañana tengo una visita programada por la mañana para una inspección, por lo que es muy probable que no disponga de tiempo suficiente para completar el informe en su totalidad. En cualquier caso, lo presentaré al final del día con la información disponible para ese momento.

Muchas gracias,
Un saludo.

05/09/2025 ALEX: Subvenciones habla con Daniel sobre la accesibilidad del edificio, ya que tienen dimensiones accesibles pero mecanismos no accesibles, de una obra terminada, Daniel indica que obviemos los mecanismos y pongamos que si cumple accesibilidad, por ello adjunto correo recibido de subvenciones:

Buenas,
En el proceso de elaboración del IEE, Daniel me indica que, a efectos de la subvención, se ha marcado como cumplido el apartado de accesibilidad, a pesar de que actualmente no cumplen los buzones, la cartelería, la altura del portero ni la señalización SIA.
Para evitar problemas futuros en la justificación de la subvención, es imprescindible que se proceda a la colocación de la señalización SIA en el edificio.
Informo a la contrata y al administrador que lo gestionen a la mayor brevedad y me confirmen una fecha de colocación.",,,,,MADRID\1APROVINCIA\FUENLABRADA\pelayos11\FICHA DATOS TECNICOS.docx
pelayos9,ok,,Domingo Morán Moreno,,SANFER,,,,,NACHO FAIN,Daniel,por defecto: sin etiqueta = Daniel,,,"Propiedad:	CP PELAYOS 9
CIF:		H-79854386
Presidente:	Domingo Morán Moreno
DNI:		 51826980-E

Código postal:	28945
Referencia catastral: 2499401VK3529N
Fachada:	49,26 m
PEM: 40.000	          residuos: 1.000",,,,,MADRID\1APROVINCIA\FUENLABRADA\pelayos9\FICHA DE DATOS ACCESALIA.docx
planos chalet codi,sin ficha,,,,,,,,,,,,,,,,,,,
plazadebogota7,ok,,,,,,,elomartinespa@gmail.com,,,Daniel,etiqueta de la ficha,,,,,,"Daniel: SATE Coordinar con David PROYECTON. El ascensor es un derribo de escalera para poner un ascensor de cinco plazas con cinco paradas y puertas de 750. . Modificación del portal. Para bajar a cota cero.. el coste del Sate hay que preguntárselo a David. El coste de obra Ascensor será de 200.000 € más IVA. cesión parcial de CAES
Alejandra: he hablado con David y nos enviares honorarios de obra al correod e Daniel
02/10/2025 HE enviada",,MADRID\1APROVINCIA\FUENLABRADA\plazadebogota7\FICHA DATOS.docx
plazadelaalbufera11,ok,H79970174,,,LORMAN ADMINISTRACIONES,,,lormanad@gmail.com,,,Carlos,etiqueta de la ficha,,,,,,"---------- Forwarded message ---------
De: LORMAN ADMINISTRACIONES, S.L. <lormanad@gmail.com>
Date: mié, 11 jun 2025 a las 12:57
Subject: COM.PROP. ALBUFERA 11
To: oficinaaccesalia@gmail.com <oficinaaccesalia@gmail.com>


Buenos días, según me comenta Luis Benanvente que va a realizar esta obra de portal, os facilito datos para la hoja de encargo de la Coordinación de seguridad.

Plaza de la Albufera 11  H-79970174  Fuenlabrada.
12-06-2025 ENVIADA HE CSS
13-06-2025 RECIBIDA  HE CSS


de:	LORMAN ADMINISTRACIONES, S.L. lormanad@gmail.com
Buenos días,

Adjuntamos hoja de encargo firmada. Por otro lado, os adjuntamos el requerimiento del ayuntamiento para poder solicitar la declaración responsable. Por favor enviarnos la documentación que solicitan a la  mayor brevedad posible, ya que tenemos 10 días para aportar la documentación.

Un saludo!
Sara

de:	LORMAN ADMINISTRACIONES, S.L. lormanad@gmail.com
Hola de nuevo,

Entendemos que lo que reclaman de aportar proyecto, no procede al no ser obra nueva, enviarnos el resto de documentación y nosotros se lo comunicaremos al ayuntamiento.

Gracias!
Sara

16/06/2025 Luis Benavente llama y dice que la obra solamente es cambiar el revestimiento de paredes y de la rampa del suelo (menor resbalicidad). A Daniel ya se lo explicó.

Tienen un vecino que está dando la lata y quieren hacer las cosas bien. Solamente nos van a encargar la CSS. No han hecho plan de seguridad y salud, sino evaluación. Nos lo van a mandar por mail para que se lo aprobemos.

La DR la va a presentar la administradora, pero la administradora ha mandado un mail pidiendo que les mandemos la documentación, porque tienen un requerido del ayuntamiento. Falta verlo (Ana)
19-06-2025 CARLOS SE OCUPA DEL TEMA ES DU ADMINISTRADOR
19/06/2025 Se envia pto de mini proyecto a Sara con df.",,MADRID\1APROVINCIA\FUENLABRADA\plazadelaalbufera11\FICHA DATOS.docx
plazadenicaragua3,ok,H79775755,RICARDO ADRIAN SARABIA MEDINA,X4205955Z,Pinar y Muñoz Administracion S.L.,Jose Ramón Plaza,916977211 De l a j de 10 a 14 y de 17 a 19. Viernes de 10 a 14,jrplaza@administracionpinar.es; info@administracionpinar.es,,JUAN ANTONIO ALVAREZ; Oswaldo garcia,Daniel,por defecto: sin etiqueta = Daniel,Rafael Andújar,3502303VK3630N,"15/11/22 DICE QUE ENVIA HOY HOJA ENCARGO DE PRY + SUBV (15 NOV). Recibida firmada
23/11/22 Mandan presupuesto de FAIN no firmado.
Se trata de derribo de escalera y nueva  de caracol + contadores.
06/02/2024 Daniel ha ido al ayto a preguntar al técnico cómo va porque lleva solicitada la DR desde enero 2023. Le dicen que estaba aprobada desde entonces! Pero tenemos mails de Minerva (la administrativa) en 5 ocasiones diciendo que estaba pendiente de informe.

26/02/2024 llega un requerimiento de 3 páginas!! A pesar de que habían dado ok verbal en reunión presencial el 06/02/2024
20/11/2024 llega otro requerimiento",JAVIER CUENCA · Javier Cuenc · a,,,,MADRID\1APROVINCIA\FUENLABRADA\plazadenicaragua3\FICHA DATOS TECNICOS.docx
plazadepanticosa5,sin ficha,,,,,,,,,,,,,,,,,,,
plazadepanticosa7,ok,,,,PBM ASESORES,Pedro Barrios Milán Administrador de Fincas - Abogado Laura Barrios García Administradora de Fincas,91 227 15 58 - 683 19 38 87,administracion@pbmasesores.com,,,Daniel,por defecto: sin etiqueta = Daniel,,,"02/09/2024 SOLICITAN PRESUPUESTO PARA SATE Y CUBIERTA CON URALITA. Se les da precio para pry + cee (no incluye: iee, libro edif ni tramitación de subvenciones).",,,,,MADRID\1APROVINCIA\FUENLABRADA\plazadepanticosa7\FICHA DATOS TECNICOS.docx
plazaparis2,ok,H79598116,,,ADDONATE,,,comunidades@addonate.es,,,Daniel,por defecto: sin etiqueta = Daniel,,,"Propiedad:	CP PARIS 2
CIF:	H79598116
Presidente:
DNI:

Código postal:	28943
Referencia catastral:  1699402VK3519N
Fachada:	20m
PEM:	 97.607  ,95       residuos:
SUPERFICIE: 36,20


OJO FOSSO 1500 MM

SE ESPERA A LA LICENCIA PARA COBRAR

ADM: DONATE PREGUNTAR NIEVES O BEATRIZ


RELACION DE LOS PRINCIPALES TRABAJOS A REALIZAR:
OBRA AUXLIAR DE ALBAÑILERIA,CERRAJERIA Y ELECTRICIDAD
SUMINISTRO, INSTALACION Y LEGALIZACION DE ASCENSOR
NUEVO ALUMBRADO ESCALERA, RELLANOS Y PORTAL LED, DETECTORES Y EMERGENCIAS
ELECTRICIDAD: ALIMENTACION DE ASCENSOR Y CONTADOR TRIFASICO DE LA FINCA
ELECTRICIDAD: REFORMA INTEGRAL. CAMBIO DE UBICACION CONTADORES INCLUIDO
SUPLEMENTAR HASTA EL NUEVO PAVIMENTO Y PINTAR PUERTA DEL PORTAL
BAJAR PLANTA BAJA A NIVEL DE CALLE. DEMOLIENDO ESCALERAS Y MESETAS
FALSO TECHO PORTAL, ESCALERA Y RELLANOS INCLUIDO
RECONSTRUCION TOTAL DE LA ESCALERA DEL EDIFICIO INCLUIDO
NUEVO SUELO DE RELLANOS EN GRES DE PRIMERA CALIDAD
NUEVO SUELO DEL PORTAL EN GRES DE PRIMERA CALIDAD
NUEVA ESCALERA TERMINADA EN GRES
PINTURA DE NUEVA ESCALERA, RELLANOS, PORTAL Y TECHOS
RESUMEN ECONOMICO DE LA INSTALACION DE ASCENSOR:

IMPORTE OBRA AUXILIAR Y ASCENSOR 97.607,95 €
IVA INSTALACION 10%
IMPORTE INSTALACION CON IVA 107.368,75

Atención: se cobró CSS, pero no se hizo, sino que la hizo otra persona. Nos reclaman devolución de factura 23/2020. Se hace el abono 5/2023 por Accesalia y se paga el 06/09/2023.",,,,,MADRID\1APROVINCIA\FUENLABRADA\plazaparis2\FICHA DE DATOS ACCESALIA.docx
plazaparis3,ok,H79781191,,,,,,info@administracionpinar.es,,THYSSEN Y FAIN,Daniel,por defecto: sin etiqueta = Daniel,,,"Propiedad: CP PLAZA DE PARIS 3.  FUENLABRADA
CIF:	H79781191
Presidente:
DNI:

Código postal:	28943
Referencia catastral: 1699408VK3519N
Fachada:	20m
PEM:      97.607, 95	          residuos: 300
SUPERFICIE: 36,20 m2


OJO FOSSO 1500 MM

Administración pinar  PEDRO  916977211
info@administracionpinar.es

A Marzo 2023:
Rebeca. 670834040
Info.atryc@yahoo.com

ES77   0081   0337   1100   0147   2352
3500


RELACION DE LOS PRINCIPALES TRABAJOS A REALIZAR:
OBRA AUXLIAR DE ALBAÑILERIA,CERRAJERIA Y ELECTRICIDAD
SUMINISTRO, INSTALACION Y LEGALIZACION DE ASCENSOR
NUEVO ALUMBRADO ESCALERA, RELLANOS Y PORTAL LED, DETECTORES Y EMERGENCIAS
ELECTRICIDAD: ALIMENTACION DE ASCENSOR Y CONTADOR TRIFASICO DE LA FINCA
ELECTRICIDAD: REFORMA INTEGRAL. CAMBIO DE UBICACION CONTADORES INCLUIDO
SUPLEMENTAR HASTA EL NUEVO PAVIMENTO Y PINTAR PUERTA DEL PORTAL
BAJAR PLANTA BAJA A NIVEL DE CALLE. DEMOLIENDO ESCALERAS Y MESETAS
FALSO TECHO PORTAL, ESCALERA Y RELLANOS INCLUIDO
RECONSTRUCION TOTAL DE LA ESCALERA DEL EDIFICIO INCLUIDO
NUEVO SUELO DE RELLANOS EN GRES DE PRIMERA CALIDAD
NUEVO SUELO DEL PORTAL EN GRES DE PRIMERA CALIDAD
NUEVA ESCALERA TERMINADA EN GRES
PINTURA DE NUEVA ESCALERA, RELLANOS, PORTAL Y TECHOS
RESUMEN ECONOMICO DE LA INSTALACION DE ASCENSOR:

IMPORTE OBRA AUXILIAR Y ASCENSOR 97.607,95 €
IVA INSTALACION 10%
IMPORTE INSTALACION CON IVA 107.368,75









Buenas tardes,
En este correo se detallan a continuación todos los acuerdos tratados en la reunión de replanteo.
Por favor, leer atentamente el correo ya que en él se incluyen todos los detalles importantes de la obra. Quedo a vuestra disposición para cualquier aclaración.

AGENTES INTERVINIENTES
Proyectista: Daniel De Soto Martín Caro - 629264043 - danieldesotoarquitecto@gmail.com
Dirección Facultativa:  Daniel De Soto Martín Caro
Coordinador Seguridad y Salud:  Daniel De Soto Martín Caro
Administración de fincas: Pedro - 717068135 - info@administracionpinar.es
Responsable de obra: Óliver García - 658509276 - olivergarcia@urvall.es


COMISIÓN DE OBRA
La Comisión de Obra establecida es el canal de comunicación entre la Comunidad de Propietarios y el responsable de obra.
La persona designada por parte de la Contratista como interlocutor es Óliver García, que estará en contacto con el Portavoz de la comisión de obra y/o el administrador para informar de los avances de obra y resolver cualquier incidencia o imprevisto.
Es muy importante que toda comunicación que se mantenga de forma individual llegue al resto de las personas que la integran.
Diego Alcantara (Portavoz) - 916086142
Eduardo García - 636056324
Enrique Carrasco - 677464486

ACUERDOS REUNIÓN INICIO DE OBRA

Acabados
El suelo del portal, rellanos y peldaños de escalera serán de gres porcelánico antideslizante, en color gris oscuro, según las muestras aportadas.
Los peldaños de la escalera llevarán un bocel en acero mate.
Las paredes del portal, se elimina el chapado actual y se pinta en color y acabado igual que las plantas de viviendas.
Las paredes tendrán un acabado de pintura plástica acabado en rallado similar al actual en color blanco roto.  Los techos tendrán un acabado liso en color blanco.
Se advierte a la Propiedad, que en las zonas ocupadas por las antiguas zancas de escalera, es posible que queden algunas irregularidades, debido a que igualar una zona rematada nueva con una antigua siempre se van a notar diferencias.
Si la Propiedad solicita el alisado de paredes se valorará aparte.
Se instalarán falsos techos en zancas de escalera.
Las embocaduras de las puertas del ascensor serán de pladur acabado igual que el resto de paredes.

Estructura y cerrajería
La puerta del portal se mantiene en su ubicación actual, si la Propiedad desea pintar la puerta se valorará a parte.
La torre del ascensor será revestida con pladur acabada en color igual al resto de paredes.
La barandilla de la escalera será metálica, formada con tubos verticales y coronada por un pasamanos de media caña metálico. Se pintará en color gris oscuro.

Instalaciones
Se instalarán focos LED de superficie con detector de presencia incorporado, de forma que se eliminarán los interruptores existentes en la finca.
Se instalarán 2 focos por planta, más 2 en el portal, 10 unidades interiores en total, más 1 en el exterior.
Se instalarán 7 luces de emergencia. en total
La centralización de contadores de la finca se desplazará a su nueva ubicación según indicaciones de la compañía eléctrica. La previsión es que queden ubicados a la izquierda de la entrada del portal.
Se instalará una nueva centralización de contadores, haciendo todos los cambios necesarios para el cumplimiento de la legislación vigente. Atención, al realizar la nueva instalación de contadores se verá modificada la instalación de líneas que entran en las viviendas. Esta instalación se realizará en el interior de la vivienda por medio de canaletas. Se valorará a parte cualquier otro tipo de instalación solicitada.
Se reubicarán 4 timbres de las viviendas afectadas por la ubicación de la torre del ascensor.
Los buzones se mantienen los existentes y se desplazan a su nueva ubicación.
La placa de telefonillos se mantendrá la existente y quedará en la misma ubicación.
No están incluidos desvíos de instalaciones ocultas.

Ascensor
El ascensor a instalar es hidráulico con puertas automáticas.
La central hidráulica se ubicará en planta baja detrás de la torre del ascensor.
Las puertas del ascensor se pintarán en color gris oscuro.
El acabado de la cabina será en tonos grises.
El suelo de la cabina será de goma marmolizada antideslizantes gris.

PLANIFICACIÓN DE OBRA
FECHA COMIENZO OBRA _ Semana 5-9 octubre (La primera semana se colocará el cuadro de obra y se preparará el acopio de materiales)
DURACIÓN DE OBRA ESTIMADA _ 9 meses
La obra está dividida en 3 fases:
FASE 1 _ ESTRUCTURA Y RECONSTRUCCIÓN ESCALERAS (4 meses)
. Foso de ascensor
. Demolición
. Derribo y reconstrucción de escaleras
FASE 2_ MONTAJE ASCENSOR (1 mes)
. Mecánica
. Eléctrica
FASE 3_ ACABADOS  (4 meses)
. Falsos techos.
. Solados
. Carpinterías y cerrajerías
. Pinturas

Es necesario aclarar que se acontecerán periodos de tiempo sin presencia de personal en obra, debido a varias razones descritas a continuación:
Distintos oficios que entran en obra (albañiles, estructuristas, electricistas, carpinteros, técnicos de ascensor, etc.)
Fabricación externa (estructura, peldaños, cerramientos, carpinterías, cerrajerías, etc.)
Pedido de materiales (solados, alicatados, carpinterías, barandillas, etc.)
Tramitación de desvíos de suministros (agua, gas, electricidad, saneamiento, etc.)
La fase 1 (estructura y reconstrucción de escaleras) puede haber operarios en obra un tercio del total estimado. En esta fase en la que hay tanta fabricación externa, torre de ascensor, estructura y peldaños metálicos de escalera, etc, se está fabricando más tiempo fuera que dentro de obra.
Llegado el momento en que se vayan a reconstruir las escaleras se informará a la Propiedad con la colocación de carteles, indicando las fechas en las que se va a realizar.
La Comunidad de Propietarios debe contar con un grifo para poder coger el agua necesaria para la realización de la obra.
Se indica que en caso de que al realizar el foso, demoliciones necesarias en escaleras, rellanos, pasillos, forjados, etc, o al realizar la rozas acordadas, aparezcan instalaciones de cualquier tipo (luz, agua, telefonillos, antena, teléfono,…), zapatas, vigas ocultas metálicas o de hormigón, etc,  el desvío de las mismas se presupuestará aparte y este plazo de retraso no se computará dentro de los meses de obra.
Se informa que el plazo de duración de obras es el  indicado, siempre y cuando no se den condiciones adversas ajenas a la Contratista. No se computará como plazo el mes de agosto, ni la segunda quincena de diciembre.
Se establece un periodo posterior de 20 días laborables para solucionar los remates detectados en la entrega de la obra.

Quedo a vuestra disposición para cualquier aclaración.
Gracias por su atención.

Saludos,
Óliver",,,,,MADRID\1APROVINCIA\FUENLABRADA\plazaparis3\FICHA DE DATOS ACCESALIA.docx
plazaparis5,ok,H80030885,MARCOS SANTAMARIA UTRILLA,52092475M,,MARIA GRAZIA PIOLA CABAÑAS,916159579,MARIAGPIOLA@GMAIL.COM,FAIN,FRANCISCO MIGUEL LOPEZ MENA -> oswaldo,Daniel,por defecto: sin etiqueta = Daniel,MARIBEL,1599606VK3519N,"A finales agosto 2022, Fran pasa a Schindler, y se hace cargo Oswaldo.",,,,,MADRID\1APROVINCIA\FUENLABRADA\plazaparis5\FICHA DATOS TECNICOS.docx
plazaparis6,ok,H79647061,JOSE CARLOS MERINO RAMOS,49023098R,M3 GESTIÓN   (PEDIDA IEE 12/01/2024),MARISA  Y  MONTSE,91 492 18 89,fincas@m3gestion.es,CDAD,,Daniel,por defecto: sin etiqueta = Daniel,Mabel Lozano,1599605VK3519N,"30/10/2023 PRY CSS SUBV. LO PAGA TODO LA COMUNIDAD. ENVIADAS HOJAS DE ENCARGO
15/02/2024 Al elaborar el proyecto, se tomó el presupuesto y un adicional. Se creyó que el adicional incluía el IVA, pero no es así. Ninguno de los dos presupuestos contemplaba el IVA. Se había visado incorrectamente y pedido y pagado las tasas con el precio incorrecto. Se modifica el proyecto y se remite a visar antes de subirlo al ayuntamiento pero no se han corregido las tasas. Es poca diferencia, pero el ayuntamiento lo terminará reclamando. Esperaremos requerimiento.

30/07/2024 Mail de la administradora:
Buenos días,

Nos informa desde la comunidad que en el bloque de al lado que han instalado el ascensor, el cuarto habilitado para el mismo (maquinas ), no es necesario, para el arquitecto que lo tenga en cuenta por favor , para evita gastos innecesarios.

--
Un saludo
Montse Carril


M3 GESTIÓN
C/ Reinosa nº 4 -Loc
28941 - Fuenlabrada (Madrid)
Telf.: 91 492 18 89 - Fax: 91 140 01 67
E-mail: fincas@m3gestion.es

Hay que revisar esto (Ana)

---------- Forwarded message ---------
De: m3gestion <fincas@m3gestion.es>
Date: mié, 7 ago 2024 a las 11:58
Subject: C.P. PLAZA PARIS 6 - FUENLABRADA
To: Oficina Accesalia <oficina.accesalia@gmail.com>


Buenos días.

Referente a la C.P. Plaza París 6 de Fuenlabrada, les informamos que en
conversación con el bloque de al lado de la comunidad, nos han dicho que
para la instalación del ascensor en esa comunidad hicieron un cuarto
para el ascensor, imaginamos que el cuarto de máquinas, que tuvieron que
romper la cubierta y al final no les ha servido para nada, es para que
tengan en cuenta esta información.

Gracias, un saludo.

--
Un saludo
Montse Carril
14/04/2026: Se hizo visita a obra por petición de los vecinos ya que se ha colocado la puerta del ascensor invadiendo las puertas de los vecinos. Se le ha pedido ya a Schindler que lo subsane, dice que quiere esperar a pasar las inspecciones, pero se les requiere que dejen por escrito en qué va a consistir la subsanación y cómo la van a hacer.

También se avisa a la admin. que tienen que bajar el telefonillo para cumplir normativa.
Minerva Gonzalez Torres

9:47(28-11-2024)


Responder

para mí



Buenos días

El expediente a fecha de hoy está en fase de Visita de Comprobación es decir que la conformidad va implícita en la documentación ya aportada.

Entiendo que si acceden a la carpeta ciudadana del expediente pueden ver la fasee actual del expediente.

En el caso de necesitar un documento firmado por la técnico deberían solicitarlo por instancia general acompañando el pago de tasa de informe de 20,79€.

Cuando la obra esté finalizada deben aportar el certificado final de la obra, para girar la visita y poder resolver el expediente.

Un saludo.

Minerva González Torres
Unidad Administrativa Licencia Obras Residencial
Concejalía de infraestructuras, Urbanismo, Movilidad y Mayores.
916497000 Extensión 4340


04-02-2025
EL AYTO NOS INDICA QUE PAGUEMOS TASA DE INFORME URB PARA PEDIR DICHO INFORME. PAGAMOS TASA Y SOLICITAMOS INFORME

13/10/2025
Aunque el proyecto lo trajo FAIN, la cp ha preferido irse con SCHINDLER.
La cp pagó el proyecto.
Se manda acta de inicio y replanteo para su firma


21/09/2026 (Adriana)
Paso a visar CFO",JUAN ANTONIO ALVAREZ NOVILLO · FAIN · ALVARO GOMEZ BENITO · – · SCHINDLER,,,,MADRID\1APROVINCIA\FUENLABRADA\plazaparis6\FICHA DATOS TECNICOS.docx
plazaparis7,ok,H81561797,ILDEFONSO MARTINEZ OLMO,,,,,ordiaz@elecnor.com,,,Daniel,por defecto: sin etiqueta = Daniel,,,"Propiedad: CDAD PROP PLAZA DE PARIS 7 FUENLABRADA
CIF: H81561797
Presidente:	ILDEFONSO MARTÍNEZ OLMO
DNI:	49003359-L
CTA BANCARIA: ES15 0081 1541 9400 0107 5812

Código postal:	28943
Referencia catastral:1599602VK3519N
Fachada:
PEM: 106.019,44€
Residuos:
SUPEFICIES
AMBITO ORDENACION
DISTRITO

Tecnico dennis
Expediente ayuntamiento ~~2021/DRN_01/000403~~

En noviembre 2021 llegó requerimiento pidiendo meterlo por DR, se pidieron las tasas (la bonificación no se pidió en orden). Luego resultó que no tenían el presupuesto de FAIN firmado. La comunidad dudaba en hacer el proyecto porque hay morosos.
10/03/22 llaman de Fuenlabrada. O pagamos las tasas y seguimos adelante o cancelamos. Habría que mandar instancia para cancelar la solicitud de bonificación de ICIO y desistir de la petición de declaración responsable.

Mayo 2022:
Hemos desistido de todo.
Fran confirma que siguen con morosos y que no van a volver a mirarlo hasta final de año.

Mayo 2024
No llegaron a pagarnos nada por el proyecto.
Fran está volviendo a hablar con ellos.
Han cambiado el administrador, a ver qué deciden.




04-06-2025
buenas tardes :
Les informamos que desde hace unos meses gestionamos la Comunidad de Propietarios de Plaza Paris 7 en Fuenlabrada.

He comprobado que ustedes realizaron el proyecto y quería a ver si pueden enviarnos copia del mismo y si es válido en la actualidad para retomar este asunto y solicitar presupuestos a empresas instaladoras de ascensores .

Sin otro particular , le saluda


MUÑOZ PANDO ABOGADOS , S.L.P (9:00 a 14:00 y 17.00 a 20.00)

~~Mª~~~~de los Ángeles Fernández Chocano~~   (jubilada)

Teléfono: 91 227 11 80

~~mafer@mupan.es~~~~–~~
comunidades@mupan.es Amanda
administracion@mupan.es Mar
jlserrano@mupan.es


04-06-2025 LLAMO AL AYTO POR INDICACION DE MÓNICA PARA PREGUNTAR POR PRESENTACIONES ANTIGUAS DE DR, ME DICEN QUE NO HAY NINGUNA DR ACTIVA NI TASAS POR PAGAR YA QUE SE ANULÓ Y RENUNCIÓ EN SU DÍA A TODO.

20-06-2025 Llamo a Mupan porque no me envían doc comunidad ni me contestan los emails desde el 05/06/2025 me comentan que Mª Ángeles está de vacaciones y que la comunidad está pendiente de hacer junta, Mª Ángeles vuelve el lunes 23/06/2025 de vacaciones. Sofia

17/07/2025 La comunidad ha aprobado el proyecto de Elecnor ya está avisada Lucía y Javier de Elecnor




27/11/2025 NO GESTIONAR LICENCIA – DICHO POR MÓNICA (pago)

01/12/2025 SE PASA COMUNICACIÓN A MUPAN (ATN: EVA), QUIEN NOS INDICARÁ QUIEN PAGA EL PROYECTO.

26/01/2026 se envía HE a MUPAN y se le vuelve a preguntar quien paga

27/01/2026 Llama el presidente (661 314 752) a Daniel , por el tema del pago ,en 2 días llamaremos a este hombre para saber que pasa con el pago. Alejandra

04/02/2026 Aunque no firmaron la hoja de encargo SI nos pagaron , a día de hoy la cp no nos debe nada

09/02/2026 ES DE ELECNOR – JEFE DE OBRA - Omar Diaz Martinez

13/02/2026 solicito al administrador la documentación para poder tramitar la DR.

17/02/2026 envian documentación + solicitud firmada.

Solicito las tasas de DR y de ICIO.

24/02/2026 envio las tasas para su pago

04/03/2026 jefe de obra OMAR RAFAEL DIAZ MARTINEZ, manda email informando:
“es para informar que el día de ayer 03/03/2026 tras conversación telefónica sostenida con la administracion de fincas de la Com. Prop. Plaza Paris 7 se llegó a la decisión de paralizar todos los trámites necesarios para dar comienzo a la obra de la instalación del ascensor en dicha comunidad.

Pedimos a la administracion de fincas que nos informe cuando se pueden reactivar todos estos trámites para poder continuar con ellos”
El administrador informa:
“Indicarles igualmente que, tenemos que convocar una Junta de Propietarios para que los comuneros decidan la forma de pago de los trabajos aprobados, una vez finalizados los trámite se podrá continuar con la ejecución de las obras.”

Yo (Adriana) les recuerdo que tienen unas tasas pendientes de pagar y que caducan y que sin ello no podemos registrar la DR

10/06/2026 solicito información para saber si seguimos adelante con la DR

ELECNOR INFORMA:
de:
OMAR RAFAEL DIAZ MARTINEZ <ordiaz@elecnor.com>

para:
Oficina Accesalia <oficina.accesalia@gmail.com>

Cc:
EVA GALLARDO <comunidades@mupan.es>,
jlserrano@mupan.es,
administracion@mupan.es

fecha:
10 jun 2026, 10:32

Gusto en saludarles, estamos a la espera de que la administración de la comunidad nos informe las fechas para cuando se puede reactivar la obra.










14/07/2026 vuelvo a solicitar información al administrador para saber si seguimos con la DR
************************************************************************
28/07/2026 solicito info al administrador.
de:
OMAR RAFAEL DIAZ MARTINEZ <ordiaz@elecnor.com>

para:
Oficina Accesalia <oficina.accesalia@gmail.com>
Cc:
jlserrano@mupan.es,
comunidades@mupan.es,
administracion@mupan.es

“Gusto en saludarles, por parte de elecnor también seguimos a la espera de que la administracion nos indique si podemos continuar.”

Pdt que nos informe el administrador

25/09/2026 (Adriana) P/O Daniel solicitar a Oscar Pando si podemos tramitar la licencia con sus respectivas tasas","Francisco Miguel López Mena · FAIN · EMPRESA : · ELITE GESTIÓN · TELÉFONO: · 91 690 03 82 · PERSONA DE CONTACTO: · SUSANA SOLANILLA · E_MAIL: · incidencias@elitegestion.net · DIRECCIÓN: · CALLE DEL PLATA, 9 – LOCAL. 1 · 28944 FUENLABRADA · (MADRID) · 2021/DRN_01/000403 · Mª · de los Ángeles Fernández Chocano · mafer@mupan.es · –",,,,MADRID\1APROVINCIA\FUENLABRADA\plazaparis7\FICHA DE DATOS ACCESALIA.docx
plazaparis8,ok,H79831970,Juan de Mata Chaparro,,FINCASE,,,oscar@fincase.net,4768850488950037077652984500ADMINISTRADOR DE FINCAS        SI           NO,Nacho Fain,Daniel,por defecto: sin etiqueta = Daniel,,,"Propiedad: CDAD PROP PLAZA PARIS 8 FUENLABRADA
CIF:	H79831970
Presidente: Juan de Mata Chaparro
DNI:

Código postal: 28945
Referencia catastral: 1599601VK3519N
Fachada:
PEM: 97.607,95 €	residuos: 300
SUPERFICIES 43,20 M2",,,,,MADRID\1APROVINCIA\FUENLABRADA\plazaparis8\FICHA DE DATOS ACCESALIA.docx
plazavaldehondillo2,ok,H79815254,,,ROYMAR,,,,FAIN,Francisco Lopez de Fain,Daniel,por defecto: sin etiqueta = Daniel,,,"Propiedad:	CDAD PROP PZ DE VALDEHONDILLO 2
CIF:		H79815254
Presidente:
DNI:

Código postal:	28058
Referencia catastral:  2091402VK3529S
Fachada:
PEM:	residuos:
SUPEFICIES
AMBITO ORDENACION
DISTRITO",,,,,MADRID\1APROVINCIA\FUENLABRADA\plazavaldehondillo2\FICHA DE DATOS ACCESALIA.docx
plazavaldehondillo3,ok,H80373582,JULIAN GARCIA FERNANDEZ,,ROYMAR,,,incidencias@gruporoymar.es,,NACHO FAIN,Daniel,por defecto: sin etiqueta = Daniel,,,"Propiedad:	CP VALDEHONDILLO 3
CIF:	H 80373582
Presidente: JULIAN GARCIA FERNANDEZ
DNI:

Código postal:	28944
Referencia catastral: 2091403VK3529S
Fachada:
PEM:10.000	residuos: 300
SUPEFICIES  3,85 m2


CUENTA BANCARIA
ES72 2085 8001 0103 3042 0358",,,,,MADRID\1APROVINCIA\FUENLABRADA\plazavaldehondillo3\FICHA DE DATOS ACCESALIA.docx
polvoranca23,ok,H78425139,,,,,,mafer@mupan.es,,,Daniel,por defecto: sin etiqueta = Daniel,,,"Propiedad:	CP POLVORANCA 23
CIF:		H78425139
Presidente:
DNI:

Código postal:	28945
Referencia catastral: 2303502VK3620S
Fachada:
PEM:	 94.031,74

residuos:
SUPERFICIES : 44,80 m2
AMBITO ORDENACION
DISTRITO

Expediente
2022/DRN_01/000262.2022/DRN_01/000349 INVALIDAN POR DUPLICIDAD

Jefe de obra: Javier Cuenca. Abel Bernardos.

Técnico: Dennis / carla


COAM
CFO TL/015227/2024

Jefe de obra: Javier cuenca

22/01/2025 Subvenciones: Se presenta contestación al requerimiento incompleta porque no mandan la doc solicitada. Se informa en la comunicación de la resolución. Ver correos.","ADMINISTRADOR DE FINCAS        SI           NO · EMPRESA : · Pinar y Muñoz Administracion · TELÉFONO: · 916 97 72 11 · (10-14 y 17-20) · PERSONA DE CONTACTO: · CARLOS JAVIER ROMERO MORA · 11815323Q · E_MAIL: · Pinar y Muñoz Administracion <info@administracionpinar.es> · DIRECCIÓN: · C/ de Móstoles, 58 local, 1B, 28943 Fuenlabrada, Madrid",,,,MADRID\1APROVINCIA\FUENLABRADA\polvoranca23\FICHA DE DATOS ACCESALIA.docx
polvoranca25,ok,,,,MUPAN,Mar Chico.,91 227 11 80,administracion@mupan.es,,,Daniel,etiqueta de la ficha,,,,,,"17/06/2025
de:	administracion@mupan.es administracion@mupan.es


Solicitamos también presupuesto  para proyecto de ascensor en la C.P. POLVORANCA, 25, en Fuenlabrada para proyecto de ascensor.

El teléfono del presidente es Carmen 667 562 886.
Los 2 presidentes están informados de las visitas.
Solicito confirmación de la recepción de este mail.
Un saludo.



Mar Chico.


19-06-2025 HE ENVIADA",,MADRID\1APROVINCIA\FUENLABRADA\polvoranca25\FICHA DATOS.docx
portugal4,ok,,,,,,,,CDAD,,Daniel,por defecto: sin etiqueta = Daniel,,,09-06-2023 Mónica envía prespuesto.,,,,,MADRID\1APROVINCIA\FUENLABRADA\portugal4\FICHA DATOS TECNICOS.docx
portugal44,ok,,,,,,,,FAIN,JUAN ANTONIO ALVAREZ,Daniel,por defecto: sin etiqueta = Daniel,,,20/10/22 ASCENSOR PARA GARAJE COMUNITARIO,,,,,MADRID\1APROVINCIA\FUENLABRADA\portugal44\FICHA DATOS TECNICOS.docx
pozuelo17,ok,H79593794,Mohamed Serroukh,,,,,fincas@onixabogados.com,4768850488950037077652984500ADMINISTRADOR DE FINCAS        SI           NO,Nacho Fain -> PAGA LA COMUNIDAD EL PROYECTO,Daniel,por defecto: sin etiqueta = Daniel,,,"Propiedad: CDAD PROP POZUELO 17 FUENLABRADA
CIF:	H79593794
Presidente: Mohamed Serroukh
DNI: X3778909

Código postal: 28945
Referencia catastral: 2500104VK3620S
Fachada:
PEM	87.661,74	 residuos: 300

SUPERFICIES
PLANTA BAJA: 11,40
PLANTA TIPO: 10,90 X 4 = 43,60
TOTAL 55 m2

Nº de cuenta para pasar el pago
ES34 2038 2231 4760 0004 1654


TL/026774/2018",EMPRESA : · FINCASE · TELÉFONO: · 625717414 · PERSONA DE CONTACTO: · Marcos · E_MAIL: · fincassanfer@gmail.com · -> ONIX ABOGADOS BELEN BERMEJO (SETP 2022),,,,MADRID\1APROVINCIA\FUENLABRADA\pozuelo17\FICHA DE DATOS ACCESALIA.docx
pozuelo19,ok,H79913877,AMPARO FERNÁNDEZ CHICO,10483507S,"SANCHEZ & LOZANO CONSULTING, S.L.",,,administracion@asesoriasl.com,,PEDRO ARANDA AHORA FAIN,Daniel,por defecto: sin etiqueta = Daniel,,,"Propiedad:	CP POZUELO 19.  FUENLABRADA
CIF:	H79913877
Presidente:	AMPARO FERNÁNDEZ CHICO
DNI:	10483507S

Código postal:				28945
Referencia catastral: 			2500102VK3620S
Fachada:				26.60m
SUPERFICIE: 48,50 m2
PEM:	87.661,74           residuos: 300

SAN ANTONIO Y SAN ANDRES
SANCHEZ Y LOZANO.    YOLANDA  91 606 53 25
recepcion@asesoriasl.com
ES65 2038 2935 8260 0003 9004 3500

IGUAL QUE SAN ANTONIO 6 Y SAN ANDRES 12
BAJAMOS PUERTA DE PORTAL
CON RAMPA QUE SEA EL ANCHO DE HOJA
112.941, 74 + IVA
TODO GRES
NUEVO ARMARIO CONTADORES",,,,,MADRID\1APROVINCIA\FUENLABRADA\pozuelo19\FICHA DE DATOS ACCESALIA.docx
pozuelo21,ok,H81464166,,,ROYMAR,,,incidencias@gruporoymar.es,,,Daniel,por defecto: sin etiqueta = Daniel,,,"Propiedad:	CDAD PROP POZUELO 21 FUENLABRADA
CIF:		H81464166
Presidente:
DNI:

Código postal:	28945
Referencia catastral  2500101VK3620S
Fachada:26,70
Superficie: 44,10
PEM: 87.661,74 	residuos: 300

CRISTIAN RODRIGUEZ



Laura.duran.depaz@gmail.com",,,,,MADRID\1APROVINCIA\FUENLABRADA\pozuelo21\FICHA DE DATOS ACCESALIA.docx
pozuelo23,ok,H80966443,MARIA TERESA DIEZ LUZON,50045376K,ROYMAR,,,incidencias@gruporoymar.es,,MARIA JESUS,Daniel,por defecto: sin etiqueta = Daniel,,,"Propiedad:	CP POZUELO 23
CIF:		H 80966443
Presidente:	MARIA TERESA DIEZ LUZON
DNI:		50045376 K

Código postal:	28945
Referencia catastral: 2401401VK3620S
Fachada:26,70
PEM:	50.000      residuos: 230

Hola Daniel,
Te paso contacto de la administración de Pozuelo, 23 para empezar a trabajar.
Por favor pásales el encargo con la coletilla de que en caso de no obtener licencia no se cobrará el proyecto, para tranquilidad de los vecinos según he acordado con ellos, al ser el primero del barrio.
El importe total del proyecto, dirección de obra y coordinador de seguridad y salud es de 3.900.-€+IVA.
Van a pagar un 80% del total con IVA, a mediados de julio. El resto en septiembre. Para que tu hagas tus previsiones.

Hola Maria Jesús, por favor pásale a Daniel el nombre Completo así como el NIF de la presidenta.

Gracias a los dos.",,,,,MADRID\1APROVINCIA\FUENLABRADA\pozuelo23\FICHA DE DATOS ACCESALIA.docx
pozuelo27,sin ficha,,,,,,,,,,,,,,,,,,,
rioja57,ok,,,,,,,,CDAD,ANGEL FARELO,Daniel,por defecto: sin etiqueta = Daniel,,,"10/03/2023 PREPARAR PRESUPUESTO Y TRAMITACION NEXT GENERATION, OJO Y FIJO DE HONORARIOS Y EL VARIABLE CON SUBVENCION. MONICA ENVIA PRESUPUESTOS",,,,,MADRID\1APROVINCIA\FUENLABRADA\rioja57\FICHA DATOS TECNICOS.docx
sanandres1,ok,H79702627,,,ONIX ABOGADOS S.L,Sandra Quero,91 046 21 33 (9.30 a 14 h),fincas@onixabogados.com; Luis Onix <luis@onixabogados.com>,CDAD,Francisco Miguel López Mena -> Oswaldo,Daniel,por defecto: sin etiqueta = Daniel,Fernanda del Río,2699104VK3529N,"De: Victor Esquinas Barbacil <victor.esquinas@fainascensores.com>
Date: vie, 19 ene 2024 a las 14:51
Subject: Re: [External] san andres 1 fuenlabrada - status obra
To: Ana Santamarta <asantamarta.accesalia@gmail.com>


Buenos días,

Estamos a la espera de aceptación de ppto con la comunidad. La obra no se ha iniciado.

Os aviso cuando se desbloquee.

Muchas gracias. Un saludo.


---------- Forwarded message ---------
De: Victor Esquinas Barbacil <victor.esquinas@fainascensores.com>
Date: mar, 24 sept 2024 a las 8:50
Subject: Re: [External] Re: [External] SAN ANDRES 1 FUENLABRADA - planos arquitectura solución modificada
To: Oficina Accesalia <oficina.accesalia@gmail.com>


Buenos días,

Sigo pendiente de la modificación de planos al lado opuesto (según entras al portal a la derecha) por interferir la reconstrucción y no poder dar acceso al final de cada día de demolición. De igual forma, la estructura del ascensor se situará en el lado izquierdo-

Necesito detalle de la escalera para fabricación de la misma.

Muchas gracias. Un saludo.

El mar, 23 jul 2024 a las 17:59, Victor Esquinas Barbacil (<victor.esquinas@fainascensores.com>) escribió:
Buenas tardes,

Necesito que se modifique la escalera al lado opuesto por interferir el tramo reconstruido con el existente, comprometiendo la ruta de evacuación y no dejando paso a los vecinos al final del día.

De igual forma, necesito que se modifique la ubicación de la torre al lado contrario.

Por favor, mandarme planos con las cotas necesarias y el despiece de la escalera para su fabricación.

Muchas gracias. Un saludo.

El vie, 21 jun 2024 a las 11:38, Oficina Accesalia (<oficina.accesalia@gmail.com>) escribió:
Te remito los de estructura. Te faltaría alguno más?




El mié, 19 jun 2024 a las 13:53, Victor Esquinas Barbacil (<victor.esquinas@fainascensores.com>) escribió:
Buenos días,

Necesitaria los planos de estructura y arquitectura con dimensiones de hueco para plantear el equipo a instalar por si hay algún requerimiento respecto a la capacidad del ascensor.

Muchas gracias. Un saludo.

El lun, 17 jun 2024 a las 11:42, Oficina Accesalia (<oficina.accesalia@gmail.com>) escribió:
Buenos días:

Por indicación de Daniel de Soto, remitimos los planos de arquitectura del proyecto modificado.
En paralelo, se lo hemos mandado al ayuntamiento (ver justificante registro adjunto), pero podéis seguir con la obra.
Muchas gracias

Un cordial saludo,



Ana Santamarta",ENRIQUE · DAVID MARTIN ABANADES · 09456222W,,,,MADRID\1APROVINCIA\FUENLABRADA\sanandres1\FICHA DATOS TECNICOS.docx
sanandres12,ok,H82144353,,,,,,administradora@gestionmafer.es,,PEDRO THYSSEN NACHO FAIN,Daniel,por defecto: sin etiqueta = Daniel,,,"CUENTA ES98 2038 2231 4860 0004 6952 BANKIA
Propiedad:
CIF:	H 82144353
Presidente:
DNI:

Código postal:	28945
Referencia catastral: 2500004VK3529N
Fachada :26,60
PEM:50.000	          residuos: 300
Superficie 57,60 m2

Medidas totales hueco
ancho 1550 fondo 1550",,,,,MADRID\1APROVINCIA\FUENLABRADA\sanandres12\FICHA DE DATOS ACCESALIA.docx
sanandres2,ok,H80783475,MANUEL HERNANDEZ DEL PRADO,02063119L,Adm Mafer Maria Angeles Fernández,,912 27 11 80,mafer@mupan.es; COMUNIDADES@MUPAN.ES,CDAD,Mª Angeles MAFER,Daniel,por defecto: sin etiqueta = Daniel,FERNANDA DEL RIO,2600505VK3529N,"30/07/22 RECIBIDA HOJA ENCARGO FIRMADA. TAMBIÉN SUBVENCIÓN
26/10/2023 va daniel a ayto con Fernanda y le dice que está ok. Enviamos autorización para comenzar obra.
01-04-2024

De: PASTOR, RAUL <RAUL.PASTOR@otis.com>
Enviado el: lunes, 1 de abril de 2024 13:50
Para: danieldesoto@accesalia.es; Carlos Gomez <c.gomez@inoxsheet.es>; Jaime.Mateo@adecco.com; MARTINEZ JIMENEZ, JUAN LUIS <JuanLuis.Martinez@ascensoresintegra.es>
Asunto: ARIO C/ San Andres 2, Fuenlabrada

Buenos días a todos,
En copia de esté correo estáis los intervinientes de la obra de referencia.
Por un lado Daniel De Soto arquitecto de la propiedad 629264043
Jon Ormaza recurso preventivo 679638167
Juan Luis Martinez supervisor 659109322
Carlos Gomez subcontrata principal constructora inoxsheet.
La mayoría de los intervinientes ya nos conocemos de otras obras, no obstante os dejo los contactos de cada uno de vosotros.
Necesito que fijemos una reunión de acta de replanteo e inicio de obra, por favor indicadme fechas en horario laboral para poder trasladárselo a la propiedad.
Saludos,

11/06/2024 de Raúl pastor: Es un Genesis 6 personas foso 1000mm",,,,,MADRID\1APROVINCIA\FUENLABRADA\sanandres2\FICHA DATOS TECNICOS.docx
sanandres20,ok,,,,Sanchez y Lozano,,916 06 53 25,gemmareinoso10@yahoo.es,CDAD,,Daniel,por defecto: sin etiqueta = Daniel,,,"05/06/2025 La presidenta nos pregunta en San Andrés 1 sobre ascensor igual en su comunidad, San Andrés 20.
Vamos a mirarlo Abel Bernardos, Víctor Esquinas de FAIN y yo (JL). Hago escaneo con móvil.


09/06/2025 hablo con Gemma es la presidenta, no lo tienen aprobado, pero estan interesados en hacerlo. Fdo. Carlos García.","C. de Navalcarnero, 6, 28944 Fuenlabrada, Madrid",,,,MADRID\1APROVINCIA\FUENLABRADA\sanandres20\FICHA DATOS TECNICOS.docx
sanandres5,ok,H79607776,,,ROYMAR,,,,,,Daniel,por defecto: sin etiqueta = Daniel,,,"Propiedad:	CP SAN ANDRES 5
CIF:		H79607776
Presidente:
DNI:

Código postal:	28945
Referencia catastral  2599103VK3529N
Fachada: 26,70
Superficie: 47,90
PEM: 87.661,74	residuos: 300 m2

EXPEDIENTE 2193-LM-18

TL/025542/2018
TL/021019/2021",,,,,MADRID\1APROVINCIA\FUENLABRADA\sanandres5\FICHA DE DATOS ACCESALIA.docx
sanfranciscojavier2,ok,H79655023,,,muñoz & pando abogados,,,info@mupan.es,,ALBERTO CALLEJA,Daniel,por defecto: sin etiqueta = Daniel,,,"Propiedad: CDAD DE PROP SAN FRANCISCO 2 FUENLABRADA

CIF:	H79655023

Presidente:

DNI:

Código postal:	28940

Referencia catastral: 1998203VK3519N

Fachada:

PEM:	52.590,74 euros

residuos:


26/11/2025  HE RENOV SUBV ENVIADA",,,,,MADRID\1APROVINCIA\FUENLABRADA\sanfranciscojavier2\FICHA DE DATOS ACCESALIA.docx
sanfranciscojavier3,ok,,,,Mupan,Oscar Pando,,opando@mupan.es,,,Daniel,etiqueta de la ficha,,,,,,"25-09-26 Daniel me llama desde la ofi del admi, no me da mas datos que el nombre y el tipo de proyecto , pide envío de  hoja con urgencia a Oscar Pando .
Enviado a Monica para su ok – enviado",,MADRID\1APROVINCIA\FUENLABRADA\sanfranciscojavier3\FICHA DATOS.docx
sanjoaquin14,ok,,,,,,,,MUPAN,INMA MUÑOZ MUPAN,Daniel,por defecto: sin etiqueta = Daniel,,,30/06/2023	 Mónica manda presupuesto.,,,,,MADRID\1APROVINCIA\FUENLABRADA\sanjoaquin14\FICHA DATOS TECNICOS.docx
sanjoaquin19,ok,H79658563,Gregorio Muñoz Espejel,00660685X,adm. encasa,,,encasa@fincasdelsur.es,4768850488950037077652984500ADMINISTRADOR DE FINCAS        SI           NO,NACHO FAIN,Daniel,por defecto: sin etiqueta = Daniel,,,"Propiedad:	 CP SAN JOAQUIN 19
CIF:		 H79658563
Presidente:	Gregorio Muñoz Espejel
DNI:		00660685X

Código postal:	28943
Referencia catastral: 2000719VK3529N
Fachada:

SUPERFICIE:
Planta baja: 	12,10 m2
Planta tipo (1-4): 8,90 x 4 = 35,60
TOTAL 47,70 M2

PEM: 70.717€	          residuos: 300

Número de cuenta de Com. Prop. San Joaquín 19 es
ES90 0081 0337 1800 0162 3871

EXP AYTO Nº JR–ULM-39396-18–2276-LM-18",,,,,MADRID\1APROVINCIA\FUENLABRADA\sanjoaquin19\FICHA DE DATOS ACCESALIA.docx
sanjoaquin24,ok,H79273165,LUZ MARIA GONZALEZ NOVELLA,09456120S,CARLOS,,,info@administracionpinar.es,,NACHO  FAIN,Daniel,por defecto: sin etiqueta = Daniel,,,"Propiedad: CP SAN JOAQUIN 24
CIF: H79273165
Presidente: LUZ MARIA GONZALEZ NOVELLA
DNI:	09456120 S

Código postal:	28943
Referencia catastral: 2000111VK3610S
Fachada:
PEM:65.670 + 5000 poceria + 4000 local TOTAL  73670	residuos: 300
SUPEFICIES 22,16 m2


3000 POR POCERIA 900
ES47-0081-0337-1100-0148-0555
LAS MEDICIONES A. HERENCIAS",,,,,MADRID\1APROVINCIA\FUENLABRADA\sanjoaquin24\FICHA DE DATOS ACCESALIA.docx
sanjoaquin26,ok,,,,,,,aencinas@elecnor.com,,,Daniel,por defecto: sin etiqueta = Daniel,,,,,,"---------- Forwarded message ---------
De: ANA ENCINAS DEL REAL <aencinas@elecnor.com>
Date: jue, 5 jun 2025 a las 16:31
Subject: Encaje San Joaquín 26 (Fuenlabrada)
To: daniel de soto <danieldesotoarquitecto@gmail.com>, Daniel de Soto <danieldesoto@accesalia.es>, Oficina Accesalia <oficina.accesalia@gmail.com>
Buenas tardes,

os contacto para ver si podéis confirmar el modelo de encaje para este portal. Entiendo que la única opción viable es invadir el patio derecho, eliminando y modificando el cuarto de contadores. Si me podéis hacer un croquis a mano de la solución os lo agradecería. El patio mide aproximadamente 2,8 x 2,8 m.

El peldañeado de la entrada del portal se pretende bajar toda a cota calle. Por lo que habría que alargar el último tramo de la escalera.

Si me podéis confirmar a lo largo de la tarde la tipología para dejar preparada la oferta y pedir el precio de la estructura, os lo agradezco.
Ya que me cojo vacaciones dos semanas desde mañana y querría dejar todo listo a falta de precio de estructura para que incluyan mis compañeras una vez lo recibamos.

Muchas gracias de antemano
Un saludo

Ana Encinas del Real
09-06-2025 JL VA A ESCANEAR PAR DARLE RESPUESTA AL CORREO",,MADRID\1APROVINCIA\FUENLABRADA\sanjoaquin26\FICHA DATOS.docx
sanjose26,ok,,,,IGM,,,,,,Daniel,por defecto: sin etiqueta = Daniel,,,07/11/2024 SE ENVÍA HOJA DE ENCARGO DE PROYECTO. SUBV A ÉXITO.,,,,,MADRID\1APROVINCIA\FUENLABRADA\sanjose26\FICHA DATOS TECNICOS.docx
sanjose9,ok,H78548823,,49103210G,"INMA ADMINISTRADORA (pedidos docs 24/10/22, 29/11/22)",Lola,914989393,info@igmserviciosjuridicos.com; inmagarcia@igmserviciosjuridicos.com,CDAD,,Daniel,por defecto: sin etiqueta = Daniel,,2100312VK3620S,"20/07/22 PIDE PRESUPUESTOS
13/10/22 PROYECTO DE SATE, OJO MIRAR LA REFORMA DE CUBIERTA HECHA YA, SUBVENCION
24/10/22 De Inmaculada: Hoy ha venido el presidente a firmar el encargo vuestro y me dice que después de la reunión donde se aprobó tu presupuesto , han decidido que les parece muy caro y que van a buscar más presupuestos.

Por ello, te ruego no empecéis aún nada con San José 9
26-05-2025
De: <lmbermudez@grupodago.es>
Date: lun, 26 may 2025 a las 17:00
Subject: PAGO CERTIFICACION Nº8 ABRIL 2025
To: daniel de soto <danieldesotoarquitecto@gmail.com>, Oficina Accesalia <oficina.accesalia@gmail.com>
Cc: <ajgutierrez@grupodago.es>
Hola Daniel.
el presidente de San jose 9 no quiere pagarnos la certificación Nº8 referente a los trabajos del mes de Abril 2025 que ya están terminados y firmada la certificación por ti y aun esta pendiente una última certificación nº9 de Mayo.
09/09/2025 Dago: queda pendiente el repaso de las barandillas de algunas viviendas y estamos intentando cuadrar los trabajos para la próxima semana, en concreto a partir del día 16 de septiembre.
Nos pondremos en contacto con los vecinos para cuadrar los horarios y dejar solventado de esta manera la finalización.
21-04-2025 desde obras: “estoy viendo a ver qué pasa con esta obra. He llamado a la contrata y resulta que el Jefe de Obra que teníamos anotado (Luis Miguel Bermúdez Barba) ya no trabaja allí. Me han dicho que me escribirán con más información (he pedido que os pongan también en copia).”

23/07/2026 SE PASA A VISAR CFO
26/08/2026  se envia cfo a todos los interesados y se registra en el ayto",ES 08 0081 1387 8500 0112 · 4819 · JEFE DE OBRA: Luis Miguel Bermúdez · – · 653367048- · lmbermudez@grupodago.es,,,,MADRID\1APROVINCIA\FUENLABRADA\sanjose9\FICHA DATOS TECNICOS.docx
santaana8,ok,,,,,,,,,,Daniel,por defecto: sin etiqueta = Daniel,,,,,,,,MADRID\1APROVINCIA\FUENLABRADA\santaana8\SATE\ficha sate SANTA ANA 8 FUENLABRADA.docx
sevilla19,ok,,,,,,,,,PEDRO ARANDA  THYSSEN,Daniel,por defecto: sin etiqueta = Daniel,,,"Propiedad:
CIF:
Presidente:
DNI:

Código postal:
Referencia catastral:
Fachada:
PEM:	residuos:
SUPEFICIES
AMBITO ORDENACION
DISTRITO",,,,,MADRID\1APROVINCIA\FUENLABRADA\sevilla19\FICHA DE DATOS ACCESALIA.docx
sevilla7,ok,,RAFAELA CHACON SERRANO,,DOSAN SERVICIOS,,,isabel@dosan.es,,NACHO FAIN,Daniel,por defecto: sin etiqueta = Daniel,,,"Propiedad: CP
CIF: 	H-80324957
Presidente: RAFAELA CHACON SERRANO
DNI:

Código postal:	28941
Referencia catastral: 2106006VK3620N
Fondo 25,40:
PEM:	30.000          residuos: 300


Es colocar un ascensor hidraulico de cabina ACCESIBLE 1000 x 1250
con foso normal
Va pegado a la fachada por fuera
hay que hacer apertura de hueco en la fachada de calle y algo de obra en el portal
Hay que desviar cables de luz teléfono y antena
Hay que quitar los contadores y centralizarlos en el sótano

mírate los planos en SEVILLA 7 de Fuenlabrada",,,,,MADRID\1APROVINCIA\FUENLABRADA\sevilla7\FICHA DE DATOS ACCESALIA.docx
soria1,ok,,,,ALCORA,VALENTIN,,angel de miguel toledano 685948113 angelluis.demiguel@gmail.com,cdad,,Daniel,por defecto: sin etiqueta = Daniel,,,"27/10/2022 SATE + AEROTERMIA
SE PIDE ESTUDIO DE COSTES PARA REUNION CON COMISION DE OBRA",,,,,MADRID\1APROVINCIA\FUENLABRADA\soria1\FICHA DATOS TECNICOS.docx
suecia3,ok,,,,,,,r.andujar@ayto-fuenlabrada.es,CODI,,Daniel,por defecto: sin etiqueta = Daniel,Rafael Andújar,,,,,,,MADRID\1APROVINCIA\FUENLABRADA\suecia3\FICHA DATOS TECNICOS.docx
suiza17,ok,,,,MUPAN,,,administracion@mupan.es,cdad,,Daniel,por defecto: sin etiqueta = Daniel,,,"27/07/2023 MONICA ENVIA HOJA DE ENCARGO
de:	administracion@mupan.es <administracion@mupan.es

Buenos días,

Solicitamos informe del arquitecto para determinar el origen de unas humedades en trasteros de la finca de la C.P. SUIZA, 17 en Fuenlabrada.

El teléfono del presidente es 9º C Dionisio 652812486",,,,,MADRID\1APROVINCIA\FUENLABRADA\suiza17\FICHA DATOS TECNICOS.docx
suiza19,ok,,,,,,,,,,Daniel,etiqueta de la ficha,,,,,,DANIEL: Hay que abrir una carpeta de calle Suiza 19 en Fuenlabrada. Es para hacer el proyecto de una puerta de portal con Carlos de Inoxsheet,,MADRID\1APROVINCIA\FUENLABRADA\suiza19\FICHA DATOS.docx
telefonica2,ok,,,,,,,eusebiosanxez@gmail.com,,,Daniel,por defecto: sin etiqueta = Daniel,,,"10/10/2024 VISITADO CON DANIEL: TIENEN YA CONTRATA JJ SALVAESCALERAS. PLATAFORMA VERTICAL, MODIFICACION PUERTA ENTRADA Y ASEO COMUNIDAD. 2200 PRY Y DF. ENVIADO POR WHATSAPP


Enviada hoja de encargo de honorarios. Me llama y me dice que no es eso lo que habló con Daniel. Que le tenemos que dar el presupuesto ya de contrata para presentarlo todo junto en la Junta de vecinos. Además dice que solamente sería la instalación de la plataforma, que no hay que tocar la puerta, que eso lo harán ellos, ni el baño.
30-10-2024 ARQUIOBRAS ENVIA PPTO ORIENTATIVO QUE HABRÁ QUE ACTUALIZAR UNA VEZ SE REALICE EL PROYECTO Y SE DETALLEN NORMATIVAS, MAQUINA, PLANOS, CALIDADES, MEDICIONES Y MEMORIA.",,,,,MADRID\1APROVINCIA\FUENLABRADA\telefonica2\FICHA DATOS TECNICOS.docx
torrejon1,ok,,,,,,,,FAIN,JUAN ANTONIO ALVAREZ,Daniel,por defecto: sin etiqueta = Daniel,,,"23/11/22 ES DE LORMAN, DERRIBO DE ESCALERA",,,,,MADRID\1APROVINCIA\FUENLABRADA\torrejon1\FICHA DATOS TECNICOS.docx
torrejon7,ok,H80761398,,,ROYMAR,,,avisos@gruporoymar.es,fain Fran -> Oswaldo,juan gomez,Daniel,por defecto: sin etiqueta = Daniel,,,"Propiedad:	CP TORREJON 7
CIF:		H80761398
Presidente:
DNI:

Código postal:		28944
Referencia catastral: 	2994701VK3529S
Fachada:			79.25m
PEM:	53.602,15
residuos:


SUPERFICIES A DERRIBAR.
20,50


AMBITO ORDENACION
DISTRITO

Abel Bernardos",,,,,MADRID\1APROVINCIA\FUENLABRADA\torrejon7\FICHA DE DATOS ACCESALIA.docx
torrejon9,ok,H79854857,,X7200911W,FINCAS EN CASA  (Pedida doc 15/06),MIGUEL BARCENAS,676676993 / 91 607 99 18,"colegiado10837@fincasencasa.com; avisos@fincasencasa.com 29/08/2023 Sandra envía un resumen de lo ocurrido con la comunidad de propietarios. No mandaron la documentación a tiempo y no se pudo presentar a la CAM 2023. 04/09/2023, JUSTI: ME DICE EL ADM QUE AL NO HABER PODIDO OPTAR A LA SUBVENCIÓN DE MOMENTO DESISTEN DE LA ACTUACIÓN, por lo que no van a pagar la tasa y el ICIO 09/10/2023 Ana: confirmado con el administrador. Pedir cancelación del expediente. Ya lo harán tranquilamente cuando tengan elegido presupuesto y se vuelvan a abrir las subvenciones de la CAM y se la presentemos. 06/11/2023 devolver el dinero de la subvención contratada por no haberse presentado. 15/11/2023 ofrecerle contratación de subvenciones cam 2023 abierta con precios nuevos. 05/03/2024 llaman de la otaf diciendo que tenemos cancelada la DR, pero que no hemos solicitado la cancelación de las tasas que no se pagaron. Hemos solicitado que las cancele, y han escrito que cancelan el icio pero que la tasa no. Acordamos que vamos a presentar un escrito en la otaf indicando que en breve la comunidad retomará el asunto, y que abonará las tasas que correspondan, pero que solicitamos expresamente que no se dupliquen, y nos generen una nueva tasa, y todavía esté pendiente de pago la anterior.",CDAD,,Daniel,por defecto: sin etiqueta = Daniel,FERNANDA DEL RIO,2994701VK3529S,"---------- Forwarded message ---------
De: Daniel de Soto <danieldesoto@accesalia.es>
Date: dom, 27 mar 2022 a las 18:52
Subject: Fwd: CDAD. PROP. TORREJÓN 9 FUENLABRADA
To: Gerencia Accesalia (via Google Keep) <gerencia.accesalia@gmail.com>, Oficina Accesalia <oficina.accesalia@gmail.com>



Me están proponiendo pasar un anteproyecto gratis. Es de Fran
Tenemos q mirar q Informacion pasamos en lunes




---------- Mensaje reenviado ---------
De: Miguel Encasa Administración de Fincas del Sur <miguelencasa@fincasdelsur.es>
Fecha: El mié, 23 mar 2022 a las 13:18
Asunto: CDAD. PROP. TORREJÓN 9 FUENLABRADA
Para: daniel de soto <danieldesotoarquitecto@gmail.com>

Buenos días Daniel;
En relación a la Comunidad de C/Torrejón 9 de Fuenlabrada, donde a través de Fain, ya habéis estado visitando la finca, nuevamente vuelvo a solicitar:

Croquis o pequeño plano de la actuación propuesta, tanto en plantas en altura como en planta baja.
Croquis o pequeño plano con la ocupación de vía publica, para que calculen el coste de la misma en Sede Municipal.

Por favor, tanto la Junta de propietarios como la visita en Ayto, las tengo el próximo martes por la mañana, por lo que lo necesito previamente.
Muchas gracias, un saludo.

*Rogamos tomen nota de la nueva dirección de email colegiado10837@fincasencasa.com, la cual sustituye a miguelencasa@fincasdelsur.es, si bien, ambas funcionarán de forma complementaría durante un tiempo.

INCLUDEPICTURE ""https://mail.google.com/mail/u/0/?ui=2&ik=b3c3318c10&attid=0.1&permmsgid=msg-f%3A1728472614724723455&th=17fcc4af6ca862ff&view=fimg&fur=ip&sz=s0-l75-ft&attbid=ANGjdJ8oRWRMMUjlSbT6kYALHxi-3o63Tn2OTMXZ0AqEnx7TEqlAmAVs3LppnNYQE5bBU7VKm_FpDzvUN45BpImBamvEyJNX1BX6oOJPig78VevAvDks9qAAmtPuGR8&disp=emb&realattid=17fcc49e57d155f77111"" \* MERGEFORMATINET

HABLADO CON ADMIN. MIGUEL BARCENAS 676676993 PROYECTO + DO
04/07/2022 enviado presupuesto proyecto y DO.
19/01/23 OK. AVISAR A OSWALDO FAIN.
08/06/2023 MANDADO YA EL ENCARGO CON TODOS LOS DATOS MIGUEL BARCENAS

Agosto 2023. Se manda DR con tasas solicitadas pero no pagadas. En octubre 2023, dado que no ha sido posible llegar a las subvenciones que caducaban a finales de agosto (debido a que el administrador no contestó a tiempo a los correos de Sandra), el administrador solicita cancelar la DR. Se cancela.
En febrero 2024, nos llaman de la OTAF diciendo que hemos cancelado DR, pero no las tasas (deuda pendiente). Se solicita su cancelación, pero sólo aprueban cancelar la deuda del ICIO. La tasa de licencia sigue pendiente de pago.
En abril 2024, Miguel Bárcenas indica que quieren continuar con la DR, y que pidamos expresamente que no se duplique la tasa de licencia cuando lo retomen. Se pide a la OTAF, pero dicen que son hechos diferentes, y que aunque la DR se haya cancelado la deuda sigue pendiente (figura tal cual en las ordenanzas, que no se puede anular la tasa de licencia por ese motivo). 08/04/2024 Se informa a Miguel Bárcenas por mail.
Abril 2024: se vuelve a pedir la tasa de licencia y ya incorporan el recargo.
Se presenta subvención y se factura.
26/01/2026 Desde el ayto de Fuenlabrada.

“Se ha revisado la documentación en respuesta al primer requerimiento realizado, y se ha hecho un segundo requerimiento más corto que se pondrá a disposición en la sede a lo largo del día, cuando se terminen los problemas con la firma digital.”
06/02/2026 vuelven a enviar otro requerimiento, dando respuesta el 09/02/2026
05/05/2026 solicito información al ayto para saber el estado del requerimiento contestado y la DR.
“Acabo de avisar al equipo técnico para que puedan revisarlo y nos puedan decir algo a la mayor brevedad.

A fecha de hoy está pendiente de analizar tras subsanación de requerimiento hecho.”

06/05/2026 el técnico de urbanismo informa:

De: Rafael Andujar Guerrero <r.andujar@ayto-fuenlabrada.es>
Enviado el: miércoles, 6 de mayo de 2026 12:36
Para: colegiado10837@fincasencasa.com
CC: daniel de soto <danieldesotoarquitecto@gmail.com>
Asunto: RE: EXPEDIENTE 2024/DRN_01/000254 - CALLE TORREJÓN 9

Buenos días,

Vista la respuesta al requerimiento, se da por terminada la fase de tramitación, y se puede empezar la obra cuando queráis o podáis.

Si hubiera cualquier cambio durante la obra, por favor, dad conocimiento de ella antes de proseguir la obra, para ver si se ajusta a norma.

Gracias.

Atentamente, reciba un cordial saludo.

Rafael Andújar
Técnico Urbanismo
Licencias de Obras.
Concejalía de Urbanismo, Movilidad y Mayores.
91 649 70 00 ext. 4311
r.andujar@ayto-fuenlabrada.es


05/06/2026 envio hoja firmada por DF “autorización comienzo de obra”
30/06/2026 FAIN informa:

de:
Enrique Martin De Villodres Heredia <enrique.devillodres@fainascensores.com> a través de gmail.com

para:
Oficina Accesalia <oficina.accesalia@gmail.com>
fecha:
29 jun 2026, 12:32
“Hola Adriana, buenos días, esta semana tenemos tengo junta con la subcontrata y el supervisor de obra, este día jueves. Así que después de esa reunión aproximadamente un mes comenzaremos la obra.
“",2024/DRN_01/000258,,,,MADRID\1APROVINCIA\FUENLABRADA\torrejon9\FICHA DATOS TECNICOS.docx
torrente51,sin ficha,,,,,,,,,,,,,,,,,,,
turquia22,ok,H81284598,,02268605T,DEHESPA GESTION L a v de 9 a 2 y martes y jueves de 5 a 7,PABLO GUERRA,916 94 41 40,"gestiondehespaslu@hotmail.com Constructora Jose Luis Jiménez Comercial Técnico 916 884 566 - 645 369 037 Rehabilitaciones Integrales Roen, S.L.U. www.roen.es C/ Paloma nº4, Local, Leganés 28911 Madrid jljimenez@roen.es",,JOSE LUIS ROEN,Daniel,por defecto: sin etiqueta = Daniel,,1395502VK3519S,"30/01/2024 enviada hoja de encargo a jose luis
26/06/2024 PARA REGISTRO EN EL AYTO, ESTA REGISTRADO DE LA SIGUIENTE FORMA: Nombre: COMUNIDAD PROPIETARIOS TURQUIA 22 (NO HAY NADA EN PRIMER APELLIDO NI EN SEGUNDO APELLIDO, TODO EN MAYUSCULAS Y CON ESPACIOS)
16-07-2024 METO A VISAR PROYECTO Y LLAMO A JOSE LUIS DE ROEN PARA PREGUNTAR SI VAN POR COMPROMISO O DR, ME DICE QUE POR COMPROMISO
23-07-2024 ENVIO PROYECTO VISADO A ADMINISTRADOR
27/02/2026 CONFIRMA EL ADMINISTRADO QUE ADELANTE CON LA DR.

Gestiono las tasas y solicito actualización de datos

-administrtador envia documentación nueva para solicitud de tasas
02/03/2026 administrador envia la documentación que quedaba pendiente y solicito las tasas, le envío el justificante de registro
10/03/2026 SE ENVIAN LAS TASAS PARA SU PAGO
12/03/2026 se registra la DR, se informa a los interesados que se puede empezar la obra.
Según indica el administrador, ROEN quiere empezar el viernes 20/03/2026
16-03-2026 HE CSS enviada (HAN COGIDO A OTRO CSS)
09-09-2026 LLEGA FIRMADA HE SUBVENCIONES",Antonio González Herrero 916080010 pero no vive ahí · 02040075K · Jose · vecino 1º 4 · 690931079 · ES63 0081 0235 7000 0155 0958,,,,MADRID\1APROVINCIA\FUENLABRADA\turquia22\FICHA DATOS TECNICOS.docx
urbnuevoversalles2,ok,,,,,,,niccoarias@yahoo.es,,JAVIER RODRIGUEZ MARTIN SCHINDLER,Daniel,por defecto: sin etiqueta = Daniel,,,"06/09/2024
NICOLAS ARIAS TLF 695 902 723 niccoarias@yahoo.es presidente. Ana le llama: dice que está ocupado que me llamará él. Obra acabada. Quieren ir a las sub de Fuenla. Admin? Virginia Sanchez Mena <infoconsultores@urbanisticos.es>",,,,,MADRID\1APROVINCIA\FUENLABRADA\urbnuevoversalles2\FICHA DATOS TECNICOS.docx
uruguay2,ok,H79942033,,,ELITE GESTION,,,incidenciaselitegestion@yahoo.es,,NACHO FAIN,Daniel,por defecto: sin etiqueta = Daniel,,,"Propiedad:	CP URUGUAY 2
CIF:	H79942033
Presidente:
DNI:

Código postal:			28994
Referencia catastral: 		3396101VK3539N
Fachada:			19,30m
PEM:	10000
residuos:
SUPEFICIES  			4,30 m2

ES32 0081 1541 95 0001070316

SE HA COBRADO 2.200 €",,,,,MADRID\1APROVINCIA\FUENLABRADA\uruguay2\FICHA DE DATOS ACCESALIA.docx
valdemoro8,ok,H79617072,,,,,,fuenlabrada@aeafincas.es,,SERGIO  VANESSA,Daniel,por defecto: sin etiqueta = Daniel,,,"Propiedad:	CP HUMERA 23
CIF:		H79617072
Presidente:
DNI:

Código postal:	28940
Referencia catastral: 2401204VK3620S
Fachada: 22
PEM: 104.502,94	residuos: 300
SUPEFICIES 36,80 m2
AMBITO ORDENACION
DISTRITO",,,,,MADRID\1APROVINCIA\FUENLABRADA\valdemoro8\FICHA DE DATOS SATE.docx
valdeserrano3,ok,,,,LORMAN ADMINISTRACIONES,,916064913- 916068726,lormanad@gmail.com,,,Daniel,por defecto: sin etiqueta = Daniel,,,,,,"---------- Forwarded message ---------
De: LORMAN ADMINISTRACIONES, S.L. <lormanad@gmail.com>
Date: vie, 23 may 2025 a las 11:52
Subject: CP VALDESERRANO 3_ACCESIBILIDAD PORTAL
To: Oficina Accesalia <oficina.accesalia@gmail.com>

Buenos días,

Para la CP Valdeserrano 3 - 28944 Fuenlabrada, necesitamos un presupuesto para que os encarguéis de elaborar la documentación técnica que se pide, el IEE y por supuesto presentar la subvención.
La actuación se centra en adaptar a la normativa vigente de accesibilidad la puerta del portal.
La idea es que sea un servicio llave en mano.
Necesito el presupuesto para antes del 12 de junio por favor.

Revisarlo y comentarnos por favor.",,MADRID\1APROVINCIA\FUENLABRADA\valdeserrano3\FICHA DATOS.docx
valencia 17 19 21 23,ok,,,,,,,,,,Daniel,por defecto: sin etiqueta = Daniel,,,,,,,,MADRID\1APROVINCIA\FUENLABRADA\valencia 17 19 21 23\DATOS\datos.docx
valladolid1,ok,,,,,,,lbenavente@codib7.com,,,Daniel,etiqueta de la ficha,,,,,,"10/07/2025 DANIEL: Luis ha dicho que tenemos que preparar una oferta para la comunidad € más IVA de Proyecto de bajada a cota cero. Pasarle a Luis la oferta de honorarios pero el cliente será la comunidad de propietarios
10/07/2025 HE ENVIADA",,MADRID\1APROVINCIA\FUENLABRADA\valladolid1\FICHA DATOS.docx
valladolid13,ok,,,,M3 GESTIÓN,NIEVES,91 492 18 89 - Fax: 91 140 01 67,m3gestion1@gmail.com,,,Alvaro,etiqueta de la ficha,,,,,,"El lun, 1 jun 2026 a las 18:03, M3 Gestion (<m3gestion1@gmail.com>) escribió:
Buenas tardes.

En la comunidad de C/. Valladolid 13 quieren instalar el ascensor
partiendo de cero. Estamos buscando presupuestos para instalar el
ascensor, pero también necesitamos presupuesto para la redacción del
proyecto y dirección de las obras.

La reunión de la comunidad es este jueves día 4, les agradecería que nos
enviaran presupuesto para poder llevar a la reunión. Cualquier dato que
necesiten de la comunidad, no duden en llamarnos.

Gracias, un saludo.

--
Nieves Rubio

M3 GESTIÓN
C/ Reinosa nº 4 - Local 2
28941 - Fuenlabrada (Madrid)
Telf.: 91 492 18 89 - Fax: 91 140 01 67
E-mail: m3gestion1@gmail.com

19/06/2026 ALEX: El presidente indica que consideran que puede ser viable la instalación por el cuarto de basura, como se aprecia en el 3D existe un cuarto de basura, que la constructora originalmente iba a poner el ascensor ahí, en algún punto decidieron no hacer el ascensor y se les dio ese espacio a las cocinas de las viviendas, pero era el hueco donde originalmente se instalaría el ascensor, en este caso todas las viviendas A – D tendrán que ceder la parte proporcional del espacio de sus cocinas para que el ascensor suba a todas las plantas. Se tiene que contemplar la instalación de una plataforma vertical en el portal de acceso y rebajar la cota del portal hasta 5cm con respecto a la cota exterior de la calle para hacer rampa accesible al 25% en portal e igualar todas las contrahuellas de los peldaños",,MADRID\1APROVINCIA\FUENLABRADA\valladolid13\FICHA DATOS.docx
valladolid2,ok,,,,,Jose vicente,,lormanad@gmail.com,CDAD,JOSE VICENTE LORMAN,Daniel,por defecto: sin etiqueta = Daniel,,,"22/02/2023 ESTUDIAR PRECIO CON LORYBER, PASAR INFORME DE PROYECTO Y SUBVENCION. Va John a hacer un vídeo y se lo manda a Daniel.
28/02/2023 enviado estudio de costes para mejora energética por mail",,,,,MADRID\1APROVINCIA\FUENLABRADA\valladolid2\FICHA DATOS TECNICOS.docx
valladolid7,ok,,,,,,,ivanaguadofernandez@hotmail.com,,,Daniel,por defecto: sin etiqueta = Daniel,,,,,,"05/03/2025 Es de su casa, obra terminada de sate. Escribirle al correo personal. Se le ha comunicado la documentación necesaria para que se la pida a su administrador.",,MADRID\1APROVINCIA\FUENLABRADA\valladolid7\FICHA DATOS.docx
venezuela2,ok,,,,SERGIO,,,,,ANTONIO MIRA,Daniel,por defecto: sin etiqueta = Daniel,,,"Propiedad:
CIF:
Presidente:
DNI:

Código postal:
Referencia catastral:
Fachada:
PEM:	residuos:
SUPERFICIES
AMBITO ORDENACION
DISTRITO",,,,,MADRID\1APROVINCIA\FUENLABRADA\venezuela2\FICHA DE DATOS ACCESALIA.docx
viena5,ok,,,,,,,,CDAD,,Daniel,por defecto: sin etiqueta = Daniel,,,,,,,,MADRID\1APROVINCIA\FUENLABRADA\viena5\FICHA DATOS TECNICOS.docx
villalba3,ok,H79637948,,,ROYMAR,,,gestiones@gruporoymar.es,,FAIN NACHO O FAIN,Daniel,por defecto: sin etiqueta = Daniel,,,"Propiedad:	CP VILLALBA 3
CIF:		H79637948
Presidente:	José María		TEL.626.58.52.14
DNI:

Código postal:	28945

Referencia catastral: 2501102VK3620S0

Fachada:

PEM:	 94584,91				residuos:

SUPEFICIES 49,45
AMBITO ORDENACION
DISTRITO

TL/010036/2019",,,,,MADRID\1APROVINCIA\FUENLABRADA\villalba3\FICHA DE DATOS ACCESALIA.docx
villalba5,ok,H79941704,,,SANCHEZ Y LOZANO,,,recepcion@asesoriasl.com,,NACHO FAIN,Daniel,por defecto: sin etiqueta = Daniel,,,"Propiedad:	CP VILLALBA 5 FUENLABRADA
CIF:	H79941704
Presidente:
DNI:

Código postal: 28945
Referencia catastral: 2501103VK3620S
Fachada:	21.86m
PEM: 107830,50     	128318,30 con el 19%
residuos: 300
SUPEFICIES 	36.80m^2

Expediente 635-LM-18



COBRAR 3500 + IVA

ES93 2038 2292 22 6000482639
ES51 2038 2292 2860 0007 8708",,,,,MADRID\1APROVINCIA\FUENLABRADA\villalba5\FICHA DE DATOS ACCESALIA.docx
villalba7,ok,H79596318,,,ANTONIO,,,lormanad@gmail.com,,NACHO  FAIN,Daniel,por defecto: sin etiqueta = Daniel,,,"Propiedad: CP VILLALBA 7
CIF: H79596318
Presidente:
DNI:

Código postal:	28945
Referencia catastral: 2502402VK3620S
Fachada: 21.86m
PEM:	TOTAL 80.026, 50         95.232€ con gg
residuos: 300

SUPERFICIE 29.88m^2

ES50 0049 4239 8826 1400 4996",,,,,MADRID\1APROVINCIA\FUENLABRADA\villalba7\FICHA DE DATOS ACCESALIA.docx
villalba9,ok,H79676367,,,ADDONATE,,,comunidades@addonate.es,,NACHO FAIN,Daniel,por defecto: sin etiqueta = Daniel,,,"Propiedad: VILLALBA 9
CIF:	H79676367
Presidente:
DNI:

Código postal:	28945
Referencia catastral: 2502401VK3620S
Fachada:		22m
PEM:	106,403.50
residuos: 300
SUPEFICIES  		38,40  m2

ES65 0081 0337 1700 0159 2166

RELACION DE LOS PRINCIPALES TRABAJOS A REALIZAR:
OBRA AUXLIAR DE ALBAÑILERIA,CERRAJERIA Y ELECTRICIDAD
SUMINISTRO, INSTALACION Y LEGALIZACION DE ASCENSOR
NUEVO ALUMBRADO DE ESCALERA LED CON DETECTOR Y EMERGENCIAS
ELECTRICIDAD: ALIMENTACION DE ASCENSOR Y CONTADOR TRIFASICO DE LA FINCA
ELECTRICIDAD: REFORMA INTEGRAL. CAMBIO DE UBICACION CONTADORES INCLUIDO
BAJAR PLANTA BAJA A NIVEL DE CALLE. DEMOLIENDO ESCALERAS Y/O MESETAS
NUEVO SUELO DE RELLANOS EN GRES DE PRIMERA CALIDAD
NUEVO SUELO DEL PORTAL EN GRES DE PRIMERA CALIDAD
NUEVAS PAREDES DEL PORTAL EN PLAQUETA DE PRIMERA CALIDAD
PINTURA DE NUEVA ESCALERA, RELLANOS, PORTAL Y TECHOS
PINTAR PUERTA PORTAL
DESPLAZAR TABIQUE CUARTO DE CONTADORES Y REALIZAR NUEVO ACCESO
FALSOS TECHOS EN PLANTAS Y PORTAL PARA ALOJAMIENTO DE DOWNLIGHTS
ASCENSOR ELECTRICO SIN CUARTO DE MAQUINAS GEARLESS 1 m/s
ASCENSOR CON CABINA AMPLIADA Y PUERTAS DE 700 mm
RESUMEN ECONOMICO DE LA INSTALACION DE ASCENSOR:
IMPORTE OBRA AUXILIAR Y ASCENSOR 106,403.50 €
IVA INSTALACION 10%
IMPORTE INSTALACION CON IVA 117,043.85 €
IMPORTE PROYECTO Y DIRECCION DE OBRA 3,500.00 €
IVA PROYECTO Y DIRECCION DE OBRA 21%
IMPORTE PROYECTO Y DIRECCION DE OBRA CON IVA 4,235.00 € SE ABONA AL ARQUITECTO
IMPORTE COORDINADOR DE SEGURIDAD EN OBRA 800.00 €
IVA COORDINADOR DE SEGURIDAD 21%
IMPORTE COORDINADOR DE SEGURIDAD CON IVA 968.00 € SE ABONA AL COORDINADOR",,,,,MADRID\1APROVINCIA\FUENLABRADA\villalba9\FICHA DE DATOS ACCESALIA.docx
villalon1,ok,H48673833,María Teresa Fernández Vioque,50162440S,ALCORA (PEDIDOS DOCS A VALENTIN 21/11/2024),VALENTIN,,minervagonzalez@ayto-fuenlabrada.es,,VALENTIN ALCORA,Daniel,por defecto: sin etiqueta = Daniel,,,"19/11/2024 PROYECTO EXTERNO DE SATE. ÉL YA HA ESTADO TRAMITANDO LA NG QUE VENCIÓ EL 31/12/2023. QUIERE PRESUPUESTO PARA TRAMITACION DE SUBVENCIONES. Se le manda hoja de encargo modelo precio fijo + variable a éxito.
Están comprando las CAES.
Juan José (vecino) 654 71 26 84 ha llamado preguntando por los CEE para la renta 04/02/2025. Le he dicho que hasta la obra no esté acabada, no se preocupe. Ana
10-07-2025 HABLO CON VALENTIN POR LA DOCU QUE NO ENVIA Y ME COMENTA QUE LO SABE PERO ESTÁ MUY LIADO CON IVAS ETC. QUE LO TIENE APARTADO PERO EN CUANTO PUEDA ME ENVIA LA DOCUMENTACIÓN DE LA CDAD
11/03/2026 se envía email a minervagonzalez@ayto-fuenlabrada.es y a calmansa@ayto-fuenlabrada.es para solicitar el estado de la licencia, ya que se registró por instancia general y desde subvenciones solicitan el certificado de conformidad y la aprobación de la licencia.",,,,,MADRID\1APROVINCIA\FUENLABRADA\villalon1\FICHA DATOS TECNICOS.docx
villaviciosadeodon2,ok,H79098539,JOSE SERRANO FELICIO,03040187R,GAMA COMUNIDADES,DAVID GAMA,614279445,administracion@gamacomunidades.com Horario: Lunes a Jueves: 9:00 a 14:00 - 16:00 a 18:00 Viernes: 9:00 a 15:00,,,Daniel,por defecto: sin etiqueta = Daniel,GEMA BERMEJO,2301002VK3620S,"24/06/2024 PRESENTACION 3D
30/07/2024 Mail de Novillo: en esta comunidad quieren que les hagas consulta al Ayto.
Te recuerdo...  Hay que tirar la fachada posterior y coger parte del terreno de la calle. Tendrás que llevar proyecto con medidas para ver que te dicen. Lo lleva Ropero.
Prepara presupuesto a nombre de la Comunidad: pry + css + subv
Importe inicial consulta urbanística.

31/07/2024 por indicación de Daniel: como no existe la figura de consulta urbanística en Fuenlabrada, se elaborará solamente una memoria muy sencilla (no un proyecto básico y de ejecución) para la fase de consulta previa, en la que se incluirán solamente planos de situación, actual y reformado, pero sin secciones. Similar a la documentación que se sube por consulta previa en Leganés.

Esto se registrará en el ayuntamiento por instancia general indicando que se envía como consulta urbanística, y al cabo de un mes se pedirá cita con José Ropero aprovechando para consultar por algún otro tema, y se le preguntará si es viable. Hasta que no haya conformidad por parte del ayuntamiento, no se asumirá la redacción del proyecto básico y de ejecución


Ropero ha contestado mandando su propuesta. Revisarlo.
07/01/2025 Tener en cuenta que según decisión tomada con Daniel, se modificó la escalera, opción 1 enviada por el técnico de eliminar un peldaño curvo y agregar uno recto.
En la carpeta Trabajo se encuentran todos los planos modificados.

Correo de técnico de Fuenlabrada 28/03/2025
Gema Bermejo Calvo <g.bermejo@ayto-fuenlabrada.es

Buenos días,

Tras revisión de su propuesta de Instalación de Ascensor en edificio existente con ocupación de suelo público, le informo que el proyecto propuesto CUMPLE con la Normativa en vigor y si es apto para su desarrollo.

Les informo que el primer paso que tienen que realizar es solicitar a PATRIMONIO la cesión de uso de dominio público, una vez se les haya concedido el mismo deben solicitar la DECLARACIÓN RESPONSABLE DE OBRA para su instalación.

Si necesitaran informe urbanístico en respuesta a la consulta de viabilidad para la instalación de ascensor, entonces sí les pedimos la tasa (20,79€).

Si tienen más consultas pónganse en contacto conmigo.

Saludos

GEMA BERMEJO CALVO
Arquitecto Técnico
Concejalía Urbanismo, Movilidad y Mayores
g.bermejo @ayto-fuenlabrada.es

10-04-2025 Solicito cesión de espacio público en ayto, envío justificante de registro a cdad y Oscar López fain.
Sofia
08-05-2025 Presento DR a petición de la técnico Gema Bermejo, hay que esperar a la aprobación de suelo publico
~~26/05/2025 la comunidad todavía no tiene firmado un presupuesto elegido, por lo que no quieren presentarse a subvenciones (no está cobrado). Pedido que nos avisen con cualquier cambio. Ana~~
24/06/2025 Hablado con el administrador David Gama. ~~Van a hacer la obra con Orona.~~ Han votado los presupuestos, y quieren ir adelante ya con las subvenciones. Se va a cobrar. Como la IEE está incluida en el precio, se la vamos a repetir porque no confían en el criterio del técnico que se la hizo pero que no la registró. Hay que ir a ver el estado de todo. Quieren revisar lo que salga en la IEE antes de registrarlo.
17/10/2025 El ayto indica que la obra está muy cerca de las líneas de renfe, y que aunque por el Ayto no hay problema ni con la DR ni con la autorización de vía pública, hay pedir un permiso a ADIF. Se manda por registro de la web de Adif.

18/10/2025 David llama diciendo que la contrata es Anylor. Se manda el escrito modificado.

06/11/2025 ADIF contesta “su expediente se encuentra en fase de estudio y tramitación” se pide al ayto  de Fuenlabrada que cómo se pide la“Acreditación de la clasificación del suelo”
01/12/2025 adjunto documentación al requerimiento de ADIF, envío justificante de registro a la CP y al presidente.
18/12/2025 se vuelve a enviar contestación al nuevo requerimiento de ADIF.
10/04/2026 solicito información a ADIF, pongo en CCO al administrador
22/05/2026 (Adriana) desde Adif comunican la RESOLUCION ESTIMATORIA

Informo a todos los interesados y lo registro en el ayuntamiento (a la espera de que nos comuniquen)
08/06/2026 (Adriana) en Adif vuelven a enviar otra resolución estimatoria
15/07/2026 (Adriana) pregunto a Adif que informe sobre el estado de la resolución estimatoria ya que han llamado de infraestructuras de Fuenlabrada preguntando por ello.
04/09/2026 (Adriana) ADIF envía autorización para realizar los trabajos, informo a todos los interesados.
A la espera de que informen fecha de replanteo
22/09/2026 (Adriana) recibo llamada del administrador indicando que al ayto se le ha extraviado la documentación, que por favor vuelva a registrar la aprobación de ADIF.
Lo registro y lo envío a los interesados","JUAN ANTONIO ALVAREZ NOVILLO · FAIN · – OSCAR · lopez · NOMBRE · Onix Abogados S.L. · DIRECCION · Avenida de las Naciones, nº 2 · 28943 – Fuenlabrada (Madrid) · PERSONA DE CONTACTO · Luis · TELEFONO · 91 046 21 33 · 625 717 414 · E-MAIL · luis@onixabogados.com · ; · fincas@onixabogados.com · . · 26/05/2025 la comunidad todavía no tiene firmado un presupuesto elegido, por lo que no quieren presentarse a subvenciones (no está cobrado). Pedido que nos avisen con cualquier cambio. Ana · Van a hacer la obra con Orona.",,,,MADRID\1APROVINCIA\FUENLABRADA\villaviciosadeodon2\FICHA DATOS TECNICOS.docx
villaviciosadeodon8,ok,H80028756,,,,,,fincassanfer@gmail.com,,NACHO FAIN,Daniel,por defecto: sin etiqueta = Daniel,,,"Propiedad:	CP VILLAVICIOSA DE ODON 8.  FUENLABRADA
CIF:	H80028756
Presidente:
DNI:

Código postal:			28941
Referencia catastral: 		2302506VK3620S
Fachada:			15m
Superficie: 21 m2
PEM:	 78430         residuos: 	300


Ascensor patio
ELEVADOR VERTICAL A LA IZQUIERDA
Sacar modelo de elevador de URUGAY

ES79 2085 9715 3503 3043 6850

MARCOS  625 71 74 14
3500
fincassanfer@gmail.com",,,,,MADRID\1APROVINCIA\FUENLABRADA\villaviciosadeodon8\FICHA DE DATOS ACCESALIA.docx
zamora1-3-5,ok,H79663209,Eladio Clemares Martín,00657097X,"ADMINISTRACIONES ALCORA, S.L. B85638088                              COMPROMISO",Valentín Alcocer,916150975 – 617354703 (urgencias),administracion@administracionesalcora.es; valentin@administracionesalcora.es,cdad,VALENTIN / IBERDROLA / ELECNOR,Daniel,por defecto: sin etiqueta = Daniel,Jose ropero,,"24/10/22 RAUL ENVIA UN MAIL A LOS DE IBERDROLA PASANDOLES VARIAS DIRECCIONES ""DE NUESTRA PARTE"" PARA ESTUDIAR
07/06/2023 Han votado Ok pero tienen que negociar con Iberdrola.
VISITA 28/08/2023, CONTACTO ELADIO, PRESIDENTE, 619 846 927, Nº 5 3º B


CALEFACCION CENTRAL
Nombre de empresa y dirección EN EXCEL, CERTIFICADOS ENERGÉTICOS Y PLANOS

28-10-2025 HE CSS
3/11/2025 HE CSS RECIBIDA
06/11/2025 solicitud al ayto de tasas
12/11/2025 tasas pagadas 100% (por error Adriana) solicito por instancia la devolución del 50%
20/04/2026 Atención para el CFO hay que tener en cuenta unos cambios en las mediciones que se hicieron durante la obra. Están en la carpeta:
C:\accesalia Dropbox\D SM\Ascensores y rehabilitaciones\MADRID\1APROVINCIA\FUENLABRADA\zamora1-3-5\SATE\3.OBRA\MODIFICACIONES DE PROYECTO
08/07/2026 se envia cfo visado y se registra en ayto",,,,,MADRID\1APROVINCIA\FUENLABRADA\zamora1-3-5\SATE\FICHA DATOS TECNICOS.docx
zamora12,sin ficha,,,,,,,,,,,,,,,,,,,
zamora21,ok,,,,LORMAN ADMINISTRACIONES SL,,916 06 49 13 / 916 06 87 26,lormanad@gmail.com,,,"VARIOS: CARLOS, ALVARO, DANIEL",la etiqueta nombra a varios: mirar a mano,,,,,,,,MADRID\1APROVINCIA\FUENLABRADA\zamora21\FICHA DATOS.docx
zamora25,ok,H78759206,ANA NIETO HENCHE,51321031G,ALCORA,Valentín Alcocer,916150975 – 617354703 (urgencias),DATOS ADMINISTRADOR DE FINCAS desde octubre 2025,Cdad,VALENTIN ALCOCER,Daniel,por defecto: sin etiqueta = Daniel,,1911201VK3611S,"28/07/22 SI SE PUEDE ASCENSOR 4-5 PERSONAS
15/12/23 Recibida hoja de encargo firmada. Se pide autorización para facturar ya.
22-01-2024 PERSONA DE CONTACTO PARA VISITA DE DAVID MAÑANA: CRISTINA PISOI 2º C – TLF 635592903
24/10/2025 Valentín informa que se queda como administrador de esta finca, solicito el acta de cambio de administrador
11/11/2025 aviso que ya se puede comenzar la obra.

Valentín informa:

De momento estoy recopilando información, al haber cogida esta comunidad el mes pasado y una vez que tenga todo, hare la reunión para que aprueben iniciar las obras.
Ya te voy informando.
23/01/2026 pregunto a Valentin si ya han empezado las obras y contestan:
“No, ayer informe a Daniel y va a solicitar 3 presupuestos, para realizar la junta”

05-06-26 le hacemos una oferta de sate
25/06/2026 En junta han decidido que solamente siguen con el ascensor, ahora mismo no pueden afrontar los pagos del SATE.
15/07/2026 (Adriana) informo a FAIN que pueden empezar las obras, la DR se registró en febrero de 2024 y se informó al administrador en noviembre de 2025 que podían empezar
19/08/2026 (Adriana)
de:
Valentín Alcora <valentin@administracionesalcora.es>

para:
Oficina Accesalia <oficina.accesalia@gmail.com>
fecha:
19 ago 2026, 11:41
En la ultima reunión realizada el mes de julio de 2026, me indicaron que empezara a solicitar la financiación para el mes de septiembre, por lo que podrían empezar en el momento que tengamos la financiación concedida.

En el mes de septiembre hablare con FAIN, ascensores, para planificar también con ellos el inicio de obras.


****solo queda que nos informen de la fecha de inicio de obra*****",JOSE VICENTE (LORMAN) · LORMAN · JOSE VICENTE · 630943623 · 916064913 · lormanad@gmail.com,,,,MADRID\1APROVINCIA\FUENLABRADA\zamora25\ASCENSOR\FICHA DATOS TECNICOS.docx
zamora28,ok,,,,SOLUTIONA  FINCAS,María,640 649 760 / Tel. 91 697 26 34 // 633 170 643,maria@solutionafincas.com / info@solutionafincas.com,,,Daniel,etiqueta de la ficha,,,,,,"10-09-26 Cuando se vaya a empezar el proyecto hay que llamar4 a Luis Benavente para pedirle planos y demás datos que quiere darnos
11-09-26 enviado a Monica para su ok 15-09-26 enviado",,MADRID\1APROVINCIA\FUENLABRADA\zamora28\FICHA DATOS.docx
zamora6,ok,H79997185,MARIA SANTOS GLORIA,,M3 GESTION ADMINISTRACION,MONTSE CARRIL,91 492 18 89,m3gestion1@gmail.com,,,Daniel,etiqueta de la ficha,,2009601VK3610N,,CARLOS · G,,"---------- Forwarded message ---------
De: m3gestion <fincas@m3gestion.es>
Date: mar, 2 dic 2025 a las 12:46
Subject: Zamora 6 Instalación Ascensor
To: Oficina Accesalia <oficina.accesalia@gmail.com>


Buenos días,

Necesito por favor presupuesto por partidas,por un lado para los
trabajos previos para poder solicitar los presupuestos a las empresas, y
otro para posteriores trabajos en caso de aceptación de la obra.

--
Un saludo
Montse Carril
11/12/2025 (CARLOS GARCIA) NO HACER 3D.
04-06-26 HE Recibida firmada
29/09/2026 (Adriana) se envia proyecto terminado a los interesados.
**a la espera del ok para poder tramitar licencia***",,MADRID\1APROVINCIA\FUENLABRADA\zamora6\FICHA DATOS.docx
zaragoza7,ok,H79490132,VICENTE CAMPUZANO GUISANDO,50426579E,LORMAN,Lorena MR,916064913,lormanad@gmail.com,,,Daniel,etiqueta de la ficha,,2410709VK3621S,,,,"25/03/2026 HE ENVIADA A MONICA A PRECIO DADO POR DANIEL Y CON LA INDICACIÓN DE INCLUIR LA CSS-26-03 enviada a codi
7/04/2026 HE recibida firmada
22/07/2026 Se confirma que se cambia la puerta de portal del proyecto con telefonillos bajos
27/07/2026 (Adriana) envio memoria terminada a todos los interesados.

A la espera del ok del proyecto para poder continuar con las tramitaciones
17/08/2026 Se realizan modificaciones según lo solicitado telefónicamente por Luis Benavente
24/08/2026 (Adriana) envío memoria modificada a todos los interesados",,MADRID\1APROVINCIA\FUENLABRADA\zaragoza7\FICHA DATOS.docx
