carpeta,lectura,cif,presidente,dni_presidente,administrador,admin_contacto,admin_telefono,admin_correo,trajo_empresa,trajo_persona,comercial_interno,comercial_de_donde,ayto_tecnico,ref_catastral,notas,tachado,notas_admin,notas_encargo,notas_subvenciones,ficha
1 MODELO TIPO LEGANES,sin ficha,,,,,,,,,,,,,,,,,,,
1 RENDER,sin ficha,,,,,,,,,,,,,,,,,,,
aguila1,sin ficha,,,,,,,,,,,,,,,,,,,
alcarria13,ok,,,,IGUAL QUE RIOJA 54,,,,,PEDRO ARANDA  THYSSEN,Daniel,por defecto: sin etiqueta = Daniel,,,"Propiedad:
CIF:
Presidente:
DNI:

Código postal:
Referencia catastral:
Fachada:
PEM:	residuos:
SUPEFICIES
AMBITO ORDENACION
DISTRITO

ES LO MISMO QUE RIOJA 54",,,,,MADRID\1APROVINCIA\LEGANES\alcarria13\FICHA DE DATOS ACCESALIA.docx
alcarria25,ok,,,,,,,,,DAVID CAMARA,Daniel,por defecto: sin etiqueta = Daniel,,,31/10/2023 OPCION BAJADA A COTA CERO DESDE LA CALLE EN MINA,,,,,MADRID\1APROVINCIA\LEGANES\alcarria25\FICHA DATOS TECNICOS.docx
alcarria60,ok,E28941417,RUBEN LASTRA LASTRA,53445302H,MARCAL ASESORES,MARIAM JEBARI / ENRIQUE – FACTURAS - CONTABILIDAD,916931658,mariam.jebari@marcalasesores.com,,,Daniel,etiqueta de la ficha,,5849104VK3654N,contabilidad@marcalasesores.com,,contabilidad@marcalasesores.com,"---------- Forwarded message ---------
De: MARIAM JEBARI <mariam.jebari@marcalasesores.com>
Date: mar, 7 oct 2025 a las 13:08
Subject: SOLICITUD PRESUPUESTO CP ALCARRIA Nº60
To: MARIAM JEBARI <mariam.jebari@marcalasesores.com>

Buenos días:

Como administradores de la Cp Alcarria nº60 en Leganés, solicito presupuesto para la elaboración de un informe técnico para la rehabilitación de la envolvente térmica del edificio. Facilito el contacto del presidente por si le quieren hacer alguna consulta, Rubén, 679 348 668

Quedo a la espera.

Muchas gracias.

Un saludo.

--
MARIAM JEBARI

DPTO. INCIDENCIAS

MARCAL ASESORES


09/10/2025 HE ENVIADA

9/12/2025 HE RECIBIDA FIRMADA
17/12/2025 CORREO DE ALEX: He recibido correo de administradora diciendo que se incluya también la sustitución de ascendentes y bajantes, adjunto correo y respuesta de Daniel. Habrá que consultar en el momento del proyecto si el alcance que se solicita está confirmado.

MARIAM JEBARI
mié, 17 dic, 13:15 (hace 12 días)
para mí
Buenos días:
Por favor, necesito que incluyan también la sustitución de las ascendentes y bajantes. Quedo a la espera del envío del documento con la modificación.
Gracias.
Un saludo.


Alejandra Pérez
26 dic 2025, 12:19 (hace 3 días)
para mí

Felices fiestas.
Me ha dicho Daniel que no hay problema, de cualquier manera él en enero llamará a la administradora para aclarar el alcance. Creo que estaría bien que dejases reflejado en la ficha referente a esto, lo que consideres que pueda ser de utilidad al técnico que haga el proyecto. Gracias
Reciba un cordial saludo,
12/01/2026 DANIEL: Modificación de las bajantes (sacar por fuera las pluviales y fecales)
18/02/2026: por decisión de Daniel se colocará SATE en la PB incluyendo los locales comerciales por estética, debido a que a la fecha la fachada se encuentra con varios tipos de acabados, por lo tanto, se incluirá en estas zonas, además, se informa al área de subvenciones de la inclusión de SATE a los locales e informan que no hay problema mientras el cliente pague por esas áreas.
10/03/2026: según comentado con Daniel sobre las bajantes pluviales y fecales, me informa que no se realizará la obra de las bajantes fecales; sin embargo, la obra de bajantes pluviales si; se construirán dos canaletas en cubierta plana con inclinación para lograr bajar en 4 tuberías pluviales por fuera de la fachada.


13/03/2026 SE ENVIA PROYECTO TERMIADO A TODOS LOS INTERESADOS.

PDT OK AL PROYECTO PARA TRAMITAR LICENCIA
16/03/2026 se envía proyecto terminado corregido
23/03/2026 se pone cita con Daniel para que hable con el presidente de la comunidad y le explique el proyecto
27/04/42026 se envia proyecto modificado.
A la espera del ok
14/07/2026 (Adriana) tras email de Ana con  OBRAS Y PROYECTOS ARIA indican que vaya preparando la documentación para la DR, tasas y demás.
“MARCAL HA ELEGIDO CONTRATA EXTERNA SIN AVISAR”

SE PASA A VISAR PROYECTO
15/07/2026 (Adriana) envio tasas y solicitud al administrador con copia al presidente de la comunidad.
A la espera del justificante de registro y la solicitud firmada para registrar la DR
23/07/2026 (Adriana) vuelvo a enviar correo al administrador y presidente por el tema de las tasas ya que tienen fecha de vencimiento e informo que cerramos por vacaciones y como muy tarde tienen que pagar la semana que viene
24/07/2026 (Adriana) CUANDO REGISTRE LA DR AVISAR A PROYECTOS ARIA maytesiller@obrasyproyectosaria.com
31/07/2026 (Adriana) registro la DR en el ayto y solicito la bonificación, aunque este tipo de obras no lo tiene.
Informo a todos los interesados de que ya pueden empezar las obras.
Pdt informen de la fecha de inicio",Proyecto incompleto: además del SATE quieren sustitución de agua limpia por el exterior. Modificación de las montantes por el exterior.,MADRID\1APROVINCIA\LEGANES\alcarria60\FICHA DATOS.docx
alcarria62,ok,E78386331,,,ADMINISTRACIONES FARO,,910134517,incidencias@administracionesfaro.com,CDAD,ANGEL FARELO ADMINISTRADOR,Daniel,por defecto: sin etiqueta = Daniel,,,12/12/2022,,,,,MADRID\1APROVINCIA\LEGANES\alcarria62\FICHA DATOS TECNICOS.docx
alcarria64,ok,,,,,,,,FAIN,OSCAR LOPEZ,Daniel,por defecto: sin etiqueta = Daniel,,,19/06/2023	Presenté un 3D adaptado de Algaba 27/06/2023. Lo han propuesto.,,,,,MADRID\1APROVINCIA\LEGANES\alcarria64\FICHA DATOS TECNICOS.docx
alcarria9,ok,H79799748,CALIXTO GOMEZ TORRES,,Administraciones Faro S.L. incidencias@administracionesfaro.com,ANGEL FARELO,615 25 46 85 / 910134517 (oficina),afarelo@aeafincas.es,CDAD,ANGEL FARELO ADMINISTRADOR,Daniel,por defecto: sin etiqueta = Daniel,,,12/12/2022,,,,,MADRID\1APROVINCIA\LEGANES\alcarria9\FICHA DATOS TECNICOS.docx
alheli2,ok,,,,MARCAL ASESORES,BEATRIZ MARTINEZ,,rgpd@marcalasesores.com,,,Alvaro,etiqueta de la ficha,,,,,,"---------- Forwarded message ---------
De: RGPD Marcal <rgpd@marcalasesores.com>
Date: mié, 28 ene 2026 a las 10:51
Subject: Solicitud de presupuesto
To: <accesalia@accesalia.es>, Oficina Accesalia <oficina.accesalia@gmail.com>


Buenos días,


Le solicito presupuesto de arquitecto para la consulta urbanística y viabilidad de instalación del ascensor en C.P. Alhelí, nº 2, Leganés.
Quedo a la espera de recibir dicho presupuesto.
Muchas gracias,
Un saludo.

BEATRIZ MARTINEZ
03-02-2026 HE CON VIABILIDAD ENVIADA A ALVARO",,MADRID\1APROVINCIA\LEGANES\alheli2\FICHA DATOS.docx
alheli6,ok,H79675518,ADOLFO BLOND ARREDONDO,05365244B,ADMINISTRACIÓN GOMEZ PEDIDOS DOCS CP 24/06,Susana Gómez Fernández,91 288 33 80,susana@administraciongomez.com,,,Daniel,por defecto: sin etiqueta = Daniel,,5445503VK3654N,,,,"28/03/2025 Recibida invitación para Reunión comercial Finca sin Ascensor miércoles 30 de abr de 2025
---------- Forwarded message ---------
De: Oscar Lopez Fernandez <oscar.lopez@fainascensores.com>
Date: jue, 12 jun 2025 a las 13:30
Subject: Re: [External] ALHELÍ 6 ACEPTACION PRESUPUESTO
To: Susana <susana@administraciongomez.com>, Gerencia Accesalia <gerencia.accesalia@gmail.com>, Oficina Accesalia <oficina.accesalia@gmail.com>, Daniel de Soto <danieldesoto@accesalia.es>


Hola Susana, buenos dias.

Te envio el presupuesto sin la partida de arquitectura que la vais a contratar directamente a Daniel.

El precio del proyecto son - euros más IVA que según me comentó Daniel os lo puede desglosar en 4 pagos.

La contratación de la subvención la tramita directamente con el.

Os pongo en copia porque así pueden comenzar con el proyecto según nuestro presupuesto.

Por favor remitirnos el presupuesto firmado cuanto antes.

Un saludo.

12-06-2025 HE ENVIADA
19-06-2025 he firmada
Al quitar el escalón de la puerta del portal recordar tener en cuenta que en lluvia no se cuele agua al portal
PRESUPUESTO: En caso de volver a imprimir agregar 1centimo al PC y al PC+IVA: PC: 166 879,55   PC+IVA: 183 567,51
25/08/2025 VISADO
13/01/2026 HABLO CON URBANISMO E INDICAN QUE LA CONSULTA ESTÁ EN EL DEPARTAMENTO TÉCNICO, LLAMAR EN DOS SEMANAS. EXP: 2025/71X/URB_CONS
17/02/2026 HABLO CON URBANISMO E INDICAN QUE LA CONSULTA ESTÁ EN EL DEPARTAMENTO TÉCNICO, LLAMAR EN DOS SEMANAS. EXP: 2025/71X/URB_CONS.
Informo a los interesdos
30/06/2026 (Adriana) hablo con el ayuntamiento y nos van a enviar un requerimiento técnico
13/07/2026 (Adriana) requerimiento recibido",,MADRID\1APROVINCIA\LEGANES\alheli6\FICHA DATOS.docx
alpujarras23,ok,,,,,,,"916 884 566 - 601 318 484 Rehabilitaciones Integrales Roen, S.L.U. www.roen.es C/ Paloma nº4, Local, Leganés 28911 Madrid oficina@roen.es",ROEN,,Daniel,por defecto: sin etiqueta = Daniel,,,"14/06/2023 Buenos días Daniel.

Según conversación telefónica, te adjunto datos para que me elabores presupuesto en firme para facilitarle a esta comunidad. Se trata de un edificio de 40 viviendas, en la Calle Alpujarras 23 de Leganés, y quieren realizar una obra de mejora de envolvente térmica del edificio.

Te paso las mediciones y presupuesto de ejecución material que les hemos dado como referencia. Recuerda que necesitaré el presupuesto entre hoy y mañana ya que mañana por la tarde es la reunión y querría presentarlo antes de que se celebre.

Gracias de antemano.
14/06/2023 enviado presupuesto",,,,,MADRID\1APROVINCIA\LEGANES\alpujarras23\FICHA DATOS TECNICOS.docx
alpujarras30,ok,,,,,,,,ROEN,,Daniel,por defecto: sin etiqueta = Daniel,,,09/10/2023 	SATE Y NEXT GEN. + PROGRAMA 5. NOS MANDAN UN EXCEL DE MEDICIONES PREVIAS. MONICA MANDA PRESUP,,,,,MADRID\1APROVINCIA\LEGANES\alpujarras30\FICHA DATOS TECNICOS.docx
alpujarras72,ok,,,,SUSANA GOMEZ,,,,CDAD,,Daniel,por defecto: sin etiqueta = Daniel,,,"08/02/2022 SATE
14/03/2022 sate + fv",,,,,MADRID\1APROVINCIA\LEGANES\alpujarras72\FICHA DATOS TECNICOS.docx
alpujarras76,sin ficha,,,,,,,,,,,,,,,,,,,
ampurdan10,ok,H79139945,OSCAR MONCO TORÉS,53457099Q,"Adser Administracion y Servicios, S.L.",Juan Jiménez NO ENCUENTRO NÚMERO COLEGIADO,620 87 51 15 91 688 40 99,juanjimenez@adser.es Lunes a jueves: de 9:00 a 14:00  y de 16:00 a 19:00 Viernes y horario de verano: de 8:00 a 15:00 (Horario de verano desde el 15 de junio al 15 de septiembre),Cdad prop,JOSE LUIS (a través de ROEN),Daniel,por defecto: sin etiqueta = Daniel,,5856803VX3655N,"14/06/2023 MANDAR HONORIOS A DAVID PROYECTON 687407931
~~04/07/2023 DAVID DE PROYECTO DICE QUE PREFIERE PROYECTO SOLO SIN PROGRAMA 5. QUEDA CON DANIEL EN XXXX + IVA POR EL PROYECTO, IEE, DO ETC~~~~.~~

09/04/2024 OJO, ACABAN DE ENCARGAR UN PROYECTO DE RAMPA A OTRO ESTUDIO.","04/07/2023 DAVID DE PROYECTO DICE QUE PREFIERE PROYECTO SOLO SIN PROGRAMA 5. QUEDA CON DANIEL EN XXXX + IVA POR EL PROYECTO, IEE, DO ETC · .",,,,MADRID\1APROVINCIA\LEGANES\ampurdan10\FICHA DATOS TECNICOS.docx
ampurdan12,ok,H78814696,MIGUEL ANGEL ALFARO BARRIGA,53039207B,AEA FINCAS,ANGEL FARELO,910134517 / 615 25 46 85,afarelo@aeafincas.es; contabilidad@administracionesfaro.com; leganes@aeafincas.es,CDAD,ANGEL FARELO ADMIN,Daniel,por defecto: sin etiqueta = Daniel,,5856804VK3655N,"12/12/22 PROYECTO Y TRAMITACION DE SUBVENCION (ayto Leganés, CAM y Next Generation), libro del edificio y CEE.

LA DIRECCION DE OBRA SE COBRARA A LA CONSTRUCTORA, POSIBLE ACUERDO CON NVR. Ojo a las cifras que tienen que aparecer en el presupuesto por Dirección de obra y por CSS.
31/05/2023
Hablará con Francisco Proyecton 672744357

29/02/2024 CONTRATAN CSS
Marzo 2024: Nos indican que la consulta urbanística para la parte de accesibilidad se puede obviar, y que se meta todo (envolvente y accesibilidad) como DR. Se registra el 03/04/2024

17/07/2024 se anula CEE con numero de registro 10/198743.9/23 para poder registrar un nuevo CEE y ubicado en D:\dropbox\Dropbox\accesalia Dropbox\D SM\Ascensores y rehabilitaciones\MADRID\1APROVINCIA\LEGANES\ampurdan12\2.PROYECTO\4.SUBVENCION\NEXT GENERATION\PROGRAMA 3\Requerimiento 2024-07-08\CEE TRAB\INICIAL
23/07/2024 llega aprobación de la consulta urbanística de accesibilidad, indicando que se meta por DR (ya estaba hecho). Se puede iniciar la obra.
05/11/2024 consulto en ayto y está pendiente de informe técnico
28-01-2025 LLAMO AL AYTO Y UN TÉCNICO ME CONFIRMA QUE PARA ESTA BAJADA A COTA CERO NO HACE FALTA CONSULTA URBANISTICA. INFORMO AL ADMON QUE PUEDE EMPEZAR LA OBRA DE BAJADA A COTA CERO
08/01/2026 ASCENSORES ALCALÁ – CONTRATA
10/02/2026 la parte de accesibilidad no ha terminado pero falta poco. Para subv hay que presentar CFO conjunto. Importante cumplir plazos!!
24/06/2026 SE PASA A VISAR CFO
06/07/2026 REGISTRO CFO EN EL AYTO","MARIA DEL PILAR CASTRO · CASTRO · FRANCISCO HINOJOSA GAHETE · 02038911F · Nuevo presi: Rosa Cerro · Mendez · DNI 44492459V (pero el que lleva el tema es el Yerno, daniel) Daniel (7C) 651 45 52 22. danielfink85@gmail.com · 616 28 05 24",,,,MADRID\1APROVINCIA\LEGANES\ampurdan12\FICHA DATOS TECNICOS.docx
ampurdan22,ok,,,,SM FINCAS,MONICA CIFUENTES,625 886 456,monica.cifuentes@smfincas.es,,,Alvaro,etiqueta de la ficha,,,,,,"08/01/2026 Nos mandan un presupuesto de la empresa Proleg que incluye también la tramitación de subvenciones. Quieren que les ayudemos a conseguir más presupuestos. El que mandan de proleg no contempla la bajada del portero automático ni una puerta nueva que cumpla normativa. Se le pide a Matedecon.
HE enviada 8/1/2026
He enviada 27/05/2026",,MADRID\1APROVINCIA\LEGANES\ampurdan22\FICHA DATOS.docx
ampurdan7,ok,H79705505,Sagrario Escribano Lopez,50270629N,,,,oficina@roen.es,,Jacinto Montoro,Daniel,por defecto: sin etiqueta = Daniel,,5955402VK3655N,"NOTAS PARA IEE:
-COMPARTE REFERENCIA CATASTRAL CON AMPURDAN 9
-En la cartografía descargable menciona una planta decima de viviendas que no existe (tiene 10 plantas, De planta baja a Novena) (el listado de inmuebles esta bien)
-Se estiman 38 viviendas. En realidad, hay 37 viviendas y media. Una vivienda esta entre el numero 7 y el 9 compartida. Pero la incluimos en nuestro bloque porque hay un buzón suyo en el portal
INSTRUCCIONES DE DANIEL:
PANEL SANDWICH EN CUBIERTA
NO PONER AISLAMIENTO EN CASETÓN
NO PONER AISLAMIENTO EN FRENTES DE FORJADO
PREGUNTAS ANDAMIOS Y DESCUELGUE
11/07/2024 José Luis Jiménez informa que hay que solicitar DR porque en septiembre quieren empezar las obras (ver correo)
30-05-2025 SOLICITAN CFO Y DETECTO ERRATA DEL IVA Y TOTAL DEL PPTO FIRMADO POR LA COMUNIDAD, ENVIO A ROEN PARA MODIFICAR Y QUE FIRMEN DE NUEVO CDAD Y ROEN. Sofia",jljimenez@roen.es · Jose Luis Jiménez · DATOS ADMINISTRADOR DE FINCAS · NOMBRE · MARCAL ASESORES · (CIF: B85050276) · DIRECCION · PERSONA DE CONTACTO · IVAN AGUADO · TELEFONO · 91 693 1 · 6 · 58 · ADMIN FINCAS EXT 2 · E-MAIL · iaguado@marcalasesores.com · Antonio Gallego · Martín · 53448225C · 669286421 · (Antonio gallego),,,,MADRID\1APROVINCIA\LEGANES\ampurdan7\FICHA DATOS TECNICOS.docx
ampurdan9,ok,,,,,,,,,ANGEL FARELO,Daniel,por defecto: sin etiqueta = Daniel,,,"14/06/2023 MANDAR A FARELO PRESUPUESTO
17/07/2026 A través de Oscar Monco, de Ampurdán 10 Leganés, nos escribe Isidoro La Vieja indicando que han hecho una obra de rehabilitación de envolvente térmica y que quieren vender los CAES. Nos pasa CEEs inicial y final. No hicieron el proyecto con nosotros.",,,,,MADRID\1APROVINCIA\LEGANES\ampurdan9\FICHA DATOS TECNICOS.docx
animas3,ok,H79664207,,53451373V,GABINETE 4 (pedidos docs 23/07/2024),,Tel. y Fax.: 91 689 80 82 Móvil: 629 13 82 31,(no vale) administracion@gabinete4.com,,ADMINISTRADOR GABINETE CUATRO,Daniel,por defecto: sin etiqueta = Daniel,,5145604VK3654N,"18/07/2024 SE MANDA HOJA DE ENCARGO PARA IEE SOLAMENTE de momento. Habrá que poner en la IEE que hace falta un ascensor.

Son 16 viviendas y 3 locales . El edificio es de 5 plantas.

Facilitamos teléfono de contacto de la comunidad:

Marcia 615 29 09 83

SE VA A ESCANEAR CON IPHONE PARA HACER UN 3D DE ACCESIBILIDAD. Ojo que hay uno antiguo ya en la carpeta datos / antiguo (revisar con Daniel).",gabinetecuatro@gmail.com,,,,MADRID\1APROVINCIA\LEGANES\animas3\FICHA DATOS TECNICOS.docx
aragon11,ok,H78418126,,16775165T,Mª JOSÉ HIPOLA MARUGÁN,Mª JOSÉ HIPOLA MARUGÁN,91-693.20.91    617429605,mariajose@hipola.es,CDAD,,Daniel,por defecto: sin etiqueta = Daniel,,4450601VK3645S,"30/03/2023 Ojo, lo están llevando con Renovae. Está preguntando Elecnor por ello.
19/12/2023 Nos van a mandar acta de la comunidad indicando que echan a Renovae para la gestión de las subvenciones. Cuando eso ocurra, que se encargue Sandra de averiguar en qué estado está la next generation. Tema fotovoltaica, si les van a dar el 80%, bien. Si no se lo van a dar, hay que renunciar, quitarlo e ir a por el 65%.
13/02/2024 en origen no estaba incluida la css pero Daniel dice que ha hablado con Hipola y que se incluye gratis.

Habrá que hacer en algún momento hoja de encargo con programa 5 de next generation y cobrar lo que falte de ahí.

24/09/2024 Se va a quitar la fotovoltaica.
~~Se les va a mandar una hoja de encargo para respaldar la petición de cambio de gestor de las subvenciones. Hay que añadir los importes del programa 5.~~~~Se prepara borrador, a la espera de visto bueno de jefes.~~

Están pendientes de remates en obra.

Se rehace hoja de encargo, poniendo solamente el cambio de agente tramitador. Nada de programa 5.

Renovae no ha contestado los requerimientos, pese a que decían que sí, y se ha denegado. El requerimiento de la next de marzo 2024 no está contestado.
Volveremos a presentarlo cuando se abra convocatoria.","FV · VICTORIANO BRAVO IÑIGO · Su hija Olga · (Victoriano) · ( · olga · ) · 680516413 / · kityolga@hotmail.com · Se les va a mandar una hoja de encargo para respaldar la petición de cambio de gestor de las subvenciones. Hay que añadir los importes del programa 5. · Se prepara borrador, a la espera de visto bueno de jefes.",,,,MADRID\1APROVINCIA\LEGANES\aragon11\FICHA DATOS TECNICOS.docx
aragon6,ok,,,,,,,,,,Daniel,por defecto: sin etiqueta = Daniel,,,,,,"24/02/2025 INCLUIR: ANDAMIOS, DF, CSS, SUBV (IEE, CEE, LIBRO) Y CAES. Enviada he
24/03/2025 piden modificar hoja de encargo sin incluir subvenciones. A contratar más adelante.",,MADRID\1APROVINCIA\LEGANES\aragon6\FICHA DATOS.docx
artica11,ok,,,,,,,,,PEDRO ARANDA   THYSSEN,Daniel,por defecto: sin etiqueta = Daniel,,,"Propiedad:
CIF:
Presidente:
DNI:

Código postal:
Referencia catastral:
Fachada:
PEM:	          residuos:",,,,,MADRID\1APROVINCIA\LEGANES\artica11\FICHA DE DATOS ACCESALIA.docx
artico4,ok,H79727939,,,,,,patricia@proyectostecnicos.com,,NACHO FAIN,Daniel,por defecto: sin etiqueta = Daniel,,,"Propiedad:	CO ARTICO 4
CIF:	H79727939
Presidente:
DNI:

Código postal:	28912
Referencia catastral: 5346501VK3654N
Fachada: 40,15
PEM:  35.000	          residuos: 300
SUPERFICIE 28,90


N DE CUENTA ES11 0081 5206 95 0001056709
ARQUITECTO LOCAL: FELIPE CASTELLANOS Y PATRICIA 916948280    629250348
patricia@proyectostecnicos.com

SERGIO AHORRAMAS 629 860 636


LPO

El mié, 12 nov 2025 a las 11:09, <admifincas@grupoem.info> escribió:

Buenos días

Como actuales Administradores de C/ Artico 4, de Leganés.

Ustedes instalaron el ascensor hace algún tiempo, se gestionó la subvención
del Ayuntamiento de Leganés, se les concedio pero solo han cobrado el 1º 50%
de la misma. El Ayuntamiento ha tenido el tema de las subvenciones para dos
estos dos últimos años, ahora han cubierto plazas, lo han vuelto a retomar y
nos solicitan una serie de documentación para justificar la obra del
ascensor y conceder ese segundo pago.

Adjunto el listado de documentación que nos solicitan para poder adjuntarlo
en el Ayuntamiento lo antes posible.

1.- Nº Expte: 000064/2019-125SURB (2024/23T/URB_SUBCSAP) CP C/ÁRTICO, 4.
ASCENSOR


*   Licencia de Primera Ocupación: Fain Ascensores

*   Liquidación detallada por partidas visados por el Colegio: Fain
Ascensores

*   Libro del Edificio: Fain ascensores

*   Facturas de las obras realizadas: Fain Ascensores

*   Documentación fotográfica de las obras realizadas: Fain ascensores

*   Certificados de las instalaciones emitidos por instaladores
autorizados que hayan sido objeto de subvención: Fain ascensores

*   Documentación bancaria acreditativa del pago efectuado, mediante
transferencia o cualquier otro medio de pago siempre efectuado a través de
entidad financiera: Fain Ascensores

*   Cumplimentar Memoria y Cuenta Justificativa

*   Declaración Responsable: Certificado Final y Percepción de otras
ayudas: Fain Ascensores

*   Relación de gastos y pagos

*   Acreditación de la Representación

*   Comunicación de datos bancarios (Modelo 950) y certificado de
titularidad todo ello una vez obtenidos los requisitos técnicos incluida la
Licencia de Primera Ocupación

*   Certificado Designación de Presidente, Administrador y /o Secretario
de la Comunidad de Propietarios una vez obtenidos los requisitos técnicos
incluida la Licencia de Primera Ocupación


Quedo a la espera de que me remitáis la documentación para poder
seguir adelante con la subvención del Ayuntamiento.

Muchas gracias por su colaboración.

Un saludo.

12/11/2025 FACTURAS ENVIADAS FPOR FAIN PARA TRAMITAR LA LPO C:\accesalia Dropbox\D SM\Ascensores y rehabilitaciones\MADRID\1APROVINCIA\LEGANES\artico4\OBRA\SUBVENCION\enviado de fain a la cp para LPO

24/11/2025 HE para LPO enviada  (documentación , libro del edificio)

18/12/2025 Piden que les enviemos la documentación para subvención, todavía no han pagado la HE que envió Alejandra",,,,,MADRID\1APROVINCIA\LEGANES\artico4\FICHA DE DATOS ACCESALIA.docx
avangeles6,ok,,,,,,,,,,Daniel,etiqueta de la ficha,,,,,,11-02-2026 HE SUBV ENVIADA,,MADRID\1APROVINCIA\LEGANES\avangeles6\FICHA DATOS.docx
avdelamancha15,ok,H79653473,CARMEN CRESPO SANZ,00255059N,MARCAL ASESORES,MARIAM JEBARI,916 93 16 58,mariam.jebari@marcalasesores.com; Rgpd@marcalasesores.com,,,Daniel,por defecto: sin etiqueta = Daniel,,5649205VK3654N,,,,"11/02/2025 NOS ENVIA MEDICIONES Y PIDE PRESUPUESTO
20/02/2025 Encargo incluye:
Diseño de fachadas, 2 estilos a elegir
Plan de montaje y desmontaje de medios auxiliares (andamios)
Subvenciones, IEE, CEE, libro del edificio
DF
CSS

15/04/2026 ROEN informa: “esta obra no la tenemos en ejecucion “
16/04/2026 Roen indica el motivo por el cual no ha empezado la obra:

“hemos hablado con la comunidad para dar inicio en el verano teniendo en cuenta que esta primera parte del año no estamos dedicando a las obras de nex generaion  y no contamos con mas personal para realizar nuevas aperturas, en cuanto vayamos a dar inicio a la obra os lo comunicaremos”
21/07/2026
de:
Oficina Rehabilitaciones Roen <oficina@roen.es>

responder a:
oficina@roen.es
para:
Oficina Accesalia <oficina.accesalia@gmail.com>
fecha:
21 jul 2026, 10:05

“aun no hemos iniciado esta obra, en cuanto tengamos una fecha os lo haremos saber”","24/04/2025 se quita el núcleo de escaleras del certificado, por recomendación del departamento de subvenciones, para que el certificado cumpla
Sin embargo, se deja una copia del certificado con el núcleo de la escalera en una carpeta aparte para CAES",MADRID\1APROVINCIA\LEGANES\avdelamancha15\FICHA DATOS.docx
avdelamancha18,ok,H79909834,CRISTINA CALVO SIERRA,50994620D,ROYMAR,Rubén Pascual,91 690 68 79,tramites@gruporoymar.es,,,Daniel,etiqueta de la ficha,,5748401VK3644N,,Jose Luis · Jose Luis Jiménez · jljimenez@roen.es,,"07-05-2025 MONICA ENVÍA HOJA DE ENCARGO SATE
28/07/2025 HE RECIBIDA FIRMADA. La obra la tienen supeditada a la concesión de una subvención que llegará más delante de una obra de ascensor que hicieron por otro lado. Nos avisarán cuando haya que ponerlo en marcha.
2/12/2025 Alejandra: Le he preguntado a ROEN Y ME HA REDIRIGIDO CON LA ADMINISTRACION DE FINCAS
---------- Forwarded message ---------
De: Tramites Roymar <tramites@gruporoymar.es>
Date: mar, 2 dic 2025 a las 9:16
Subject: RE: AVENIDA DE LA MANCHA Nº18 LEGANES
To: Alejandra Pérez aperez.accesalia@gmail.com

Buenos días.

De momento sigue parado el asunto, esperamos que en próximas fechas se adopte una decisión al respecto para su reactivación.
Un saludo,

11/03/2026: se aprueba según administración poner el marcha el proyecto . INCLUIR EN EL PROYECTO “el panelado con sándwich en las terrazas de las cocinas y la instalación de vallado con puertas en los patios laterales exteriores”.


16-03-2026 SE ESTÁ ESCANEANDO PARA PREPARAR PROYECTO
---------- Forwarded message ---------
De: Toni Cañellas <toni@tonicanellas.com>
Date: lun, 6 abr 2026 a las 11:28
Subject: PLANOS AV. MANCHA 18, LEGANÉS
To: oficina.accesalia@gmail.com <oficina.accesalia@gmail.com>
Cc: Ana Arévalo <a.arevalobato@gmail.com>


Buenos días,

Mi nombre es Toni Cañellas y su contacto me lo facilitó Christian de la empresa Roen Rehabilitaciones.

Soy arquitecto y estoy realizando un proyecto de cambio de uso de un local a vivienda en la planta baja del edificio de Avenida de la Mancha 18, Leganés. Tenemos constancia de que están realizando el proyecto de cambio/rehabilitación de fachadas y que éste afectará a la planta baja. Por cumplimiento de normativa y cambio de los huecos y la fachada de planta baja, es necesario coordinar ambas actuaciones para su correcta ejecución. Es por ello por lo que les solicitaría si me podrían facilitar el proyecto de intervención en dicho edificio. O por lo menos, los planos de alzados del edificio y una sección donde se describa la intervención a realizar.

Un saludo y gracias de antemano,

---------- Forwarded message ---------
De: Oficina Accesalia <oficina.accesalia@gmail.com>
Date: mié, 8 abr 2026 a las 15:37
Subject: Re: PLANOS AV. MANCHA 18, LEGANÉS
To: Toni Cañellas <toni@tonicanellas.com>
Cc: Ana Arévalo <a.arevalobato@gmail.com>


Buenos días Toni, gracias por contactarnos:
Te informo de que en estos momentos estamos ejecutando el proyecto y todavía no lo hemos finalizado. Nos sería de gran ayuda que nos indicases la ubicación de los huecos de vuestra intervención, así como las características del cerramiento previsto, ya que podríamos incorporar desde el inicio el aislamiento exterior a vuestro proyecto.
En caso de no disponer de vuestros alzados, tendríamos que adaptarnos exclusivamente a la situación actual.
Un saludo
Alejandra Pérez
De: Toni Cañellas <toni@tonicanellas.com>
Date: mar, 12 may 2026 a las 9:35
Subject: Re: PLANOS AV. MANCHA 18, LEGANÉS
To: Oficina Accesalia <oficina.accesalia@gmail.com>
Cc: Ana Arévalo <a.arevalobato@gmail.com>


Buenos días,
les vuelvo a contactar para remitirles la disposición de los nuevos huecos que se van a ejecutar en el local de la esquina nordeste del edificio sito en Avenida de La Mancha 18 de Leganés en el que estáis realzando el proyecto de incorporación de SATE para que así lo podáis ajustar debidamente.

Si necesitáis alguna cuestión adicional, no dudéis en poneros en contacto con nosotros,

Gracias y un saludo


C:\accesalia Dropbox\D SM\Ascensores y rehabilitaciones\MADRID\1APROVINCIA\LEGANES\avdelamancha18\2.PROYECTO\TENER EN CUENTA PARA EL PROYECTO
22/06/2026 Recibido presupuesto firmado de ROEN
08/07/2026 (Adriana) envío proyecto terminado a los interesados.
A la espera del ok para tramitar la licencia
09/07/2026 (Adriana) el administrador da ok al proyecto.
Paso a visar el proyecto y solicito documentación para las tasas y formulario
14/07/2026 (Adriana) envío proyecto al arquitecto que está con el bajo.

El arquitecto del bajo indica que no se ha ajustado el proyecto a las anotaciones indicadas en el mes de mayo.
Solicito a Alexandra que ajuste el técnico el proyecto según indicaciones de la ficha de datos

PONER EN COPIA EN TODOS LOS CORREOS AL ARQUITECTO toni@tonicanellas.com EMPIEZAN LAS OBRAS DEL BAJO LA SEMANA DEL 20/07
03/09/2026 (Adriana) envío proyecto visado y tasas generadas.
A la espera de que devuelvan la documentación para poder registrar la DR",,MADRID\1APROVINCIA\LEGANES\avdelamancha18\FICHA DATOS.docx
avdelamancha44,ok,,,,,,,jjserrano@gmail.com,,,Carlos,etiqueta de la ficha,,,,,,,,MADRID\1APROVINCIA\LEGANES\avdelamancha44\FICHA DATOS.docx
avdrfleming14,ok,H79738951,Juan Manuel Gallego Fernandez,70710717T,Adm Vidal Rubio Fernandez.,,639106785,vidalrubio@administracionfincasleganes.com,,,Carlos,etiqueta de la ficha,,5343706VK3654S,,,,"20/01/2026 ALEX: para el técnico que elabora el proyecto tomar en cuenta lo siguiente, el presidente indica que se van a forrar todos los cerramientos de fachadas en las TERRAZAS CERRADAS con un sate de 4, indica además que aparece en el presupuesto, confirmar información sin antes hacer nada.
03/03/2026 Envío proyecto terminado al administrador, roen y Carlos.
A la espera de su ok para seguir con las tramitaciones
20/03/2026 SE ENVÍA PROYECTO MODIFICADO A TODOS LOS INTERESADOS, APARTE SE LO CONFIRMO POR TELÉFONO AL PRESIDENTE DE LA COMUNIDAD
24/03/2026 confirman que el proyecto ok, gestiono las tasas y la solicitud de dr para que firmen y paguen – SE PASA A VISAR PROYECTO
SE AGREGA modificación de tabla de área para prevenir requerimiento de COAM
13/04/2026 SE ENVÍA A LOS INTERESADOS EL PROYECTO VISADO.

PNDT DE QUE ENVIEN SOLICITUD FIRMADA Y JUSTIFICANTES DE PAGO PARA REGISTRAR LA DR
14/04/2026 se registra DR, se informa a todos los interesados que ya pueden empezar la obra, aunque Juan Manuel indicó que hasta septiembre no empezarían.
También se le avisa a ROEN",,MADRID\1APROVINCIA\LEGANES\avdrfleming14\FICHA DATOS.docx
avdrfleming30,ok,,,,,,,,CDAD PROP,JOSE LUIS ROEN,Daniel,por defecto: sin etiqueta = Daniel,,,,,,,,MADRID\1APROVINCIA\LEGANES\avdrfleming30\FICHA DATOS TECNICOS.docx
avdrfleming32,ok,E28955706,RAFAEL RUBIO CORDERO,08704544X,MARCAL ASESORES,MAR MENENDEZ,,proveedores@marcalasesores.com,CDAD PROP,JOSE LUIS DE ROEN,Daniel,por defecto: sin etiqueta = Daniel,,5142911VK3654S,"---------- Forwarded message ---------
De: Oficina Accesalia <oficina.accesalia@gmail.com>
Date: jue, 7 may 2026 a las 16:26
Subject: Re: SOLICITUD ESTADO DE DOCUMENTACION DE AV/DOCTOR FLEMING Nº32 LEGANES
To: <oficina@roen.es>
Cc: daniel de soto <danieldesotoarquitecto@gmail.com>, Gerencia Accesalia <gerencia.accesalia@gmail.com>

Buenas tardes.

Después de conversar con Daniel. Se aceptará la Hoja de Encargo y se le dará trámite con fecha 06/05/2026, que es el día que la hemos recibido firmada, siempre y cuando nos confirmen que realmente desean que continuemos con la elaboración del proyecto, y la Comunidad de Propietarios confirmen el cargo en cuenta de los honorarios establecidos, en los plazos pautados. Es decir, será gestionada dentro de los plazos establecidos a partir de esta fecha. En cuanto haya avances, se los estaremos comunicando oportunamente. Tomando en cuenta que se mantendrán las condiciones económicas del presupuesto presentado en 05/2024.

En espera de la confirmación.

Por favor me indican la persona de contacto en ROEN.

Un cordial saludo,

María Alexandra Oliveira

31/07/2026 (Adriana) envio proyecto terminado a todos los interesados.
A la espera de que nos den ok al proyecto
18/08/2026 (Adriana) ok proyecto por parte de la comunidad, pdt ok ROEN (según indica la comunidad en email)(no tramito las tasas hasta ok roen)
24/08/2026 (Adriana) hablo con Cristian de Roen ya que recibo la tasa de la DR pagada del mes de mayo´26
Resulta que me cuenta que para que la comunidad viera que se está gestionando el proyecto, ellos han tramitado la DR.
Le he pedido que me enviara el justificante de registro de la DR
02/09/2026 (Adriana) vuelvo a solicitar el justificante de registro de la DR a ROEN
11/09/2026 (Adriana) vuelvo a solicitar el justificante de registro de la DR a ROEN
Y paso a visar proyecto (han dado el ok)
17/09/2026 (Adriana) vuelvo en solicitar el justificante de registro de la DR a ROEN.

Envío proyecto visado
29-09-26 HE CSS enviada
30-09-26 HE  CSS recibida",,,,,MADRID\1APROVINCIA\LEGANES\avdrfleming32\FICHA DATOS TECNICOS.docx
avdrmartinveguejaudenes22,ok,H79170387,Jesús Tajuelo Díaz-Meco,06188712X,Administración Gómez,Silvia Gómez Fernández,912883380,silvia@administraciongomez.com; susana@administraciongomez.com,FAIN,OSCAR LÓPEZ,Daniel,por defecto: sin etiqueta = Daniel,,5546501VK3654N,INICIO OBRA 05/05/2022,,,,,MADRID\1APROVINCIA\LEGANES\avdrmartinveguejaudenes22\FICHA DATOS TECNICOS.docx
avdrmartinveguejaudenes26,ok,,,,,,,,FAIN,MIGUEL PASTOR,Daniel,por defecto: sin etiqueta = Daniel,,5546502VK3654N,16/11/2023 Avisar a Oscar Lopez para que las mire.,,,,,MADRID\1APROVINCIA\LEGANES\avdrmartinveguejaudenes26\FICHA DATOS TECNICOS.docx
avdrmartinveguejaudenes31,ok,,,,,,,,FAIN,OSCAR LOPEZ,Daniel,por defecto: sin etiqueta = Daniel,,,05/10/2023 ASCENSOR,,,,,MADRID\1APROVINCIA\LEGANES\avdrmartinveguejaudenes31\FICHA DATOS TECNICOS.docx
avdrmartinveguejaudenes33-35-37,ok,H78557071,,,Rafael Leborán Alberca,,Tlfnos.:   91 295 29 33 / 91 695 43 14,rafael.leboran@cafmadrid.es,URVALL,,Daniel,por defecto: sin etiqueta = Daniel,,5647102VK3654N,"Está solicitada una licencia de calas, concedida el 18/11/2021",,,,,MADRID\1APROVINCIA\LEGANES\avdrmartinveguejaudenes33-35-37\FICHA DATOS TECNICOS.docx
avdrmediguchiacarriche25,ok,,,,,,,,FAIN,OSCAR LOPEZ,Daniel,por defecto: sin etiqueta = Daniel,,,05/09/2023	 PRESENTACIÓN CON 3D IGUAL AL 27 DE AL LADO.,,,,,MADRID\1APROVINCIA\LEGANES\avdrmediguchiacarriche25\FICHA DATOS TECNICOS.docx
avdrmendiguchiacarriche11,ok,,,,,,,,FAIN,JUAN ANTONIO ALVAREZ NOVILLO,Daniel,por defecto: sin etiqueta = Daniel,,,20/03/2023 DANIEL FUE A VISITAR SOLUCION Y SE LA PASÓ POR CORREO A JUAN ANTONIO,,,,,MADRID\1APROVINCIA\LEGANES\avdrmendiguchiacarriche11\FICHA DATOS TECNICOS.docx
avdrmendiguchiacarriche25,ok,,,,,,,,FAIN,OSCAR LOPEZ,Daniel,por defecto: sin etiqueta = Daniel,,4451302VK3645S,,,,,,MADRID\1APROVINCIA\LEGANES\avdrmendiguchiacarriche25\FICHA DATOS TECNICOS.docx
avdrmendiguchiacarriche27,ok,H28589315,NOELIA MARTINEZ NAVEA,53420000Q,,VIDAL RUBIO,639106785 – 912772741,vidalrubio@administracionfincasleganes.com,FAIN,OSCAR LOPEZ,Daniel,por defecto: sin etiqueta = Daniel,Noelia Martín (aparejadora),4451301VK3645S,"Noelia Martín no acepta 1 m justificándolo (de radio para acceder al ascensor). Tiene que ser 1.20 m. Habrá que poner un ascensor más pequeño. Conversación tlf con Daniel el 01/03/2022
Licencia llega el 16/09/22. Inicio de obra con arquitecto municipal el 19/09, lo tiene que firmar Victor Esquinas como jefe de obra, porque no se ha organizado con tiempo.
20/09/22 se envía proyecto refundido
28/10/22 Subvención con participación comercial de Oscar",,,,,MADRID\1APROVINCIA\LEGANES\avdrmendiguchiacarriche27\FICHA DATOS TECNICOS.docx
avdrmendiguchiacarriche29,ok,,,,,,,,FAIN,OSCAR LOPEZ,Daniel,por defecto: sin etiqueta = Daniel,,,"27/03/2023 QUIEREN UN 3D PARA EL 14/04
14/04/2023 PRESENTADO 3D DE JOHN",,,,,MADRID\1APROVINCIA\LEGANES\avdrmendiguchiacarriche29\FICHA DATOS TECNICOS.docx
avdrmendiguchiacarriche38,ok,E78418100,MICAELA SANCHEZ OLMO,52094347Z,SERITEIDE,Florencio Guijo Garcia,91.137.75.70 / 646 20 80 16,administracion@seriteide.com,,RAUL GARCIA FAIN,Daniel,por defecto: sin etiqueta = Daniel,,4452201VK3645S,"16/11/2023 Avisar a Oscar para que las mire.
13-03-2026 HE RECIBIDA FIRMADA,
VAMOS A ACEPTARLA A PESAR DE QUE SEA DE 2023
20/05/2026 envio proyecto terminado a los interesados.
Pdt ok para tramitar la licencia o dr
29/06/2026 (Adriana) vuelvo a reclamar al administrador el ok del proyecto y la documentación para tramitar la licencia
01/07/2026 Envío el proyecto a Raúl García para que revisen presupuesto firmado de FAIN de 2023 que acabamos de recibir ahora, una vez hecho el proyecto.
23/07/2026 Nos mandan presupuesto actualizado de FAIN. Le mando al administrador una terna de presupuestos actuales, siendo FAIN el más favorable. Recuerdo condiciones para presentarse a subv.
25/08/2026 se envia correo recordatorio
22/09/2026 (Adriana) vuelvo a solicitar la documentación al administrador
23/09/2026 (Adriana) envío las tasas para que gestionen el pago. Paso a visar el proyecto
29/09/2026 registro la licencia de obra y la bonificación. Envío los justificantes a los interesados y el proyecto visado",DAVID CAMARA · fain · OSCAR LOPEZ,,,,MADRID\1APROVINCIA\LEGANES\avdrmendiguchiacarriche38\FICHA DATOS TECNICOS.docx
aveuniversidad22,ok,,PILAR TORIBIO,,ADMINISTRACION GOMEZ,patricia,912883380/606694699,patricia@administraciongomez.com,,,Daniel,etiqueta de la ficha,,,,,,"--------- Forwarded message ---------
De: <patricia@administraciongomez.com>
Date: lun, 16 jun 2025 a las 9:34
Subject: [External] AV UNIVERSIDAD Nº22
To: <oscar.lopez@fainascensores.com>
Cc: Silvia <silvia@administraciongomez.com>


Buenos días Óscar,  hace unos meses tuvieron reunión en Av. Universidad nº22 de Leganés, y quieren ver si es viable poner ascensor.

Te dejo datos de presidenta para que podáis verlo.



696 23 98 24 PILAR TORIBIO
---------- Forwarded message ---------
De: Oscar Lopez Fernandez <oscar.lopez@fainascensores.com>
Date: lun, 16 jun 2025 a las 14:29
Subject: Fwd: [External] AV UNIVERSIDAD Nº22
To: Patricia <patricia@administraciongomez.com>, Daniel de Soto <danieldesoto@accesalia.es>, Gerencia Accesalia <gerencia.accesalia@gmail.com>, silvia <silvia@administraciongomez.com>


Hola Patricia buenos dias.
Pongo en copia a Daniel de Soto para que os pueda hacer un pequeño estudio y pueda valorar la instalación.
Un saludo
DANIEL: Ascensor con derribo de escalera y derribo de fachada sin invasión de local pero quedándonos en el borde del límite. Se modifica la escalera para dar lugar a un ascensor de dos personas. En caso de que se quisiese un ascensor mayor habría que invadir un poquito el local y el patio de manzana se colocará un ascensor de cinco paradas, embarque simple para dos personas.
20-06-2025 HE ENVIADA",,MADRID\1APROVINCIA\LEGANES\aveuniversidad22\FICHA DATOS.docx
avfuenlabrada109,ok,,,,MARCAL ASESORES – OFICINA LEGANES CENTRO,IVAN AGUADO,91 693 16 58,iaguado@marcalasesores.com,,,Daniel,por defecto: sin etiqueta = Daniel,,,,,,"09/04/2025 QUIEREN ASCENSOR POR LA PARTE DELANTERA. IRA JL
29/04/2025 Enviado informe de viabilidad y he + subv",,MADRID\1APROVINCIA\LEGANES\avfuenlabrada109\FICHA DATOS.docx
avfuenlabrada17,ok,,JOSE CARDONA,,,,,silvia@administraciongomez.com,NACHO FAIN,Silvia Gómez Susana,Daniel,por defecto: sin etiqueta = Daniel,,,hueco ascensor: 1200 x 1770,,,,,MADRID\1APROVINCIA\LEGANES\avfuenlabrada17\FICHA DE DATOS ACCESALIA.docx
avfuenlabrada18,ok,,,,,,,,,PEDRO ARANDA THYSSEN,Daniel,por defecto: sin etiqueta = Daniel,,,"Propiedad:
CIF:
Presidente:
DNI:

Código postal:
Referencia catastral:
Fachada:
PEM:	residuos:
SUPEFICIES
AMBITO ORDENACION
DISTRITO",,,,,MADRID\1APROVINCIA\LEGANES\avfuenlabrada18\FICHA DE DATOS ACCESALIA.docx
avfuenlabrada92,ok,E78329752,,,"ANTEGALIA, S.L.",,,esther@antegalia.es,,Sergio Godino FAIN,Daniel,por defecto: sin etiqueta = Daniel,,,"Propiedad: CDAD PROP AV FUENLABRADA 92 LEGANES
CIF: E78329752
~~Presidente:~~~~LUIS PEREZ DEL CAMPO~~
~~DNI:~~~~52093588Z~~
~~LUIS PÉREZ 635 459 857~~
~~luisperezemail@gmail.com~~

Código postal:	28911
Referencia catastral:   4942702VK3644S
Fachada:
PEM: 98.738,10 €          residuos:

Expediente 101/2021 LUO




Jefe de obra: juan Luis ruiz de mier
juanluis.ruizdemier@fainascensores.com


TL-004005-2024 (CERTIFICADO MODIFICACIONES)",Presidente: · LUIS PEREZ DEL CAMPO · DNI: · 52093588Z · LUIS PÉREZ 635 459 857 · luisperezemail@gmail.com,,,,MADRID\1APROVINCIA\LEGANES\avfuenlabrada92\FICHA DE DATOS ACCESALIA.docx
avportugal23,ok,H80448251,,,ADMINISTRACION DIEZ MORA,BELEN,916871750,fincas@administraciondiezmora.es,,,Daniel,por defecto: sin etiqueta = Daniel,,7058417VK3675N,,DAVID CAMARA · FAIN,,"13/02/2025 ASCENSOR EN UN GARAJE. AGENDADO 20/02 CON DAVID CAMARA. Visitado y escaneado
20/05/2026 adminitracion solicita presupuesto y visita a garaje. Subo escaneo de garaje a Dropbox
24/08/2026 Riesgo de incidencia técnica (Ascensor garaje / Ventilación sótanos) Incidencia conversada con Daniel e informada a María Alexandra (email). La solución de ascensor en garaje contratada y confirmada con Álvaro (Comercial) invade la ventilación de sótanos (riesgo de requerimiento). Según lo acordado con Daniel, se prosigue con el diseño del proyecto.",,MADRID\1APROVINCIA\LEGANES\avportugal23\FICHA DATOS.docx
avreyjuancarlosI72-74,ok,,,,Marcal Asesores,TOÑI CARDENAS,,tonicardenas@marcalasesores.com,,,Daniel,etiqueta de la ficha,,,Marcal Asesores,,Marcal Asesores,"El mié, 21 ene 2026 a las 9:00, Toñi Cardenas (<tonicardenas@marcalasesores.com>) escribió:


Buenos dias:

Como administradores de la Comunidad de Propietarios Juan Carlos I nº 72 y 74, nos ponemos en contacto con ustedes para solicitar un presupuesto  para el cambio de los ascensores existentes por otros nuevos en la finca.

Asimismo, les agradeceríamos que nos informaran sobre la posible existencia de subvenciones o ayudas públicas para este tipo de actuaciones, indicando, en la medida de lo posible:

Si el cambio de ascensores es susceptible de subvención.

Qué tipo de ayudas podrían solicitarse. En qué fechas  se pueden solicitar dichas subvenciones y cuando se prevén convocatoria.

Los ascensores están aprobados y se están realizando .
Esta información la necesitamos para poder convocar y celebrar una junta de propietarios prevista para el mes de febrero.

Quedamos a la espera de su respuesta


--
TOÑI CARDENAS
Daniel: Adaptación de ascensor existente para acceso a cota cero mediante modificación del foso, reconfiguración del último tramo de escalera, eliminación de desnivel de entrada con ejecución de rampa y ajuste de cotas de escalera en planta baja., presupuesto de obra apox 85.800 iva incluido , este presupuesto de obra es tuneando un poco lo que ya está, si quieren ampliar la cabina el costo de obra aumenta en 30mil +, el proyecto se mantendría igual
28-01-2026 HE CON INFORME ENVIADOS",,MADRID\1APROVINCIA\LEGANES\avreyjuancarlosI72-74\FICHA DATOS.docx
avreyjuancarlosi33,ok,,,,Alfredo Armenteros,,,alfredo_armenteros@hotmail.com,,ALFREDO ARMENTEROS,Daniel,por defecto: sin etiqueta = Daniel,,,"Presupuesto para edificio de la avd Rey Juan Carlos I n33
Recibidos

Alfredo Armenteros <alfredo_armenteros@hotmail.com>
Adjuntos
10 ene 2025, 14:02 (hace 5 días)
para mí


Buenos días Daniel. Necesitaríamos todo lo que engloba una obra total de fachada con SATE y cubierta. Te paso una foto de todo lo que necesitamos.
No sé si ya es muy tarde, pero el martes 14 tenemos la junta de vecinos a las 20:00 de la tarde. ¿Podrías hacernos este presupuesto antes de esa hora?
Bueno si puedes te lo agradeceríamos.
Este es mi correo. Un Saludo y muchísimas gracias.
16510020574000


10/01/2025 Se envía hoja de encargo que incluye CAES
20/03/2025 Nos confirma que no ha salido. Lo ha hecho ya varias veces, ojo y n presupuestarle mas.",,,,,MADRID\1APROVINCIA\LEGANES\avreyjuancarlosi33\FICHA DATOS TECNICOS.docx
baleares10,ok,,,,,,,,,,Daniel,por defecto: sin etiqueta = Daniel,,,,,,,,MADRID\1APROVINCIA\LEGANES\baleares10\FICHA DATOS TECNICOS.docx
baleares4,ok,,,,MARIA JOSE HIPOLA MARUGAN,MARIA JOSE HIPOLA,91-693.20.91,mariajose@hipola.es,,,Daniel,por defecto: sin etiqueta = Daniel,,,,,,"08/04/2025 IGUAL QUE MALLORCA 12 LEGANES, PERO ACERA UN POCO MÁS ESTRECHA. IR A VERLO Y VIABILIDAD Y COSTES. NO ES DE INICIO INMEDIATO.
24/04/2025 enviado informe de viabilidad y he + subv.",,MADRID\1APROVINCIA\LEGANES\baleares4\FICHA DATOS.docx
baleares6,sin ficha,,,,,,,,,,,,,,,,,,,
baleares8,ok,E78213519,ENRIQUE SOLA DIAZ,53719724G,VIDAL RUBIO ADMINISTRADOR DE FINCAS,,639106785 - 912772741,vidalrubio@administracionfincasleganes.com,FAIN,OSCAR LOPEZ - FAIN,Daniel,por defecto: sin etiqueta = Daniel,,4251102VK3645S,"26/01/2024 Oscar lopez: ascensor va por las despensas!
Hablado con oscar lopez que el hueco sin estructura tiene que ser 160x160cm
La rampa hemos mentido con la pendiente y las alturas a ver si cuela y no tenemos que poner plataforma elevadora.
12/11/2025 envio tasas para pagar y solicitud licencia para firmar
17/02/2026 HABLO CON URBANISMO Y ME INDICAN QUE TODAVIA NO HAN TOCADO EL EXPEDIENTE, QUE ESTÁN CON LOS EXPEDIENTES DEL MES DE OCTUBRE.
Informo a los interesados
16/04/2026 llega notificación de aprobación de la consulta urbanística, informo a todos los interesados.
Aparte solicito por registro que agilicen la tramitación de la licencia
30/06/2026 (Adriana) hablo con el ayuntamiento y nos van a enviar un requerimiento técnico
21/05/2026 (Adriana) llega req, solicito al administrador la documentación que pide el ayto.",,,,,MADRID\1APROVINCIA\LEGANES\baleares8\FICHA DATOS TECNICOS.docx
barrionuevo6,ok,H79871018,CRISTINA MORALES SORIANO,53422564G,MARCAL LEGANES,CINTIA DOMINGUEZ,91 693 16 58,rgpd@marcalasesores.com,,CINTIA MARCAL,Daniel,por defecto: sin etiqueta = Daniel,,4748604VK3644N,"Diciembre 2016: Se vio con Felipe Osado y Juan Luis.
Julio 2024: hoja de encargo aceptada. Ojo, solamente hay que hacer la documentación para la CONSULTA PREVIA DE LEGANES.
29-08-2024 ENVIO TASA DE CONSULTA URB A CDAD PARA QUE PAGUEN Y FORMULARIO PARA QUE LO FIRMEN. ME REBOTAN QUE ESTÁN DE VACACIONES HASTA SEPTIEMBRE. RECORDARÉ EN SEPTIEMBRE
27-05-2025 LLAMO AL AYTO A PREGUNTAR ESTADO CONSULTA URB Y ME DICEN QUE VAN A ENVIAR RQ PARA CAMBIAR COSAS.
13/01/2026 HABLO CON URBANISMO E INDICAN QUE LA CONSULTA ESTÁ EN EL DEPARTAMENTO TÉCNICO, LLAMAR EN DOS SEMANAS. EXP: 2024/88L/URB_CONS
17/02/2026 HABLO CON URBANISMO E INDICAN QUE LA CONSULTA ES FAVORABLE, QUE TENEMOS QUE ESPERAR A QUE NOS LLEGUE LA NOTIFICACIÓN (más o menos 2 semanas) informo a los interesados
25/02/2026 llega notificación favorable de la consulta urbanística.
Informo a los interesados y si quieren continuar con los trámites para la licencia
28/05/2026 (adriana) vuelvo a preguntar al administrador si quieren continuar con la licencia (con sus respectivos honorarios)
21/07/2026 (Adriana) vuelvo a preguntar al administrador si quieren continuar con la licencia",cintiadominguez@marcalasesores.com · ;,,,,MADRID\1APROVINCIA\LEGANES\barrionuevo6\FICHA DATOS TECNICOS.docx
batalladebrunete12,ok,,,,Cristobal y Villalba,Pilar González Pequeño.,91 688 59 42 •  717 06 55 32 / 637755886 (personal),pilar@cristobalyvillalba.com El administrador es José Antonio,cdad,,Daniel,por defecto: sin etiqueta = Daniel,,,"Aquí vive el padre de Pilar, administradora de Cristóbal y Villalba. Daniel habla con ella por whatsapp (febrero 2023). Se ha ido a escanear
28/03/2023 PIDE PRESUPUESTO DE ASCENSOR PARA LUEGO BUSCAR ASCENSORISTA",,,,,MADRID\1APROVINCIA\LEGANES\batalladebrunete12\FICHA DATOS TECNICOS.docx
batalladebrunete16,ok,,,,,,,,CDAD PROP,NEREA CRISTOBAL Y VILLALBA,Daniel,por defecto: sin etiqueta = Daniel,,,10/06/2024 SE ENVIA HOJA DE ENCARGO CON PRECIO ESPECIAL.,,,,,MADRID\1APROVINCIA\LEGANES\batalladebrunete16\FICHA DATOS TECNICOS.docx
batalladeclavijo1,ok,H79797569,,,MARCAL ASESORES,TOÑI CÁRDENAS,916 93 16 58 / 601 43 77 51,tonicardenas@marcalasesores.com,,,Daniel,etiqueta de la ficha,,,,,,"---------- Forwarded message ---------
De: Toñi Cardenas <tonicardenas@marcalasesores.com>
Date: mar, 14 oct 2025 a las 9:45
Subject: BATALLA DE CLAVIJO Nº 1 PRESUPUESTO DE INFORME TECNICO PARA SOLUCIONAR PROBLEMA ASCENSOR
To: <accesalia@accesalia.es>, Gerencia Accesalia <gerencia@accesalia.es>, Oficina Accesalia <oficina.accesalia@gmail.com>


Buenos días:

-Solicitamos un presupuesto a  con el fin de que emita un informe técnico que analice el problema existente y proponga las posibles soluciones y actuaciones a seguir y si es responsabilidad de Globals o de los propietarios.

Quedamos atentos a su pronta respuesta actualmente esta comunidad sito Batalla de Clavijo N.º 1 H79797569 28912 Leganés Madrid

Para cualquier información adicional, pueden comunicarse al teléfono de la presidenta Nieves 699251690  o Vicepresidenta 659639010 Julia

-- Quedamos atentos a su pronta respuesta.



Lo que ha sucedido es lo siguiente.


La empresa mantenedora del ascensor Globals S.l ha informado que durante el verano se han producido reiteradas paradas del aparato debido a las altas temperaturas en la sala de máquinas (ubicada en la planta cuarta), donde se han registrado más de 55 °C.



Según el informe técnico, estas condiciones extremas se deben a deficiencias constructivas del edificio, concretamente:



-Aislamiento térmico insuficiente del tejado.

-Falta de ventilación en recintos técnicos y zonas comunes.



Estas temperaturas según Globals exceden los límites de funcionamiento recomendados para los componentes del ascensor, provocando activaciones de sistemas de protección, averías y desgaste prematuro.



Globals Ascensores señala que:



-La instalación cumple la normativa vigente y ha superado todas las inspecciones.



-Las averías no son imputables al aparato ni a su instalación, sino a condiciones ambientales inadecuadas del edificio.



Se exoneran de responsabilidad por futuras incidencias mientras no se corrijan estas deficiencias.



Se requiere a la comunidad que adopte, con carácter urgente, medidas correctoras como:



-Mejora del aislamiento térmico del edificio.



-Instalación de ventilación forzada o climatización en la sala de máquinas.



Hasta entonces, no se puede garantizar el correcto funcionamiento del ascensor, advirtiendo además de posibles costes adicionales por reparación.



Se deja constancia de que la Comunidad de Propietarios, en respuesta al informe técnico recibido de Globals Ascensores, ha solicitado por escrito (sin obtener respuesta hasta la fecha) aclaraciones específicas sobre:



-El tipo de aislamiento térmico del tejado necesario según especificaciones del fabricante del ascensor.



-Las características del sistema de ventilación requerido, incluyendo:

-Tipo de sistema recomendado.

-Ubicaciones exactas donde debe instalarse.



Espacios concretos considerados como “recintos técnicos” y “zonas comunes” según su informe.

La Comunidad reitera su petición y solicita nuevamente a la empresa mantenedora una contestación técnica detallada, con el fin de poder valorar y adoptar las medidas correctoras que correspondan, pero no nos concreta la respuesta.



Algunos propietarios manifiestan la necesidad de buscar a un técnico especializado en ascensores que, a su vez, colabore con un arquitecto o técnico competente, con el objetivo de:

Analizar la situación térmica y de ventilación en los recintos técnicos del edificio.
Determinar las causas concretas de las averías.
Proponer una solución técnica adecuada.
Emitir un informe técnico detallado con las actuaciones necesarias.
La administradora informa que este tipo de intervención externa conllevará un coste para la comunidad, y advierte que el resultado del informe podría confirmar que el ascensor fue instalado correctamente, lo cual exoneraría a Globals Ascensores de responsabilidad por las incidencias.



Los propietarios expresan que, en su opinión, se trata principalmente de un problema de ventilación, señalando que existen ascensores instalados en la vía pública que no sufren este tipo de fallos, incluso en verano.



--
TOÑI CARDENAS
DPTO. ADMINISTRACION FINCAS
DANIEL : (PROPUESTA DE SOLUCIÓN)

Tras realizar una visita a la finca, he podido comprobar que efectivamente existe un problema de acumulación de calor en la planta superior, concretamente en la torre del ascensor, situada en la parte alta que sobresale ligeramente por encima de la azotea.

He observado que no existe una ventilación adecuada en la caja de escalera, lo que provoca una elevada concentración de calor en la parte superior. Además, la torre del ascensor presenta una ventilación mínima, insuficiente para permitir la correcta disipación térmica.

Estas condiciones generan temperaturas superiores a los 50 °C, lo que provoca paradas del ascensor y deterioro prematuro de la maquinaria.

Desde el punto de vista técnico, la solución pasa por las siguientes intervenciones:

Aislar térmicamente toda la cubierta, para reducir la temperatura en la planta superior.

Ventilar correctamente la parte superior de la escalera, instalando un caperuzo o conducto de ventilación permanente que permita la salida del aire caliente acumulado.

Aumentar la altura de la torre del ascensor para mejorar la circulación de aire y la superficie de ventilación disponible.

Estas actuaciones evitarán la acumulación de calor y estabilizarán las condiciones térmicas del recinto técnico.

El presupuesto estimado de ejecución material de la obra sería de aproximadamente 55.000 € (IVA incluido),

Como alternativa, la comunidad podría consultar con la empresa mantenedora la posibilidad de que la falta de ventilación en la torre del ascensor sea responsabilidad de su instalación. No obstante, desde mi punto de vista, esta opción no es recomendable, ya que han transcurrido más de cuatro años desde la ejecución de la instalación, por lo que las responsabilidades civiles por defectos de montaje estarían prescritas.
En consecuencia, solo podrían reclamarse posibles deficiencias constructivas amparadas por la garantía decenal, aunque en este caso no parece probable que prospere dicha reclamación.

Quedo a disposición de la comunidad para ampliar esta información o para iniciar la redacción del proyecto si así lo desean.",,MADRID\1APROVINCIA\LEGANES\batalladeclavijo1\FICHA DATOS.docx
batalladeclavijo7,ok,E78007324,,,ADMINISTRACION GOMEZ,28911 Leganés,Susana Gómez Fernández,91 288 33 80,,,Daniel,etiqueta de la ficha,,,susana@administraciongomez.com;,,susana@administraciongomez.com;,"De: Susana <susana@administraciongomez.com>
Date: jue, 22 ene 2026 a las 9:50
To: Oficina Accesalia <oficina.accesalia@gmail.com>
Cc: daniel de soto <danieldesotoarquitecto@gmail.com>

Buenos días Daniel, como hemos hablado por teléfono necesitamos el libro del Edificio de la dirección indicada con urgencia, el teléfono de la presidenta es Azucena 653843383. Si necesitáis cualquier documentación me lo decís para ir adelantándolo.

E78007234

SABADELL ES28 0081 5206 93 0001056016


Muchas gracias
22/01/2026 HE ENVIADA DE  LE, PRECIO ACORDADO POR DANIEL Y LA ADMINISTRADORA . HE RECIBIDA FIRMADA",,MADRID\1APROVINCIA\LEGANES\batalladeclavijo7\FICHA DATOS.docx
batalladetrafalgar18,ok,,,,MARCAL ASESORES,BEATRIZ MARTINEZ,916 93 16 58,rgpd@marcalasesores.com,,,Daniel,por defecto: sin etiqueta = Daniel,,,,,,,,MADRID\1APROVINCIA\LEGANES\batalladetrafalgar18\FICHA DATOS.docx
batallanavasdetolosa8,ok,,,,ROEN,Jose Luis Jiménez,916 884 566 - 645 369 037,jljimenez@roen.es,,,Daniel,por defecto: sin etiqueta = Daniel,,,,,,,07-05-2025 MONICA ENVÍA HOJA DE ENCARGO SATE,MADRID\1APROVINCIA\LEGANES\batallanavasdetolosa8\FICHA DATOS.docx
batallatrafalgar3,ok,H79872594,JESUS REIMUDEZ DE HARO,,GRUPO MARCAL.ES,,,proveedores@marcalasesores.com,,OSWALDO GARCIA FAIN,Daniel,por defecto: sin etiqueta = Daniel,,,"Propiedad:CP DE  BATALLA DE TRAFALGAR 3
CIF:		H79872594
Presidente: JESUS REIMUDEZ DE HARO
DNI:	00788907-M

Código postal:	28912
Referencia catastral: 5253801VK3655S000
Fachada:
PEM:	          residuos:",,,,,MADRID\1APROVINCIA\LEGANES\batallatrafalgar3\FICHA DE DATOS ACCESALIA.docx
bureba25,ok,,,,,,,,,,Daniel,por defecto: sin etiqueta = Daniel,,,,,,"05/02/2025 REHABILITACION CUBIERTA PANEL SANDWICH CON CASTILLETE ANDAMIO AUX: PRY, DF Y CSS. PEM 60,000. pte enviar presupuesto",,MADRID\1APROVINCIA\LEGANES\bureba25\FICHA DATOS TECNICOS.docx
calderondelabarca12,ok,,,,,,,gestiondehespaslu@hotmail.com,,,Alvaro,etiqueta de la ficha,,,,,,,,MADRID\1APROVINCIA\LEGANES\calderondelabarca12\FICHA DATOS.docx
calderondelabarca5,ok,,,,GABINETE 4 ADMON DE FINCAS/ABOGADOS,Antonio,629138231 - 916898082,,,,Alvaro,etiqueta de la ficha,,,,,,HE ENVIADA 28/04/2026,,MADRID\1APROVINCIA\LEGANES\calderondelabarca5\FICHA DATOS.docx
calderondelabarca6,ok,H81286825,BALDOMERO BARRAGAN CORONADO,50407675R,GESTION DEHESPA SLU,PABLO GUERRA,91 694 00 63 – 91 694 41 40 – 629 06 38 45 – 619 07 43 20 De lunes a viernes de 9 a 2,gestiondehespaslu@hotmail.com,CDAD,JOSE LUIS de roen Oficina@roen.es,Daniel,por defecto: sin etiqueta = Daniel,,5243201VK3654S,"25/10/2023 DAR PRESUPUESTO COMO EL DE LA COMPETENCIA
25/10/2023 ANA ENVÍA PRESUPUESTO, PARA IGUALAR EL DE LA COMPETENCIA. INCLUYE CSS, PROYECTO ANDAMIOS
23/02/2026 PREPARANDO EL CFO
07/04/2026 SE PASA A VISAR EL CFO
18/05/2026 envio cfo visado y CEE inicial y final",Sonia · Lozano · (3ºA) · - · sonialozano305@hotmail.com · 53047679L · 679 270 685,,,,MADRID\1APROVINCIA\LEGANES\calderondelabarca6\FICHA DATOS TECNICOS.docx
calderondelabarca8,ok,E28604957,ISABEL CEBADERA TORRES,00550776H,"MARCAL ASESORES (pedidos docs 12/06/2024, 24/06)",MARIAM O EMILIO,91 693 16 58 (admin fincas opc 2),sara.valor@marcalasesores.com Mariam.jebari@marcalasesores.com,CDAD PROP,JOSE LUIS DE ROEN,Daniel,por defecto: sin etiqueta = Daniel,,5243201VK3654S,"01-08-2024 ME COMENTA SANDRA QUE VAN POR LICENCIA O DR. METIDO A VISAR A COAM PEDIDAS TASAS Y DR Y ENVIADAS A CDAD
28-08-2024 DR PRESENTADA
21-08-2025: ENVIO DE CORREO A ROEN, ENVIANDO LA CERTIFICACIÓN 1 FIRMADA, Y TAMBIÉN PEDIMOS LA FACTURA CORRESPONDIENTE Y EL JUSTIFICANTE DE PAGO (SI LO TIENE). SEGUIMIENTO…
en la cubierta inclinada lo puse como cubierta y no partición interior porque así nos añade un puente térmico y nos mejora las caes. Si no estais conformes se puede modificar rápido (Israel)

No he tocado más que las fachadas particiones cubiertas y puentes térmicos (incluia fachada en sotano pero no muro con terreno y tampoco las ventanas del sótano.)",Raquel Martín · raquel.martin@marcalasesores.com,,,,MADRID\1APROVINCIA\LEGANES\calderondelabarca8\FICHA DATOS TECNICOS.docx
castilla20,ok,H28608149,,,LEGALEX ASOCIADOS,MOISES HUECAS UCETA,912 66 98 52 670786526,info@abogadosleganes.es; legalexabogados@gmail.com Lun a Vie 9:30 a 14:00 y de 17:00 a 19:30,,,Daniel,por defecto: sin etiqueta = Daniel,,4451204VK3654S,"16/04/2024 IRE A PRESENTACION EL PROXIMO 25/04/2024. REFERENCIADO POR TÉCNICO MPAL MARIA ANGELES NAVARRO. Cita con sebastián garcía vicente (uno de los propietarios): 686 53 82 13
el administrador de fincas es moises huecas uceta LEGALEX ASOCIADOS
tienen junta el 25/04
referencia por arquitecta municipal Mª Angeles Navarro, les ha dicho que es similar Campoamor 10 (no es de Accesalia).

14/10/2024 David Cámara de FAIN. QUIERE CONSULTA PREVIA, Y SI SALE EL ASCENSOR NOS LO DARÍAN. Precio parcial si no sale adelante, y precio completo si aprueban la consulta y nos dan el ascensor. Enviado 16/10
19/03/2025 Nos llama un vecino para indicar que nos van a pasar la hoja de encargo firmada. OJO SOLAMENTE SE HACE LA DOCUMENTACION MINIMA PARA CONSULTA PREVIA. NO SE HACE NADA MÁS NI SE PRESENTA LICENCIA HASTA QUE LA COMUNIDAD NOS CONTRATE CONTINUAR.

No se cobrará nada hasta que esté la consulta aprobada!!
22/08/2025: CORREO ENVIADO A LA COMUNIDAD DE PROPIETARIOS (muchohector@hotmail.com), REENVIANDO EL JUSTIFICANTE DE REGISTRO
23/03/2026 solicitud cita Daniel con técnico municipal para contestación a requerimiento de la consulta urbanística
21/04/2026 vuelvo a solicitar prorroga para la contestación al requerimiento ya que todavía no hemos obtenido respuesta a la cita con el técnico municipal
19/05/2026 VUELVO A SOLICITAR REUNIÓN CON TECNICO PARA REQUERIMIENTO DE CONSULTA URBANISTICA
30/06/2026 (Adriana) tras varias llamadas e indicaciones de que no se puede ir al ayto para hablar con el técnico municipal, me indican que lo mejor es que el técnico municipal se ponga en contacto con nuestro técnico.

He solicitado a Alexandra que asigne este requerimiento a un técnico para que lo mire y así cuando llame pueda hablar con él, ya que Daniel normalmente no está en la ofi",,,,,MADRID\1APROVINCIA\LEGANES\castilla20\FICHA DATOS TECNICOS.docx
charco20,ok,,,,,,,,FAIN,MIGUEL ANGEL PASTOR,Daniel,por defecto: sin etiqueta = Daniel,,4847629VK3644N,16/11/2023 Avisar a Oscar Lopez para que las mire.,,,,,MADRID\1APROVINCIA\LEGANES\charco20\FICHA DATOS TECNICOS.docx
charco24,ok,,,,,,,,FAIN,DAVID CAMARA,Daniel,por defecto: sin etiqueta = Daniel,,,"12/09/2023 La Admin es Lola Burgos. Tenemos hecho Charco 42, ver si es igual. Quedar con David Cámara y Lola Burgos por la mañana 05/11/23
05/10/2023 HACER ESCANER Y 3D",,,,,MADRID\1APROVINCIA\LEGANES\charco24\FICHA DATOS TECNICOS.docx
charco42,ok,H79811097,,,SUSANA,,,silvia@administraciongomez.com,,NACHO FAIN,Daniel,por defecto: sin etiqueta = Daniel,,,"Propiedad: CDAD PROP CHARCO 42
CIF:	H79811097
Presidente:
DNI:

Código postal:	28911
Referencia catastral:   4748606VK3644N
Fachada:
PEM:	73613,45€
residuos:
Superficie: 68,20

Expediente primera ocupación 14/2020-011PRO",,,,,MADRID\1APROVINCIA\LEGANES\charco42\FICHA DE DATOS ACCESALIA.docx
charco48,ok,H81308280,,,,,,,,NACHO FAIN,Daniel,por defecto: sin etiqueta = Daniel,,,"Propiedad:	CP  CHARCO 48
CIF:		H81308280
Presidente:
DNI:

Código postal:	28911
Referencia catastral: 4748608VK3644N
Fachada:
Superficies: 25,90 m2
PEM:	82.653€           residuos: 300€


ES83 2085 9262 8403 3038 1755
3900 + iva=  4.719",,,,,MADRID\1APROVINCIA\LEGANES\charco48\FICHA DE DATOS ACCESALIA.docx
charco54,ok,,,,,,,,,Nacho fain,Daniel,por defecto: sin etiqueta = Daniel,,,"Propiedad:
CIF:
Presidente:
DNI:

Código postal:
Referencia catastral:
Fachada:
PEM:	          residuos:

Tenemos una escalera corta de fondo, pero con un magnífico patio trasero, ancho y grande, que debemos invadir (un poquito sólo)

Debemos colocar una rampa suave a la entrada para salvar dos escalones.
Colocaremos un caracol, invadiendo 0,7 m el patio.
(me encontré con el presidente Julián, que es suegro de Silvia) Le pareció que invadir así NO ES PROBLEMA, como sí lo es una invasión masiva para ascensor al fondo con pasarela.

Nos queda un ascensor de 5 paradas, embarque simple y torre completa de 1410 de fondo x ancho de 1240 (es un poquito más estrecho que santa rosa 6)",,,,,MADRID\1APROVINCIA\LEGANES\charco54\FICHA DE DATOS ACCESALIA.docx
charco55,sin ficha,,,,,,,,,,,,,,,,,,,
condedebarcelona8,ok,,,,,,,,,PEDRO SANCHO,Daniel,por defecto: sin etiqueta = Daniel,,,"MANCOMUNIDAD VALDEPELAYOS
PARCELA 656
CIF.- E81748345
CALLE CONDE DE BARCELONA Nº 8
28914-LEGANES",,,,,MADRID\1APROVINCIA\LEGANES\condedebarcelona8\FICHA DE DATOS ACCESALIA.docx
constitucion8,ok,,,,,,,,,,Daniel,por defecto: sin etiqueta = Daniel,,,"Antiguo proyecto de Velerda. Se pidió un aplazamiento al ayuntamiento en marzo de 2021, para dar tiempo a Elecnor a que mandara presupuesto. La comunidad se hartó de esperar y lo hicieron por su cuenta. (Info de Mónica 01-02-22)",,,,,MADRID\1APROVINCIA\LEGANES\constitucion8\FICHA DATOS TECNICOS.docx
covadonga18,ok,H80681513,ROSA MARIA HERNANDEZ FERNANDEZ,50059925B,Administración de Fincas HERNANDEZ & VAZQUEZ,Manuel Vázquez,91 694 57 21 / 619 140 796,fincas@hernandezyvazquez.com,CDAD PROP,JOSE LUIS DE ROEN,Daniel,por defecto: sin etiqueta = Daniel,,4644703VK3644S,"05/07/2024 ENVIAN HOJA DE ENCARGO FIRMADA.

24/09/2024 se informa que ya pueden empezar la obra (email oficina a fincas@hernandezyvazquez.com)
05-03-2026 HE CSS ENVIADA
11/03/2026 ROEN INFORMA QUE VA A EMPEZAR LA OBRA EN BREVE. PDT REUNION 12/03/2026 DANIEL CON ROBERTO (ROEN) PARA CSS                                    26-03-2026 Finalmente contratan la CSS CON OTRA EMPRESA . NO SOMOS LOS CSS",,,,,MADRID\1APROVINCIA\LEGANES\covadonga18\FICHA DATOS TECNICOS.docx
covadonga22,ok,E28541647,FRANCISCA EVA GONZALEZ SANZ,50175603E,ADMINISTRACION GOMEZ,Susana Gómez Fernández,91 288 33 80,susana@administraciongomez.com En su ausencia: patricia@administraciongomez.com; recepcion@administraciongomez.com,FAIN,OSCAR LOPEZ,Daniel,por defecto: sin etiqueta = Daniel,,4644705VK3644S,13/01/2025 contratada renovación del servicio de subvenciones.,,,,,MADRID\1APROVINCIA\LEGANES\covadonga22\FICHA DATOS TECNICOS.docx
covadonga28,ok,,,,MARCAL ASESORES,Cintia Dominguez,,cintiadominguez@marcalasesores.com,CDAD PROP,CINTIA MARCAL ASESORES,Daniel,por defecto: sin etiqueta = Daniel,,,06/05/2024 PIDEN PRESUPUESTO PARA CONSULTA URBANISTICA.,,,,,MADRID\1APROVINCIA\LEGANES\covadonga28\FICHA DATOS TECNICOS.docx
estebon2,ok,H78797602,Eladio Madrid Gutierrez,,,,,iaguado@marcalasesores.com,,DAVID FAIN,Daniel,por defecto: sin etiqueta = Daniel,,,"Propiedad:	CP ESTEBON 2
CIF:  H78797602
Presidente: Eladio Madrid Gutierrez
DNI: 621244 Z

Código postal:	28911
Referencia catastral: 5147901VK3654N
Fachada:	17 m
PEM: 50.000	residuos: 300
SUPEFICIES 33 m2

EXPEDIENTE 019287/2018-010 OMY

3500 EUROS

~~No tienen administración, lo que necesites~~~~pideselo~~~~a el presidente Eladio 916936905, o dímelo a mí (~~~~David.camara~~~~)y~~~~yo hablo con él.~~

ADMINISTRADOR Marcal Asesores, contacto IVÁN
iaguado@marcalasesores.com

Jefe de obra: Antonio Castillo. 630127158
Contratista: Dani: 642 485819. Jose trujillo: 655220120","No tienen administración, lo que necesites · pideselo · a el presidente Eladio 916936905, o dímelo a mí ( · David.camara · )y · yo hablo con él.",,,,MADRID\1APROVINCIA\LEGANES\estebon2\FICHA DE DATOS ACCESALIA.docx
extremadura1,ok,H80503410,,,,,,jigonzalez@norteasesoresce.com,,,Daniel,por defecto: sin etiqueta = Daniel,,,PAGA LA CP,OSWALDO FAIN · – · EMPRESA : · EMILIO JAVIER PEREZ MONTERO · DPTO. ADMINISTRACION DE FINCAS · TELÉFONO: · 91 693 16 58 · PERSONA DE CONTACTO: · E_MAIL: · emilio@marcalasesores.com · DIRECCIÓN:,,,,MADRID\1APROVINCIA\LEGANES\extremadura1\FICHA DE DATOS ACCESALIA.docx
frayluisdeleon1,ok,,,,,,,,,PEDRO ARANDA  THYSSEN,Daniel,por defecto: sin etiqueta = Daniel,,,"Propiedad:
CIF:
Presidente:
DNI:

Código postal:
Referencia catastral:
Fachada:
PEM:	          residuos:",,,,,MADRID\1APROVINCIA\LEGANES\frayluisdeleon1\FICHA DE DATOS ACCESALIA.docx
fraymelchorcano21,ok,,CAYETANO RUBIA PEDREGOSA,51869416T,,,,,,,Daniel,por defecto: sin etiqueta = Daniel,,,"Propiedad: CP MELCHOR CANO 21
CIF: H-79160776
Presidente: CAYETANO RUBIA PEDREGOSA
DNI: 51869416T

Código postal: 28912
Referencia catastral: 5650204VK3655S
Fachada: 14,66 m
PEM:50000	          residuos:",,,,,MADRID\1APROVINCIA\LEGANES\fraymelchorcano21\FICHA DE DATOS ACCESALIA.docx
fraymelchorcano22,ok,H79789574,ROBERTO AGANZO NAVARRO,02244045G,"ADMINISTRACION DE FINCAS MAR-2003, S.L. (pedidos docs 26/09 y por tlf)",Angel,91 680 44 10 / 620752239,administracion@mar2003.com,CDAD,,Daniel,por defecto: sin etiqueta = Daniel,NOELIA MARTIN,5550807VK3655S,"26/09/22 ojo en los cálculos del PEM: descontar 3500 euros del precio contrata para nuestra hoja de presupuesto y mediciones
Mayo 2024: Tienen hechos unos trasteros ilegales en el sótano. No son legalizables por altura, etc. La solución que dio la técnico mpal era decir que estaba sin uso. Pero además de eso, hay que condenarlo. Daniel se lo ha explicado a Oswaldo, y éste se lo explicará a la comunidad. Solución de tapar con pladur la puerta.
A pesar de que tienen escriturados esos sótanos, siguen siendo ilegales. No deberían haberlos escriturado, ya que en la licencia de primera ocupación no están ni hay ninguna legalización posterior.
11-06-2024 CARLA FUE A LA JUNTA DE DISTRITO Y LA TECNICO LE DICE QUE SE VA A PASAR POR LA COMUNIDAD A VERLO
03/09/2024 fray melchor cano 22 leganes - carla: q desaparezca el sótano, dejarlo como espacio abierto, quitar cualquier referencia a trasteros, eso es un espacio de bajantes y arquetas, indicar que vamos a hacer una nueva bajada con una escalera de uso restringido exclusivamente para funciones de uso y mantenimiento de arquetas y bajantes. El ascensor no va a llegar hasta ahí. Hay que cambiarlo tanto en la consulta como en el pry basico y de ejecución, y visarlo de nuevo. Cuando esté terminado, que lo revise Daniel. Cuando se mande por sede electrónica, hay que mandarle el reporte del registro al correo de noelia martín y al administrador Angel.
Oficina Accesalia <oficina.accesalia@gmail.com>
11:25 (hace 0 minutos)
Responder

para Cristian


Buenos días:

He hablado hoy con el Ayto de Leganés y me comentan que hay conformidad del ingeniero municipal pero falta la del arquitecto municipal, nos pidieron por teléfono que aportaramos el refundido visado, cosa que hicimos con fecha 21/02/2025, me ha comentado que esta aportación todavía no la ha visto el arquitecto municipal, por tanto hay que esperar a que lo estudie y nos notifiquen.

Muchas gracias

Un cordial saludo
18-03-2025
LLAMO A PREGUNTAR POR LICENCIA AL AYTO Y ME DICEN QUE ESTÁN ESTUDIANDO LA ULTIMA APORTACION DE DOCUMENTACIÓN QUE HICIMOS EL 21-02-2025 (REFUNDIDO VISADO). Sofia

27-05-2025 LLAMO AL AYTO A PREGUNTAR POR LICENCIA Y ESTÁ PENDIENTE DE VALORACIÓN. Sofia
15/09/2025 ENVIADA HE CSS LA PAGA FAIN – FIRMADA",OSWALDO · 000011/2023-015COU · 000024/2023 · - · 262LUO,,,,MADRID\1APROVINCIA\LEGANES\fraymelchorcano22\FICHA DATOS TECNICOS.docx
fuencisla4,ok,H79611547,,,GRUPO MARCAL,,,emilio@marcalasesores.com,4768850488950037077652984500ADMINISTRADOR DE FINCAS        SI           NO,OSWALDO FAIN,Daniel,por defecto: sin etiqueta = Daniel,,,"Propiedad:	CDAD PROP CL FUENCISLA 4 LEGANES
CIF:		H79611547
Presidente:
DNI:

Código postal:		28911
Referencia catastral: 	4644706VK3644S
Fachada:		31m
PEM:
residuos:
SUPEFICIES   1.2m2 por planta = 6.00m2
AMBITO ORDENACION
DISTRITO",,,,,MADRID\1APROVINCIA\LEGANES\fuencisla4\FICHA DE DATOS ACCESALIA.docx
fuenlabrada95,ok,,,,MARCAL ASESORES,,,,,,Alvaro,etiqueta de la ficha,,,,,,,,MADRID\1APROVINCIA\LEGANES\fuenlabrada95\FICHA DATOS.docx
galicia2,ok,H81222838,,09756957N,Administración de Fincas,,,david@cristobalyvillalba.com,,"OSWALDO , DAVID CAMARA",Daniel,por defecto: sin etiqueta = Daniel,,,"Propiedad: CDAD PROP GALICIA 2 LEGANES
CIF:	H81222838
Presidente:
DNI:

Código postal:	28913
Referencia catastral: 4351302VK3645S
Fachada:
PEM:	56.279,96

residuos: 300,00€


PLANTA BAJA
10.3 0m2
PLANTA TIPO 1ª a 4ª
2.80m2 x 4 = 11.20 m2
SUPERFICIES CONTRUIDAS
21.50m2

Carlosgm@cristobalyvillalba.com solicita copia del justificante de haber solicitado la licencia y memoria de la obra para la subvención. 25-10-21 Ana. Se le envía

Expediente 27/2021-262LUO

Jefa de obra: Mª Angeles -> PASA A JUAN LUIS RUIZ DE MIER

galicia 2
presidente
jorge Alvarez Robledo
DNI 09756957N
TLF 670 723 809

24/01/2023

COAM
TL/010960/2024 CFO",,,,,MADRID\1APROVINCIA\LEGANES\galicia2\FICHA DE DATOS ACCESALIA.docx
galicia7,ok,H79679346,KATHERINE MICHELLE RUIZ MUÑOZ,47318299P,MARIA JOSE HIPOLA MARUGAN,MARIA JOSE HIPOLA / 617 42 96 05,91-693.20.91,mariajose@hipola.es,FAIN,Raúl García (FAIN) MARIA JOSE HIPOLA,Daniel,por defecto: sin etiqueta = Daniel,,4351405VK3645S,"25-01-2023 peritación pocería. nos manda unos vídeos. Archivado aquí D:\Dropbox\Ascensores y rehabilitaciones\MADRID\1APROVINCIA\LEGANES\galicia7\1.DATOS\recibido de la comunidad
08/04/2025 ASCENSOR CON FAIN. LO LLEVABA ALBERTO CALLEJA, PERO AHORA LO LLEVA FRAN.  FIRMAN EL 08/04. Dani llama a Fran.
07-05-2025 enviada HE a David de  FAIN a solicitud suya

-- Forwarded message ---------
De: David Camara Cozar <david.camara@fainascensores.com>
Date: lun, 26 may 2025 a las 13:28
Subject: Obra CP Galicia 7
To: Oficina Accesalia <oficina.accesalia@gmail.com>


Buenos días

Hemos firmado la obra de Galicia 7 Leganés, adjunto presupuesto firmado, el precio es de -Eur + IVA, mandadme hoja de encargo y de autorización para que me firme la comunidad

Gracias
04-06-2025
Raúl García López

Buenas Alejandra,
Mándame lo que tengas/ que te haya pedido /que hayais enviado a David, que me voy a encargar yo de los temas de LEGANÉS Y GETAFE, entre ello esto de finca  GALICIA, 7 LEGANÉS, que estoy yo con ello.
17/6/2025 enviada HE con modificación de precio acordada en llamada telefónica entre daniel y Oscar.
1/07/2025 FIRMADA. Tipología de ascensor como MALLORCA 12 LEGANES.
08/07/2025 HE SUBV ENVIADA A COMUNIDAD
08/20/2205 Estado Actual Santiago Quintero
Eje del Proyecto: Ubicación, se ha definido a partir de las escaleras existentes, que se emplean como referencia principal.
Cajetín: La ficha de datos no incluye la información del promotor. En su lugar, se muestra la siguiente información: ""GALICIA 7 LEGANES"".
Planimetría AL02: La planimetría no incluye la información de las vías y aceras. Actualmente, la licencia de BRICSCAD ha expirado.
Vacíos y Patios: Se utilizaron como referencia imágenes fotográficas, Google Earth y datos de la planimetría catastral.
Ventana Fachada Escaleras: Se utilizó una región de planta para capturar el detalle de la ventana.
02/09/2025 KARLA:
Al hacer el proyecto, se vio que la planta que viene en catastro está girada, con el acceso al núcleo de comunicación en la fachada opuesta a donde realmente está, aunque la ubicación de los patios sí parece ser correcta.
02/10/2025 Reenviado proyecto a Hipola y a FAIN. El 11/09 no se había enviado a FAIN, que es el cliente. Enviadas también tasas para pagar y docs para firmar de la licencia.
01/12/2025 se pide en varias ocasiones los datos de la cp y el pago de las tasas.
04/12/2025 La administradora MARIA JOSE HIPOLA se pone en contacto con nosotros porque se le ha pasado el plazo del pago de las tasas, para ello tenemos que registrar una solicitud general en la sede electrónica de Leganés informando que nos tienen que volver a pasar unas tasas con su recargo, como no tenemos los datos promotor y autorización, no podemos gestionar la solicitud.
La he mandado un email explicando y aparte la he llamado, la semana que vienen nos enviará la documentación poder solicitar las nuevas tasas.
07/05/2026 Envío tasas caducadas ya que el ayto indica que tenemos que gestionar el pago, si no, se generan unas nuevas debiendo el pago de las anteriores. Para la presidenta (el ayto hasta ahora no nos lo había comunicado)
Dejo pantallazo en obras/licencia para que quede constancia
12/05/2026 desde el ayto indican que lo mejor es que anule las tasas por registro y cuando llegue ese ok de anulación de tasas, genere unas nuevas
02/06/2026 llama el administrador indicando que tiremos para adelante con la nueva tramitación de la licencia
05/06/2026 tras llamada del ayuntamiento confirmando la anulación de las tasas anteriores, vuelvo a generar nuevas tasas y se lo envío al administrador
17/06/2026 (Adriana) se registra la solicitud de licencia. Informo a los interesados",,,,,MADRID\1APROVINCIA\LEGANES\galicia7\FICHA DATOS TECNICOS.docx
garcilaso8,ok,,,,MARCAL,BEATRIZ MARTINEZ,,rgpd@marcalasesores.com,,,Daniel,por defecto: sin etiqueta = Daniel,,,,,,"04/02/2025 VER VIABILIDAD Y MANDAR PRESUPUESTO. TIENEN JUNTA EL 11/02. Agendado verlo el 07/02
La intervención de Garcilaso 8 Leganés, va a consistir en la instalación de una rampa al 10% de 6.4 m de largo por 1,20 m. de ancho, para sortear la mocheta, con doble pasamanos y material antideslizante.


Eliminar la puerta cortavientos.

Modificación del acceso mediante eliminación de la actual piedra de mármol por una inclinada de granito abujardado.

El coste de la operación es de 7.200 € más 10% de IVA

Se haría memoria valorada.",,MADRID\1APROVINCIA\LEGANES\garcilaso8\FICHA DATOS TECNICOS.docx
getafe27,ok,,,,INIESTA FOURNIER ASESORIA,Marleny,,pensamientodiez@gmail.com,,,Carlos,etiqueta de la ficha,,,,,,,,MADRID\1APROVINCIA\LEGANES\getafe27\FICHA DATOS.docx
guadalupe9,ok,,,,AG ADMINISTRACION GOMEZ,Susana Gómez Fernández,91 288 33 80,susana@administraciongomez.com,ELECNOR,,Daniel,por defecto: sin etiqueta = Daniel,,,,,,,,MADRID\1APROVINCIA\LEGANES\guadalupe9\sate\FICHA SATE.docx
guante8,ok,,JORGE LUIS MANCHA SANZ,,MARACAL ASESORES,Ivan Aguado,,iaguado@marcalasesores.com,,,Daniel,por defecto: sin etiqueta = Daniel,,,,,,"De: Ivan Aguado <iaguado@marcalasesores.com>
Date: lun, 2 jun 2025 a las 15:04
Subject: SOLICITO PRESUPUESTO PROYECTO INSTALACION ASCENSOR Y SU POSTERIOR SEGUIMIENTO SEGURIDAD Y SALUD CP GUANTE 8
To:
Estimado Sr. Proveedor.
A continuación le solicito presupuesto para R PROYECTO INSTALACION ASCENSOR Y SU POSTERIOR SEGUIMIENTO SEGURIDAD Y SALUD en la C. P. GUANTE 8 en Leganés.
Las personas de contacto son la Junta de Gobierno:

PRESIDENTE: JORGE LUIS MANCHA SANZ 699602165 / 626314918

El presupuesto me lo puede enviar a este mismo correo.

Un saludo.
03-06-2025 esto dice daniel
Hay que hacer el estudio de viabilidad y mandárselo a Ivan de Marcal a la mayor brevedad posible y dejar comprobar que está subido la situación actual en sketch por parte de Alex y hacer el seguimiento para que nos encarguen el proyecto en la presentación que nos dirán cuándo es
05-06-2025 ENVIADAS HE",,MADRID\1APROVINCIA\LEGANES\guante8\FICHA DATOS.docx
hermanospinzon5,ok,,,,,,,,,ROBERTO ANTEGALIA,Daniel,por defecto: sin etiqueta = Daniel,,,11/03/2024 REUNION CON VECINOS,,,,,MADRID\1APROVINCIA\LEGANES\hermanospinzon5\FICHA DATOS TECNICOS.docx
hernancortes22,ok,,,,,,,oficina@roen.es,Cdad prop,,Daniel,por defecto: sin etiqueta = Daniel,,,"09/04/2024 enviada hoja de encargo
El mié, 17 jun 2026 a las 12:46, Oficina Rehabilitaciones Roen (<oficina@roen.es>) escribió:
Buenos dias

perfecto, muchas gracias por la informacion, me pongo con ello.

indicame por favor si los precios de estas hojas siguen vigentes o hay q hacer alguna modificación ?

un saludo


29-06-26 se envían honorarios actualizados , enviado a Mónica para su ok 2/07/26 enviado",Ismael de · Antegalia,,,,MADRID\1APROVINCIA\LEGANES\hernancortes22\FICHA DATOS TECNICOS.docx
hernancortes5,ok,,,,,,,,,NACHO FAIN,Daniel,por defecto: sin etiqueta = Daniel,,,"Propiedad:
CIF:
Presidente:
DNI:

Código postal:
Referencia catastral:
Fachada:
PEM:	          residuos:",,,,,MADRID\1APROVINCIA\LEGANES\hernancortes5\FICHA DE DATOS ACCESALIA.docx
indias10,ok,,,,ADMINSTRACION DE FINCAS OFILEGA,JAVIER 682 092 721,,,,,Daniel,por defecto: sin etiqueta = Daniel,,,,,,04/02/2025 HAY QUE QUEDAR PARA EXPLICAR TEMA CAES.,,MADRID\1APROVINCIA\LEGANES\indias10\FICHA DATOS TECNICOS.docx
indias12,ok,,,,,,,,,PEDRO ARANDA  THYSSEN,Daniel,por defecto: sin etiqueta = Daniel,,,"Propiedad:
CIF:
Presidente:
DNI:

Código postal:
Referencia catastral:
Fachada:
PEM:	          residuos:",,,,,MADRID\1APROVINCIA\LEGANES\indias12\FICHA DE DATOS ACCESALIA.docx
indias16,ok,,,,Marcal Asesores,TOÑI CARDENAS,,tonicardenas@marcalasesores.com,,,Daniel,etiqueta de la ficha,,,,,,21-01-2025 ENVIADAS HE X AGUSTINA,,MADRID\1APROVINCIA\LEGANES\indias16\FICHA DATOS.docx
jeromin23,ok,E78939733,,53445775P,ADMINISTRACION GOMEZ (pedidos docs cp 28/11),Susana Gómez Fernández,91 288 33 80,susana@administraciongomez.com; patricia@administraciongomez.com,FAIN (pry) + CP (subv),OSCAR LOPEZ,Daniel,por defecto: sin etiqueta = Daniel,,5246404VK3654N,"NOTA PARA IEE El código postal de Google no coincide con el de catastro. El Código Postal válido verificado en correos es 28911
21/11/2023 Facturar a Fain, aparte coordinación. Subvenciones directamente. Enviar hoja de encargo.
---------- Forwarded message ---------
De: Oscar Lopez Fernandez <oscar.lopez@fainascensores.com>
Date: lun, 22 ene 2024 a las 20:04
Subject: Re: [External] JEROMIN 23 LEGANES - anteproyecto y comentarios
To: Oficina Accesalia <oficina.accesalia@gmail.com>


Perdona hay que realizar rampa en medida de lo posible para acceder a ambas escaleras no podemos realizar cota cero, si esto no fuera viable se tendría que instalar un elevador de corto recorrido.
Adjunto características .
El lun, 22 ene 2024 a las 20:01, Oscar Lopez Fernandez (<oscar.lopez@fainascensores.com>) escribió:
Hola buenas tardes.

Las medidas para el Nivel 02 P2 1-50 PE HUECO FAIN ASC Oeste son :
750 mm de fondo X 890 mm de ancho.
Puerta de paso de 700 automatica .

Las medidas para Nivel 02 P2 1-50 PE HUECO FAIN ASC Este son:
850 mm de fondo por 730 mm de ancho
Puertas de paso de 700 mm automáticas

02/12/2025 reunión dr inicio, técnico ayto, Daniel de Soto, contrata FAIN y presidente de la comunidad",,,,,MADRID\1APROVINCIA\LEGANES\jeromin23\FICHA DATOS TECNICOS.docx
juandemariana3,ok,E28935328,Pedro Ruiz Aguilar,00363260K,Marcal Asesores S.L leganes,,,valle.ventero@marcalasesores.com,,Oswaldo Garcia Cabrera,Daniel,por defecto: sin etiqueta = Daniel,,,"Propiedad: CDAD DE PROP JUAN DE MARIANA 3 LEGANES
CIF:	E28935328
Presidente: Pedro Ruiz Aguilar
DNI:	00363260K

Código postal:	28912
Referencia catastral: 5040402VK3654S
Fachada:
PEM:	          residuos:",,,,,MADRID\1APROVINCIA\LEGANES\juandemariana3\FICHA DE DATOS ACCESALIA.docx
juandemariana5,sin ficha,,,,,,,,,,,,,,,,,,,
lafuente8,sin ficha,,,,,,,,,,,,,,,,,,,
lafuente9,sin ficha,,,,,,,,,,,,,,,,,,,
legazpi2,ok,,JOSE BERNARDO PEREZ GONZALEZ,08405889X,,,,silvia@administraciongomez.com,NACHO FAIN,Silvia Gómez Susana,Daniel,por defecto: sin etiqueta = Daniel,,,hueco ascensor: 1150 x 950,,,,,MADRID\1APROVINCIA\LEGANES\legazpi2\FICHA DE DATOS ACCESALIA.docx
legazpi3,ok,,,,,,,javier.gonzalez.moya@schindler.com,,JAVIER GONZALEZ MOYA SCHINDLER,Daniel,por defecto: sin etiqueta = Daniel,,,"---------- Forwarded message ---------
De: Javier González Moya <javier.gonzalez.moya@schindler.com>
Date: lun, 7 oct 2024 a las 10:04
Subject: LEGAZPI 3 LEGANES
To: danieldesotoarquitecto@gmail.com <danieldesotoarquitecto@gmail.com>

Buenos días,

Estamos preadjudicados en esta obra de instalación del ascensor, es una instalación tipo como la que te indico en la imagen.  Aún sin contrato firmado.

Tenemos de caja de escalera 2125x6260mm (incluyendo rellanos de viviendas) distancia entre vigas: 4028mm

Creo que debes de haber hecho uno enfrente en la misma calle Legazpi.

Tengo la reunión el próximo lunes 14 a las 20:00h.


Me gustaría que, o bien me pudieses mandar un render de una instalación parecida o que vinieses a la reunión en la que preguntarán por medidas de escaleras, ascensor etc.




Se le manda modelo tipología 5 imágenes y vídeo
15/10/2024 VA A SALIR. EL PROY NOS LO ENCARGARÁ SCHINDLER Y LA SUB LA COMUNIDAD. MANDAR HOJAS DE ENCARGO",,,,,MADRID\1APROVINCIA\LEGANES\legazpi3\FICHA DATOS TECNICOS.docx
legazpi4,ok,,JUSTINO MARTIN SANCHEZ,,,,,,NACHO FAIN,,Daniel,por defecto: sin etiqueta = Daniel,,,hueco ascensor: 1150 x 880,,,,,MADRID\1APROVINCIA\LEGANES\legazpi4\FICHA DE DATOS ACCESALIA.docx
lopedevega7,ok,,,,,,,,,,Daniel,por defecto: sin etiqueta = Daniel,,,,,,"10/02/2025 IGUAL QUE GARCILASO 8 LEGANES. Mandar a JL a verlo el 11/02. tienen junta el 17/02
18/02/2025 Enviada hoja de encargo

La intervención de Lope de Vega 7 Leganés, consistirá en la instalación de una plataforma elevadora inclinada. No hay posibilidad de colocar una rampa

Hay que bajar el escalón de entrada.



El coste de la operación es de 12.000 €",,MADRID\1APROVINCIA\LEGANES\lopedevega7\FICHA DATOS.docx
madrid22,sin ficha,,,,,,,,,,,,,,,,,,,
madrid4,ok,,,,Marcal asesores,Ivan agudo,916931658,iaguado@marcalasesores.com,,,Daniel,etiqueta de la ficha,,,,,,"---------- Forwarded message ---------
De: Ivan Aguado <iaguado@marcalasesores.com>
Date: jue, 18 dic 2025 a las 12:50
Subject: Fwd: SOLICITO PRESUPUESTO PARA REALIZAR UN INFORME DE LAS HUMEDADES COLINDANTES QUE AFECTAN A NUESTRA FINCA CP MADRID 4
To:


Estimado Sr. Proveedor.

Sospechamos que la finca colindante de la Calle Madrid, 2 de Leganés nos está filtrando sus agua pluviales a nuestra finca CP MADRID 4 de Leganés. Y como hacen caso omiso a reparar el origen de las mismas, nos vamos a ver obligados a realizar un informe donde nos diga de dónde provienen las humedades, y cómo habría que reparar dicho origen de las humedades. Y quizás tengamos que acabar en el juzgado si el origen de las humedades proviene a causa de la finca colindante, y se niegan a reparar dicho origen.

Los datos de contacto de la persona que le atenderá es Jesús Pérez cuyo móvil es 696 82 95 80

Un saludo.",,MADRID\1APROVINCIA\LEGANES\madrid4\FICHA DATOS.docx
mallorca10,ok,,,,,,,,FAIN,DAVID CAMARA,Daniel,por defecto: sin etiqueta = Daniel,,,27/10/22 SE PROPONE HACER UN ESCANEADO Y ESTUDIO DE DIMENSIONES POR 500  € DEDUCIBLES DEL PROYECTO SI SE CIERRA EL CONTRATO,,,,,MADRID\1APROVINCIA\LEGANES\mallorca10\FICHA DATOS TECNICOS.docx
mallorca12,ok,H79591780,,,MARIA JOSE HIPOLA MARUGAN,,,mariajose@hipola.es,,ALBERTO CALLEJA,Daniel,por defecto: sin etiqueta = Daniel,,,"Propiedad:	CDAD PROP MALLORCA 12 LEGANES
CIF:		H79591780
Presidente:
DNI:

Código postal:	28913
Referencia catastral: 4251802VK3645S
Fachada:
PEM:	          residuos:


Se ha puesto una rampa al 28% para que venga un requerimiento y explicarle así a la comunidad que nos obligan a poner plataforma elevadora



Concedida licencia 03-11-21

Jefe de obra: juan Luis ruiz de mier

Visado: TL/013303/2020
TL/012389/2023",,,,,MADRID\1APROVINCIA\LEGANES\mallorca12\FICHA DE DATOS ACCESALIA.docx
mallorca13,ok,E78543311,,,ADMINISTRACION DE FINCAS METROPOL,,,leganes@grupometropol.es,,Alberto Calleja,Daniel,por defecto: sin etiqueta = Daniel,,,"Propiedad: CDAD PROP MALLORCA 13 LEGANES
CIF:	E78543311
Presidente:
DNI:

Código postal:	28913
Referencia catastral: 4251702VK3645S
Fachada:
PEM:
residuos:

Proyecto
Css
Subvenciones




Tasa ICIO: los administradores tenían problemas para pagar la tasa en banco. Lo hemos pagado nosotros y se lo hemos cargado en cuenta. Enviado justificante de pago a María el 25-10-2021",,,,,MADRID\1APROVINCIA\LEGANES\mallorca13\FICHA DE DATOS ACCESALIA.docx
mallorca15,ok,H81226847,,,Vidal administraciones,,,,4768850488950037077652984500ADMINISTRADOR DE FINCAS        SI           NO,David Camara Fain Manuel Requena,Daniel,por defecto: sin etiqueta = Daniel,,,"Propiedad:	CP MALLORCA 15
CIF:		H81226847
Presidente:
DNI:

Código postal:				28913
Referencia catastral: 			4251703VK3645S
Fachada:				15.70m
PEM:					45.720,57.
CFO: 62.130,15. Contradictorio 5685 euros + iva.


residuos:
SUPEFICIES

Planta baja:		5.20m2
Planta tipo (x4):		5.70m2
Total:			28m2

AMBITO ORDENACION
DISTRITO",,,,,MADRID\1APROVINCIA\LEGANES\mallorca15\FICHA DE DATOS ACCESALIA.docx
margarita14,ok,,,,,,,,FAIN,OSCAR LOPEZ,Daniel,por defecto: sin etiqueta = Daniel,,,13/06/2024 PRESENTACIÓN 3D,,,,,MADRID\1APROVINCIA\LEGANES\margarita14\FICHA DATOS TECNICOS.docx
monegros32,ok,,,,,,,,,,Daniel,por defecto: sin etiqueta = Daniel,,,,,,,,MADRID\1APROVINCIA\LEGANES\monegros32\DATOS\presupuesto\ficha sate MONEGROS 32.docx
monegros71,ok,,,,,,,,,PEDRO ARANDA  THYSSEN,Daniel,por defecto: sin etiqueta = Daniel,,,"Propiedad:
CIF:
Presidente:
DNI:

Código postal:
Referencia catastral:
Fachada:
PEM:	residuos:
SUPEFICIES
AMBITO ORDENACION
DISTRITO",,,,,MADRID\1APROVINCIA\LEGANES\monegros71\FICHA DE DATOS ACCESALIA.docx
moraña1,ok,,,,,,,,,ALBERTO FAIN,Daniel,por defecto: sin etiqueta = Daniel,,,"Propiedad:
CIF:
Presidente:
DNI:

Código postal:
Referencia catastral:
Fachada:
PEM:	residuos:
SUPEFICIES
AMBITO ORDENACION
DISTRITO",,,,,MADRID\1APROVINCIA\LEGANES\moraña1\FICHA DE DATOS ACCESALIA.docx
moraña24,ok,H79355525,ENRIQUE IÑIGO ALAMO,52374584L,Pedidos docs cp 23/11/22,Rosario Molano,670741423,rmolano@gestoria-mym.com,CDAD,OSCAR LOPEZ,Carlos,etiqueta de la ficha,,5951703VK3655S,"25/10/22 FACTURAR A LA COMUNIDAD. Nos manda Oscar el presupuesto todavía sin firmar por cliente.
22/04/25 En la consulta urbanística se cambia el presupuesto (Moraña24CU) corrigiendo el anterior. En el proyecto que se presentó simultáneamente a la consulta porque es un proyecto antiguo el presupuesto es Moraña 24

25-04-2025 No sé si se presentó el proyecto simultáneo a la consulta, si es así, seguramente requieran el proyecto en un futuro, por lo que no piso los planos de PDF colegio de momento por ser los del proyecto para saber que se entregó.
La documentación modificada para la consulta es la que aparece en la ruta antes mencionada (CONSULTA URBANISTICA\incidencia5 21-03-2025 TA\DOC APORTAR)

27-05-2025 LLAMO AL AYTO LEGANÉS A CONSULTAR ESTADO CONSULTA URB, ME DICEN PENDIENTE INFORME TECNICO CON LA APORTACION QUE HICIMOS.

28/07/2025: SUBV CONCEDIDA DE 90.000 EUROS
03/09/2025 Subido por registro refundido del proyecto que ha sido aprobado por la consulta. Se envía sin visar a la espera de aprobación.
07/11/2025 de rmolano@gestoria-mym.com informan.
He conseguido hablar con el ayuntamiento y me dicen que el primer informe técnico no es favorable, pero no harán requerimiento hasta que no se tengan todos los informes de los técnicos.

Os lo digo para que lo tengáis en cuenta.
04/12/2025 Se pasa a visar parte del proyecto (presupuesto, planos estado actual, arquitectura, estructura, instalaciones) ya que ha habido modificaciones y nos lo pide el ayuntamiento de Leganés en un requerimiento.
18/12/2025 se da contestación al requerimiento
18/03/2026  rmolano@gestoria-mym.com manda email indica que ha estado hablando con el técnico municipal “  En la consulta urbanística os comunicaron que el proyecto teníais que establecer y demostrar que en el espacio que existe se peude hacer ascensor y que justifiquéis que se debe tirar la pared de los tendederos.  Esto lo solucionasteis en esa consulta urbanística (y parece ser que os lo solicitaron varias veces, mediante subsanaciones). Pero que no esta subsanado en el proyecto que se presento en la solicitud de licencia urbanística.  Esto os van a notificar mediante nuevo requerimiento.”

Importante si llega otro requerimiento que lo vea nuestro técnico.",37/2023-262LUO,,,,MADRID\1APROVINCIA\LEGANES\moraña24\FICHA DATOS TECNICOS.docx
napoles11,ok,,,,,,,,PEDRO ARANDA,,Daniel,por defecto: sin etiqueta = Daniel,,,,,,,,MADRID\1APROVINCIA\LEGANES\napoles11\FICHA DE DATOS ACCESALIA.docx
napoles6,ok,,,,,,,,,Pedro Aranda THYSSEN,Daniel,por defecto: sin etiqueta = Daniel,,,"COLOCAR PLATAFORMA A LA ENTRADA
DESVIAR CUARTOS DE CONTADORES DE TODO
(pero podemos evitar desviar contadores de luz)",,,,,MADRID\1APROVINCIA\LEGANES\napoles6\FICHA DE DATOS ACCESALIA.docx
napoles8,ok,,,,,,,,,Pedro Aranda THYSSEN,Daniel,por defecto: sin etiqueta = Daniel,,,"COLOCAR PLATAFORMA A LA ENTRADA
DESVIAR CUARTOS DE CONTADORES DE TODO
(pero podemos evitar desviar contadores de luz)",,,,,MADRID\1APROVINCIA\LEGANES\napoles8\FICHA DE DATOS ACCESALIA.docx
navarra5,ok,,,,,,,,,PEDRO ARANDA  THYSSEN,Daniel,por defecto: sin etiqueta = Daniel,,,"Propiedad:
CIF:
Presidente:
DNI:

Código postal:
Referencia catastral:
Fachada:
PEM:	          residuos:",,,,,MADRID\1APROVINCIA\LEGANES\navarra5\FICHA DE DATOS ACCESALIA.docx
nuestraseñoradebegoña1,ok,H79590865,,,administradores marcal asesores,,,rgpd@marcalasesores.com,,Oswaldo Garcia Cabrera,Daniel,por defecto: sin etiqueta = Daniel,,,"Propiedad :CDAD DE PROP CL NUESTRA SRA DE BEGOÑA 1 LEGANES
CIF:		H79590865
Presidente:
DNI:

Código postal:	28911
Referencia catastral: 4544501VK3644S
Fachada:
PEM:	          residuos:


FECHA: 30 nov 2020 10:46
Oswaldo Garcia Cabrera
Nos han aprobado otra consulta previa en este caso es de nuestra señora de begoña, 1 leganés, como siempre vosotros hacéis la consulta, las cantidades de momento no se cobra nada, si sale la consulta positiva y se reúnen y deciden o no hacerlo o hacerlo con otro proveedor vosotros",,,,,MADRID\1APROVINCIA\LEGANES\nuestraseñoradebegoña1\FICHA DE DATOS ACCESALIA.docx
nuestraseñoradecovadonga13,ok,,,,MARCAL ASESORES,BEATRIZ MARTINEZ,916 93 16 58,rgpd@marcalasesores.com,,,Daniel,por defecto: sin etiqueta = Daniel,,,,,,"24/02/2025 Viabilidad de instalación de rampa en dónde se encuentran las escaleras de la entrada del portal, cumpliendo la normativa vigente. Tienen junta el 25/02",,MADRID\1APROVINCIA\LEGANES\nuestraseñoradecovadonga13\FICHA DATOS.docx
nuestraseñoradecovadonga15,ok,,,,MARCAL ASESORES,BEATRIZ MARTINEZ,916 93 16 58,rgpd@marcalasesores.com,,,Daniel,por defecto: sin etiqueta = Daniel,,,,,,"24/02/2025 Viabilidad de instalación de rampa en dónde se encuentran las escaleras de la entrada del portal, cumpliendo la normativa vigente. Tienen junta el 25/02",,MADRID\1APROVINCIA\LEGANES\nuestraseñoradecovadonga15\FICHA DATOS.docx
nuestraseñoradeguadalupe5,ok,,,,,,,,CDAD PROP,JOSE LUIS DE ROEN,Daniel,por defecto: sin etiqueta = Daniel,,,,,,,,MADRID\1APROVINCIA\LEGANES\nuestraseñoradeguadalupe5\FICHA DATOS TECNICOS.docx
nuestraseñoradeguadalupe7,ok,,,,ANTEGALIA,ROBERTO,600 86 32 73,roberto@antegalia.es,,ROBERTO ANTEGALIA,Daniel,por defecto: sin etiqueta = Daniel,,,"29/01/2024 enviada hoja de encargo con next gen
05/03/2024 dice que lo han aprobado, tienen que mandarlo firmado.",,,,,MADRID\1APROVINCIA\LEGANES\nuestraseñoradeguadalupe7\FICHA DATOS TECNICOS.docx
nuestraseñoradelaalmudena2,ok,,,,AG ADMINISTRACION GOMEZ,Susana Gómez Fernández,91 288 33 80,susana@administraciongomez.com,,,Daniel,por defecto: sin etiqueta = Daniel,,,,,,,,MADRID\1APROVINCIA\LEGANES\nuestraseñoradelaalmudena2\FICHA DATOS TECNICOS.docx
nuestraseñoradelaalmudena5,ok,,,,Administración gomez,Susana Gómez Fernández,91 288 33 80,susana@administraciongomez.com,,,Daniel,etiqueta de la ficha,,,,,,"16-06-2025
de:	Susana <susana@administraciongomez.com>
Daniel buenas tardes, voy a abusar de tu sabiduría, me manda Óscar estas medidas para poner una plataforma elevadora en una Comunidad, para los primeros escalones hasta el bajo para vecinos con sillas de ruedas, ¿tenemos que tocar las escaleras para cumplir la normativa? Si tienes que ir a verlo, y tienes que cobrar algo, dime importe y hablo con la presidenta.



Ya me indicas.



Gracias
20-06-2025 INFORME DE VIABILIODAD ENVIADO A SUSANA CON COPIA A FAIN P.O DANIEL",,MADRID\1APROVINCIA\LEGANES\nuestraseñoradelaalmudena5\FICHA DATOS.docx
nuestraseñoradelaesperanza3,ok,H79735221,,53048487E,ADMINISTRACION GOMEZ,Susana Gómez Fernández,91 288 33 80,susana@administraciongomez.com; recepcion@administraciongomez.com,FAIN,OSCAR LOPEZ,Daniel,por defecto: sin etiqueta = Daniel,,4746801VK3644N,"01/06/22 EL VIERNES PRESENTO, tengo presupuesto y todo de oscar
29/06/22 OJO A LOS DATOS ECONOMICOS QUE MANDA OSCAR DE COBRO A FAIN
20/09/22 PASAR DE ANTEPROYECTO A PROYECTO, DATOS DE INGENIERÍA GUARDADOS EN DATOS
27/08/2024 CONSULTA URBANISTICA APROBADA, ENVIO SOLICITUD TRAMITE LICENCIA
06/11/2025 solicitud firmas de la DR inicio de obra
18/11/2025 ya no se gestiona la DR de inicio por instancia, se vuelve a gestionar con técnico del ayto de Leganes con Antonio Garcia. Se le manda un email para el lunes 24/11/2025 a las 11:30 por reunión de incio y replanteo con contrata, presidente y Daniel
29/01/2026 se envia a FAIN el informe del foso reducido para que lo envie a industria",,,,,MADRID\1APROVINCIA\LEGANES\nuestraseñoradelaesperanza3\FICHA DATOS TECNICOS.docx
nuestraseñoradelaesperanza5,sin ficha,,,,,,,,,,,,,,,,,,,
nuestraseñoradelamacarena11,ok,H83554519,,,MARCAL ASESORES,Emilio Pérez,916 93 16 58,"Ojo: a 23-01-2023 ya no llevan la comunidad, y sienten que fueron ingratos con ellos. No saben quién les lleva ahora o quién es el presidente.",FAIN,Oswaldo David Cámara,Daniel,por defecto: sin etiqueta = Daniel,,,"31/01/23 la obra no ha comenzado todavía, hay que preguntar a fain cuándo tienen previsto que empiece.

A 22/02/23 llama Juan Carlos Martínez de Thyssen diciendo que la comunidad se ha enfadado con FAIN porque les han subido el precio, y que les han pedido a ellos. Me piden el proyecto visado entero y la licencia. Tlf 609 27 51 13. Juan-carlos.martinez@tkelevator.com

Dice que la administradora ahora es MARCAL

Llamamos a Oswaldo y me confirma que el 21/02 han tenido reunión con la comunidad y no se han puesto de acuerdo en los precios. Nos autoriza a pasarles el proyecto.


28/09/2023 Llega una carta del COAM indicando que otro arquitecto ha subido un proyecto. Emilio Marcal confirma que han encargado la instalación del ascensor a otro despacho. No se ha ejecutado ningún trabajo. Se manda carta al COAM indicando que la obra está al cero por ciento.",Administración de Fincas HERNANDEZ & VAZQUEZ · Plaza Mayor 22 - 1ª planta Oficina 15B. · 28911 - LEGANES (Madrid) · Manuel · Vazquez · 91 694 57 21 · fincas@hernandezyvazquez.com,,,,MADRID\1APROVINCIA\LEGANES\nuestraseñoradelamacarena11\ascensor\FICHA DATOS TECNICOS.docx
nuestraseñoradelamacarena2,ok,,,,,,,,FAIN,OSCAR LOPEZ,Daniel,por defecto: sin etiqueta = Daniel,,,"16/03/2023 REU COMERCIAL. VA JOHN CON OSCAR LOPEZ. PRESENTAR 3D
31/10/2023 NUEVA OPCION ASCENSOR ION DETRÁS CON ESCALERA DETRÁS",,,,,MADRID\1APROVINCIA\LEGANES\nuestraseñoradelamacarena2\FICHA DATOS TECNICOS.docx
nuestraseñoradelamacarena5,ok,,,,,,,,FAIN,,Daniel,por defecto: sin etiqueta = Daniel,,,,,,,,MADRID\1APROVINCIA\LEGANES\nuestraseñoradelamacarena5\FICHA DATOS TECNICOS.docx
nuestraseñoradelamacarena7,ok,E78259686,DOLORES MOLIS RUIZ,24749063M,ADMINISTRACION GOMEZ (pedidos docs cp 20/08),SUSANA Gómez Fernandez  (Dni 52374545A),91 288 33 80,susana@administraciongomez.com; patricia@administraciongomez.com; recepcion@administraciongomez.com,,SUSANA administradora,Daniel,por defecto: sin etiqueta = Daniel,,4443301VK3644S,"Correo de Susana, administradora, el 02/09/2024:
van a empezar la obra antes, no se van a esperar a tener la subvención concedida, cuando lleguen seguramente la obra estará terminada, y como van a pedir financiación pues se cancelará el préstamo o ya veremos cómo lo hacemos cuando llegue el momento.


19/09/2024 INSTRUCCIONES DE DANIEL
No se pone sate en los cantos de forjado de terrazas delanteras",CRISTINA SAIZ MOLINA · MIGUELA SANTOS ROMERO · 04622161N · 06155380M · Cristina hija de Miguela: 676 80 78 28,,,,MADRID\1APROVINCIA\LEGANES\nuestraseñoradelamacarena7\FICHA DATOS TECNICOS.docx
nuestraseñoradelamacarena9,ok,H79674990,EUSTAQUIO SANCHEZ CRESPO,07723446T,Marcal asesores,Emilio,916 93 16 58 (ADMIN FINCAS OPC 2),emilio@marcalasesores.com; rgpd@marcalasesores.com,,,Daniel,por defecto: sin etiqueta = Daniel,,4443906VK3644S,"27/02/2024 pedido presupuesto a la comunidad, saber si es de fain para hacer anteproyecto. Pedido que actualicen documentos para datos promotor y autorización.

22/01/2025 La documentación de la consulta no coincide con la que se hizo posteriormente para la solicitud de licencia. No coinciden porque la de la consulta se hizo SIN nube de puntos. Para la licencia sí se hizo con nube de puntos, y había cosas en el estado actual de lo presentado en la consulta que no coincidían con la realidad. Ahora el ayuntamiento nos pide que pongamos la documentación para la solicitud de la licencia igual que en la consulta aprobada, aunque no corresponda con la realidad. Según Daniel, lo vamos a presentar así y ya justificaremos los cambios en el fin de obra.
18/12/2025 NOTIFICACIÓN APROBACION LICENCIA, AVISO A LOS INTERESADOS DE QUE YA PUEDEN EMPEZAR LA OBRA.
ACTA DE INICIO Y REPLANTEO CON TÉCNICO DEL AYUNTAMIENTO (ver con Alejandra cuando indiquen la fecha de la obra)
16/03/2026 reunión de acta de inicio y replanteo con Antonio Garcia (técnico municipal)
---------- Forwarded message ---------
De: Emilio Marcal <emilio@marcalasesores.com>
Date: mié, 11 mar 2026 a las 12:19
Subject: Re: [External] Re: OBRA: NTRA SEÑORA DE LA MACARENA 9, LEGANES - CITA REPLANTEO CON TECNICO MUNICIPAL
To: Oficina Accesalia <oficina.accesalia@gmail.com>
Cc: Cristian Rodríguez Nieto <cristian.rodriguez@fainascensores.com>, Alejandra Pérez Galano <aperez.accesalia@gmail.com>


Buenos días:

Sí, estamos interesados en ello, por si nos podéis pasar la oferta para la subvención.

Un cordial saludo.

11-03-2026 HE SUBV ENVIADA
16/03/2026 CSS no contratado
17/03/2026 no se realiza reunión de inicio y replanteo, pdt Antonio indique otra fecha
18-03-2026 HE CSS ENVIADA CON PRECIO INDICADO POR DANIEL, PAGA FAIN
19-03-2026 HE RECIBIDA CSS
24-03-2026 realizan reunión acta de inicio y replanteo",FRANCISCA GONZALEZ BOTIJA (BAJO A) · RITO LORENTE FERNANDEZ · 70316280J · 03774130Z,,,,MADRID\1APROVINCIA\LEGANES\nuestraseñoradelamacarena9\FICHA DATOS TECNICOS.docx
nuestraseñoradelamerced1,ok,,,,,,,,FAIN,ALBERTO CALLEJA,Daniel,por defecto: sin etiqueta = Daniel,,,29/09/2022,,,,,MADRID\1APROVINCIA\LEGANES\nuestraseñoradelamerced1\FICHA DATOS TECNICOS.docx
nuestraseñoradelamerced11,ok,,,,,,,,FAIN,ALBERTO CALLEJA,Daniel,por defecto: sin etiqueta = Daniel,,,22/09/22 Demolición de escalera con escalera en semicirculo. Sale un ascensor. Pequeño. Se mueven los buzones  y se derriba el muro donde están ahora . Está incluido la salida a cubierta. no hay movimiento de contadores. VISITA EL 28/09/22,,,,,MADRID\1APROVINCIA\LEGANES\nuestraseñoradelamerced11\FICHA DATOS TECNICOS.docx
nuestraseñoradelasangustias14,ok,,,,,JOSEFINA ADMINISTRADORA,639346338,,cdad,,Daniel,por defecto: sin etiqueta = Daniel,,,"30/05/22 JOSEFINA ES ADMINISTRADORA DE ARROYOMOLINOS, 639346338, ADEMAS ESTAN ENTERADOS LOS DE ELECNOR, IBAI LES VA A MANDAR PRESUPUESTO CON LAS CARACTERISTICAS TECNICAS QUE LE MANDE HOY POR CORREO (MIRAR CORREO)

He estado hablando con Josefina, la administradora de Arroyomolinos, en referencia a la Comunidad de Nuestra Señora de las Angustias 14 de Leganés.
Necesita que se le valore la colocación de SATE, pero con las características siguientes.
1. El espesor del SATE será de 10 cm, el modelo de GRAFITO
2. Hay que valorar el aislamiento de cubierta mediante aislamiento de lana de roca de 10 cm debajo del sistema actual de cobertura de chapa grecada.
3. NO QUIEREN AUTOCONSUMO DE FOTOVOLTAICA, por lo que se debe limitar la oferta al aislamiento en fachada y fotovoltaica.
Recordad que las subvenciones salen en breve.
Daniel Navarro propone: ¿Por qué no aislamos con ROCKWOOL que es transitable y se cubre y se protege? Quizá sería menos invasivo..",,,,,MADRID\1APROVINCIA\LEGANES\nuestraseñoradelasangustias14\FICHA DATOS TECNICOS.docx
nuestraseñoradelasangustias17,ok,H79290284,,04584898D,"ANTEGALIA, S. L.",ISMAEL TORRES,91 693 84 72 – comunidades 3,ismael@antegalia.es,CDAD,JOSE LUIS (ROEN) oficina@roen.es - jljimenez@roen.es,Daniel,por defecto: sin etiqueta = Daniel,,4442505VK3644S,"19-12-2023 Proyecto Sate, CEE, Libro, IEE, programa 3, Dirección facultativa, CSS se manda hoja de encargo.
26-12-2023 RECIBIDA HOJA ENCARGO FIRMADA.
09-01-2024 Daniel habla con el administrador y se le ofrece programa 5. Se manda hoja de encargo sin datos de precio.
31-1-2024 PARA PROYECTISTA
En visita se detecta gran presencia de palomas anidando en cubierta.

Núcleo de comunicaciones con humedades. Contemplar partida de saneamiento cara interior. Fotos en ProyectoSubvenciónIEETrabajoDaños 7-8-9

Humedades capilaridad en zonas comunes PB. Fotos en ProyectoSubvenciónIEETrabajoDaños 3-4

Ladrillos deteriorados en P04. Fotos en ProyectoSubvenciónIEETrabajoDaños 12-13
28/07/2025: CORREO ENVIADA DE “OBRAS ACCESALIA”: “Visité la obra el pasado jueves 24 de julio, ya están completas las dos fachadas y están con los andamios en el patio interior de la izquierda.”
21/01/2026 envían 4ªcertificación e informan que la obra está acabada, confirmado con Ana Baraibar.
24/02/2026 se envia CFO visado",,,,,MADRID\1APROVINCIA\LEGANES\nuestraseñoradelasangustias17\FICHA DATOS TECNICOS.docx
nuestraseñoradelasangustias18,sin ficha,,,,,,,,,,,,,,,,,,,
nuestraseñoradelosangeles4,ok,H79993721,,52373153Z,"ANTEGALIA, S.L.",ROBERTO FEITAL,91 693 84 72 600863273,"roberto@antegalia.com Horario de trabajo: de lunes a jueves de 9:00 a 14:00 y de 16:00 a 19:00, viernes de 9:00 a  14:00.",CDAD,ROBERTO ANTEGALIA,Daniel,por defecto: sin etiqueta = Daniel,,4643305VK3644S,"26/02/2024 ENVIADA HOJA DE ENCARGO
DE CARA AL IEE:
Han instalado un ascensor, todavía no está operativo, falta la parte eléctrica, para meter potencia

DE CARA A SUBVENCIONES:
Le han concedido subvención de ascensor, por si algo fuera incompatible con otras subvenciones.


PARA IEE
HAY 9 VIVIENDAS y un local y medio en planta baja. en catastro salen 8 del bloque 4 porque no esta actualizado y no tiene en cuenta el bajo
INSTRUCCIONES DANIEL:

En la medianera sureste se hace la cubierta de lado a lado aunque hagamos gratis al vecino unos 6m2 porque no sabemos dónde hace el quiebro la vivienda

No se pone sate en techos de terrazas aunque tenga algunas cerradas
Va con compromiso 29/07/2024
hemos estado hablando sandra, mónica y yo
el problema es que no tienen presupuesto elegido",,,,,MADRID\1APROVINCIA\LEGANES\nuestraseñoradelosangeles4\FICHA DATOS TECNICOS.docx
nuestraseñoradelosangeles6,ok,H79891529,,76779009H,HERNANDEZ Y VAZQUEZ,,,fincas@hernandezyvazquez.com,,DAVID CAMARA.  FAIN,Daniel,por defecto: sin etiqueta = Daniel,,,"Propiedad:
CIF:	H79891529
Presidente:
DNI:

Código postal:	28911
Referencia catastral: 4543501VK3645S
Fachada :33,70  a calle seminario
PEM: 50.000	          residuos: 300


EXPEDIENTE 19060/2017-010

ES05 3067 0160 6430 6723 0320

CITE APAREJADORES <citeaparejadores@gmail.com>

19:03 (hace 20 horas)




para mí



Buenas tardes Daniel,
Tras conversación telefónica me presento como compañera de obra para llevar la coordinación de seguridad de la obra de referencia
Mis datos son los siguientes
Carmen María Fernández Creo
Dni 76779009h
Num coaatm  102 143 , registro coordinadores de seguridad Cam 3189
Telf 916238356-661929482
Estamos en contacto,
Un saludo
Carmen",,,,,MADRID\1APROVINCIA\LEGANES\nuestraseñoradelosangeles6\FICHA DE DATOS ACCESALIA.docx
nuestraseñoradelosangeles8,ok,E78556453,,,MANUEL VAZQUEZ,,,fincas@hernandezyvazquez.com,,OSWALDO GARCIA .  DAVID CAMARA,Daniel,por defecto: sin etiqueta = Daniel,,,"Propiedad: CDAD PROP NUESTRA SEÑORA DE LOS ANGELES 8 LEGANES
CIF: E78556453
Presidente:
DNI:

Código postal:	 28911
Referencia catastral:  4543501VK3645S
Fachada:
PEM:	          residuos:

41 m2 superficie

Técnico: Enrique",,,,,MADRID\1APROVINCIA\LEGANES\nuestraseñoradelosangeles8\FICHA DE DATOS ACCESALIA.docx
nuestraseñoradelpilar2,ok,,,,,,,,,PEDRO ARANDA,Daniel,por defecto: sin etiqueta = Daniel,,,"Propiedad:
CIF:
Presidente:
DNI:

Código postal:
Referencia catastral:
Fachada:
PEM:	          residuos:",,,,,MADRID\1APROVINCIA\LEGANES\nuestraseñoradelpilar2\FICHA DE DATOS ACCESALIA.docx
nuñezdearce4,ok,,,,,,,,FAIN,OSCAR LOPEZ,Daniel,por defecto: sin etiqueta = Daniel,,,"15/11/22 ASCENSOR POR PATIO INVADIENDO GALERIA COMERCIAL, HE CURSADO VISITA COMERCIAL",,,,,MADRID\1APROVINCIA\LEGANES\nuñezdearce4\FICHA DATOS TECNICOS.docx
nuñezdebalboa8,ok,,,,ANTEGALIA,,916938472,,CDAD,,Daniel,por defecto: sin etiqueta = Daniel,,,,,,,,MADRID\1APROVINCIA\LEGANES\nuñezdebalboa8\FICHA DATOS TECNICOS.docx
ordoñez17,sin ficha,,,,,,,,,,,,,,,,,,,
ordoño23,ok,,,,,,,,,DAVID CAMARA  THYSSEN,Daniel,por defecto: sin etiqueta = Daniel,,,"Propiedad:
CIF:
Presidente:
DNI:

Código postal:
Referencia catastral:
Fachada:
PEM:	residuos:
SUPEFICIES
AMBITO ORDENACION
DISTRITO",,,,,MADRID\1APROVINCIA\LEGANES\ordoño23\FICHA DE DATOS ACCESALIA.docx
paloma5,ok,H79590980,ROCIO HERNANDEZ ORZAEZ,53453449T,MARCAL,MARIAN JEBARI,,rgpd@marcalasesores.com,FAIN,,Daniel,por defecto: sin etiqueta = Daniel,,4544703VK3644S,"09/05/2022 de Oswaldo:
Os adjunto documentación para presentar consulta previo con acuerdo de no cobrar ahora y hacerlo cuando salga la consulta y si la Comunidad no hace la obra
17/05/2023 CONSULTA APROBADA. No cobrarla. Nos encargarán la licencia.
02/04/2024 Ascensor con derribo. Oscar López de FAIN. Reunión en Marcal con vecinos.",,,,,MADRID\1APROVINCIA\LEGANES\paloma5\FICHA DATOS TECNICOS.docx
paloma7,ok,,,,,,,,Cdad prop,ROBERTO ANTEGALIA,Daniel,por defecto: sin etiqueta = Daniel,,,17/05/2024 Se envía hoja de encargo proyecto por un lado y subvenciones incl. NG,,,,,MADRID\1APROVINCIA\LEGANES\paloma7\FICHA DATOS TECNICOS.docx
panades12,ok,,,,,ADMINISTRADOR ROBERTO,626101987,rsenado@ryeadministradores.es,FAIN,OSCAR LOPEZ,Daniel,por defecto: sin etiqueta = Daniel,,,"12/12/2022 PRESENTACIÓN JOHN.

reunión donde se expusieron los aspectos técnicos de la instalación del ascensor, durante esta junta, surgió la posibilidad de hacer SATE ya que algunos vecinos quieren beneficiarse de las subvenciones actuales,. Se les avisó de las actuales subvenciones y de su rapidez en la decisión ya que acaba el plazo el día 31 de Enero.
Otro punto fue la cubierta. Nuestro presupuesto plantea un casetón en la cubierta con salida de escalera pero no llegada de ascensor. Se les ha presupuestado un nuevo proyecto con una modificación sustancial de la cubierta a dos aguas supeditado a que la junta municipal nos deje subir más de la cubierta actual.

A raíz de la propuesta de cubierta a dos aguas con espacio para hacer los trasteros, legalizarlos, surgió la opción de hacer SATE en todo el edificio para poder optar a las NEXT GENERATION, fue algo que se explicó y comentó. Posteriormente debían decidir ellos en la reunión.
La sensación posterior de la reunión con Oscar Lopez de FAIN fue muy buena y positiva.
01/02/2023 ENVIADA HOJA DE ENCARGO",,,,,MADRID\1APROVINCIA\LEGANES\panades12\FICHA DATOS TECNICOS.docx
paseodecolon10,ok,,REMEDIOS MATURANA LOPEZ,,,,,,,,Daniel,por defecto: sin etiqueta = Daniel,,,hueco ascensor: 1180 x 950,,,,,MADRID\1APROVINCIA\LEGANES\paseodecolon10\FICHA DE DATOS ACCESALIA.docx
paseodecolon8,ok,H79777678,,01773822Q,ADMINISTRACIONES METROPOL,,,leganes@grupometropol.es,,DAVID CAMARA FAIN,Daniel,por defecto: sin etiqueta = Daniel,,,"Propiedad:	CDAD PROP PSO COLON 8 LEGANES
CIF:		H79777678
Presidente:
DNI:

Presidente a marzo 2023:
DEMETRIO POZA BARTOLOME
DNI 01773822Q.
TELEFONO 91 693 44 45

Código postal:	28911
Referencia catastral: 4843502VK3644S
Fachada:
PEM:	107420,45€
COAM: TL/019852/2020
TL/008098/2026 (CFO)

residuos:
SUPEFICIES 38,28
AMBITO ORDENACION
DISTRITO


PROYECTO BASICO Y DE EJECUCION PARA LA INSTALACION DE ASCENSOR EN EDIFICIO RESIDENCIAL EXISTENTE


Consulta urbanística 22/12/2020

Expediente de licencia: 000116/2021-262LUO.

Solicitud licencia 03/01/2022 (no figuraba aprobación de consulta)
Ojo, sí que se había mandado solicitud de licencia, y de hecho había un requerimiento administrativo de septiembre 2021, que se respondió el 15/10/21

Jefe de obra: Mª Angeles de FAIN

15-06-2026 se envia CFO visado",,,,,MADRID\1APROVINCIA\LEGANES\paseodecolon8\FICHA DE DATOS ACCESALIA.docx
pedroches36,ok,,,,,,,,,PEDRO ARANDA   THYSSEN,Daniel,por defecto: sin etiqueta = Daniel,,,"Propiedad:
CIF:
Presidente:
DNI:

Código postal:
Referencia catastral:
Fachada:
PEM:	          residuos:",,,,,MADRID\1APROVINCIA\LEGANES\pedroches36\FICHA DE DATOS ACCESALIA.docx
pedrodealvarado2,ok,,,,,,,,,,Daniel,por defecto: sin etiqueta = Daniel,,,"Propiedad:
CIF:
Presidente:
DNI:

Código postal:
Referencia catastral:
Fachada:
PEM:	          residuos:",,,,,MADRID\1APROVINCIA\LEGANES\pedrodealvarado2\FICHA DE DATOS ACCESALIA.docx
pedrodevaldivia9,ok,,,,,,,,CDAD PROP,ROBERTO DE ANTEGALIA,Daniel,por defecto: sin etiqueta = Daniel,,,06/02/2024 ENVIADA HOJA DE ENCARGO 8500. PAGO FRACCIONADO EN 7 MENSUALIDADES EMPEZANDO EL 01/03/2024,,,,,MADRID\1APROVINCIA\LEGANES\pedrodevaldivia9\FICHA DATOS TECNICOS.docx
pensamiento3,ok,,,,,,,,FAIN,OSCAR LOPEZ,Daniel,por defecto: sin etiqueta = Daniel,,,,,,,,MADRID\1APROVINCIA\LEGANES\pensamiento3\FICHA DATOS TECNICOS.docx
pensamiento5,ok,E78451770,OSCAR GARCÍA BARRIOS,52376083T,Clara Fernández Fernández (hablado por tlf con secretaria el 12/06) Administradora de Fincas  y Abogada,,Tlf. 91 680 12 67 / 656 680 876,clara@clarafernandez.es,FAIN -> se cobra a la Cdad,DAVID CAMARA,Daniel,por defecto: sin etiqueta = Daniel,,5544303VK3654S,"06/06/2023 De David Cámara: hay que hablar con la empresa que inyectó el refuerzo de la cimentación. Ojo reforzar el foso por corrimiento
La administradora tiene que celebrar nueva junta de vecinos porque el presidente ha vendido su casa.

04/10/2023 Julio ha estado haciendo el proyecto, pero se ha encontrado con un problema y se lo ha pasado a David Cámara. Está en el tejado de FAIN hasta que lo aclaren. (ver mail del 04/10)",,,,,MADRID\1APROVINCIA\LEGANES\pensamiento5\FICHA DATOS TECNICOS.docx
plazaandalucia2,ok,,,,,,,,,,Daniel,por defecto: sin etiqueta = Daniel,,,,,,,,MADRID\1APROVINCIA\LEGANES\plazaandalucia2\ficha.docx
plazadelaflor12,ok,,,,,,,,,PEDRO ARANDA   THYSSEN,Daniel,por defecto: sin etiqueta = Daniel,,,"Propiedad:
CIF:
Presidente:
DNI:

Código postal:
Referencia catastral:
Fachada:
PEM:	          residuos:",,,,,MADRID\1APROVINCIA\LEGANES\plazadelaflor12\FICHA DE DATOS ACCESALIA.docx
plazadelaflor13,ok,,,,,,,,,PEDRO ARANDA  THYSSEN,Daniel,por defecto: sin etiqueta = Daniel,,,"Propiedad:
CIF:
Presidente:
DNI:

Código postal:
Referencia catastral:
Fachada:
PEM:	residuos:
SUPEFICIES
AMBITO ORDENACION
DISTRITO",,,,,MADRID\1APROVINCIA\LEGANES\plazadelaflor13\FICHA DE DATOS ACCESALIA.docx
plazadelaflor6,ok,H79797585,,Y6606320X,INIESTA FOURNIER,Olalla,91 693 73 56,pensamientodiez@gmail.com admin - aquí no hacen caso if@iniestafournier.com (José Enrique),Cdad prop,David Cámara,Daniel,por defecto: sin etiqueta = Daniel,,5546806VK3654N,"Se factura directamente a la comunidad
16/06/2023, enviado copia del proyecto a Fain (David Cámara) y al adm


25.04.2025. Para fin de obra si se reimprime ajustar los precios a PEM: 142.488,81  PC: 169.561,68 y PC + IVA: 186.517,84. Con fecha de fin de obra 23.04.2025",MOUSTAPHA EL HANI ENNAHOUTI (nuevo presi 2023) 53900593R (Moustapha) · JOSE CARLOS SANCHEZ MORENO Conseguida firma electrónica del presidente 04155920G,,,,MADRID\1APROVINCIA\LEGANES\plazadelaflor6\FICHA DATOS TECNICOS.docx
plazadelaflor8,ok,H79768826,,,,,,,,David Camara Fain (pagado por CP),Daniel,por defecto: sin etiqueta = Daniel,,,"Propiedad:	CDAD DE PROP PLAZA DE LA FLOR 8
CIF:		H79768826
Presidente:
DNI:

Código postal:				28912
Referencia catastral: 			5646105VK3654N
Fachada:				15.10m
PEM:
residuos:


AMBITO ORDENACION
DISTRITO



Expediente 17/2021 LUO

Jefe de obra: Juan Luis Ruiz de Mier

COAM:

TL/001361/2021

TL/020529/2023

TL/005825/2025 VISADO PLANO POR RQ AYTO LEGANES


09-04-2025 ME LLAMAN DEL AYTO DE LEGANES Y ME COMENTAN QUE EL PLANO QUE HEMOS SUBIDO TIENE QUE ESTAR VISADO

04-11-2025 el ayuntamiento solicita nueva tasa de DR 1ª ocupación (fin de obra). Me pongo en contacto con FAIN ya que no sabemos cual es el nuevo administrador de esta comunidad.","47688504889500 · 37077652984500 · ADMINISTRADOR DE FINCAS        SI           NO · EMPRESA : · VALENZUELA · gestion · (horario hasta las 6 no cierra a mediodía) · TELÉFONO: · 91 694 94 11 · PERSONA DE CONTACTO: · Patricia · Rollán Huesca · E_MAIL: · fincas@valenzuelagestion.com · DIRECCIÓN: · Avda de Fuenlabrada, 40 Local · 28912 Madrid",,,,MADRID\1APROVINCIA\LEGANES\plazadelaflor8\FICHA DE DATOS ACCESALIA v2.docx
plazadelainmaculada6,ok,H83403634,Francisco Miguel López González,53719676W,Administración de Fincas HERNANDEZ & VAZQUEZ,Manuel Vázquez,91 694 57 21 619 14 07 96,fincas@hernandezyvazquez.com,Cdad prop,Fain / DAVID CAMARA,Daniel,por defecto: sin etiqueta = Daniel,,4543109VK3644S,"El presupuesto no figura firmado por el cliente.
Hay que pedir consulta urbanística y licencia (Leganés) 20/12/21
24/05/22 seguimos adelante
16/11/2023 Le enviamos hoja de encargo para subvenciones con una cantidad pero Daniel ha pactado con él otra cosa.
23/07/2024 CONSULTO STATUS LICENCIA POR TELEFONO ME DICEN QUE TIENE NUMERO NUEVO: 2024/52Y/URB_LUO
24-09-2024 LLAMO A PREGUNTAR ESTADE LICENCIA Y ME COMENTAN QUE YA ESTÁ PASADO A JURÍDICO PENDIENTE DE INFORME. Sofía
23-06-2025 HE CSS ENVIADA
27-06-2025 HE CSS FIRMADA
13/11/2025 HE SUBV RECIBIDA
03/07/2026 LA OBRA SE ENCUENTRA PARADA DESDE LA UTIUMA VISITA EN 02/10/2025 MIRAR A VER QUE PASA",ANTONIO LOZANO VAZQUEZ · 08763561D · ES64 2100 3703 0813 0029 3950,,,,MADRID\1APROVINCIA\LEGANES\plazadelainmaculada6\FICHA DATOS TECNICOS.docx
plazadelasfloras10,ok,H79106761,SOL AMALIA TORRES HERRADOR,,,,,gutiloli1@hotmail.com,NACHO FAIN,,Daniel,por defecto: sin etiqueta = Daniel,,,hueco ascensor: 1170 x 1240,,,,,MADRID\1APROVINCIA\LEGANES\plazadelasfloras10\FICHA DE DATOS ACCESALIA.docx
plazadelasfloras12,ok,H28542447,,,,,,timoteo@conalma2000.es,,PEDRO ARANDA  THYSSEN,Daniel,por defecto: sin etiqueta = Daniel,,,"Propiedad:	CP PLAZA DE LAS FLORAS 12
CIF:		H28542447
Presidente:
DNI:

Código postal:	28912
Referencia catastral: 5444310VK3654N
Fachada:
PEM:	residuos:
SUPEFICIES  47,50
AMBITO ORDENACION
DISTRITO



Aranda, Pedro Miguel

9:39 (hace 7 horas)



para Fernando, mí, Antonio, timoteo@conalma2000.es



Buenos días Daniel,

La persona del local se llama José Álvarez y su teléfono es el 620 814 269. Me ha comentado la administradora que está reformando el local.
Por favor explícale en qué consisten los trabajos a realizar si hay que bajar pilares, hacer zapatas o lo que sea necesario para evitar problemas posteriores. Una vez explicada la solución al propietario del local y aceptada por este que Timoteo me facilite la valoración y yo se la envió a la Comunidad.
Gracias, saludos
Pedro Aranda Ramírez
Comercial Nuevas Instalaciones
TK Elevator",,,,,MADRID\1APROVINCIA\LEGANES\plazadelasfloras12\FICHA DE DATOS ACCESALIA.docx
plazadelasfloras3,ok,,,,,,,vicenta321@hotmail.com,CDAD,VICENTA (VECINA),Daniel,por defecto: sin etiqueta = Daniel,,5444703VK3654S,"14/12/23 Les di presupuesto, llamar a preguntar si les va bien.
29/11/2024 Se manda presupuesto nuevo, sin CSS. Con compromiso de devolver honorarios si se deniega la licencia.",,,,,MADRID\1APROVINCIA\LEGANES\plazadelasfloras3\FICHA DATOS TECNICOS.docx
plazadelasfloras5,ok,H79931614,,,ADMINISTRACION GEINSA,,,gonferpar@yahoo.es,,David Camara FAIN –,Daniel,por defecto: sin etiqueta = Daniel,,,"Propiedad: CDAD PROP PLAZA DE LAS FLORAS 5 LEGANES
CIF:	H79931614
Presidente:
DNI:

Código postal:	28912
Referencia catastral: 5444706VK3654S
Fachada:
PEM: 83843,27
residuos:
SUPEFICIES 39,65
AMBITO ORDENACION
DISTRITO


ES85 2085 9262 8103 3043 3470

Tasa de residuos y tasa de licencia

Licencia 127/2021-262LUO

Jefa de Obra: ~~MARIA DE LOS ANGELES PEREZ SANCHEZ~~
~~DNI: 75115523F~~

Pasa a Cristian Rodríguez



De momento no van a pedir cita con el técnico municipal, hasta que decidan iniciar la obra en firme. 15/09/2022

Pedir cita con el arquitecto municipal 11/11/22. Cita para el 17/11

Presidenta
- NOMBRE COMPLETO: Leonor Moreno Escobar
- Nº DNI- 1.355.386-L
- TLF DE CONTACTO - 916942131



TL/004350/2024 (fin de obra)
TL/005567/2024 (justif obra)",MARIA DE LOS ANGELES PEREZ SANCHEZ · DNI: 75115523F,,,,MADRID\1APROVINCIA\LEGANES\plazadelasfloras5\FICHA DE DATOS ACCESALIA.docx
plazadelasfloras6,ok,,,,,,,,,PEDRO ARANDA  THYSSEN,Daniel,por defecto: sin etiqueta = Daniel,,,"Propiedad:
CIF:
Presidente:
DNI:

Código postal:
Referencia catastral:
Fachada:
PEM:	residuos:
SUPEFICIES
AMBITO ORDENACION
DISTRITO",,,,,MADRID\1APROVINCIA\LEGANES\plazadelasfloras6\FICHA DE DATOS ACCESALIA.docx
plazadelasfloras7,ok,H79737417,SANTIAGO RODRIGUEZ MURILLO,06961440F,MARIA DOLORES BURGOS,MARIA DOLORES BURGOS,91 110 93 67,mdoloresburgos@hotmail.com,Cdad prop,,Daniel,por defecto: sin etiqueta = Daniel,,5444302VK3654N,"04/11/22 CAGADA DE DAVID CAMARA QUE TENIAMOS QUE HACERLO HACE TIEMPO,
12-01-2024 PEDIDO STATUS LICENCIA AYTO LEGANES. ESPERANDO RESPUESTA
20/05/2025 REUNIÓN PARA CORREGIR PROYECTO CON JAVIER ERCO DE ORONA-BAYFER. Ojo, la obra no la va a hacer FAIN!
22-05-2025 PIDO PRÓRROGA DE LICENCIA DE 1 AÑO A PETICION DE ADMINISTRADORA YA QUE EL AÑO DE INICIO DE OBRA VENCE EN JULIO DE 2025 Y AUN NO HAN COMENZADO
MOD JUNIO 2025 (planos para obra corrigiendo medidas)
11-06-2025 LLEGA APROBACION DE PRÓRROGA SOLICITADA EN EL AYTO. 1 AÑO MÁS PARA COMENZAR Y 3 AÑOS PARA TERMINAR.
21/11/2025 reunión de inicio y replanteo el viernes 28/11/2025 a las 10:30 horas",DAVID CAMARA · / fain · ORONA BAYFER -,,,,MADRID\1APROVINCIA\LEGANES\plazadelasfloras7\FICHA DATOS TECNICOS.docx
plazadelasfloras8,sin ficha,,,,,,,,,,,,,,,,,,,
plazadeparis3,ok,,,,,,,,,RAFAEL LEGANES,Daniel,por defecto: sin etiqueta = Daniel,,,07/06/2022 LO ESTA MIRANDO RAFA LEGANES PARA SUS PADRES Y OTROS 4 PORTALES MÁS,,,,,MADRID\1APROVINCIA\LEGANES\plazadeparis3\FICHA DATOS TECNICOS.docx
plazahermanospinzon1,ok,,,,,,,,,ROBERTO DE ANTEGALIA,Daniel,por defecto: sin etiqueta = Daniel,,,22/01/2024 ENVIADA HOJA DE ENCARGO. HICIERON CUBIERTA HACE UN AÑO CON PANEL SANDWICH DE 6.,,,,,MADRID\1APROVINCIA\LEGANES\plazahermanospinzon1\FICHA DATOS TECNICOS.docx
plazahernancortes5,ok,,,,,,,,,PEDRO ARANDA   THYSSEN,Daniel,por defecto: sin etiqueta = Daniel,,,"Propiedad:
CIF:
Presidente:
DNI:

Código postal:
Referencia catastral:
Fachada:
PEM:	          residuos:",,,,,MADRID\1APROVINCIA\LEGANES\plazahernancortes5\FICHA DE DATOS ACCESALIA.docx
plazahernancortes6,ok,H79264875,Miguel Ángel  Martín Jiménez,,GABINETE 4 (pedidos docs 08/04/24),Antonio Gómez (contabilidad),Tel. y Fax.: 91 689 80 82 Móvil: 629 13 82 31,(no vale) administracion@gabinete4.com,CDAD PROP,,Daniel,por defecto: sin etiqueta = Daniel,,4842801VK3644S,"Sería por instalación de ascensor en la Comunidad. Lo necesitan para llegar a subvenciones.

Son 20 viviendas y 4 locales (Supermercado). El edificio es de 5 plantas.
Comparte referencia catastral con Hernán 5",gabinetecuatro@gmail.com,,,,MADRID\1APROVINCIA\LEGANES\plazahernancortes6\FICHA DATOS TECNICOS.docx
plazamiguelhernandez15,sin ficha,,,,,,,,,,,,,,,,,,,
plazaroma2,ok,,,,,,,iaguado@marcalasesores.com,Cdad prop,IVAN AGUADO MARCAL ASESORES,Daniel,por defecto: sin etiqueta = Daniel,,,04/04/2024 PROYECTO EXTERNO. ENVIADA HOJA DE ENCARGO,,,,,MADRID\1APROVINCIA\LEGANES\plazaroma2\plazanavarrevisca10\FICHA DATOS TECNICOS.docx
plazasalvador8,ok,,,,MARCAL ASESORES,BEATRIZ MARTINEZ,916931658,rgdp@marcalasesores.com,,,Alvaro,etiqueta de la ficha,,,,,,,,MADRID\1APROVINCIA\LEGANES\plazasalvador8\FICHA DATOS.docx
polvoranca,sin ficha,,,,,,,,,,,,,,,,,,,
polvoranca18,ok,H79625976,FRANCISCO GUZMAN CASARES,50683251Z,ASESORIA-ADMON. FINCAS,,,mdoloresburgos@hotmail.com,,David Camara FAIN,Daniel,por defecto: sin etiqueta = Daniel,,,"Propiedad:	CDAD PROP CL POLVORANCA 18 LEGANES
CIF:	H79625976
Presidente:	FRANCISCO GUZMAN CASARES
DNI:	50683251Z
CTA BANCARIA: ES48 2100 3703 0313 0040 1086

Presidente a enero 2022:
JUAN FRANCISCO DIAZ ADAME
DNI: 50155613L
TLF: 696 511 210
Jfda1963@hotmail.com

Licencia expediente 12/2021-262LUO (08/07/2021)

Año de antigüedad del edificio: 1971
Nº de viviendas: 20
Código postal:	28911
Referencia catastral: 4545601VK3644N
Fachada:
PEM: 95.872,89	          residuos:



Jefe de obra: Manuel Requena


12/11/2025 HE LIBRO DEL EDIFICIO enviada por indicación de Mónica .

11-02-2026 HE RECIBIDA

23/06/2026 se envia libro del edificio a los interesados

13/07/26 Por indicación de Monica se procede a ir Adelante con la tramitación de la ley de primera ocupación , se le avisa a oficina y a subvenciones . Alejandra",,,,,MADRID\1APROVINCIA\LEGANES\polvoranca18\FICHA DE DATOS ACCESALIA.docx
polvoranca26,ok,H79853685,ALBERTO BARQUILLA TORRES,53416336D,SMFINCAS,MONICA CIFUENTES,625 886 456,monica.cifuentes@smfincas.es,,,Carlos,etiqueta de la ficha,,4546101VK3644N,,,,"CONSULTA URBANÍSTICA
• Análisis de la normativa urbanística vigente aplicable al inmueble o parcela objeto
de estudio.
• Elaboración de un informe técnico que detalle los parámetros urbanísticos
fundamentales: usos permitidos, edificabilidad, ocupación, alturas máximas,
retranqueos, etc.
• Comprobación de posibles afecciones específicas: protección patrimonial,
inclusión en catálogo, servidumbres, limitaciones por planeamiento u otras
normativas sectoriales.
• Presentacion de la Consulta ante el Organismo responsable y seguimiento hasta
resolución.
08/06/2026 (Adriana) envio proyecto terminado a los interesados, a la espera de que comuniquen para la consulta urbanistica
09/06/2026 (adriana)envio al administrador la tasa y la solicitud para la consulta urbanística. Paso a visar Proyecto
09/07/2026 (Adriana) registro consulta urbanística en el ayto.
Envio justificante de registro y proyecto visado a los interesados",,MADRID\1APROVINCIA\LEGANES\polvoranca26\FICHA DATOS.docx
polvoranca39,sin ficha,,,,,,,,,,,,,,,,,,,
priorato17,ok,,,,,,,,,Pedro Aranda THYSSEN,Daniel,por defecto: sin etiqueta = Daniel,,,"COLOCAR RAMPA A LA ENTRADA
NO DESVIAR CUARTOS DE CONTADORES DE TODO",,,,,MADRID\1APROVINCIA\LEGANES\priorato17\FICHA DE DATOS ACCESALIA.docx
ribeiro17,ok,H79652822,PEDRO JOSÉ CAPILLAS CHARRO,00419333C,CRISTOBAL Y VILLALBA,,,david@cristobalyvillalba.com,JEFE DE OBRA CRISTIAN RODRIGUEZ,SERGIO GODINO FAIN,Daniel,por defecto: sin etiqueta = Daniel,,,"Propiedad:	CDAD DE PROP CL RIBEIRO 17 LEGANES
CIF:		H79652822
Presidente: 	PEDRO JOSÉ CAPILLAS CHARRO
DNI:	00419333C

Antigüedad del edificio: 1972
Nº de viviendas: 20
Nº de cta de la cdad.: ES21 0081 0235 77 0001490358

Código postal:	28915
Referencia catastral: 6257606VK3665N

Fachada:

PEM antiguo:	        ~~76.538,75 €~~
NUEVO PEM (DICIEMBRE 2021): 88.331,38
(total contrata 105114,34)
Modificado presupuesto y mediciones. Visar de nuevo este apartado para solicitar licencia.

Superficie: 33 m2

Visado COAM TL/016215/2020
TL/000355/2022 - TL/004237/2024 (CFO) –
TL/006182/2024 (JUSTIF OBRA)



Consulta urbanística aprobada 54/2020-015COU
Expediente 13/2022-262LUO

-3810253365  residuos:


Sergio Godino <sergio.godino@fainascensores.com>

11:17 (hace 5 horas)



para mí



Buenos días Daniel:

Este es el tema que te comenté el otro día.

Se trata de una Comunidad en Leganés que ha decidido realizar el Proyecto y tras la concesión de la Licencia solicitar a varias empresas del sector presupuesto para instalar ascensor en la finca.

Yo le ofrecí contratar directamente contigo este trabajo (Proyecto y Licencia), para una vez obtenida la Licencia presentar mi oferta adecuada a tu Proyecto.

Te dejo los datos de contacto de la administración para que puedas contactar con ellos.

CRISTOBAL Y VILLALBA
Pza Mayor, 9 - Leganés
91 688 59 42 - 91 685 18 79
Administrador David
david@cristobalyvillalba.com


FAIN pasa en diciembre 2021 un presupuesto modificado, y se rehacen los presupuestos. Para calcular nuevas tasas licencia de obras y fianza residuos. (Ana)

Licencia concedida. Facturar cuando inicien la obra (junio 2022 Ana)

Jefe de obra: Mª Angeles


26/11/2025 HE RENOV SUBV ACC ENVIADA","76.538,75 €",,,,MADRID\1APROVINCIA\LEGANES\ribeiro17\FICHA DE DATOS ACCESALIA.docx
rioalberche7,sin ficha,,,,,,,,,,,,,,,,,,,
rioaragon6,ok,H79914503,MARI ANGELES FERNANDEZ PEREZ,76099297W,Pedidos docs cp  02/07/25,-  PABLO  -,91 689 57 99,admifincas@grupoem.info,,,Daniel,etiqueta de la ficha,,4652601VK3645S,,ROEN · – JOSE LUIS · jljimenez@roen.es · JOSE LUIS · 916 884 566 - 645 369 037,,"02/07/2025 En la hoja de encargo se incluye SATE, cubierta y trabajos de pocería. Hacer CEE inicial y previsto. Subvenciones será más adelante en una segunda fase.
Recibida FIRMADA
05/09/2025 Diferencias respecto a su PPTO. No tienen canaletas para tapar los cables de fachada. No tienen ningún tratamiento para los cantos de forjado. No le hacen nada a los techos de terraza abierta. Nos dijeron mantener solo pintar techos terrazas abiertas. Canaletas dicen que no y cantos de forjado dicen ellos que les pondrán SATE.
18/11/2025 se envían tasas, formulario dr y proyecto visado para su firma y pago
17/12/2025 envian tasas pagadas y dr firmada, se registra en el ayuntamiento y envio justificante de registro y aviso que ya se puede empezar la obra
05/02/2026 ROEN indica que va a empezar las obras dentro de poco. Les solicito la apertura de centro de trabajo para poder gestionar el acta de inicio y replanteo",,MADRID\1APROVINCIA\LEGANES\rioaragon6\FICHA DATOS.docx
rioduero1,ok,H78456498,ROSARIO GALIANA GIMENEZ DE LOS GALANES,05503539F,,VIDAL RUBIO,639106785 – 912772741,vidalrubio@administracionfincasleganes.com,FAIN,OSCAR LOPEZ,Daniel,por defecto: sin etiqueta = Daniel,,5054804VK3655S,"Re: [External] RIO DUERO 1 LEGANES - anteproyecto y hueco
1 mensaje

Oscar Lopez Fernandez <oscar.lopez@fainascensores.com>
23 de mayo de 2022, 9:47
Para: Oficina Accesalia <oficina.accesalia@gmail.com>, daniel de soto <danieldesotoarquitecto@gmail.com>
Hola buenos dias.
Para que sea más rápido os envio las medidas del anteproyecto que solicite .
El ancho cuadra al perfección, en cuanto al fondo en lugar de ser 1220mm que solicite son 1190mm segun vuestras medidas habría que descontar 30mm
La medias de cabina en nuestro anteproyecto son 950 y habría que descontar 30mm igualmente, queda una cabina de 800mm de ancho por 920 de fondo.
Un saludo.


El lun, 23 may 2022 a las 9:14, Oficina Accesalia (<oficina.accesalia@gmail.com>) escribió:
Hola Oscar:

Te pasamos la fase correspondiente a anteproyecto con el hueco.
Esperamos vuestras noticias para continuar.


28/10/22 Subvención con participación comercial de Oscar",,,,,MADRID\1APROVINCIA\LEGANES\rioduero1\FICHA DATOS TECNICOS.docx
rioduero12,ok,H81014292,,,MARCAL ASESORES (PEDIDOS DOCS 14-10-2022 Y 24-10-22),TOÑI CÁRDENAS,916 93 16 58 / 601 43 77 51,Rgpd@marcalasesores.com; tonicardenas@marcalasesores.com,,– – RAUL GARCIA raul.garcia@fainascensores.com,Daniel,por defecto: sin etiqueta = Daniel,,5054402VK3655N,"06/06/2022 De David Cámara: Tengo una obra aceptada CP RIO DUERO 12, en Leganés en esta obra ya existe una consulta previa favorable, os adjunto el pto aceptado de la obra y la consulta previa para que os pongáis con el proyecto.
14/10/22 DIRECTAMENTE PROYECTO SIN CONSULTA (YA LO HIZO OTRO ARQUITECTO)
26/10/22 La admin ha pedido la documentación al ayto. pero que tiremos para adelante mientras tanto.
10/02/2025 Nos escribe JULIAN EGIDO RUBIO. 659734757. julianegido@hotmail.com
Reclama que no han visto el proyecto, y que en el ayto de Leganés les dicen que no hemos contestado a los requerimientos.
Tienen subv concedida y tienen que acabar la obra antes de diciembre de 2026.
11-02-2025 CONSULTADO ESTADO LICENCIA Y ME DICEN QUE ESTÁ PENDIENTE INFORME TÉCNICO
11/03/2025

Deficiencias técnicas requeridas solventadas acorde a conversación telefónica. Solo edite lo que nos requirieron. Se encuentran tanto la contestación al requerimiento como los textos y los planos modificados en la siguiente ruta:

D:\accesalia Dropbox\D SM\Ascensores y rehabilitaciones\MADRID\1APROVINCIA\LEGANES\rioduero12\2.PROYECTO\incidencia3 31-10-2024\5. incluir deficiencias técnicas no contestadas

Se Cambian
todos los planos de arquitectura, estructura e instalaciones
la contestación al requerimiento

INSTRUCCIONES de DANIEL:
Los errores más graves que vi en el proyecto los comente con Daniel y me dijo ignore los errores que no han saltado. P ej la escalera que se pasa de ch que por instrucciones de daniel la puse con CH de 19
27-05-2025 LLAMO AL AYTO A CONSULTAR ESTADO LICENCIA Y ME COMENTAN QUE ESTA PENDIENTE DE ESTUDIO DEL ARQUITECTO E INGENIERO DE LA APORTACION QUE HEMOS HECHO
22/07/2025 Nos llama un vecino, Julián Egido, del 4º C, porque el presidente y vicepresidente actuales son personas mayores, y se está ocupando él. Ha llamado al ayto y le han dicho que es Accesalia quien está tardando mucho en contestar los requerimientos y que los estamos contestando mal. Nos piden ponernos en contacto con el ayto.
Llamo al ayto y me dicen que nos harán un requerido por sede electrónica, hay que esperar a que llegue. En caso de duda, llamar los martes de 10 a 14 h a los teléfonos 91 48 98 30 o 91 248 98 61. Ana
ANOTACIONES IMPORTANTES TRAS INCIDENCIA 4 (notas del 8-SEP-2025)

Hay que enviar para que firmen los vecinos un documento que exprese que están conformes con los cambios realizados respecto de la solución presentada en la consulta urbanística.

NOTA: Van a estar especialmente atentos porque no se fían de que luego en obra piquemos la pared, no se si mandaran inspección o no cuando la obra esté terminada

Instrucciones de Daniel:
Aunque la escalera de Planta Baja NO CUMPLE y pese a mi advertencia, que si no se han quejado no cambie el proyecto (es un proyecto que no es mio)
No tocar nada del proyecto que no nos requieran.

27/10/2025 se adjuntan nuevos planos al COAM por req.ayto.
04/11/2025 contestado requerimiento con proyecto visado al ayto
25/11/2025 hablo con el ayto de Leganés, facilitan nº expediente 2023/98K/URB_LUO_P – doy aviso a la administración que todavía no han visto el requerimiento para contestar
21/01/2026 nos llega notificación de aprobación de licencia, informo a todos los interesados que ya pueden empezar la obra.
27/02/2026 Se les recuerda la necesidad de terminar la obra antes de diciembre de 2026 por la subv concedida .
27/02/2026 HE CSS ENVIADA
10/03/2025 CSS Recibida firmada
20/03/2026 carta de pago ICIO recibida.
Se la envío al administrador para que gestione el pago
06/04/2026 Toñi Cardenas tonicardenas@marcalasesores.com informa:

“A la espera de lo que decidan los propietarios en la junta que se celebrará el 8 de abril.”

Les recuerdo que tienen pendientes de realizar el pago de la tasa ICIO.

Fain les ha subido el precio, y quieren cambiar de contrata. El proyecto lo pagó la comunidad. Nos deben todavía el 20% del CFO cuando se emita. (Ana)

09/04/2026 ERRATA EN PLANOS AP01 Y AP02
21/04/2026 REUNION DE ACTA DE INICIO Y REPLANTEO PARA EL MARTES 28/04/2026 A LAS 11:30",DAVID CÁMARA · OSCAR LOPEZ · MARIAN · JEBARI · JOSE LUIS NIETO MARTIN · 00131882T,,,,MADRID\1APROVINCIA\LEGANES\rioduero12\FICHA DATOS TECNICOS.docx
rioduero17,ok,,,,,LOURDES VALLEJO CRISTOBAL Y VILLALBA,,,,LOURDES VALLEJO CRISTOBAL Y VILLALBA,Daniel,por defecto: sin etiqueta = Daniel,,,25/04/2024 PIDE PRESUPUESTO. CONTACTO VICTORIA 91-680 25 78.,,,,,MADRID\1APROVINCIA\LEGANES\rioduero17\FICHA DATOS TECNICOS.docx
rioduero22,ok,,,,,,,,,,Daniel,por defecto: sin etiqueta = Daniel,,,,,,19/02/2025 NO QUIEREN OCUPAR PATIO. IR A VERLO JL 26/02,,MADRID\1APROVINCIA\LEGANES\rioduero22\FICHA DATOS.docx
rioduero25,ok,,,,,,,,,PEDRO ARANDA  THYSSEN,Daniel,por defecto: sin etiqueta = Daniel,,,"Propiedad:
CIF:
Presidente:
DNI:

Código postal:
Referencia catastral:
Fachada:
PEM:	          residuos:",,,,,MADRID\1APROVINCIA\LEGANES\rioduero25\FICHA DE DATOS ACCESALIA.docx
rioduero29,ok,,,,MARCAL,TOÑI CARDENAS,,,,,Daniel,por defecto: sin etiqueta = Daniel,,,"10/02/2025 toñi cárdenas, administradora de marcal, pide presupuesto para consultar sobre viabilidad de instalación de una pequeña rampa a la entrada del portal

presidente Justo 696252044. vicepresidenta victoriana 916806077

18/02/2025 La intervención de Rio Duero 29 Leganés, será en primer lugar modificar el peldaño de la puerta de entrada para bajar 5 cm.

En segundo lugar, el picado del suelo hasta dos metros hacia el interior del portal para conseguir una rampa de 5 cm.

Por último, la implementación de la puerta del portal en 5 cm



El coste de la operación es de 8.000€",,,,,MADRID\1APROVINCIA\LEGANES\rioduero29\FICHA DATOS TECNICOS.docx
rioduero32,ok,H79788675,MIGUEL ÁNGEL PASTOR VALENCIA,53042686V,Cristóbal y Villalba.,,,carlosgm@cristobalyvillalba.com,,NACHO (FAIN),Daniel,por defecto: sin etiqueta = Daniel,,,"Propiedad: CDAD. PROP. CL RIO DUERO, 32 LEGANÉS
CIF: H79788675
Presidente: MIGUEL ÁNGEL PASTOR VALENCIA
DNI: 53042686V
MIGUEL ANGEL PASTOR
609860868
miguel@miguelpastor.es

Código postal:	28913
Referencia catastral: 4854501VK3645S
Fachada:
PEM:	93816,76          residuos:

DATOS DE ASCENSOR
6150
1100
850
3100
1100 bruto torre
Enfrente 2950 de escalera
Delante de ascensor 1000 pendiente de confirmar
6100/6150 de largo
Tienen 1200 bruto de torre + 50 de apoyo puertas
Tienen unos 930 en el lado contrario



Ayuntamiento Leganés:
consulta 34/2021-015COU aprobada el 19/01/22

solicitud de licencia 83/2021-262LUO: no siguen adelante hasta que esté ok la consulta. Aprobada.

Jefe de obra: Cristian Rodríguez

COAM: TL/004293/2024 (FIN DE OBRA)


Ojo es del padre de Carlos de FAIN 682695793
carlos.gonzalez@fainascensores.com

Jefe de obra: Cristian Rodríguez


26/11/2025 HE RENOV SUBV ENVIADA",,,,,MADRID\1APROVINCIA\LEGANES\rioduero32\FICHA DE DATOS ACCESALIA.docx
rioduero44,ok,,,,SMFINCAS,MONICA CIFUENTES,625 88 64 56,monica.cifuentes@smfincas.es,ELECNOR,MONICA CIFUENTES,Daniel,por defecto: sin etiqueta = Daniel,,,"25/05/22
HA IDO PEDRO COUTO A LA JUNTA DE VECINOS CON IBAI A VENDERLO",IBAI,,,,MADRID\1APROVINCIA\LEGANES\rioduero44\FICHA DATOS TECNICOS.docx
rioduero53,ok,,,,,,,,,,Daniel,por defecto: sin etiqueta = Daniel,,,,,,"05/02/2025 REHABILITACION CANTOS FORJADO TERRAZAS CON ANDAMIO: PRY, DF Y CSS. PEM 40,000. pte enviar presupuesto",,MADRID\1APROVINCIA\LEGANES\rioduero53\FICHA DATOS TECNICOS.docx
rioduero65,ok,E28607141,,52093315V,,,,monica.cifuentes@smfincas.es,,,Carlos,etiqueta de la ficha,,4653301VK3645S,"DATOS ADMINISTRADOR DE FINCAS EN SEPT 2025
NOMBRE
SM FINCAS Administradores de Comunidades, S.L.
DIRECCION
Av. Rey Juan Carlos I, 84 – planta 1, oficina 1
28916 Leganés, Madrid
PERSONA DE CONTACTO
Mónica Cifuentes Matito
TELEFONO
625 886 456
E-MAIL
monica.cifuentes@smfincas.es; INFO@SMFINCAS.ES",DATOS ADMINISTRADOR DE FINCAS · EN ABRIL 2025 · SM FINCAS · Sevi Vilas Bouzas · sevi.vilas@smfincas.es · AGUSTIN SACRISTAN GUERRO · Secretario: Antonio 616350822 1º D · Presidente: Agustin 619787055,,27/03/2025 Nos solicitan presupuesto para la solicitud y tramitación de posibles subvenciones por accesibilidad. Daniel llama y les dice que eso no es posible. Le pasan nueva dirección en calle Eduardo Urosa 7 en Carabanchel para estudiar la viabilidad.,"09/09/2025 CONTRATADO CON CARLOSG SUBV EXTERNA.
10/09/2025 FIRMADA",MADRID\1APROVINCIA\LEGANES\rioduero65\FICHA DATOS.docx
rioduero7,ok,,,,CRISTOBAL Y VILLALBA,NEREA,,,,NEREA DE CRISTOBAL Y VILLALBA,Daniel,por defecto: sin etiqueta = Daniel,,,,,,,,MADRID\1APROVINCIA\LEGANES\rioduero7\FICHA DATOS TECNICOS.docx
rioduero71,ok,H28575017,,53043560V,RIVERA,Francisca Rivera Gallego,627 80 16 37 / 91 296 56 70,info@administracionrivera.es,CDAD,ROEN (OJO VER NOTAS),Daniel,por defecto: sin etiqueta = Daniel,,4653305VK3645S,"28/07/2023 nos llega a través de ROEN ( no podemos ofertárselo a otras constructoras!!). No se llevan Comisión ni nada, así que les pasaremos alguna dirección para compensar de las que nos pidan contratas.
VISITA TOMA DE DATOS 24/08/2023 CONTACTO JAVIER, 1º B, 609 019 124
Esta comunidad ha aprobado ejecutar la obra de rehabilitación energética con nosotros. Se trata de un edificio de 19 viviendas y 1 local, (4 alturas + planta baja).

La obra se estima en un P.E.M. de 132.431.50 € (precio dado por roen)
La vecina del piso 2º C se encuentra de vacaciones hasta el próximo lunes. Os lo comento por si teníais que acceder a su vivienda María Teresa Hernandez Martin 650079838",,,,,MADRID\1APROVINCIA\LEGANES\rioduero71\FICHA DATOS TECNICOS.docx
rioebro4,ok,E78472958,Ildefonso Quesada García,02478412R,MARCAL ASESORES LEGANES,,,rgpd@marcalasesores.com,4768850488950037077652984500ADMINISTRADOR DE FINCAS        SI           NO,OSWALDO / DAVID CAMARA,Daniel,por defecto: sin etiqueta = Daniel,,,"Propiedad:	CDAD PROP CL RIO EBRO 4 DE LEGANES
CIF:		E78472958
~~Presidente:~~	~~Saturnino~~~~Jimenez~~~~López~~
~~DNI:~~		~~4103557N~~
~~Tlf~~ 		~~690 67 51 39~~
Presidente:	Ildefonso Quesada García
DNI:		02478412R
Tlf 		695190415


Código postal:	28913
Referencia catastral: 4552815VK3645S
Fachada:	23.51m
PEM:
residuos:
SUPEFICIES
AMBITO ORDENACION
DISTRITO


EXPEDIENTE: 19592/2020-010OMY (11/11/2021)



Jefe de obra: Juan Luis Ruiz de Mier

EXPEDIENTES COAM

TL/012019/2020

TL/020071/2023

TL/006089/2024 (CERT. NO MODIFICACIONES)",Presidente: · Saturnino · Jimenez · López · DNI: · 4103557N · Tlf · 690 67 51 39,,,,MADRID\1APROVINCIA\LEGANES\rioebro4\FICHA DE DATOS ACCESALIA.docx
riogenil4,ok,H79546701,,,EMILIO,,,emilio@marcalasesores.com,,OSWALDO  FAIN,Daniel,por defecto: sin etiqueta = Daniel,,,"Propiedad: CP RIO GENIL 4
CIF:	H79546701
Presidente:
DNI:

Código postal:	28913
Referencia catastral: 4552501VK3645S
Fachada: 43
PEM:	residuos:
SUPEFICIES:  41

Por la consulta cobrar 1000 y luego 2500 proyecto TOTAL 3500

ES52 0081 0235 7200 0180 2385

EXPEDIENTE CONSULTA URBANISTICA 25/2018-015COU",,,,,MADRID\1APROVINCIA\LEGANES\riogenil4\FICHA DE DATOS ACCESALIA.docx
rioguadalquivir10,ok,E28960458,RAUL FERNANDEZ COPADO,04177580K,,,,Nuevo: seguramente a partir de mediados de mayo o junio 2023. ZOE VA A CERRAR. MAS24 ADMINISTRACION GESTION Y ASESORAMIENTO TLF 91 688 33 11 – ANA MAIL: INFO@MAS24.ES; ana.b@mas24.es; 	; pilar.villalba@mas24.es Octubre 2024: info3@mas24.es,ELECNOR,> Lucía Dávila Javier Núñez Bruis,Daniel,por defecto: sin etiqueta = Daniel,,4653901VK3645S,"---------- Forwarded message ---------
De: IBAI CALONGE MURIEL <icalonge@elecnor.com>
Date: jue, 26 ene 2023 a las 11:49
Subject: Re: Rio Guadalquivir 10 Leganes
To: Gerencia Accesalia <gerencia.accesalia@gmail.com>
Cc: DANIEL NAVARRO FERNANDEZ <dnavarro@elecnor.es>


Buenos días Mónica,
Finalmente han optado por nuestro presupuesto y se ha terminado de contratar. Deberán contactar con vosotros desde producción para que nos mandeis la hoja de encargo.

Un fuerte abrazo.

10/03/2023 HAY QUE MANDAR HOJA DE ENCARGO.
13/03/2023 SE MANDA POR EL MISMO IMPORTE QUE SE DIJO A LA COMUNIDAD.
27/08/2024 CONSULTA URBANISTICA APROBADA, ENVIO SOLICITUD TRAMITE LICENCIA



NOTA IMPORTANTE:
Al no cumplir el diámetro 120cm libre en el acceso a rampas en cada planta desde el ascensor, tras conversación con Daniel 2304271745 se determina lo siguiente:

Se presenta el proyecto reduciendo las alturas entre niveles de suelo acabado de los 2.75m según la Nube de Puntos a los 2.71m. En obra se harán tabicas de 18.78cm en vez de 18.5cm al dividir 2.63m del módulo entre 14 peldaños, que no se notará.
Guardamos los documentos correctos según la nube de puntos en carpetas llamadas “NO BORRAR versión con Niveles según Nube de Puntos OK”.
18-03-2025 LLAMO A PREGUNTAR POR ESTADO DEL A LICENCIA AL AYTO Y ME COMENTAN QUE VAN A ENVIAR RQ QUE AUN ESTÁ PENDIENTE DE QUE LO FIRMEN Y NOS LLEGARÁ.
17/07/2025 se notifica la aprobación de licencia

26/09/2025 Por instrucciones de Daniel, se acepta la solución de escaleras propuesta por Elecnor, con tabicas de 190mm.
29/09/2025 Alejandra: a la espera de que el jefe de obra luego de reunirse con daniel este 02/10 nos diga si nos contrata la CSS
03/10/2025 HE ENVIADA CSS LO PAGA ELECNOR
03/10/2025 HE RECIBIDA FIRMADA
06/11/2025 DR de inicio de obra registrada. Mando justificante de registro a Juan Vicente.
27/01/2026 llega notificación de la agencia tributaria de leganes con la tasa ICIO para pagar, se lo envío a los interesados

28/01/2026 registro la tasa ICIO pagada y se lo envio a los interesados y a la agencia tributaria por email
20/08/2026 (Adriana) Elecnor indica que el ascensor no cabe, se reúnen elecnor, Marta obras y la comunidad para decidir si se pone otro ascensor hidráulico o el eléctrico. Hasta que no confirme la comunidad no se hace nada más.",IBAI · / · MARTA NUÑEZ · Andrés Mulas · -> · Juan Vicente Mañes · Tomás Morell · ZOE ASESORES S.L. · (PEDIDOS DOCS Y PRESUPUESTO 20/04) · C/ Rio Guadalquivir 10 Local · 91 228 11 83 / WHATSAPP 679 161 349 · info@zoeasesores.com · 000 · 139/2023-262LUO,,,,MADRID\1APROVINCIA\LEGANES\rioguadalquivir10\FICHA DATOS TECNICOS.docx
rioguadalquivir12,ok,E28965598,JOSE GAMA MORENO (revisar cuando llegue dni),08652438E,GABINETE 4 ABOGADOS,Antonio Gómez (dto. contabilidad),629138231 – 91 689 80 82,administracion@gabinete4.com,Cdad prop,DAVID CAMARA (FAIN),Daniel,por defecto: sin etiqueta = Daniel,,4653306VK3645S,"09-01-2024 OFRECER SUBVENCIONES TAMBIÉN. COBRAR TODO CDAD DIRECTAMENTE.
En Leganés por instrucciones de Daniel (21-2-2024) no se justifica la ventilación de escalera en montera
13-03-2024 presentada consulta urbanística
27-08-2024 aprobada consulta urbanística. Envío licencia y tasas para pagar
28-01-2025 Se hablo con un técnico sobre la incidencia, pero el técnico que la redacto está de vacaciones, se espera para continuar con la incidencia. Los técnicos son conscientes y dijeron que no nos preocupásemos por los 10 días y hablemos con la que nos requirió cuando vuelva (todo esto visto y hablado con Daniel hoy 29-01-2025)

Ya teníamos consulta urbanística aprobada y nos han requerido sobre el proyecto aprobado en la consulta urbanística. El cual no se hizo ningún cambio.
13-05-2025 LLAMO A PREGUNTAR ESTADO LICENCIA Y ME DICEN EN AYTO QUE ESTÁ PENDIENTE DE INFORME TÉCNICO
25/11/2025 hablo con el ayto de Leganés para saber el status de la licencia, nos van a mandar una notificación como desfavorable. Doy aviso a FAIN y administrador. Facilitan nº expediente 2024/252E/URB_LUO
17/02/2026 HABLO CON URBANISMO Y ME INDICAN QUE ESTÁ PENDIENTE DE INFORME TECNICO MUNICIPAL.

Informo a los interesados
06/04/2026 llega concesión de licencia, informo a todos los interesados
21/07/2026
de:
Juan Luis Ruiz de Mier Maldonado <juanluis.ruizdemier@fainascensores.com> a través de gmail.com

para:
Oficina Accesalia <oficina.accesalia@gmail.com>
Cc:
OBRAS ACCESALIA <obras.accesalia@gmail.com>
fecha:
21 jul 2026, 13:48


Todavía no se ha iniciado la obra.",gabinetecuatro@gmail.com · felisa@gabinete4.com,,,,MADRID\1APROVINCIA\LEGANES\rioguadalquivir12\FICHA DATOS TECNICOS.docx
riohenares2,ok,,,,,,,eugenio.platonov@gmail.com,,,Daniel,etiqueta de la ficha,,,,,,"29/05/2026 ALEX: He dejado en la carpeta de 3D escaneo que hizo Eugenio.

Es importante que Daniel tenga en cuenta que, aunque en la Comunidad de Rio Duero 12 las condiciones sean SIMILARES, la longitud del rellano entre plantas es de 6.40m; mientras que la longitud del rellano en Rio de Henares 2 es de 6m.

En San Andrés 1, Leganés, tenemos una licencia aprobada, para la instalación de un ascensor por el interior, cuyas condiciones son similares que Rio Henares 2; 6m de rellano y 90cm de espacio libre entre puerta de vivienda y embarque de escalera en cada planta. Entiendo que uno de los criterios para la licencia es no menoscabar las condiciones actuales de las viviendas situadas frente al embarque de las escaleras entre plantas, especialmente en la distancia libre de paso, estableciendo como referencia mínima la existente en el estado original del edificio.

En el caso de Rio Henares, a diferencia con San Andrés 1, es el paso libre de escalera frente a la puerta de 1m, por lo que puede resultar viable tomando como referencia proyecto San Andrés 1, restando esos 10 cm de diferencia.
DANIEL : Derribo completo de escalera para instalación de ascensor para tres personas con cinco paradas, embarque simple, modificación de peldaño de entrada y de puerta de acceso de portal, eliminación de puerta contra vientos. Instalación de rampa en portal. Presupuesto de ejecución. Material aproximado 190.000 € más IVA.. honorarios pactados con Eugenio
08-06-2026 word enviado a Eugenio con viabilidad tal como se ha acordado",,MADRID\1APROVINCIA\LEGANES\riohenares2\FICHA DATOS.docx
rioja19,ok,H78553146,LORENA DONOSO BERMEJO,53421058Q,GESCITY,David Martín / Santiago de Francisco,91 029 95 50 625 335 373,administracion@gescity.es,CDAD,,Daniel,por defecto: sin etiqueta = Daniel,,5949402VK3654N,"Constructor
Rehabilitaciones Integrales Roen, S.L.U.
C/ Paloma nº4, Local, Leganés 28911 Madrid
916 884 566 - 601 318 484
oficina@roen.es
16/10/2025 se registra DR y se da aviso a la comunidad y contrata para acta inicio y replanteo
20/11/2025 REUNION INICIO Y REPLANTEO EL VIERNES 28/11/2025 A LAS 11:30 (PDT CONFIMEN JEFE DE OBRA Y PRESIDENTE)
28/11/2025 LLAMA TECNICO AYTO.ADRIAN, AL SER UNA DR NO TIENE QUE IR PARA ACTA DE INICIO DE OBRA
3/12/2025 HE CSS ENVIADA   Alejandra 12/12/25 daniel indica ir adelante sin cobrarles
---------- Forwarded message ---------
De: Alejandra Pérez <aperez.accesalia@gmail.com>
Date: vie, 12 dic 2025 a las 10:46
Subject: Re: Fwd: Re: RIOJA 19 LEGANES - ACTA INICIO Y REPLANTEO PARA FIRMAR
To: Roen <oficina@roen.es>
Cc: Oficina Accesalia <oficina.accesalia@gmail.com>


Buenos días Cristian :
Daniel ha indicado aprobar el plan de seguridad y salud asumiendo la css.Pongo en copia a mi compañera de Oficina Adriana para que vaya adelante con la firma.
Reciba un cordial saludo,
16/09/2026 (Adriana) envio a todos los interesados el CFO visado",JOSE LUIS ROEN,,,,MADRID\1APROVINCIA\LEGANES\rioja19\FICHA DATOS TECNICOS.docx
rioja27,ok,,,,SILVIA Y SUSANA,,,,,NACHO FAIN,Daniel,por defecto: sin etiqueta = Daniel,,,"Propiedad:
CIF:
Presidente:
DNI:

Código postal:
Referencia catastral:
Fachada:
PEM:	          residuos:


Tienen el portal arreglado con una rampa de granito que salva dos escalones. Se ve que lo han reformado hace muy poco.

Derribamos escalera  para hacer escalera de CARACOL
NO NECESITAMOS DERRIBAR LA FACHADA DE PATIO, ni hacer una fachada nueva de chapa y cristal.
Nos sale un embarque simple de 5 paradas
dimensiones de la torre de hasta 1630 de fondo x 1300 de a ancho",,,,,MADRID\1APROVINCIA\LEGANES\rioja27\FICHA DE DATOS ACCESALIA.docx
rioja50,ok,,,,,,,,COINSA,JAVIER PARRA,Daniel,por defecto: sin etiqueta = Daniel,,,21/12/2023 SOLO CONSULTA PREVIA. ACCESIBILIDAD (RAMPA POR EXTERIOR Y ACCESO AL PROTAL POR SEMIÓTANO. 1200 ENVAIDA HOJA ENCARGO.,,,,,MADRID\1APROVINCIA\LEGANES\rioja50\FICHA DATOS TECNICOS.docx
rioja54,ok,,,,,,,,,ES DE PEDRO ARANDA PERO LO MANDO LUIS MIGUEL NUNES,Daniel,por defecto: sin etiqueta = Daniel,,,"Propiedad:
CIF:
Presidente:
DNI:

Código postal:
Referencia catastral:
Fachada:
PEM:	residuos:
SUPEFICIES
AMBITO ORDENACION
DISTRITO",,,,,MADRID\1APROVINCIA\LEGANES\rioja54\FICHA DE DATOS ACCESALIA.docx
rioja57,ok,H79720546,Mariano Trigos Montero,02210966E,ANGEL FARELO (pedidos docs 22-03-2023),,,615 25 46 85,CDAD,ANGEL FARELO ADMIN,Daniel,por defecto: sin etiqueta = Daniel,,6049803VK3664N,"12/12/22 PROYECTO Y TRAMITACION DE SUBVENCION (ayto Leganés, CAM y Next Generation), libro del edificio y CEE.

LA DIRECCION DE OBRA SE COBRARA A LA CONSTRUCTORA, POSIBLE ACUERDO CON NVR. Ojo a las comisiones, y a las cifras que tienen que aparecer en el presupuesto por Dirección de obra y por CSS.


17/03/2023

Proyecto Básico y de Ejecución
Certificado Energético Previo y Final
Redacción y Registro del Libro del Edificio
Desarrollo y Registro de IEE
Tramitación de Licencia
Memoria y documentación para la justificación de la solicitud de subvención
Tramitación de Subvenciones y Resolución de Requerimientos
Ojo: proyecto en pausa. Presidente dice que lo aprobado en junta no es legal, que él no estaba, etc.

12/04/2023 Hablado con Daniel. Angel Farelo va a organizar una reunión con los vecinos para desbloquearlo.
30/06/2023 El proyecto sigue bloqueado, se tramita abono porque no han pagado la factura.",,,,,MADRID\1APROVINCIA\LEGANES\rioja57\FICHA DATOS TECNICOS.docx
riomanzanares12,ok,,,,,,,,FAIN,MANUEL VAZQUEZ,Daniel,por defecto: sin etiqueta = Daniel,,,"27/05/22
MANDAR PRESUPUESTO PROYECTO Y TRAMITACION, MIRAR SU PARTE",,,,,MADRID\1APROVINCIA\LEGANES\riomanzanares12\FICHA DATOS TECNICOS.docx
riomanzanares19,ok,,,,CRISTOBAL Y VILLALBA,NEREA,,nerea@cristobalyvillalba.com,cdad,Nerea admin,Daniel,por defecto: sin etiqueta = Daniel,,,04/03/2024 ENVIAR PRESUPUESTO,,,,,MADRID\1APROVINCIA\LEGANES\riomanzanares19\FICHA DATOS TECNICOS.docx
riomanzanares22,ok,H81175507,CARLOS CUELLAR ARRANZ,51700509M,,,,Sevi.Vilas@smfincas.es,CDAD,IBAI CALONGE > LUCIA DAVILA,Daniel,por defecto: sin etiqueta = Daniel,,4852301VK3645S,A través de IBAI Elecnor. Hoja de encargo con el proyecto y subvenciones directamente a la comunidad.,NOMBRE · ZOE ASESORES S.L. · (pedido 30/5/22 · han recibido bien el correo · ) · Lunes a jueves: · De 9:30 a 14:00 y 16:00 a 19:00 · Viernes · : De 9:00 a 15:00 · DIRECCION · C/ Rio Guadalquivir 10 Local. · 28913 Leganés. · PERSONA DE CONTACTO · Carlos · TELEFONO · 91 228 11 83 · WHATSAPP 679 161 349 · E-MAIL · info@zoeasesores.com · 494/2022-262DRU,,,,MADRID\1APROVINCIA\LEGANES\riomanzanares22\FICHA DATOS TECNICOS.docx
riomanzanares25,ok,,,,,,,,,ALBERTO CALLEJA FAIN,Daniel,por defecto: sin etiqueta = Daniel,,,"Propiedad:
CIF:
Presidente:
DNI:

Código postal:
Referencia catastral:
Fachada:
PEM:	          residuos:",,,,,MADRID\1APROVINCIA\LEGANES\riomanzanares25\FICHA DE DATOS ACCESALIA.docx
riomanzanares26,ok,H81384638,,,METROPOL LEGANES,,916949004,leganes@grupometropol.es,FAIN,ALBERTO CALLEJA,Daniel,por defecto: sin etiqueta = Daniel,,4753701VK3645S,"OJO HABÍA DOC ANTIGUA DE PROPUESTA Y PRESUPUESTO

16/06/22 YA HA ENVIADO LOS NUMEROS DE PEDIDO
22/07/22 Alberto Calleja llama preguntando cómo va. Le digo que no tengo presupuesto ni datos del administrador. Que me los pase. (Ana)
05/09/22 Subvención se la tramitan ellos?
21/03/2024 va a ser el acta de inicio y replanteo, pero no van a tener la apertura de centro de trabajo hasta después de semana santa.",JOSE ANTONIO LOPEZ OROZCO · 52094451A,,,,MADRID\1APROVINCIA\LEGANES\riomanzanares26\FICHA DATOS TECNICOS.docx
riomanzanares31,ok,,,,Marcal,Beatriz,,rgpd@marcalasesores.com,,,Carlos,etiqueta de la ficha,,,,,,"26/11/2025 NO HACER 3D
1/10/26 han votado que no",,MADRID\1APROVINCIA\LEGANES\riomanzanares31\FICHA DATOS.docx
riomanzanares34,ok,,,,,,,,,ALBERTO CALLEJA FAIN,Daniel,por defecto: sin etiqueta = Daniel,,,"Propiedad:
CIF:
Presidente:
DNI:

Código postal:
Referencia catastral:
Fachada:
PEM:	          residuos:",,,,,MADRID\1APROVINCIA\LEGANES\riomanzanares34\FICHA DE DATOS ACCESALIA.docx
riomanzanares35,ok,,,,,,,,,PEDRO ARANDA  THYSSEN,Daniel,por defecto: sin etiqueta = Daniel,,,"Propiedad:
CIF:
Presidente:
DNI:

Código postal:
Referencia catastral:
Fachada:
PEM:	residuos:
SUPEFICIES
AMBITO ORDENACION
DISTRITO",,,,,MADRID\1APROVINCIA\LEGANES\riomanzanares35\FICHA DE DATOS ACCESALIA.docx
rionervion12,ok,,,,,,,,,,Daniel,por defecto: sin etiqueta = Daniel,,,,,,11/02/2025 REU COMERCIAL FSA CLARA FERNANDEZ. LLAMARLE EL JUEVES PARA VER SI HA SALIDO,,MADRID\1APROVINCIA\LEGANES\rionervion12\FICHA DATOS.docx
rionervion21,sin ficha,,,,,,,,,,,,,,,,,,,
riosegura16,sin ficha,,,,,,,,,,,,,,,,,,,
riosegura6,sin ficha,,,,,,,,,,,,,,,,,,,
riotajo20,ok,,,,marcal,Toñi cárdenas,,tonicardenas@marcalasesores.com,,TOÑI CARDENAS MARCAL,Daniel,por defecto: sin etiqueta = Daniel,,,"15/01/2025 adaptar la rampa del portal para hacerla más accesible y conforme a normativa. presidente se llama Carlos García teléfono 620101932

Va a ir Alex a hacer unas fotos o escanear para ver cómo tienen el portal antes de presupuestar.
22/01/2025 Alex fue a ver el proyecto y le hizo fotos. Daniel lo ve y se envia presupuesto para Redacción de memoria valorada, Estudio de seguridad y salud y Tramitación de licencia de obra. El 27 TOÑI tiene junta de vecinos y presenta el presupuesto.",,,,,MADRID\1APROVINCIA\LEGANES\riotajo20\FICHA DATOS TECNICOS.docx
riotormes2,ok,,,,,,,,FAIN,MANUEL VAZQUEZ,Daniel,por defecto: sin etiqueta = Daniel,,,"27/05/22
MANDAR PRESUPUESTO PROYECTO Y TRAMITACION, MIRAR SU PARTE",,,,,MADRID\1APROVINCIA\LEGANES\riotormes2\FICHA DATOS TECNICOS.docx
riotormes27,ok,,,,,,,,,FELIX UREÑA URBALL,Daniel,por defecto: sin etiqueta = Daniel,,,"Propiedad:
CIF:
Presidente:
DNI:

Código postal:
Referencia catastral:
Fachada:
PEM:	          residuos:
Superficie:",,,,,MADRID\1APROVINCIA\LEGANES\riotormes27\FICHA DE DATOS ACCESALIA.docx
rioturia2,ok,,,,MARCAL,BEATRIZ MARTINEZ,,rgpd@marcalasesores.com,,,Daniel,por defecto: sin etiqueta = Daniel,,,,,,"11/03/2025 Nos piden presupuesto solamente para subvenciones e iee. Hemos intentado pedirles reunión para explicar lo que hacemos pero se niegan. Mónica les explica que ofrecemos subvenciones como parte de nuestro paquete de servicios, no como una gestoría al margen.",,MADRID\1APROVINCIA\LEGANES\rioturia2\FICHA DATOS.docx
rodrigodetriana5,ok,H79659959,,,Administradora de Fincas AG,,,susana@administraciongomez.com,4768850488950037077652984500ADMINISTRADOR DE FINCAS        SI           NO,David Camara / Oswaldo Fain,Daniel,por defecto: sin etiqueta = Daniel,,,"Propiedad:	CDAD PROP CL RODRIGO DE TRIANA 5
CIF:		H79659959
Presidente:
DNI:

Código postal:	28911
Referencia catastral: 	4943601VK3654S
Fachada:	64.50M
PEM:	93.350,03€
residuos:
SUPEFICIES
AMBITO ORDENACION
DISTRITO


SUPERFICIES A DERRIBAR POR ESCALERA

PLANTA BAJA			8.50m2
PLANTA 1º				20.50m2
PLANTA 2º				8.50m2
PLANTA 3º				8.50m2
PLANTA 4º				8.50m2
PLANTA 5º				8.50m2
SUPERFICIES  CONTRUIDAS: 	63.00m2

COAM:

TL/013368/2020 (VISADO)
TL/019378/2021(PLANOS GENERALES)
TL/020886/2023 (FIN DE OBRA)
TL/006215/2024 (JUSTIF OBRA)
TECNICO DENNIS

Expediente ayuntamiento: 19594/2020-010OMY
Subido respuesta a requ el 16/11/2021. A 23/11/2021 no lo habían incorporado todavía al expediente.

Jefe de obra: juan Luis ruiz de mier

Presidente 2022:

PABLO CAÑAS PERAL
04080585V
Tlf 916937509 //636101045",,,,,MADRID\1APROVINCIA\LEGANES\rodrigodetriana5\FICHA DE DATOS ACCESALIA.docx
saavedrafajardo2,ok,H79164356,AROA PEREZ CLAUDIO,53452650Y,"ANTEGALIA, S.L.",ROBERTO o ISMAEL TORRES,91 693 84 72; 600 86 32 73 (ROBERTO),roberto@antegalia.es; ismael@antegalia.es,CDAD,ROBERTO ANTEGALIA,Daniel,por defecto: sin etiqueta = Daniel,,4940601VK3654S,"22/02/2024 ENVIADA HOJA DE ENCARGO
08/07/2024 recibimos hoja firmada. Van a ir con “compromiso”. Tenemos que hacer nosotros las mediciones y mandarlas para que les den presupuesto las contratas.
04/09/2024 Le han dicho a Carla que parece que un local también va a querer el SATE. Hay que aclarar el alcance del proyecto. Daniel les va a llamar.

Haciendo el certificado, me puse en contacto con Alex, para aclarar unos conceptos, en dicha llamada, me dijo Alex, la seria disconformidad del local con las humedades que tiene, en este punto, informar que el proyecto y el certificado no implican la actuación sobre todas las fachadas del local (únicamente en la fachada trasera, por continuidad de la fachada del edificio).

Por otro lado la persona que le atendió, dentro del edificio, le indicó que pretendían que el proyecto se hiciera conjuntamente con el portal 4 y que así todo el edificio tuviera el mismo diseño.

Por tanto, en conocimiento de Daniel, se tiene que hablar con el administrador para concretar ambos aspectos:

1 la implicación del local en el proyecto
2 la redacción del portal 4 en conjunto con el portal 2

05/09/2024 Se habla con Ismael para volver a pedirle la documentación solicitada el 08/07. Presidenta anterior con Alzheimer. Presidenta actual fuera, hasta octubre.

Cuando les demos el ciego, empezarán a mirar contratas.

Me indican que entonces decidirán si el edificio de al lado se sumará a hacerlo conjuntamente o no, no lo saben.
17-10-2024 TASAS ANULADAS CONFIRMACION AYTO POR EMAIL
18/06/2026 Preguntado al admin si han elegido presupuestos, indica que no, todavía están recaudando dinero.
27/08/2026 (Adriana) por recomendación de Ana, informo al administrador un estimado de lo que puede costar las tasas de DR y si quieren tramitarlo ahora y después de elegir el presupuesto",,,,,MADRID\1APROVINCIA\LEGANES\saavedrafajardo2\SATE\FICHA DATOS TECNICOS.docx
saavedrafajardo3,ok,,,,,,,,CDAD,ROBERTO DE ANTEGALIA,Daniel,por defecto: sin etiqueta = Daniel,,,,,,,,MADRID\1APROVINCIA\LEGANES\saavedrafajardo3\sate\FICHA DATOS TECNICOS.docx
saavedrafajardo4,ok,,,,,,,,,FELIPE ENOR,Daniel,por defecto: sin etiqueta = Daniel,,,BAJA + 4,,,,,MADRID\1APROVINCIA\LEGANES\saavedrafajardo4\FICHA DE DATOS ACCESALIA.docx
sanandres1,ok,E28934750,OSCAR BENITO GEREDUZ,50449081F,AEA FINCAS ADMINISTRACIONES FARO,ANGEL FARELO / LUIS,615 25 46 85 91 013 45 17,afarelo@aeafincas.es ; contabilidad@administracionesfaro.com,Cdad prop,,Daniel,por defecto: sin etiqueta = Daniel,NURIA VILLANUEVA,5549302VK3654N,"Pedido presupuesto a Oswaldo 03/03/2022, a David Cámara 09/01/23
26/09/22 LE VAMOS PIDIENDO LOS CODIGOS A DAVID CAMARA, PERO YA ESTA APROBADO
Enero 2023: han encargado subvención, pero no han firmado el presupuesto de FAIN.
03-09-2024 DANIEL HABLA CON TECNICO AYTO HAY QUE CAMBIAR PLANOS, VISAR Y CONTESTAR A LA DENEGACION DE LICENCIA
05/11/2024 consulto en ayto y el recurso a la denegación de licencia es favorable, hay que esperar que jurídico emita informe y nos notifiquen la aprobación.

06/03/2025 Tenemos licencia pero se necesita la autorización firmada de los propietarios de los trasteros. Angel Farelo va a preparar reunión con esos propietarios para que lo firmen. Ana prepara documento mientras lo organiza.
Seguramente después vaya otra reunión con los propietarios de la comunidad donde se pondrá el ascensor.

13/03/2025 El documento que tienen que firmar es el plano de la ocupación de trasteros que se hizo en 2022. La firma es algo interno, no hay que registrar ese documento en el ayuntamiento ni nada, porque, para la obtención de la licencia, se ha dicho que es un espacio “sin uso”, y la licencia no autoriza a intervenir en espacios privados.
14/10/2025. Se recibió licencia concedida en enero de 2025. En agosto, llegó una notificación que no entraba. Se pidió por registro que la mandaran por otra vía. Resultó ser el ICIO con recargo. La comunidad ni Accesalia nunca recibimos el ICIO para pagar. Se mandó mail reclamando a Tributario Ejecutivo. Hablado con ellos, dicen que podemos intentar mandar instancia para reclamar ya que nunca recibimos la carta de pago original sin el recargo. Parece ser que lo pudieron mandar al presidente pero a otra dirección (cuando en el dni del señor presidente de esa época sí figuraba su dirección en San Andrés 1). Se manda reclamación por instancia general.
05/09/2025 Administrador: Adicionalmente, no pueden pagar el ICIO porque la obra no puede comenzar. La subcomunidad de trasteros no autoriza al acceso a la zona de trasteros para construir el foso del ascensor, mientras no autoricen no podemos comenzar los trabajos. Existe alguna posibilidad de aplazar el pago del ICIO hasta conseguir dicha autorización, en el caso que no se consiga por la vía amistosa tendremos que entrar por la vía judicial y puede demorarse años.

Se envía por registro al ayto 15/10/2025 el documento de NO AUTORIZACION A INTERVENIR EN TRASTEROS.
01/12/2025 solicitud por instancia en el ayuntamiento de prórroga de licencia ya que caduca el 15-01-2026. Seguimos a la espera de que “la comunidad cierre el acuerdo definitivo con los propietarios de los trasteros afectados, ya que necesitamos su autorización por la reducción del foso del ascensor.”
Envio justificante de registro a todos
07/01/2026  se envia notificación del ayto. en el que aprueban prórroga de licencia
16/01/2026 solicitud de documento que acredite la titularidad del espacio que hay bajo el futuro ascensor  para poder hacer el foso reducido por requerimiento de industria, pendiente que nos lo envíen
17/02/2026 REUNION ACTA INICIO CON EL TECNICO MUNICIPAL
17/02/2026 HE CSS ENVIADA A LA CP",ANGEL BUITRAGO GOMEZ · 01485188D,,,,MADRID\1APROVINCIA\LEGANES\sanandres1\FICHA DATOS TECNICOS.docx
sanandres2,ok,,,,,,,,ROEN,JOSE LUIS ROEN,Daniel,por defecto: sin etiqueta = Daniel,,,15/10/2024 ENVIADA HOJA DE ENCARGO,,,,,MADRID\1APROVINCIA\LEGANES\sanandres2\FICHA DATOS TECNICOS.docx
sancarlosborromeo1,ok,,,,ADMINISTRACION DIEZ MORA,,,adimorasl@yahoo.es,,,Daniel,por defecto: sin etiqueta = Daniel,,,"Propiedad:
CIF:
Presidente:
DNI:

Código postal:
Referencia catastral:
Fachada:
PEM:	          residuos:


La inspectora de industria se llama Victoria, su correo es: victoriadelosangeles.viedma@madrid.org y su telefono es : 619269479

un saludo

ADMON. DIEZ MORA S.L.
Administración de Fincas

C/ Italia, 8 local 6  Leganés (Madrid) – 28916
Telef. 91 687 17 50 – Fax 91 481 06 13",,,,,MADRID\1APROVINCIA\LEGANES\sancarlosborromeo1\NUEVO\FICHA DE DATOS ACCESALIA.docx
sancesareo2,ok,H79626693,Oscar Martínez Velásquez (bajo C),,ADMINISTRACIONES METROPOL,,,leganes@grupometropol.es,JEFE DE OBRA CRISTIAN RODRIGUEZ,Cdad (DAVID CAMARA),Daniel,por defecto: sin etiqueta = Daniel,,,"Propiedad: CDAD DE PROP CL SAN CESAREO 2 LEGANES MADRID
CIF:	      H79626693
Presidente:	Oscar Martínez Velásquez (bajo C)
DNI:	053902730E

Código postal:	28912
Referencia catastral: 5647401VK3654N
Fachada:
PEM:	96.182,65€
residuos:
SUPEFICIES
AMBITO ORDENACION
DISTRITO

Licencia expediente 115/2021-262LUO (13/01/2022)
Declaración responsable cuarto contadores 000069/2022-260DRU (14/01/22)


Nº DE CUENTA CDAD
ES47-2038-2206-5130-0239-5020

TL/019846/2020 col 62737
TL/019161/2021
JEFE DE OBRA: MARIA ANGELES PEREZ

TL/009998/2024 CFO

TECNICO: ENRIQUE",,,,,MADRID\1APROVINCIA\LEGANES\sancesareo2\ascensor\FICHA DE DATOS ACCESALIA.docx
sancesareo3,ok,,,,,,,,,,Daniel,por defecto: sin etiqueta = Daniel,,,,,,,,MADRID\1APROVINCIA\LEGANES\sancesareo3\FICHA DATOS TECNICOS.docx
sanclemente10,ok,,,,,,,,,PEDRO ARANDA  THYSSEN,Daniel,por defecto: sin etiqueta = Daniel,,,"Propiedad:
CIF:
Presidente:
DNI:

Código postal:
Referencia catastral:
Fachada:
PEM:	          residuos:",,,,,MADRID\1APROVINCIA\LEGANES\sanclemente10\FICHA DE DATOS ACCESALIA.docx
sanclemente16,ok,H79170510,Raquel Jiménez Vinuesa,,,,,david@cristobalyvillalba.com,,PEDRO ARANDA   THYSSEN NACHO FAIN,Daniel,por defecto: sin etiqueta = Daniel,,,"Propiedad: CP SAN CLEMENTE 16
CIF: H79170510
Presidente: Raquel Jiménez Vinuesa
DNI:	70803893-A

Código postal:	   28912
Referencia catastral:   5447904VK3654N
Fachada:	15.22 m
PEM: 50000	          residuos: 300

EXPEDIENTE 19052/2017-010


QUEDAR CON David (Cristóbal y Villalba) 91 688 59 42
Plaza Mayor 9 1º  LEGANES
david@cristobalyvillalba.com
lourdesvallejo@cristobalyvillalba.com


ES36 2038 2206 5460 0065 6826


24-02-2026-----TL/007081/2017 expediente del antiguo nº COAM de Daniel de Soto 62737 y para CFO en nuevo nº coam hacer referencia a esta documentación antigua (duda, pregunta a ANA)",,,,,MADRID\1APROVINCIA\LEGANES\sanclemente16\FICHA DE DATOS ACCESALIA.docx
sanclemente2,ok,H79717732,Félix Jiménez Pérez,51821967T,LEGANES AEA FINCAS,Angel Farelo,910134517 / 615254685,leganes@aeafincas.es; afarelo@aeafincas.es ES09 3067 0157 0528 1092 2720,FAIN,,Daniel,por defecto: sin etiqueta = Daniel,,,Enviado presupuesto por gestión subvenciones ascensores 2022 y 2023 (02-12-2021) firmado y ok,5447507VK3654N,,,,MADRID\1APROVINCIA\LEGANES\sanclemente2\FICHA DATOS TECNICOS.docx
sancristobal20,ok,,,,,,,,,PEDRO ARANDA  THYSSEN,Daniel,por defecto: sin etiqueta = Daniel,,,"Propiedad:
CIF:
Presidente:
DNI:

Código postal:
Referencia catastral:
Fachada:
PEM:	          residuos:",,,,,MADRID\1APROVINCIA\LEGANES\sancristobal20\FICHA DE DATOS ACCESALIA.docx
sancristobal7,ok,E28648848,,,SILVIA O SUSANA,,,susana@administraciongomez.com,,NACHO FAIN -> oswaldo,Daniel,por defecto: sin etiqueta = Daniel,,,"Propiedad: 	CP SAN CRISTOBAL 7
CIF: E28648848
Presidente:
DNI:

Código postal:	  28912
Referencia catastral:   5651102VK3655S
Fachada:	32.60 m
PEM:	50.000          residuos: 300
SUPERFICIE: 76


EXPEDIENTE 2 / 2017 – 015 COU

EXPEDIENTE LICENCIA 019179/2018-010OMY

Expediente en patrimonio
PLAZA ESPAÑA 1

3.900 euros

ES04 2038 1130 4368 0005 1105",,,,,MADRID\1APROVINCIA\LEGANES\sancristobal7\FICHA DE DATOS ACCESALIA.docx
sandamian1,ok,,,,,,,,,NACHO  FAIN,Daniel,por defecto: sin etiqueta = Daniel,,,"Propiedad:
CIF:
Presidente:
DNI:

Código postal:
Referencia catastral:
Fachada:
PEM:	          residuos:",,,,,MADRID\1APROVINCIA\LEGANES\sandamian1\FICHA DE DATOS ACCESALIA.docx
sanfelipe15,sin ficha,,,,,,,,,,,,,,,,,,,
sanfrancisco15,ok,H79179685,,,,,,molineromorenoleandro@gmail.com,4768850488950037077652984500ADMINISTRADOR DE FINCAS        SI           NO,DAVID CÁMARA (FAIN),Daniel,por defecto: sin etiqueta = Daniel,,,"Propiedad:	CP SAN FRANCISCO 15
CIF:		H79179685
Presidente:
DNI:

Código postal:			28912
Referencia catastral: 		5447506VK3654N
Fachada:			19m
PEM:
residuos:

SUPEFICIES

P.BAJA: 12.60m2
P.TIPO: 3x7.10m2 = 21.30m2

TOTAL: 33.90m2


AMBITO ORDENACION
DISTRITO

Jefe de obra: Manuel requena

Habían contratado subvención en mayo 2022, sin embargo, en noviembre 2022 se comprueba que no cumplen requisitos para entrar en la de Leganés ni en la de la CAM por haberse iniciado la obra hace mucho tiempo.
Se retroceden el cargo de la factura y nosotros hacemos un abono.

26/11/2025 HE RENV SUBV",,,,,MADRID\1APROVINCIA\LEGANES\sanfrancisco15\FICHA DE DATOS ACCESALIA.docx
sangregorio2,ok,,,,MARCAL,TOÑI CARDENAS,916 93 16 58,tonicardenas@marcalasesores.com COMERCIAL : ALVARO,,TOÑI CARDENAS ADMINISTRADORA,Daniel,por defecto: sin etiqueta = Daniel,,,"2016 Se había visto con Pedro Aranda de Thyssen. Hay un croquis.
25/10/2024 PIDEN PRESUPUESTO PARA REALIZAR ESTUDIO DE VIABILIDAD DE INSTALACION DE ASCENSOR. Ir a verlo 14/11
18/11/2024 VISITADA HOY LA FINCA, ALGUNOS VECINOS QUIEREN POR EL PATIO Y OTROS POR EL INTERIOR DE LA ESCALERA, ORGANIZARÁN REUNION 4 DICIEMBRE. Enviado presupuesto PRY + SUBV.
28/11/2024 SE DESGLOSA LA PARTE DE CONSULTA PREVIA, CON COMPROMISO DE DARNOS EL PROYECTO SI SALE.
05/12/2024 Ha habido reunión y se ha votado que no.",,,,,MADRID\1APROVINCIA\LEGANES\sangregorio2\FICHA DATOS TECNICOS.docx
sangregorio4,ok,H79926747,CRUZ CECILIO GUTIERREZ CLEMENTE,05880823E,MARCAL ASESORES,Emilio / Toñi Cárdenas,91 693 16 58,emilio@marcalasesores.com; tonicardenas@marcalasesores.com,CP (LICENCIA),,Daniel,por defecto: sin etiqueta = Daniel,,5550902VK3655S,"19/09/22 Se les pagó pagar las tasas de la consulta en abril. Ahora están vencidas. En el ayto de Leganés, dicen que, como no está presentada la consulta, se puede volver a emitir desde cero la autoliquidación. Al sacarla por la sede electrónica, dice el sistema que ya hay una pendiente de pagar, y salen un par de euros más cara por recargos de demora. Aún así, sacamos la tasa nueva sin recargos y se envía a pagar.

Junio 2024: la comunidad hizo la consulta con FAIN pero ahora nos encargan a nosotros directamente tramitación de licencia y de subvenciones. Tienen concierto con otra empresa de ascensores: TRESA. Se avisa a Oswaldo en mayo 2024.

No tenemos constancia de que hayan aprobado la consulta urbanística. Preguntado a urbanismo por formulario Google 12/06. Está aprobada, nos lo manda Marcal.
Nos contratan subvenciones también.
15/01/2025 El presidente está de los nervios porque dicen que hemos recibido un requerimiento en noviembre (cierto, el 29/11), pero que lo hemos tramitado mal y nos van a pedir responsabilidades. En el requerido dicen que no coincide lo presentado en la consulta aprobada con lo presentado en la licencia. En efecto, la consulta se hizo con mediciones in situ SIN faro, y la licencia CON faro, así que se vio que había cosas que no estaban bien reflejadas de la realidad y se corrigió en la licencia. Ahora habrá que justificarlo. Daniel va a hablar con un tal RAFAEL, jefe de los técnicos de Leganés para tratar de desbloquearlo.
22/01/2025 La documentación de la consulta no coincide con la que se hizo posteriormente para la solicitud de licencia. No coinciden porque la de la consulta se hizo SIN nube de puntos. Para la licencia sí se hizo con nube de puntos, y había cosas en el estado actual de lo presentado en la consulta que no coincidían con la realidad. Ahora el ayuntamiento nos pide que pongamos la documentación para la solicitud de la licencia igual que en la consulta aprobada, aunque no corresponda con la realidad. Según Daniel, lo vamos a presentar así y ya justificaremos los cambios en el fin de obra.
30/09/2025 Llega Licencia y se avisa por email a la administración, al presidente y a la contrata (TRESA)
30/10/2025 HE CSS ENVIADA
RECIBIDA FIRMADA
11/12/2025 registro la tasa ICIO en el ayto, envio justificante a Toñi Cárdenas, aparte adjunto bonificación solicitada en octubre 2024
25-05-26 HE RENOV SUBV ENVIADA",FAIN · (CONSULTA) · ENRIQUE · (consulta) · 616 778 661,,,,MADRID\1APROVINCIA\LEGANES\sangregorio4\FICHA DATOS TECNICOS.docx
sanignacio10,ok,,,,MARCAL,TOÑI CARDENAS,916 93 16 58,tonicardenas@marcalasesores.com,,,Daniel,por defecto: sin etiqueta = Daniel,,,,,,"04/11/2024 presupuesto para el estudio de viabilidad de un ascensor en dicha comunidad y una rampa para salvar las escaleras y para el escalón de la entrada.

Presidenta Maria Marbella 628 290 996 y 91 686 71 46. Vicepresidenta Soledad Parra 619249003. VER EL 06/11

08/11/2024 COSTO OBRA APROXIMADO 160.000 EUROS. Visitado con Marbella, es viable la instalación de un ascensor por dentro para 5 personas, modificando la escalera actual, pero sin modificar contadores.

06/02/2025 REU VECINOS VOTAR PRESUPUESTO.
Nos van a mandar una IEE que tienen sin registrar.

11/02/2025 Comentado con Toñi Cárdenas no tiene ninguna pre-IEE. No sabe si lo dijo la presidenta o quién.
07/04/2025 De momento no van a hacer nada del ascensor. Vuelven a reunirse el 23/04
28/04/2025 Toñi Cárdenas: Debido a las obras pendientes en la finca y con el fin de priorizar por estas obras, se aprueba por unanimidad de los presentes que la solicitud de la licencia se posponga hasta la próxima reunión, que se celebrará en octubre de 2025,en la que se concretará según el saldo existente en la comunidad ,cuando se considerará si se solicitará ACCESALIA la tramitación de la solicitud de licencia de ascensor.

Por tanto, de momento, Daniel, queda todo como estábamos, sin solicitar nada; pendiente del saldo restante después de realizar obras que tienen pendientes.",,MADRID\1APROVINCIA\LEGANES\sanignacio10\FICHA DATOS.docx
sanignacio8,ok,,,,,TOÑI CARDENAS MARCAL,,,,TOÑI CARDENAS MARCAL,Daniel,por defecto: sin etiqueta = Daniel,,,"17/01/2025 TOÑI ENVIA CORREO:
A solicitud de los propietarios necesitaríamos que nos enviará en presupuesto de la consulta previa urbanística para presentarlo al ayuntamiento. Y si es posible hacer un ascensor en la finca hay un minusválido y también en la consulta urbanística hay que incluir quitar el escalón de la entrada en el portal.
Nos comenta la presidenta que el presupuesto lo quiere sin compromiso ni coste para presentarlo en la junta que se celebrará el 15 de enero 2025 miércoles, si es posible.
20/01/2025 Mónica habla por teléfono y adjunta presupuesto por subvención y proyecto de ascensor.
23/01/2025 RESPUESTA DE TOÑI AL PRESUPUESTO:
Como ya te dije se hizo la reunión la semana pasada . Pero lo guardo y si se reabre el tema lo tenemos gracias.
Por ahora no van a hacer el ascensor.",,,,,MADRID\1APROVINCIA\LEGANES\sanignacio8\FICHA DATOS TECNICOS.docx
sanjuan10,ok,,,,SM FINCAS,,625886456,info@smfincas.es,,,Alvaro,etiqueta de la ficha,,,,,,,,MADRID\1APROVINCIA\LEGANES\sanjuan10\FICHA DATOS.docx
sanjuan16,sin ficha,,,,,,,,,,,,,,,,,,,
sanjustiniano1,ok,H79160735,MARIA GEMA MARTINEZ MARTIN DE VIDALES,52120283Y,Administración Gómez,Silvia  Gómez Fernández,912883380,silvia@administraciongomez.com; patricia@administraciongomez.com; recepcion@administraciongomez.com,,,Daniel,por defecto: sin etiqueta = Daniel,,5548801VK3654N,,OSCAR · LOPEZ · FAIN,,"---------- Forwarded message ---------
De: Silvia <silvia@administraciongomez.com>
Date: lun, 2 jun 2025 a las 10:39
Subject: [External] san justiniano 1
To: Oscar Lopez Fernandez <oscar.lopez@fainascensores.com>


Buenos días Oscar,

Tengo una comunidad en san Justiniano 1 que ya presupuestó Fain la instalación de ascensor , pero finalmente decidieron hacerlo con Orona, el caso es que Orona nos dijo que el ayuntamiento no permitía la instalación, porque no cumplía las medidas exigidas y que tuvieron una reunión con el técnico para ver si les dejaba hacer un ascensor más reducido o algo así y les dijeron que no.

El caso es que están muy interesados en ponerlo y como fAin ya lo presupuestó a ver si hay alguna manera de que se pueda instalar.

Ya me dices , si necesitas un contacto te doy el de la hija de la presidenta que es la que más interesada está, se llama Gema y su teléfono: 630509508

Gracias
---------- Forwarded message ---------
De: Oscar Lopez Fernandez <oscar.lopez@fainascensores.com>
Date: mar, 3 jun 2025 a las 20:16
Subject: Fwd: [External] san justiniano 1
To: daniel de soto <danieldesotoarquitecto@gmail.com>, silvia <silvia@administraciongomez.com>, Gerencia Accesalia <gerencia.accesalia@gmail.com>


Silvia y Daniel buenas tardes.
Por favor Daniel para no errar ya que Orona no ha sido capaz de encajar un ascensor y que le de el visto bueno el técnico municipal puedes hacer un estudio y decirnos si se puede instalar y qué medidas de hueco tendría.
Un saludo
13-06-2025 DANIEL Y OSCAR HABLAN Y SE LE ENVIA LO QUE OSCAR PIDE : HE Y IMAGEN DE UN PLANO
10/07/2025 he enviada de consulta urb
--------- Forwarded message ---------
De: Silvia <silvia@administraciongomez.com>
Date: mié, 26 nov 2025 a las 11:56
Subject: RE: JUNTA-SAN JUSTINIANO 1-LEGANES
To: daniel de soto <danieldesotoarquitecto@gmail.com>


Buenos días Daniel

Respecto a la junta de ayer, como comentaste que si no daban la licencia se devolvería el dinero, quieren que se plasme por escrito antes de firmarlo, por lo demás, estuvieron encantados


Ya me dices algo, buen día
28/11/2025 Alejandra: han aprobado nuestra HE INICIAL DEL 13/06  TRAS LA REUNION DE DANIEL.  SE ENVIA HE CON LA ANOTACION SOLICITADA .
3/12/2025 HE RECIBIDA FIRMADA
22/01/2026: debido a que normativamente las pendientes del 10% no se pueden acomodar en el portal, por ordenes de Daniel, se han subido 0.12m el nivel calle, para que se logren acomodar normativamente, el archivo que es original se encuentra en: D:\accesalia Dropbox\Tecnicos Accesalia\Ascensores y rehabilitaciones\MADRID\1APROVINCIA\LEGANES\sanjustiniano1\2.PROYECTO\5.BIM\02_HCO REV\sin trucar niveles

27/01/2026: por órdenes de Daniel, la solución arquitectónica de las escaleras y los pasillos del proyecto debe ser igual a la del proyecto en Leganes, Plaza de las Floras 7, por lo tanto el desarrollo arquitectónico se hizo igual.
13/03/2026 ENVIO PROYECTO TERMINADO A LOS INTERESADOS.

PDT OK AL PROYECTO
15/06/2026 (Adriana) vuelvo a solicitar información al ok del proyecto para poder solicitar las tasas y registrar la licencia
16/06/2026 (Adriana) pendiente Raul garcia Fain, de el visto bueno al proyecto y el administrado indica que tienen que aprobar pptos.

25/06/2026 la administradora creía que hacía falta tener presup firmado para solicitar licencia. Se le ha dicho que no. No obstante, se preguntará en Leganés por si acaso.
El presupuesto lo está moviendo Raúl García, aunque no tengan firmado con FAIN.

25/08/2026 (Adriana) envío proyecto visado a los interesados y solicito información para saber si puedo empezar con la tramitación de la licencia de obra
01/09/2026 Reenvío correo del 23/07 a la administradora para que no se les olvide que ya tienen los 3 presup para votar. Ana",,MADRID\1APROVINCIA\LEGANES\sanjustiniano1\FICHA DATOS.docx
sanlorenzo16,ok,,,,,,,,,,Carlos,etiqueta de la ficha,,,,,,HE ENVIADA,,MADRID\1APROVINCIA\LEGANES\sanlorenzo16\FICHA DATOS.docx
sanlorenzo2,ok,,,,,,,,,OSWALDO  FAIN,Daniel,por defecto: sin etiqueta = Daniel,,,"Propiedad:
CIF:
Presidente:
DNI:

Código postal:
Referencia catastral:
Fachada:
PEM:	          residuos:",,,,,MADRID\1APROVINCIA\LEGANES\sanlorenzo2\FICHA DE DATOS ACCESALIA.docx
sannicolas19,ok,E78809399,URBANA AGUADO GOMEZ,01343555X,MARCAL ASESORES,TOÑI CARDENAS,916 93 16 58 / 601 43 77 51,tonicardenas@marcalasesores.com Otro contacto antiguo (emilio@marcalasesores.com),,,Daniel,por defecto: sin etiqueta = Daniel,,5648901VK3654N,,,,"Está aprobada consulta urbanística en 2020, que hizo Accesalia y vino a través de Oswaldo de FAIN
27/03/2025 Nos solicitan presupuesto de lo que faltaría por pagar del proyecto (ya abonaron la consulta previa en su día). Enviada HE + SUBV
02/04/2025 NOS INDICAN QUE de momento es un tema a tratar en la próxima junta ordinaria en octubre.
04/04/2025 según indicaciones de Daniel hay que ir a estudiar viabilidad porque aunque se celebre en octubre quieren saber presupuesto estimado del ascensor
26-05-2025 JUNTA CELEBRADA: Se ha aprobado . Ponen derrama hasta septiembre. Comenzamos ahora y terminamos de cobrar en septiembre
31/10/2025 HE RECIBIDA FIRMADA
23/12/2025 Al parecer no se había cobrado, escaneado, etc. Lo ponemos en marcha.

Administradora: Una vez concedida la licencia se pedirán varios presupuestos por parte de la administración y por parte de los propietarios para la instalación del ascensor
13/01/2026 ABRAHAM: En visita los vecinos indicaron que la contrata les dijo que el armario de los contadores se iba a mover al rellano del portal y ellos indican que no es necesario, argumentan sus peticiones mostrando un edificio contiguo que ha instalado el ascensor y la solución es técnicamente es la misma que se plantea en san Nicolás 19, por lo que existe la posibilidad de no mover el armario de los contadores, sin embargo que esa decisión dependa del presupuesto y de las decisiones técnicas que tome el técnico que elabora el proyecto en conjunto con Daniel.
29/01/2026 se envia proyecto terminado al administrador.

A la espera del ok
11/02/2026 Daniel confirma pasar a visar proyecto
25/02/2026 envío proyecto visado, tramito tasas.

Envío al administrador las tasas para pagar y documentación para firmar
13/03/2026 registro la solicitud de la licencia.
Informo a los interesados
14/05/2026 Llega notificación de aprobación bonificación ICIO.
Informo a todos los interesados
06/07/2026 Se envían presupuestos para votar.",,MADRID\1APROVINCIA\LEGANES\sannicolas19\FICHA DATOS.docx
sannicolas7,ok,H79160727,LUCIANO MENDO GONZÁLEZ,06931808E,ADMINISTRACIÓN GÓMEZ,,,susana@administraciongomez.com,,FAIN OSCAR LOPEZ,Daniel,por defecto: sin etiqueta = Daniel,,,"Propiedad: CDAD PROP CL SAN NICOLAS 7 LEGANÉS
CIF:	H79160727
Presidente:	LUCIANO MENDO GONZÁLEZ
DNI:	06931808 E

SEPTIEMBRE 2022
PRESIDENTE: Alfonso Barajas Izquierdo
DNI 05262371V

Código postal:	28912
Referencia catastral: 5548204VK3654N
Fachada:
PEM:	110.428,86
Residuos:

Técnico dennis

COAM: TL/020539/2023 - TL/004401/2024 (JUSTIF OBRA)
TL/004823/2024 (JUSTIF OBRA)

LICENCIA CALA Nº EXP 2024/118A/OBR_OZC






Dani te envió plano de planta de San Nicolas 7 de Leganes la reunión es el lunes 23 a las 8 te confirmo donde La anchura de escalera es 1.96 mto y el fondo 6.80 mto son 4 pisos Tenemos una rampa en el portal para eliminar alguna escalera y la rampa en la acera con barandilla para los escalones exteriores Picamos 2 cm las paredes para puerta automática de 700 cm El tema es el de todo Leganes escalera en U Lo único ya sabes que el arqto obliga a 1.2 de embarque Te envió por email el pto de obra y ascensor que es Orona No creo que tengas dudas Pero si las tienes llámame Forma de pago a la firma 6000 € Al inicio de la obra 20 % Y luego 10 meses para pagar Para más plazo financiación con deuschbank hasta 10 años como fain

Jefe de obra: Victor esquinas

Expediente licencia 78/2021-262LUO",,,,,MADRID\1APROVINCIA\LEGANES\sannicolas7\FICHA DE DATOS ACCESALIA.docx
sanpablo10,ok,H79609798,,25951105K,Administración Montoro asociados -,,,,4768850488950037077652984500ADMINISTRADOR DE FINCAS        SI           NO,David Camara Cozar FAIN,Daniel,por defecto: sin etiqueta = Daniel,,,"Propiedad: CP CL SAN PABLO 10
CIF: 	H79609798
Presidente: Mateo Bermúdez - 652758575
DNI:	25951105K

Código postal:	28912
Referencia catastral:  5552101VK3655S
Fachada:
PEM: 77.857,25€	residuos:
SUPEFICIES :


SUPERFICIES A INTERVENIR.

PLANTA BAJA 9.60m²
PLANTA 1ª 7.10m²
PLANTA 2ª 7.10m²
PLANTA 3ª 7.10m²
PLANTA 4ª 7.10m²
SUPERFICIES  CONSTRUIDAS.	38.00  m2",,,,,MADRID\1APROVINCIA\LEGANES\sanpablo10\FICHA DE DATOS ACCESALIA .docx
sanpablo16,ok,,,,,,,,,PEDRO ARANDA  THYSSEN,Daniel,por defecto: sin etiqueta = Daniel,,,"OJO, QUIEREN POR LAS COCINAS Y PATIO",,,,,MADRID\1APROVINCIA\LEGANES\sanpablo16\FICHA DE DATOS ACCESALIA.docx
sanpablo18,sin ficha,,,,,,,,,,,,,,,,,,,
sanpablo8,ok,,,,,,,,FAIN,OSCAR LOPEZ,Daniel,por defecto: sin etiqueta = Daniel,,,30/06/22,,,,,MADRID\1APROVINCIA\LEGANES\sanpablo8\FICHA DATOS TECNICOS.docx
santarosa1,ok,,,,SILVIA Y SUSANA,,,,,,Daniel,por defecto: sin etiqueta = Daniel,,,"Propiedad:
CIF:
Presidente:
DNI:

Código postal:
Referencia catastral:
Fachada:
PEM:	          residuos:








Es un baja + 5 muy parecido a Santa Rosa 3, pero algo más estrecho
En la planta baja sólo hay dos escalones muy bajitos, que se superan con RAMPA
Por tanto NO necesitamos doble embarque. ES EMBARQUE SIMPLE 6 PARADAS

entre que es más corto que santa rosa 3, y que ahora tenemos que colocar 1,2 m. enfrente de las puertas de viviendas, nos queda un fondo de cabina (fondo completo, que luego deducimos cerramiento y puertas de ascensor) de fondo 1410 y ancho 1270 (recuerda que el ancho se logra picando el yeso de la pared donde apoya el ascensor)",,,,,MADRID\1APROVINCIA\LEGANES\santarosa1\FICHA DE DATOS ACCESALIA.docx
santarosa3,ok,,,,,,,silvia@administraciongomez.com,NACHO FAIN,Silvia Gómez Susana,Daniel,por defecto: sin etiqueta = Daniel,,,,,,,,MADRID\1APROVINCIA\LEGANES\santarosa3\FICHA DE DATOS ACCESALIA.docx
santarosa5,ok,H79646139,EUGENIO CANO GONZÁLEZ,,,,,silvia@administraciongomez.com,,Silvia Gómez Susana,Daniel,por defecto: sin etiqueta = Daniel,,,"Propiedad:	CP SANTA ROSA 5
CIF:		CIF: H79646139
Presidente:	EUGENIO CANO GONZÁLEZ
DNI:		001795571F

Código postal:	28911
Referencia catastral: 4748609VK3644N
Fachada: 11,25 m
PEM:  85000	          residuos: 2000
Superficie construida 67,78 m2",,,,,MADRID\1APROVINCIA\LEGANES\santarosa5\FICHA DE DATOS ACCESALIA.docx
santarosa5delante,ok,H79646139,EUGENIO CANO GONZÁLEZ,,,,,,,,Daniel,por defecto: sin etiqueta = Daniel,,,"Propiedad:	CP SANTA ROSA 5
CIF:		H79646139
Presidente:	EUGENIO CANO GONZÁLEZ
DNI:		001795571F

Código postal:	28911
Referencia catastral: 4748609VK3644N
Fachada: 	11,25 m
PEM:	          residuos:",,,,,MADRID\1APROVINCIA\LEGANES\santarosa5delante\DATOS\FICHA DE DATOS ACCESALIA.docx
santarosa6,ok,,,,SILVIA Y SUSANA,,,,,NACHO FAIN,Daniel,por defecto: sin etiqueta = Daniel,,,"Propiedad:
CIF:
Presidente:
DNI:

Código postal:
Referencia catastral:
Fachada:
PEM:	          residuos:


Es una baja + 4
Problema: es demasiado estrecho y corto para meter acordeón. tendíamos un ascensor de fondo completo de 0,71 y ancho de 1330. Buen ancho pero mal fondo. Se podría plantear dejar una distancia delante de las puertas de viviendas de 1,00m, con lo que quedaría una torre de 0,91 de fondo y 1,33 de ancho.

pero tiene el patio al lado de las puertas de viviendas, y no a la pared del fondo.  Esto nos permite adherir un ascensor, pegado a la fachada del patio, sin modificar la escaera. El problema es que en planta baja está ocupado por almacén de una farmacia. Si la farmacia nos permite invadir su almacén podríamos poner un 6 personas de embarque simple",,,,,MADRID\1APROVINCIA\LEGANES\santarosa6\FICHA DE DATOS ACCESALIA.docx
santarosa7,ok,,,,,,,aruiz@humansimbio.es,,,Daniel,por defecto: sin etiqueta = Daniel,,,"Propiedad:
CIF:
Presidente:
DNI:

Código postal:
Referencia catastral:
Fachada:
PEM:	          residuos:",,,,,MADRID\1APROVINCIA\LEGANES\santarosa7\FICHA DE DATOS ACCESALIA.docx
santateresa15,ok,,,,silvia y susana,,,,,NACHO FAIN,Daniel,por defecto: sin etiqueta = Daniel,,,"Propiedad:
CIF:
Presidente:
DNI:

Código postal:
Referencia catastral:
Fachada:
PEM:	          residuos:


Hay que derribar escalera y rehacerla por un patio grande. Una escalera abierta sin cerramiento, con una puerta para entrar al núcleo. No hay local debajo, pues es un patio que se abre a la calle.

Con el ascensor podremos hacer dos cosas
1. Colocar afuera también un ascensor grande de 6 plazas (ya estoy poniendo muchas cosas en el patio abierto a calle, pero creo que es la mejor solución)
2. Dentro del núcleo , del que hemos eliminado la escalera, colocaremos un ascensor malo de 1 m de ancho x el fondo ilimitado que necesitemos.

Me inclino por la primera opción",,,,,MADRID\1APROVINCIA\LEGANES\santateresa15\FICHA DE DATOS ACCESALIA.docx
santateresa5,ok,,,,,TOÑI CARDENAS MARCAL,,tonicardenas@marcalasesores.com,,,Daniel,por defecto: sin etiqueta = Daniel,,,,,,"06/03/2025 VER VIABILIDAD. VA JL. PRESIDENTE Guillermo 607395667. YA TIENEN APROBADA LA INSTALACION DEL ASCENSOR
24/03/2025 Enviado informe de viabilidad",,MADRID\1APROVINCIA\LEGANES\santateresa5\FICHA DATOS.docx
santateresa8,ok,,,,MARCAL ASESORES,,,emilio@marcalasesores.com,,OSWALDO GARCIA,Daniel,por defecto: sin etiqueta = Daniel,,,"Propiedad:
CIF:
Presidente:
DNI:

Código postal:
Referencia catastral:
Fachada:
PEM:	          residuos:",,,,,MADRID\1APROVINCIA\LEGANES\santateresa8\FICHA DE DATOS ACCESALIA.docx
santoangel5,ok,,,,,,,,,PEDRO ARANDA   THYSSEN,Daniel,por defecto: sin etiqueta = Daniel,,,"Propiedad:
CIF:
Presidente:
DNI:

Código postal:
Referencia catastral:
Fachada:
PEM:	          residuos:",,,,,MADRID\1APROVINCIA\LEGANES\santoangel5\FICHA DE DATOS ACCESALIA.docx
sanvaleriano1,ok,H79179610,,,ADMINISTRACIÓN GOMEZ,Susana Gómez Fernández,91 288 33 80,"susana@administraciongomez.com recepcion@administraciongomez.com  ; patricia@administraciongomez.com Administrador de galería comercial: Pedro Vázquez Calderón V & M ASOCIADOS Administrador de fincas colegiado nº 8410 Av. Francia, 8 local. 28916 Leganés Horario L a J – 9:00 a 14:00 h 16:00 a 19:00 h L a V – 9:00 a 14:00 h Tlfno.: 91 687 40 30 Whatsapp:   691 470 645 pedro.vazquez@vymasociados.es",FAIN,OSCAR LOPEZ,Daniel,por defecto: sin etiqueta = Daniel,,5549901VK3654N,"10/05/2024 uno de los locales afectados por la rampa del portal son el 7, se llama Rafa 601105198
29/11/2024 Alex:

la nube de puntos que realizado ha calzado perfectamente, pero al ser un proyecto antiguo no hay SCENE ni nada al respecto, por lo que necesitamos que lo vea algún técnico del estudio y diga si es viable trabajar con las dos nubes de puntos existentes (la antigua que solo hay RECAP del interior del edificio) y la nueva (que he escaneado el local afectado de la galería, el exterior de la galería y el exterior del portal de San Valeriano 1). Digo, como la visita fue por la tarde y por las horas que eran no logré escanear dentro del portal o hacer algún escaneo extra para irnos sobre seguro. Otra cosa el local 26 también estaba citado a la visita y no apareció, aunque una vez que he montado la nube de puntos esta mañana, parece no estar afectado por el ascensor, únicamente el local 7 y el rellano de la galería, por lo mismo me gustaría que lo revisara Daniel con algún técnico para confirmar si hay que ir nuevamente o no.
12/02/2025 La comunidad se está jugando la subvención concedida, por el retraso en la concesión de la licencia. Este retraso viene motivado porque necesitan una autorización para intervenir en los elementos comunes de la galería comercial. La administradora Susana le está pidiendo la autorización al administrador Pedro de la galería comercial. Éste le contesta que lo tienen que votar en asamblea porque generaría una nueva servidumbre, y pide la documentación.
ULTIMA MOD FEB 25 (PARA AÑADIR PLANO DE FOSO REDUCIDO)
08/04/2025 El requerido de 2024 está todavía pendiente de contestar a la espera de que la CP pase la documentación firmada. Consultada la administradora dice que tienen reunión este jueves 10. La galería les está pidiendo indemnización por el espacio que se va a invadir.
02/07/2025 ADMON ENVIA DOCUMENTO DE ACUERDO CON LA GALERIA FIRMADO Y REGISTRO EN AYTO. ENVIO JUSTIFICANTE A INTERESADOS (ADMON Y OSCAR LOPEZ FAIN)
05/11/2025 pregunto status de la licencia por email, nos informan que falta documentación.
11/11/2025 Llama Daniel por el req. Hablo con urbanismo de Leganés e indican que no les vale el documento firmado por el presidente de la galería. Solicito documentación de la galería para poder justificar con el ayuntamiento.
17/03/2026 llamo al ayto para saber el estado de la licencia y comentan que está en el departamento de junta de gobierno (fase final) envio email a Carla que preguntaba por ello.
26/03/2026 llega notificación del ayto por la concesión de la licencia.

Informo a todos los interesados, a la espera de que nos informen de fecha de inicio de obra
19/06/2026 Juan Luis de Mier (FAIN) indica que tienen previsto comenzar el 01/07/2026
16/07/2026 (Adriana) reunión de inicio y replanteo con técnico municipal, constructora, presidente y obras, el viernes 17/07/2026
21/08/2026 (Adriana) reunión prevista para el lunes 24/08/2026
24/08/2026 (Adriana)
de:
García González, Antonio <antgarcia@leganes.org>

para:
Oficina Accesalia <oficina.accesalia@gmail.com>
fecha:
24 ago 2026, 14:23
“debo pedir disculpas por no haber podido acudir al Acta de Replanteo en San Valeriano, 1, que habíamos dispuesto para hoy día 24 de agosto de 2026. El motivo, reunión subvenciones sobrevenida. Por todo ello envío Acta para la firma de todos los representantes. Mañana me pasaré por San Valeriano 1 para hacer comprobaciones y entregar al presidente dicha Acta para la firma de todos los representantes, que una vez firmados me podréis entregar a través de aviso del presidente de nuevo. De forma provisional se autoriza para el comienzo de la obra hasta hacer comprobaciones y recepción de la documentación solicitada, que se hará de dará de forma definitiva.”

INFORMO A TODOS LOS INTERESADOS",Mª · Elena Montero Bernabé · 2 · 370200M · 627740247,,,,MADRID\1APROVINCIA\LEGANES\sanvaleriano1\FICHA DATOS TECNICOS.docx
sanvicente10,ok,H78790565,,50972155S,,,,vidalrubio@administracionfincasleganes.com,,ALBERTO CALLEJA,Daniel,por defecto: sin etiqueta = Daniel,,,"Técnico: Enrique

Propiedad:	CDAD PROP SAN VICENTE 10 LEGANES
CIF:	H78790565
Presidente:	Emilio Morales Fernandes (Act Abril 2024) P02 A
DNI:		50972155S
D. ABDELAZIZ EL BAKALI (X8595184-S) FEBRERO 2022
propietario de la vivienda 4ºD

Código postal:	28912
Referencia catastral: 5649201VK3654S
Fachada:
PEM:	residuos:
SUPEFICIES
AMBITO ORDENACION
DISTRITO





Expediente 11/2020 LUO

JEFE DE OBRA
Juan Luis Ruiz de Mier juanluis.ruizdemier@fainascensores.com
Abel Bernardos

27/10/2023 Llama Javier Illana, el administrador porque dice que FAIN les ha subido los costes un 50% y quiere que le enviemos el proyecto completo, requerimientos y licencia.
(también nos contratan tramitación de subvenciones).

30/10/2023 Avisamos a Alberto Calleja. Se ha facturado a FAIN. NO LES ENVIAMOS NADA HASTA NO TENER LA APROBACIÓN DE FAIN.

15/01/2024
Contactado el nuevo Administrador (Javier Illana) por teléfono. Esta semana va a ir en persona a la oficina del Administrador antiguo para pedir la documentación. Enviará correo con la información que obtenga.

05/04/2024

Buenos días,



Ya he colgado el cartelito y están los vecinos avisados, gracias.



Jesús del 4ºC estará al tanto el lunes. Su móvil es 620134853 y tiene las llaves de acceso a cubierta, etc (me comentan que la llave de los contadores es una llave normalizada de Iberdrola).

También me han comentado que hay trasteros pero pertenecen a otra comunidad (San Vicente 12).

Un saludo,

Giorgina Mendiburu

Departamento de administración


910133485



admon@illanaconsultores.com



Juan Luis Ruiz de Mier Maldonado

15:52 (hace 33 minutos)


Responder

para mí



Buenas tardes Sofía,

De esta obra ya hemos realizado la demolición de la escalera y estoy pendiente de recibir los planos para poner en fabricación el ascensor. Por lo demás, en un par de semanas continuaremos los trabajos en obra.

Un cordial saludo.

El mié, 8 may 2024, 10:16, Oficina Accesalia <oficina.accesalia@gmail.com> escribió:
Buenos días:

Necesito saber en qué estado se encuentra esta obra.


Un cordial saludo,

ATENCION: PARA TODO LO RELACIONADO CON TRAMITACIÓN DE SUBVENCIONES YA CONTRATADAS A ACCESALIA, DEBEN DIRIGIRSE A: subvenciones.accesalia@gmail.com

Sofia DM
Secretaría - Estudio de Arquitectura Daniel de Soto - ACCESALIA, S.L.

VISADO COAM
TL/004081/2025 CFO

03-06-2025 CFO registrado en ayuntamiento. Sofia
INCLUDEPICTURE ""https://mail.google.com/mail/u/2/#inbox/jrjtXDztFtgxGvjgTgqBHTvvPQTzfLWMnfzhxMrWQtPDLcGLKCSXLMjqfmdsGJcVNZpjnqCQ"" \* MERGEFORMATINET","EMPRESA : · Sonia Martín Morales · Dpto. Administración de Fincas · Avda de Fuenlabrada, 70 Local · 28911-Leganés ( · Madrid ) · Teléf.: 91 694 94 11 · Teléf./Fax: 91 694 98 34 · www.valenzuelagestion.es · TELÉFONO: · PERSONA DE CONTACTO: · E_MAIL: · fincas@valenzuelagestion.com · DIRECCIÓN: · Nuevo · admin · Javier Illana: · fjillana@icam.es · (28/08/2023) · 6 · 4 188 917 · Giorgina Mendiburu · Departamento de administración · 910133485 · admon@illanaconsultores.com · www.illanaconsultores.com · Avd. de la Mancha · nº · 29 · 28912 Leganés - Madrid",,,,MADRID\1APROVINCIA\LEGANES\sanvicente10\FICHA DE DATOS ACCESALIA.docx
seminario24,ok,H79212841,JUAN RAMON SERRANO PALACIOS,06167163N,NORTE ASESORES,José Ignacio González Rodríguez DNI 04177022S,672 28 71 45 (9.30 A 13.30 H) 91 686 26 07,"HYPERLINK ""mailto:jigonzalez@norteasesoresce.com""jigonzalez@norteasesoresce.com",Cobrado a CDAD -> la comunidad le da el proyecto a EULEN,,Daniel,por defecto: sin etiqueta = Daniel,Alfonso,4544706VK3644S,"Envían informe pericial
06/11/2023 El proyecto nos lo encargó FAIN pero se cobró a la comunidad. Teo de Eulen nos pide la reunión de inicio con el técnico municipal.",OSCAR LOPEZ · (FAIN),,,,MADRID\1APROVINCIA\LEGANES\seminario24\FICHA DATOS TECNICOS.docx
seminario26,ok,H81652604,FATIMA GUTIERREZ MACARRO,,GRUPO MARCAL ASESORES,,,emilio@marcalasesores.com,,Oswaldo Garcia Cabrera,Daniel,por defecto: sin etiqueta = Daniel,,,"Propiedad: CDAD PROP CL SEMINARIO 26 LEGANES
CIF: H81652604
Presidente: FATIMA GUTIERREZ MACARRO
DNI:

Código postal: 28911
Referencia catastral:  4543903VK3644S00
Fachada:
PEM:	75046.60€
residuos:
SUPEFICIES


TIENEN QUE ABONAR LA TASA DE CONSULTA URBANISTICA 49.23€ FECHA 25/03/2019",,,,,MADRID\1APROVINCIA\LEGANES\seminario26\FICHA DE DATOS ACCESALIA .docx
serena1,ok,,,,,ANGEL FARELO,,,CDAD PROP,ANGEL FARELO,Daniel,por defecto: sin etiqueta = Daniel,,,,,,,,MADRID\1APROVINCIA\LEGANES\serena1\FICHA DATOS TECNICOS.docx
sonsoles4,ok,E78883626,JUAN MANUEL LOPEZ JIMENEZ,02257608C,GRUPO EM,PABLO GORDO MARTIN,91 689 57 99 ext 5 639 723 443,admifincas@grupoem.info,,,Daniel,etiqueta de la ficha,,4744909VK3644S,,JOSE LUIS JIMENEZ · ROEN · SUBV,,"24/02/2025 INCLUIR: ANDAMIOS, DF, CSS, SUBV (IEE, CEE, LIBRO) Y CAES. Enviada HE
24/03/2025 piden modificar hoja de encargo sin incluir subvenciones. A contratar más adelante.
01/07/2025 HE FIRMADA
---------- Forwarded message ---------
De: Jose Luis Jiménez - Dpto. Comercial & Técnico ROEN <jljimenez@roen.es>
Date: mar, 1 jul 2025, 13:52
Subject: Hoja encargo Sonsoles 4 FIRMADA
To: Oficina Accesalia <oficina.accesalia@gmail.com>
Cc: daniel de soto <daniel@accesalia.es>, Gerencia Accesalia <gerencia@accesalia.es>

Buenos días.
Adjunta enviamos hoja de encargo firmada por la comunidad mencionada.
Os dejo el contacto del administrador para q os de los datos que faltan y gestionar todo lo necesario.
admifincas@grupoem.info  -  PABLO  -  91 689 57 99
Reciba un cordial saludo.



Jose Luis Jiménez
01/07/2025 La hoja de encargo no tiene los datos de facturación.   PEDIDA
24/07/2025 Ernesto ha detectado que el presupuesto tiene que ser idéntico al de Roen para las subvenciones. sE ha pedido devolución al coam.
12/11/2025 envio tasas dr y fianza de residuos para pagar
11/12/2025 registro solicitud DR en leganes. Envio justificante de registro a los interesados e informo que ya se puede empezar la obra
05/02/2026 ROEN indica que va a empezar las obras dentro de poco. Les solicito la apertura de centro de trabajo para poder gestionar el acta de inicio y replanteo
11-02-2026 HE SUBV enviada",,MADRID\1APROVINCIA\LEGANES\sonsoles4\FICHA DATOS.docx
tirsodemolina5,ok,,,,,,,,,,Daniel,por defecto: sin etiqueta = Daniel,,,,,,"18/02/2025 PROYECTO EXTERNO DE SALVAESCALERAS, EL PROYECTO SE LO VAN A DAR A OTRO ARQUITECTO. LES DIGO QUE NO",,MADRID\1APROVINCIA\LEGANES\tirsodemolina5\FICHA DATOS.docx
torrubia4,ok,H79622650,JULIO INOCENCIO MALLO REÑONES,01362337R,INIESTA FOURNIER,Enrique Iniesta,91 693 73 56 / 658 915 879,if@iniestafournier.com; pensamientodiez@gmail.com,FAIN,OSCAR LOPEZ,Daniel,por defecto: sin etiqueta = Daniel,,5047503VK3654N,23/10/2025 cfo se pasa a visar,,,,,MADRID\1APROVINCIA\LEGANES\torrubia4\FICHA DATOS TECNICOS.docx
torrubia5 - antes tenientegeneralmuslera5,sin ficha,,,,,,,,,,,,,,,,,,,
torrubia7 - antes tenientegeneralmuslera7,ok,H28589976,,,ADMINISTRACION GOMEZ,,,silvia@administraciongomez.com,,PEDRO ARANDA   THYSSEN,Daniel,por defecto: sin etiqueta = Daniel,,,"Propiedad: CP TENIENTE GENERAL MUSLERA 7	torrubia 7
CIF:	 H28589976
Presidente:	Patricia es el 666491330

Representante: ANTONIO SERRANO ORDOÑEZ.  5219033 - B

Código postal:	    28911
Referencia catastral: 5148103VK3654N
Fachada:     14.20 m
PEM:	50.000          residuos: 300
SUPERFICIE: 45


EXPEDIENTE CONSULTA URBANISTICA: 67/2017-015


HIDRAULICO
Velocidad 0,63 m/s
Hueco mínimo y aplomado: 1120 x 1370 mm
Carga: 320 kg / 4 per
Cabina interior: 976 x 878 x 2100 mm
Puertas: La3-700 x 2000 mm
Foso: 1200 mm
RLS: 3400 mm",,,,,MADRID\1APROVINCIA\LEGANES\torrubia7 - antes tenientegeneralmuslera7\FICHA DE DATOS ACCESALIA.docx
travesiafuenlabrada2,sin ficha,,,,,,,,,,,,,,,,,,,
tulipan14,ok,,,,,,,,,,Daniel,por defecto: sin etiqueta = Daniel,,,,,,"18/02/2025 PROYECTO EXTERNO BAJADA A COTA CERO OBRA TERMINADA EN 2024, LES DECIMOS QUE NO.",,MADRID\1APROVINCIA\LEGANES\tulipan14\FICHA DATOS.docx
valles9,ok,,,,ALFONSO AMIGO DE ROPERO 699244851,,,yparaiso@hotmail.com,,,Daniel,por defecto: sin etiqueta = Daniel,,6057202VK3655N,"10/02/23 Ana llama a Alfonso. Es el presidente de la comunidad. Comenta que no sabe si la caldera será también para la mancomunidad completa. La fachada en principio solo para ellos. Se le manda mail para que aclare dudas y complete información o se lo pase al administrador.
20/02 Ana llamada a Alfonso: todavía están recabando datos.",,,,,MADRID\1APROVINCIA\LEGANES\valles9\FICHA DATOS TECNICOS.docx
vascodegama5,ok,,,,,,,,,,Daniel,por defecto: sin etiqueta = Daniel,,,,,,"13/02/2025 PIDE PRESUPUESTO: DF, CSS, SUBVENCIONES, CAES DESGLOSADO. Enviado el 17/02",,MADRID\1APROVINCIA\LEGANES\vascodegama5\FICHA DATOS.docx
velasco19,ok,,,,R & F abogados y asesores. Bermez Abogados y Asesores S.L.,JESUS FERNANDEZ,91 693 09 61,jesus.fernandez@rfabogadosyasesores.com,,,Daniel,por defecto: sin etiqueta = Daniel,,,,,,12/02/2025 CONTACTAR CON ADMINISTRADOR DE FINCAS PARA CAES,,MADRID\1APROVINCIA\LEGANES\velasco19\FICHA DATOS.docx
viejodeleganes237,ok,,,,,,,,,,"VARIOS: CARLOS, DANIEL",la etiqueta nombra a varios: mirar a mano,,,,,,,,MADRID\1APROVINCIA\LEGANES\viejodeleganes237\FICHA DATOS.docx
virgendelcamino10,sin ficha,,,,,,,,,,,,,,,,,,,
virgendelcamino17,ok,,,,,,,oficina@roen.es,,,Daniel,por defecto: sin etiqueta = Daniel,,,,JOSE LUIS JIMENEZ · ROEN · SATE + SUBV + CAES,,"17/02/2025 PIDEN PRESUPUESTO. ENVIADO POR MONICA 17/02

comunidad de 10 vecinos.



Nosotros le pasamos 9.763,00 €, a ver si podéis ajustaros.



Los honorarios tienen que ser en concepto de lo siguiente, por favor, intentar desglosarme los conceptos en la medida de lo posible:



1º- Certificados de eficiencia energética.

2º- Informe de evaluación del edificio.

3º- Libro del Edificio existente.

4º- Proyecto de Rehabilitación de la envolvente térmica del edificio. Incluido plan de montaje y desmontaje de medios auxiliares.

5º- Solicitud y gestión de ayudas y subvenciones en cuanto salgan convocatorias.

6º- Dirección facultativa.

7º- Coordinación de Seguridad y Salud.

8º- Tramitación de CAES.
El mié, 17 jun 2026 a las 12:46, Oficina Rehabilitaciones Roen (<oficina@roen.es>) escribió:
Buenos dias

perfecto, muchas gracias por la informacion, me pongo con ello.

indicame por favor si los precios de estas hojas siguen vigentes o hay q hacer alguna modificación ?

un saludo

29-06-26 se envían honorarios actualizados , enviado a Mónica para su ok 2/07/26 enviado",,MADRID\1APROVINCIA\LEGANES\virgendelcamino17\FICHA DATOS.docx
virgendelcamino4,ok,H81476640,Ricardo Quintana Morais,52128860G,administración A & G,Silvia,912883380,silvia@administraciongomez.com,FAIN,OSCAR LOPEZ,Daniel,por defecto: sin etiqueta = Daniel,,4445602VK3644N,Pedida consulta urbanística y licencia el 18/01/2022. Se les pide que emitan las cartas de pago de las tasas por el problema informático que tuvo el ayto de Leganés.,,,,,MADRID\1APROVINCIA\LEGANES\virgendelcamino4\FICHA DATOS TECNICOS.docx
