ruta_relativa,fichero,ext,sospechoso
CASTILLA LA MANCHA\GUADALAJARA\1PROVINCIA\AZUQUECA DE HENARES\calvario1\1 ascensor\1.DATOS\2.DOCUMENTACION\CIF CALVARIO 1.pdf,CIF CALVARIO 1.pdf,.pdf,False
CASTILLA LA MANCHA\GUADALAJARA\1PROVINCIA\AZUQUECA DE HENARES\calvario1\2 modificacion proyecto\1.DATOS\2.DOCUMENTACION\CIF CALVARIO 1.pdf,CIF CALVARIO 1.pdf,.pdf,False
CASTILLA LA MANCHA\GUADALAJARA\1PROVINCIA\AZUQUECA DE HENARES\nataliotortuero6\1.DATOS\2.DOCUMENTACION\CIF.pdf,CIF.pdf,.pdf,False
CASTILLA LA MANCHA\GUADALAJARA\1PROVINCIA\AZUQUECA DE HENARES\nataliotortuero6\2.PROYECTO\4.SUBVENCION\SUBV ACC CLM 2022\Doc a presentar\CIF ACCESALIA.pdf,CIF ACCESALIA.pdf,.pdf,False
CASTILLA LA MANCHA\GUADALAJARA\1PROVINCIA\AZUQUECA DE HENARES\nataliotortuero6\2.PROYECTO\4.SUBVENCION\SUBV ACC CLM 2022\Doc a presentar\CIF.pdf,CIF.pdf,.pdf,False
CASTILLA LA MANCHA\GUADALAJARA\1PROVINCIA\MARCHAMALO\santaana2\1.DATOS\2.DOCUMENTACION\CIF SANTA ANA 2.pdf,CIF SANTA ANA 2.pdf,.pdf,False
CASTILLA LA MANCHA\GUADALAJARA\franciscomedina5\DATOS\datos\cif (6).pdf,cif (6).pdf,.pdf,False
CASTILLA LA MANCHA\GUADALAJARA\sanroque18\ACCESIBILIDAD\1.DATOS\2.DOCUMENTACION\CIF SAN ROQUE N18.pdf,CIF SAN ROQUE N18.pdf,.pdf,False
CASTILLA LA MANCHA\GUADALAJARA\sanroque18\SATE\1.DATOS\2.DOCUMENTACION\cif SAN ROQUE N18.pdf,cif SAN ROQUE N18.pdf,.pdf,False
CASTILLA LA MANCHA\GUADALAJARA\sanroque18\SATE\2.PROYECTO\4.SUBVENCION\NEXT GENERATION_concedida\presentada por pwc\Doc trabajo\CIF SAN ROQUE.pdf,CIF SAN ROQUE.pdf,.pdf,False
CASTILLA LA MANCHA\GUADALAJARA\wenceslaoargumosa9 y paezxaramillo4Ay4B\DATOS\datos\CIF_signed_compressed.pdf,CIF_signed_compressed.pdf,.pdf,False
CASTILLA LA MANCHA\TOLEDO\1PROVINCIA\TALAVERA DE LA REINA\avcomuneroscastilla25\DATOS\DATOS PARA SUBVENCION\CIF COMUNIDAD COMUNEROS DE CASTILLA Nº 25.pdf,CIF COMUNIDAD COMUNEROS DE CASTILLA Nº 25.pdf,.pdf,False
CASTILLA LA MANCHA\TOLEDO\1PROVINCIA\TALAVERA DE LA REINA\avcomuneroscastilla25\DATOS\comunidad papeles\CIF COMUNIDAD COMUNEROS DE CASTILLA Nº 25.pdf,CIF COMUNIDAD COMUNEROS DE CASTILLA Nº 25.pdf,.pdf,False
CASTILLA LA MANCHA\TOLEDO\andalucia6\DATOS\DATOS\CIF ANDALUCIA 6.pdf,CIF ANDALUCIA 6.pdf,.pdf,False
CASTILLA LA MANCHA\TOLEDO\avreconquista6portalG\1.DATOS\2.DOCUMENTACION\CIF SUBC PROP CASA G.pdf,CIF SUBC PROP CASA G.pdf,.pdf,False
CASTILLA LA MANCHA\TOLEDO\mejico4\DATOS\datos\cif.pdf,cif.pdf,.pdf,False
CASTILLA Y LEON\SEGOVIA\agapitomarazuela26\DATOS\datos\CIF COMUNIDAD A MARAZUELA 26.pdf,CIF COMUNIDAD A MARAZUELA 26.pdf,.pdf,False
CASTILLA Y LEON\SEGOVIA\doctorhernando 2 2a 4a\DATOS\documentacion\CIF H40025173.pdf,CIF H40025173.pdf,.pdf,False
CASTILLA Y LEON\SEGOVIA\doctorhernando 2 2a 4a\OBRA\FIN DE OBRA\lios del colegio\requerimiento2\CIF H40025173.pdf,CIF H40025173.pdf,.pdf,False
COMUNIDAD VALENCIANA\VALENCIA\BURJASOT\carreteradelliria10\1.DATOS\2.DOCUMENTACION\CIF CARRETERA DE LLIRIA 10.pdf,CIF CARRETERA DE LLIRIA 10.pdf,.pdf,False
MADRID\1APROVINCIA\AJALVIR\avjuancarlosI10A-B\1.DATOS\2.DOCUMENTACION\Cif.pdf,Cif.pdf,.pdf,False
MADRID\1APROVINCIA\AJALVIR\valentinagarcialopez1\DATOS\documentacion\21 - CIF.pdf,21 - CIF.pdf,.pdf,False
MADRID\1APROVINCIA\AJALVIR\valentinagarcialopez3\DATOS\datos\19 - CIF.pdf,19 - CIF.pdf,.pdf,False
MADRID\1APROVINCIA\ALCALA DE HENARES\alvarodebazan4\1.DATOS\2.DOCUMENTACION\CIF ALVARO BAZAN_signed.pdf,CIF ALVARO BAZAN_signed.pdf,.pdf,False
MADRID\1APROVINCIA\ALCALA DE HENARES\avcastilla2-4-6\1.DATOS\2.DOCUMENTACION\Cif comunidad.pdf,Cif comunidad.pdf,.pdf,False
MADRID\1APROVINCIA\ALCALA DE HENARES\avvirgendelval47\1.DATOS\2.DOCUMENTACION\053.- escaneo CIF.pdf,053.- escaneo CIF.pdf,.pdf,False
MADRID\1APROVINCIA\ALCALA DE HENARES\barberanycollar48\1.DATOS\2.DOCUMENTACION\CIF COMUNIDAD.pdf,CIF COMUNIDAD.pdf,.pdf,False
MADRID\1APROVINCIA\ALCALA DE HENARES\barberanycollar48\2.PROYECTO\4.SUBVENCION\SUBV CAM NG 2022 tramitada por Didepro\Doc trabajo\CIF COMUNIDAD.pdf,CIF COMUNIDAD.pdf,.pdf,False
MADRID\1APROVINCIA\ALCALA DE HENARES\doctoradealcala5\1.DATOS\2.DOCUMENTACION\CIF.pdf,CIF.pdf,.pdf,False
MADRID\1APROVINCIA\ALCALA DE HENARES\emiliocastelar4\plataforma\DATOS\datos\CIF.pdf,CIF.pdf,.pdf,False
MADRID\1APROVINCIA\ALCALA DE HENARES\escuelaspias4\DATOS\datos\CIF Escuelas Pias 4.pdf,CIF Escuelas Pias 4.pdf,.pdf,False
"MADRID\1APROVINCIA\ALCALA DE HENARES\frayjuangil3\DATOS\datos\CIF C.P. FRAY JUAN GIL, 3.pdf","CIF C.P. FRAY JUAN GIL, 3.pdf",.pdf,False
MADRID\1APROVINCIA\ALCALA DE HENARES\gallegos12\1.DATOS\2.DOCUMENTACION\cif de la comunidad.pdf,cif de la comunidad.pdf,.pdf,False
MADRID\1APROVINCIA\ALCALA DE HENARES\granados2\DATOS\datos\CIF.pdf,CIF.pdf,.pdf,False
MADRID\1APROVINCIA\ALCALA DE HENARES\granados2\PROYECTO\SUBVENCIONES 2021\TRAMITACION\CIF.pdf,CIF.pdf,.pdf,False
MADRID\1APROVINCIA\ALCALA DE HENARES\hernancortes13\1 pry conjunto ascensor cubierta y sate NO VALE\1.DATOS\2.DOCUMENTACION\CIF.PDF,CIF.PDF,.pdf,False
MADRID\1APROVINCIA\ALCALA DE HENARES\hernancortes13\1a ascensor\1.DATOS\2.DOCUMENTACION\CIF.PDF,CIF.PDF,.pdf,False
MADRID\1APROVINCIA\ALCALA DE HENARES\hernancortes13\1a ascensor\2.PROYECTO\4.SUBVENCION\SUBV CAM 2025\Req 2025-10-22\CIF.PDF,CIF.PDF,.pdf,False
MADRID\1APROVINCIA\ALCALA DE HENARES\hernancortes13\1b sate y cubierta NO VALE\1.DATOS\2.DOCUMENTACION\CIF.PDF,CIF.PDF,.pdf,False
MADRID\1APROVINCIA\ALCALA DE HENARES\hernancortes13\1c cubierta\1.DATOS\2.DOCUMENTACION\CIF.PDF,CIF.PDF,.pdf,False
MADRID\1APROVINCIA\ALCALA DE HENARES\juansebastianelcano4\1.DATOS\2.DOCUMENTACION\CIF Juan Sebastián El Cano 4.pdf,CIF Juan Sebastián El Cano 4.pdf,.pdf,False
MADRID\1APROVINCIA\ALCALA DE HENARES\luisvives11\1.DATOS\2.DOCUMENTACION\2 cif - Luis Vives 11.pdf,2 cif - Luis Vives 11.pdf,.pdf,False
MADRID\1APROVINCIA\ALCALA DE HENARES\miguelmoncada5\DATOS\datos\CIF M.MONCADA5.pdf,CIF M.MONCADA5.pdf,.pdf,False
MADRID\1APROVINCIA\ALCALA DE HENARES\muelle6\DATOS\documentacion\CIF.pdf,CIF.pdf,.pdf,False
MADRID\1APROVINCIA\ALCALA DE HENARES\muelle6\PROYECTO\SUBVENCIÓN\SUBV CAM 2022\Doc trabajo\CIF.pdf,CIF.pdf,.pdf,False
MADRID\1APROVINCIA\ALCALA DE HENARES\muelle6\PROYECTO\SUBVENCIÓN\SUBV CAM 2023\Doc trabajo\CIF.pdf,CIF.pdf,.pdf,False
MADRID\1APROVINCIA\ALCALA DE HENARES\nueva6\2.PROYECTO\4.SUBVENCION\SUBV CAM 2023_concedida\Doc trabajo\CIF.pdf,CIF.pdf,.pdf,False
MADRID\1APROVINCIA\ALCALA DE HENARES\orquidea5\1.DATOS\2.DOCUMENTACION\CIF Orquidea5 .PDF,CIF Orquidea5 .PDF,.pdf,False
MADRID\1APROVINCIA\ALCALA DE HENARES\orquidea5\2.PROYECTO\4. SUBVENCION\SUBV CAM NG 2022\PROGRAMA 3\Doc trabajo\CIF Orquidea5 .PDF,CIF Orquidea5 .PDF,.pdf,False
MADRID\1APROVINCIA\ALCALA DE HENARES\plazavilladetalence2\ascensor nuevo 2024\1.DATOS\2.DOCUMENTACION\03-CIF.pdf,03-CIF.pdf,.pdf,False
MADRID\1APROVINCIA\ALCALA DE HENARES\riocifuentes4\1.DATOS\2.DOCUMENTACION\CIF.pdf,CIF.pdf,.pdf,False
MADRID\1APROVINCIA\ALCALA DE HENARES\riotietar1\1.DATOS\1.CROQUIS\CIF.pdf,CIF.pdf,.pdf,False
MADRID\1APROVINCIA\ALCALA DE HENARES\riotietar1\1.DATOS\2.DOCUMENTACION\CIF Rio Tietar 1 Alcala de Henares.pdf,CIF Rio Tietar 1 Alcala de Henares.pdf,.pdf,False
MADRID\1APROVINCIA\ALCALA DE HENARES\santateresa2\1.DATOS\2.DOCUMENTACION\CIF.pdf,CIF.pdf,.pdf,False
MADRID\1APROVINCIA\ALCALA DE HENARES\santateresa8\DATOS\datos\cif de la cdad.pdf,cif de la cdad.pdf,.pdf,False
MADRID\1APROVINCIA\ALCALA DE HENARES\vargasmachuca1\DATOS\DATOS\CIF de la comunidad.pdf,CIF de la comunidad.pdf,.pdf,False
MADRID\1APROVINCIA\ALCALA DE HENARES\viacomplutense24ydiegodetorres8\1.DATOS\2.DOCUMENTACION\TARJETA CIF.pdf,TARJETA CIF.pdf,.pdf,False
MADRID\1APROVINCIA\ALCALA DE HENARES\viacomplutense24ydiegodetorres8\2.PROYECTO\4.SUBVENCION\SUBV CAM 2023\Doc trabajo\CIF.pdf,CIF.pdf,.pdf,False
MADRID\1APROVINCIA\ALCOBENDAS\aveuropa20\1.DATOS\2.DOCUMENTACION\CIF - INFORMACION AV EUROPA 20 ALCOBENDAS.pdf,CIF - INFORMACION AV EUROPA 20 ALCOBENDAS.pdf,.pdf,False
MADRID\1APROVINCIA\ALCOBENDAS\constitucion65\DATOS\documentacion\CIF CDAD PROP..pdf,CIF CDAD PROP..pdf,.pdf,False
MADRID\1APROVINCIA\ALCOBENDAS\constitucion65\DATOS\documentacion\recibido en nov 2024\CIF CONSTI 65.pdf,CIF CONSTI 65.pdf,.pdf,False
MADRID\1APROVINCIA\ALCOBENDAS\constitucion65\PROYECTO\SUBVENCION\Doc subvencion\CIF SHINDLER.pdf,CIF SHINDLER.pdf,.pdf,False
MADRID\1APROVINCIA\ALCOBENDAS\franciscadelgado7\1.DATOS\2.DOCUMENTACION\CIF.pdf,CIF.pdf,.pdf,False
MADRID\1APROVINCIA\ALCOBENDAS\jarama24\1.DATOS\2.DOCUMENTACION\CIF.pdf,CIF.pdf,.pdf,False
MADRID\1APROVINCIA\ALCOBENDAS\jarama24\2.PROYECTO\4.SUBVENCION\SUBV AYTO 2025\Doc Presentar\b) CIF jarama 24.pdf,b) CIF jarama 24.pdf,.pdf,False
MADRID\1APROVINCIA\ALCOBENDAS\kerria30\1.DATOS\2.DOCUMENTACION\CIF comunidad.pdf,CIF comunidad.pdf,.pdf,False
MADRID\1APROVINCIA\ALCOBENDAS\marquesdevaldavia76\1.DATOS\2.DOCUMENTACION\Cif actual.pdf,Cif actual.pdf,.pdf,False
MADRID\1APROVINCIA\ALCOBENDAS\marquesdevaldavia76\1.DATOS\2.DOCUMENTACION\cif_viejo.pdf,cif_viejo.pdf,.pdf,False
MADRID\1APROVINCIA\ALCOBENDAS\marquesdevaldavia76\2.PROYECTO\4.SUBVENCION\AYT ALCOBENDAS - OBRAS DERIVADAS IEE\Doc a presentar\CIF Accesalia.pdf,CIF Accesalia.pdf,.pdf,False
MADRID\1APROVINCIA\ALCOBENDAS\marquesdevaldavia76\2.PROYECTO\4.SUBVENCION\AYT ALCOBENDAS - OBRAS DERIVADAS IEE\Doc a presentar\a) CIF comunidad.pdf,a) CIF comunidad.pdf,.pdf,False
MADRID\1APROVINCIA\ALCOBENDAS\marquesdevaldavia76\2.PROYECTO\4.SUBVENCION\SUBV CAM NG 2022_concedida\PROGRAMA 3_concedida\Concesion\Just\Rq 2026-04-30\Cambio CIF y Alta terceros\Aportacion CIF definitivo.pdf,Aportacion CIF definitivo.pdf,.pdf,False
MADRID\1APROVINCIA\ALCOBENDAS\marquesdevaldavia76\2.PROYECTO\4.SUBVENCION\SUBV CAM NG 2022_concedida\PROGRAMA 3_concedida\Concesion\Just\Rq 2026-04-30\Cambio CIF y Alta terceros\Cif actual.pdf,Cif actual.pdf,.pdf,False
MADRID\1APROVINCIA\ALCOBENDAS\marquesdevaldavia76\2.PROYECTO\4.SUBVENCION\SUBV CAM NG 2022_concedida\PROGRAMA 3_concedida\Concesion\Just\Rq 2026-04-30\Cambio CIF y Alta terceros\cif_viejo.pdf,cif_viejo.pdf,.pdf,False
MADRID\1APROVINCIA\ALCOBENDAS\marquesdevaldavia76\2.PROYECTO\4.SUBVENCION\SUBV CAM NG 2022_concedida\PROGRAMA 3_concedida\Doc trabajo\cif.pdf,cif.pdf,.pdf,False
MADRID\1APROVINCIA\ALCOBENDAS\miraflores12\1.DATOS\2.DOCUMENTACION\CIF.pdf,CIF.pdf,.pdf,False
MADRID\1APROVINCIA\ALCOBENDAS\miraflores12\2.PROYECTO\4.SUBVENCION\SUBV AYTO 2025\Rq 2026-01-15\A presentar\15. CIF Schindler.pdf,15. CIF Schindler.pdf,.pdf,False
MADRID\1APROVINCIA\ALCOBENDAS\miraflores12\2.PROYECTO\4.SUBVENCION\SUBV AYTO 2025\Rq 2026-01-15\A presentar\17. CIF Accesalia.pdf,17. CIF Accesalia.pdf,.pdf,False
MADRID\1APROVINCIA\ALCOBENDAS\miraflores6-8\DATOS\datos\CIF MF6-8.pdf,CIF MF6-8.pdf,.pdf,False
MADRID\1APROVINCIA\ALCOBENDAS\plazaconcordia1\1.DATOS\2.DOCUMENTACION\CIF.pdf,CIF.pdf,.pdf,False
MADRID\1APROVINCIA\ALCORCON\arboleda1\1.DATOS\2.DOCUMENTACION\CIF COMUNIDAD PROP.pdf,CIF COMUNIDAD PROP.pdf,.pdf,False
MADRID\1APROVINCIA\ALCORCON\avdeloeste1-3\1.DATOS\2.DOCUMENTACION\CIF Valladolid.pdf,CIF Valladolid.pdf,.pdf,False
MADRID\1APROVINCIA\ALCORCON\avila3\1.DATOS\2.DOCUMENTACION\CIF AVILA 3.pdf,CIF AVILA 3.pdf,.pdf,False
MADRID\1APROVINCIA\ALCORCON\badajoz20\DATOS\datos\cif (7).pdf,cif (7).pdf,.pdf,False
MADRID\1APROVINCIA\ALCORCON\bilbao1\1.DATOS\2.DOCUMENTACION\CIF BILBAO 1.pdf,CIF BILBAO 1.pdf,.pdf,False
MADRID\1APROVINCIA\ALCORCON\caceres20\1.DATOS\2.DOCUMENTACION\CIF NUEVO.pdf,CIF NUEVO.pdf,.pdf,False
MADRID\1APROVINCIA\ALCORCON\caceres30\1.DATOS\2.DOCUMENTACION\CIF.pdf,CIF.pdf,.pdf,False
MADRID\1APROVINCIA\ALCORCON\cañada22\ASCENSOR 2026\1.DATOS\2.DOCUMENTACION\CIF CAÑADA 22.pdf,CIF CAÑADA 22.pdf,.pdf,False
MADRID\1APROVINCIA\ALCORCON\cañada22\RAMPA 2025\1.DATOS\2.DOCUMENTACION\CIF CAÑADA 22.pdf,CIF CAÑADA 22.pdf,.pdf,False
MADRID\1APROVINCIA\ALCORCON\cañada8\1.DATOS\documentacion\CIF.pdf,CIF.pdf,.pdf,False
MADRID\1APROVINCIA\ALCORCON\cisneros24\ascensor\DATOS\datos\CIF COMUNIDAD C- CISNEROS.pdf,CIF COMUNIDAD C- CISNEROS.pdf,.pdf,False
MADRID\1APROVINCIA\ALCORCON\cisneros24\ascensor\DATOS\datos\CIF COMUNIDAD NUEVO.pdf,CIF COMUNIDAD NUEVO.pdf,.pdf,False
MADRID\1APROVINCIA\ALCORCON\cisneros24\licencia de cala\1.DATOS\2.DOCUMENTACION\CIF COMUNIDAD C- CISNEROS.pdf,CIF COMUNIDAD C- CISNEROS.pdf,.pdf,False
MADRID\1APROVINCIA\ALCORCON\cisneros24\licencia de cala\1.DATOS\2.DOCUMENTACION\CIF COMUNIDAD NUEVO.pdf,CIF COMUNIDAD NUEVO.pdf,.pdf,False
MADRID\1APROVINCIA\ALCORCON\cisneros31\DATOS\datos\TARJETA CIF CISNEROS 31.pdf,TARJETA CIF CISNEROS 31.pdf,.pdf,False
MADRID\1APROVINCIA\ALCORCON\fuenlabrada15\DATOS\documentacion\CIF COMUNIDAD.pdf,CIF COMUNIDAD.pdf,.pdf,False
MADRID\1APROVINCIA\ALCORCON\fuenlabrada15\PROYECTO\SUBVENCION\SUBV CAM 2023\Doc trabajo\CIF COMUNIDAD.pdf,CIF COMUNIDAD.pdf,.pdf,False
MADRID\1APROVINCIA\ALCORCON\guadalajara3\1.DATOS\2.DOCUMENTACION\cif guadalajara 3.pdf,cif guadalajara 3.pdf,.pdf,False
MADRID\1APROVINCIA\ALCORCON\iglesia22\1.DATOS\2.DOCUMENTACION\CIF.pdf,CIF.pdf,.pdf,False
"MADRID\1APROVINCIA\ALCORCON\iglesia22\1.DATOS\2.DOCUMENTACION\antiguo\CIF IGLESIA, 22, ALCORCON.pdf","CIF IGLESIA, 22, ALCORCON.pdf",.pdf,False
MADRID\1APROVINCIA\ALCORCON\infantas9\1.DATOS\2.DOCUMENTACION\CIF INFANTAS 9.pdf,CIF INFANTAS 9.pdf,.pdf,False
MADRID\1APROVINCIA\ALCORCON\jaboneria36\1.DATOS\2.DOCUMENTACION\cif.pdf,cif.pdf,.pdf,False
MADRID\1APROVINCIA\ALCORCON\mancomunidadloscastillosyviñagrande\1.DATOS\2.DOCUMENTACION\DOC CASTILLOS\CIF Castillos 32.pdf,CIF Castillos 32.pdf,.pdf,False
MADRID\1APROVINCIA\ALCORCON\paseocastilla1\DATOS\datos\cif de la comunidad.pdf,cif de la comunidad.pdf,.pdf,False
MADRID\1APROVINCIA\ALCORCON\paseocastilla1\PROYECTO\SUBV CAM 2022\Doc trabajo\CIF de la comunidad.pdf,CIF de la comunidad.pdf,.pdf,False
MADRID\1APROVINCIA\ALCORCON\paseocastilla1\PROYECTO\SUBV CAM 2023 (concedida)\Doc trabajo\CIF de la comunidad.pdf,CIF de la comunidad.pdf,.pdf,False
MADRID\1APROVINCIA\ALCORCON\portocolon10\DATOS\datos\CIF CDAD..pdf,CIF CDAD..pdf,.pdf,False
MADRID\1APROVINCIA\ALCORCON\princesa12\1.DATOS\2.DOCUMENTACION\CIF.pdf,CIF.pdf,.pdf,False
MADRID\1APROVINCIA\ALCORCON\princesa25\1.DATOS\2.DOCUMENTACION\CIF PRINCESA 25.pdf,CIF PRINCESA 25.pdf,.pdf,False
MADRID\1APROVINCIA\ALCORCON\sanignacio6\1.DATOS\2.DOCUMENTACION\CIF San Ignacio 6 Alcorcon.pdf,CIF San Ignacio 6 Alcorcon.pdf,.pdf,False
MADRID\1APROVINCIA\ALCORCON\santamarialablanca3\1.DATOS\2.DOCUMENTACIÓN\CIF.pdf,CIF.pdf,.pdf,False
"MADRID\1APROVINCIA\ALCORCON\santamarialablanca3\1.DATOS\2.DOCUMENTACIÓN\antiguo\CIF IGLESIA, 22, ALCORCON.pdf","CIF IGLESIA, 22, ALCORCON.pdf",.pdf,False
MADRID\1APROVINCIA\ALCORCON\santamarialablanca3\2.PROYECTO\SUBVENCION\SUBV ASCENSORES CAM 2023\Doc trabajo\CIF.pdf,CIF.pdf,.pdf,False
MADRID\1APROVINCIA\ALCORCON\santamarialablanca3\2.PROYECTO\SUBVENCION\SUBV CAM 2022\Doc trabajo\CIF.pdf,CIF.pdf,.pdf,False
MADRID\1APROVINCIA\ALCORCON\santamarialablanca3\2.PROYECTO\SUBVENCION\SUBV CAM 2023\Doc trabajo\CIF.pdf,CIF.pdf,.pdf,False
MADRID\1APROVINCIA\ALCORCON\santamarialablanca5\1.DATOS\2.DOCUMENTACION\CIF.pdf,CIF.pdf,.pdf,False
"MADRID\1APROVINCIA\ALCORCON\santamarialablanca5\1.DATOS\2.DOCUMENTACION\antiguo\CIF IGLESIA, 22, ALCORCON.pdf","CIF IGLESIA, 22, ALCORCON.pdf",.pdf,False
MADRID\1APROVINCIA\ALCORCON\santamarialablanca5\1.DATOS\2.DOCUMENTACION\antiguo\CIF SANTA MARIA LA BLANCA 3-5 ALCORCON.pdf,CIF SANTA MARIA LA BLANCA 3-5 ALCORCON.pdf,.pdf,False
MADRID\1APROVINCIA\ALCORCON\santamarialablanca5\2.PROYECTO\SUBVENCION\SUBV ASCENSORES CAM 2023\Doc trabajo\CIF.pdf,CIF.pdf,.pdf,False
MADRID\1APROVINCIA\ALCORCON\santamarialablanca5\2.PROYECTO\SUBVENCION\SUBV CAM 2022\Doc Trabajo\CIF SANTA MARIA LA BLANCA 3-5 ALCORCON.pdf,CIF SANTA MARIA LA BLANCA 3-5 ALCORCON.pdf,.pdf,False
MADRID\1APROVINCIA\ALCORCON\santamarialablanca5\2.PROYECTO\SUBVENCION\SUBV CAM 2022\Doc Trabajo\CIF.pdf,CIF.pdf,.pdf,False
MADRID\1APROVINCIA\ALCORCON\santamarialablanca5\2.PROYECTO\SUBVENCION\SUBV CAM 2023\Doc trabajo\CIF SANTA MARIA LA BLANCA 3-5 ALCORCON.pdf,CIF SANTA MARIA LA BLANCA 3-5 ALCORCON.pdf,.pdf,False
MADRID\1APROVINCIA\ALCORCON\santamarialablanca5\2.PROYECTO\SUBVENCION\SUBV CAM 2023\Doc trabajo\CIF.pdf,CIF.pdf,.pdf,False
MADRID\1APROVINCIA\ALCORCON\sierradealbarracin13\1.DATOS\2.DOCUMENTACION\CIF.pdf,CIF.pdf,.pdf,False
MADRID\1APROVINCIA\ALCORCON\sierradealbarracin13\2.PROYECTO\4.SUBVENCION\SUBV ERRP P1 NG\Doc Trabajo\CIF.pdf,CIF.pdf,.pdf,False
"MADRID\1APROVINCIA\ALCORCON\sierradealbarracin17\1.DATOS\2.DOCUMENTACION\CIF. SIERRA DE ALBARRACIN, 17, ALCORCON..pdf","CIF. SIERRA DE ALBARRACIN, 17, ALCORCON..pdf",.pdf,False
MADRID\1APROVINCIA\ALCORCON\sierradealbarracin17\2.PROYECTO\4.SUBVENCION\SUBV ERRP P1 NG\Doc Trabajo\CIF.pdf,CIF.pdf,.pdf,False
MADRID\1APROVINCIA\ALCORCON\sieteojos4\1.DATOS\2.DOCUMENTACION\CIF COMUNIDAD 20 07 16.pdf,CIF COMUNIDAD 20 07 16.pdf,.pdf,False
MADRID\1APROVINCIA\ALCORCON\trujillo3\DATOS\datos\CIF TRUJILLO 3.pdf,CIF TRUJILLO 3.pdf,.pdf,False
"MADRID\1APROVINCIA\ALCORCON\virgendeiciar15\1.DATOS\2.DOCUMENTACION\CIF VIRGEN DE ICIAR 15, ESC4.pdf","CIF VIRGEN DE ICIAR 15, ESC4.pdf",.pdf,False
"MADRID\1APROVINCIA\ALCORCON\virgendeiciar15escalera4\1. DATOS\2.DOCUMENTACION\CIF VIRGEN DE ICIAR 15, ESC4.pdf","CIF VIRGEN DE ICIAR 15, ESC4.pdf",.pdf,False
MADRID\1APROVINCIA\ALCORCON\virgendeiciar17\ORIGINAL(completo)\1.DATOS\2.DOCUMENTACION\CIF VIRGEN DE ICIAR 17.pdf,CIF VIRGEN DE ICIAR 17.pdf,.pdf,False
MADRID\1APROVINCIA\ALCORCON\virgendeiciar17\ORIGINAL(completo)\2.PROYECTO\4.SUBVENCION\SUBV ERRP P1 NG\Doc trabajo\CIF VIRGEN DE ICIAR 17.pdf,CIF VIRGEN DE ICIAR 17.pdf,.pdf,False
MADRID\1APROVINCIA\ALCORCON\virgendeiciar17\cubierta y esc emergencia\1.DATOS\2.DOCUMENTACION\CIF VIRGEN DE ICIAR 17.pdf,CIF VIRGEN DE ICIAR 17.pdf,.pdf,False
MADRID\1APROVINCIA\ALCORCON\virgendeiciar22\1.DATOS\2.DOCUMENTACION\CIF.pdf,CIF.pdf,.pdf,False
"MADRID\1APROVINCIA\ALGETE\montealbillo5\datos\datos\CIF MONTEALBILLO, 5.pdf","CIF MONTEALBILLO, 5.pdf",.pdf,False
MADRID\1APROVINCIA\ARANJUEZ\cuestadelasperdices33\DATOS\datos\246.CIF 2020.pdf,246.CIF 2020.pdf,.pdf,False
MADRID\1APROVINCIA\ARANJUEZ\cuestadelasperdices37\DATOS\datos\203.CIF 2020.pdf,203.CIF 2020.pdf,.pdf,False
MADRID\1APROVINCIA\ARANJUEZ\faisanes25\1.DATOS\2.DOCUMENTACION\CIF.pdf,CIF.pdf,.pdf,False
MADRID\1APROVINCIA\ARANJUEZ\florida32\1.DATOS\2.DOCUMENTACION\CIF.pdf,CIF.pdf,.pdf,False
MADRID\1APROVINCIA\ARANJUEZ\infantas13\1.DATOS\2.DOCUMENTACION\CIF.pdf,CIF.pdf,.pdf,False
MADRID\1APROVINCIA\ARANJUEZ\mariblanca10\1.DATOS\2.DOCUMENTACION\CIF Mariblanca 10 Aranjuez.pdf,CIF Mariblanca 10 Aranjuez.pdf,.pdf,False
MADRID\1APROVINCIA\ARANJUEZ\virgendelasnieves40\1.DATOS\2.DOCUMENTACION\cif.pdf,cif.pdf,.pdf,False
MADRID\1APROVINCIA\BOADILLA DEL MONTE\nueva2\1.DATOS\2.DOCUMENTACION\TARJETA CIF.pdf,TARJETA CIF.pdf,.pdf,False
MADRID\1APROVINCIA\BOADILLA DEL MONTE\nueva2\2.PROYECTO\4.SUBVENCION\SUBV CAM 2022\Doc trabajo\TARJETA CIF.pdf,TARJETA CIF.pdf,.pdf,False
MADRID\1APROVINCIA\BOADILLA DEL MONTE\nueva2\2.PROYECTO\4.SUBVENCION\SUBV CAM 2023\Doc trabajo\TARJETA CIF.pdf,TARJETA CIF.pdf,.pdf,False
MADRID\1APROVINCIA\COLMENAR VIEJO\madrid2\1.DATOS\2.DOCUMENTACION\cif.pdf,cif.pdf,.pdf,False
MADRID\1APROVINCIA\COLMENAR VIEJO\santodomingodeguzman5\1.DATOS\2.DOCUMENTACION\CIF.pdf,CIF.pdf,.pdf,False
MADRID\1APROVINCIA\FUENLABRADA\alava14\DATOS\datos\cif de la comunida .pdf,cif de la comunida .pdf,.pdf,False
MADRID\1APROVINCIA\FUENLABRADA\alava6\1.DATOS\2.DOCUMENTACION\CIF OSTALAZAR (2).pdf,CIF OSTALAZAR (2).pdf,.pdf,False
MADRID\1APROVINCIA\FUENLABRADA\alava6\3.OBRA\DECLARACION RESPONSABLE\tramitacion\PETICION DE TASAS OTAF\cif.pdf,cif.pdf,.pdf,False
MADRID\1APROVINCIA\FUENLABRADA\alemania11\1.DATOS\2.DOCUMENTACION\CIF.pdf,CIF.pdf,.pdf,False
MADRID\1APROVINCIA\FUENLABRADA\alemania6\1.DATOS\2.DOCUMENTACION\CIF.pdf,CIF.pdf,.pdf,False
MADRID\1APROVINCIA\FUENLABRADA\andalucia10\ASCENSOR\1.DATOS\2.DOCUMENTACION\cif andalucia 10 fuenlabrada.pdf,cif andalucia 10 fuenlabrada.pdf,.pdf,False
MADRID\1APROVINCIA\FUENLABRADA\andalucia10\RAMPA EXTERIOR\1.DATOS\2.DOCUMENTACION\cif andalucia 10 fuenlabrada.pdf,cif andalucia 10 fuenlabrada.pdf,.pdf,False
MADRID\1APROVINCIA\FUENLABRADA\andalucia6\1.DATOS\2.DOCUMENTACION\CIF CP ANDALUCIA 6_000829.pdf,CIF CP ANDALUCIA 6_000829.pdf,.pdf,False
MADRID\1APROVINCIA\FUENLABRADA\andalucia6\2.PROYECTO\SUBVENCION\Doc trabajo\CIF CP ANDALUCIA 6_000829.pdf,CIF CP ANDALUCIA 6_000829.pdf,.pdf,False
MADRID\1APROVINCIA\FUENLABRADA\angeles12\1.DATOS\2.DOCUMENTACION\CIF COMUNIDAD.pdf,CIF COMUNIDAD.pdf,.pdf,False
MADRID\1APROVINCIA\FUENLABRADA\angeles14\1.DATOS\2.DOCUMENTACION\CIF COMUNIDAD.pdf,CIF COMUNIDAD.pdf,.pdf,False
MADRID\1APROVINCIA\FUENLABRADA\angeles7\sate - accesalia\DATOS\documentacion\CIF comunidad.pdf,CIF comunidad.pdf,.pdf,False
MADRID\1APROVINCIA\FUENLABRADA\angeles7\sate - accesalia\PROYECTO\SUBVENCION\CAM NG 2022 - CAMBIO REPRE\Doc trabajo\CIF.pdf,CIF.pdf,.pdf,False
"MADRID\1APROVINCIA\FUENLABRADA\argentina20\1.DATOS\2.DOCUMENTACION\CIF,..pdf","CIF,..pdf",.pdf,False
"MADRID\1APROVINCIA\FUENLABRADA\argentina20\2.PROYECTO\4.SUBVENCION\SUBV ERRP P1 NG\Doc Trabajo\CIF,..pdf","CIF,..pdf",.pdf,False
MADRID\1APROVINCIA\FUENLABRADA\austria8\1.DATOS\2.DOCUMENTACION\CIF.pdf,CIF.pdf,.pdf,False
MADRID\1APROVINCIA\FUENLABRADA\austria8\2.PROYECTO\4.SUBVENCION\SUBV CAM NG 2022\PROGRAMA 3\Doc trabajo\CIF Austria 8.pdf,CIF Austria 8.pdf,.pdf,False
MADRID\1APROVINCIA\FUENLABRADA\austria8\2.PROYECTO\4.SUBVENCION\SUBV CAM NG 2022\PROGRAMA 5\Doc trabajo\CIF.pdf,CIF.pdf,.pdf,False
MADRID\1APROVINCIA\FUENLABRADA\austria9\DATOS\CIF\CIF.pdf,CIF.pdf,.pdf,False
MADRID\1APROVINCIA\FUENLABRADA\avandes11\1.DATOS\2.DOCUMENTACION\CIF COMUNIDAD.pdf,CIF COMUNIDAD.pdf,.pdf,False
MADRID\1APROVINCIA\FUENLABRADA\avandes11\1.DATOS\2.DOCUMENTACION\CIF.pdf,CIF.pdf,.pdf,False
MADRID\1APROVINCIA\FUENLABRADA\avandes11\3.OBRA\DECLARACION RESPONSABLE\tramitacion\CIF_DNI presidenta_merged.pdf,CIF_DNI presidenta_merged.pdf,.pdf,False
MADRID\1APROVINCIA\FUENLABRADA\avandes11\3.OBRA\DECLARACION RESPONSABLE\tramitacion\bonificacion icio\CIF.pdf,CIF.pdf,.pdf,False
MADRID\1APROVINCIA\FUENLABRADA\avandes13\DATOS\documentación\CIF Andes nº 13.pdf,CIF Andes nº 13.pdf,.pdf,False
MADRID\1APROVINCIA\FUENLABRADA\avespaña9\1.DATOS\2.DOCUMENTACION\CIF 270.pdf,CIF 270.pdf,.pdf,False
MADRID\1APROVINCIA\FUENLABRADA\avestados18\1.DATOS\2.DOCUMENTACION\CIF.pdf,CIF.pdf,.pdf,False
MADRID\1APROVINCIA\FUENLABRADA\avestados18\2.PROYECTO\4.SUBVENCION\SUBV CAM NG 2022\PROGRAMA 3\Doc trabajo\CIF.pdf,CIF.pdf,.pdf,False
MADRID\1APROVINCIA\FUENLABRADA\avestados18\2.PROYECTO\4.SUBVENCION\SUBV CAM NG 2022\PROGRAMA 5_desistido\Doc trabajo\CIF.pdf,CIF.pdf,.pdf,False
MADRID\1APROVINCIA\FUENLABRADA\avestados1\ASCENSOR\1.DATOS\2.DOCUMENTACION\cif av. estados 1 fuenlabrada.pdf,cif av. estados 1 fuenlabrada.pdf,.pdf,False
MADRID\1APROVINCIA\FUENLABRADA\avestados1\ASCENSOR\3.OBRA\DECLARACION RESPONSABLE\tramitacion\bonificacion icio\+datos promotor y autorizacion falta el cif.pdf,+datos promotor y autorizacion falta el cif.pdf,.pdf,False
MADRID\1APROVINCIA\FUENLABRADA\avestados1\RAMPA EXTERIOR\1.DATOS\2.DOCUMENTACION\cif av. estados 1 fuenlabrada.pdf,cif av. estados 1 fuenlabrada.pdf,.pdf,False
MADRID\1APROVINCIA\FUENLABRADA\avestados28\ASCENSOR\DATOS\ACTAS\CIF.pdf,CIF.pdf,.pdf,False
MADRID\1APROVINCIA\FUENLABRADA\avestados4\DATOS\documentacion\cif estados 4.pdf,cif estados 4.pdf,.pdf,False
MADRID\1APROVINCIA\FUENLABRADA\avfranciscojaviersauquillo22\ascensor TERMINADO\1.DATOS\2.DOCUMENTACION\cif francisco javier sauquillo 22 fuenlabrada.pdf,cif francisco javier sauquillo 22 fuenlabrada.pdf,.pdf,False
MADRID\1APROVINCIA\FUENLABRADA\avfranciscojaviersauquillo30\DATOS\ACTAS\207- CIF FCO JAVIER SAUQUILLO 30.pdf,207- CIF FCO JAVIER SAUQUILLO 30.pdf,.pdf,False
MADRID\1APROVINCIA\FUENLABRADA\avprovincias10\DATOS\datos\CIF Comunidad (3).pdf,CIF Comunidad (3).pdf,.pdf,False
MADRID\1APROVINCIA\FUENLABRADA\avprovincias10\PROYECTO\INCIDENCIA1 admin\peticion tasa icio con bonificacion\CIF Comunidad (3).pdf,CIF Comunidad (3).pdf,.pdf,False
MADRID\1APROVINCIA\FUENLABRADA\avprovincias14\1.DATOS\2.DOCUMENTACION\CIF_Comunidad.pdf,CIF_Comunidad.pdf,.pdf,False
MADRID\1APROVINCIA\FUENLABRADA\avprovincias16\1.DATOS\2.DOCUMENTACION\PROVINCIAS-16-CIF-NUEVO.PDF,PROVINCIAS-16-CIF-NUEVO.PDF,.pdf,False
"MADRID\1APROVINCIA\FUENLABRADA\avprovincias46\1.DATOS\2.DOCUMENTACION\CIF PROVINCIAS, 46.pdf","CIF PROVINCIAS, 46.pdf",.pdf,False
MADRID\1APROVINCIA\FUENLABRADA\avregiones6\ASCENSOR\1.DATOS\2.DOCUMENTACION\CIF AV REGIONES 6.pdf,CIF AV REGIONES 6.pdf,.pdf,False
MADRID\1APROVINCIA\FUENLABRADA\avregiones6\SATE Y AEROTERMIA\1.DATOS\2.DOCUMENTACION\CIF (1).pdf,CIF (1).pdf,.pdf,False
MADRID\1APROVINCIA\FUENLABRADA\belen7\1.DATOS\2.DOCUMENTACION\cif.pdf,cif.pdf,.pdf,False
MADRID\1APROVINCIA\FUENLABRADA\belen7\2.PROYECTO\4.SUBVENCION\SUBV CAM NG 2022\PROGRAMA 3\Doc trabajo\cif.pdf,cif.pdf,.pdf,False
MADRID\1APROVINCIA\FUENLABRADA\belen7\2.PROYECTO\4.SUBVENCION\SUBV CAM NG 2022\PROGRAMA 5\Doc trabajo\cif.pdf,cif.pdf,.pdf,False
MADRID\1APROVINCIA\FUENLABRADA\brunete3\1 sate + ascensor\1.DATOS\2.DOCUMENTACION\CIF CDAD. PROP. BRUNETE 3.pdf,CIF CDAD. PROP. BRUNETE 3.pdf,.pdf,False
MADRID\1APROVINCIA\FUENLABRADA\callao31\1.DATOS\2.DOCUMENTACION\cif callao 31.pdf,cif callao 31.pdf,.pdf,False
MADRID\1APROVINCIA\FUENLABRADA\callao31\2.PROYECTO\4.SUBVENCION\SUBV CAM NG 2022_concedida\PROGRAMA 3_concedida\Doc trabajo\cif callao 31.pdf,cif callao 31.pdf,.pdf,False
MADRID\1APROVINCIA\FUENLABRADA\callao31\2.PROYECTO\4.SUBVENCION\SUBV CAM NG 2022_concedida\PROGRAMA 5\Doc trabajo\cif callao 31.pdf,cif callao 31.pdf,.pdf,False
MADRID\1APROVINCIA\FUENLABRADA\callao35\1.DATOS\2.DOCUMENTACION\cif callao 35.pdf,cif callao 35.pdf,.pdf,False
MADRID\1APROVINCIA\FUENLABRADA\callao35\2.PROYECTO\4.SUBVENCION\SUBV CAM NG 2022\PROGRAMA 5\Doc trabajo\cif callao 35.pdf,cif callao 35.pdf,.pdf,False
MADRID\1APROVINCIA\FUENLABRADA\canarias8\1 Cambio Ascendentes y Bajantes octubre 2021\DATOS\datos\CIF COMUNIDAD (3).pdf,CIF COMUNIDAD (3).pdf,.pdf,False
MADRID\1APROVINCIA\FUENLABRADA\canarias8\3 Mejora accesibilidad\1.DATOS\2.DOCUMENTACION\CIF COMUNIDAD (3).pdf,CIF COMUNIDAD (3).pdf,.pdf,False
MADRID\1APROVINCIA\FUENLABRADA\castillalanueva33\1.DATOS\2.DOCUMENTACION\CIF .pdf,CIF .pdf,.pdf,False
MADRID\1APROVINCIA\FUENLABRADA\castillalanueva37bis\1.DATOS\2.DOCUMENTACION\CIF CASTILLA LA NUEVA 37BIS FUENLABRADA.pdf,CIF CASTILLA LA NUEVA 37BIS FUENLABRADA.pdf,.pdf,False
MADRID\1APROVINCIA\FUENLABRADA\castillalanueva40\1.DATOS\2.DOCUMENTACION\cif CN-40-NUEVO.pdf,cif CN-40-NUEVO.pdf,.pdf,False
MADRID\1APROVINCIA\FUENLABRADA\castillalavieja12\solado portal\1.DATOS\2.DOCUMENTACION\CIF_Castilla la Vieja 12.pdf,CIF_Castilla la Vieja 12.pdf,.pdf,False
MADRID\1APROVINCIA\FUENLABRADA\castillalavieja8\1.DATOS\2.DOCUMENTACION\CIF CASTILLA LA VIEJA 8.pdf,CIF CASTILLA LA VIEJA 8.pdf,.pdf,False
MADRID\1APROVINCIA\FUENLABRADA\castillalavieja8\2.PROYECTO\4.SUBVENCION\SUBV CAM NG 2022\PROGRAMA 3\Doc trabajo\CIF CASTILLA LA VIEJA 8.pdf,CIF CASTILLA LA VIEJA 8.pdf,.pdf,False
MADRID\1APROVINCIA\FUENLABRADA\castillalavieja8\2.PROYECTO\4.SUBVENCION\SUBV CAM NG 2022\PROGRAMA 5\Doc trabajo\cif callao 35.pdf,cif callao 35.pdf,.pdf,False
MADRID\1APROVINCIA\FUENLABRADA\castillejos22\DATOS\ACTAS\C.I.F (1).pdf,C.I.F (1).pdf,.pdf,False
MADRID\1APROVINCIA\FUENLABRADA\castillejos23\DATOS\DOCUMENTACION\cif castillejos 23.pdf,cif castillejos 23.pdf,.pdf,False
MADRID\1APROVINCIA\FUENLABRADA\comunidaddemadrid9\DATOS\documentacion\cif comunidad de madrid 9 fuenlabrada.pdf,cif comunidad de madrid 9 fuenlabrada.pdf,.pdf,False
MADRID\1APROVINCIA\FUENLABRADA\comunidaddemadrid9\PROYECTO\SUBVENCIÓN\SUBV CAM NG 2022\PROGRAMA 3\Doc trabajo\cif comunidad de madrid 9 fuenlabrada.pdf,cif comunidad de madrid 9 fuenlabrada.pdf,.pdf,False
MADRID\1APROVINCIA\FUENLABRADA\comunidaddemadrid9\PROYECTO\SUBVENCIÓN\SUBV CAM NG 2022\PROGRAMA 5\Doc trabajo\cif comunidad de madrid 9 fuenlabrada.pdf,cif comunidad de madrid 9 fuenlabrada.pdf,.pdf,False
MADRID\1APROVINCIA\FUENLABRADA\comunidaddemadrid9\PROYECTO\VISADO\Memoria cif incorrecto\Memoria cif incorrecto.pdf,Memoria cif incorrecto.pdf,.pdf,True
MADRID\1APROVINCIA\FUENLABRADA\cuartel 1\Datos\datos\CIF (1).pdf,CIF (1).pdf,.pdf,False
MADRID\1APROVINCIA\FUENLABRADA\delicias1\1.DATOS\2.DOCUMENTACION\cif.pdf,cif.pdf,.pdf,False
MADRID\1APROVINCIA\FUENLABRADA\delicias1\2.PROYECTO\4.SUBVENCION\SUBV CAM 2023\Doc Trabajo\cif.pdf,cif.pdf,.pdf,False
MADRID\1APROVINCIA\FUENLABRADA\delicias7\1.DATOS\2.DOCUMENTACION\CIF COMUNIDAD.pdf,CIF COMUNIDAD.pdf,.pdf,False
MADRID\1APROVINCIA\FUENLABRADA\eras5\DATOS\ACTAS Y DATOS COMUNIDAD\CIF.pdf,CIF.pdf,.pdf,False
MADRID\1APROVINCIA\FUENLABRADA\eras9\ascensor\1.DATOS\2.DOCUMENTACION\CIF ERAS 9 FUENLABRADA.pdf,CIF ERAS 9 FUENLABRADA.pdf,.pdf,False
MADRID\1APROVINCIA\FUENLABRADA\eras9\ascensor\2.PROYECTO\4.SUBVENCION\SUBV ASCENSORES CAM 2023\Doc trabajo\CIF.pdf,CIF.pdf,.pdf,False
MADRID\1APROVINCIA\FUENLABRADA\eras9\ascensor\2.PROYECTO\4.SUBVENCION\SUBV CAM 2022\Doc trabajo\CIF.pdf,CIF.pdf,.pdf,False
MADRID\1APROVINCIA\FUENLABRADA\eras9\ascensor\2.PROYECTO\4.SUBVENCION\SUBV CAM 2023\Doc trabajo\CIF.pdf,CIF.pdf,.pdf,False
MADRID\1APROVINCIA\FUENLABRADA\eras9\dr\1.DATOS\2.DOCUMENTACION\CIF COMUNIDAD.pdf,CIF COMUNIDAD.pdf,.pdf,False
MADRID\1APROVINCIA\FUENLABRADA\eras9\dr\1.DATOS\2.DOCUMENTACION\CIF ERAS 9 FUENLABRADA.pdf,CIF ERAS 9 FUENLABRADA.pdf,.pdf,False
MADRID\1APROVINCIA\FUENLABRADA\fatima6\1.DATOS\2.DOCUMENTACION\CIF FATIMA 6 (1).pdf,CIF FATIMA 6 (1).pdf,.pdf,False
MADRID\1APROVINCIA\FUENLABRADA\fatima8\1.DATOS\2.DOCUMENTACION\CIF FATIMA 8.pdf,CIF FATIMA 8.pdf,.pdf,False
MADRID\1APROVINCIA\FUENLABRADA\ferrocarril 1-B\PROYECTO\subvenciones 2021\papeles\C.I.F.pdf,C.I.F.pdf,.pdf,False
MADRID\1APROVINCIA\FUENLABRADA\francia15\datos\datos\CIF COMUNIDAD.pdf,CIF COMUNIDAD.pdf,.pdf,False
MADRID\1APROVINCIA\FUENLABRADA\francia50\ASCENSOR\1.DATOS\2.DOCUMENTACION\datos de la cp\CIF1.pdf,CIF1.pdf,.pdf,False
MADRID\1APROVINCIA\FUENLABRADA\francia5\1.DATOS\2.DOCUMENTACION\FRANCIA 5 TARJETA CIF.pdf,FRANCIA 5 TARJETA CIF.pdf,.pdf,False
MADRID\1APROVINCIA\FUENLABRADA\francia7\1.DATOS\2.DOCUMENTACION\TARJETA CIF C.P FRANCIA 7.pdf,TARJETA CIF C.P FRANCIA 7.pdf,.pdf,False
MADRID\1APROVINCIA\FUENLABRADA\francia7\2.PROYECTO\4.SUBVENCION\SUBV CAM 2025_concedida\Doc trabajo\CIF Comunidad.pdf,CIF Comunidad.pdf,.pdf,False
MADRID\1APROVINCIA\FUENLABRADA\habana41\1.DATOS\2.DOCUMENTACION\CIF.pdf,CIF.pdf,.pdf,False
MADRID\1APROVINCIA\FUENLABRADA\habana41\2.PROYECTO\4.SUBVENCION\SUBV CAM NG 2022_concedida\PROGRAMA 3_concedida\Doc trabajo\CIF.pdf,CIF.pdf,.pdf,False
MADRID\1APROVINCIA\FUENLABRADA\habana41\2.PROYECTO\4.SUBVENCION\SUBV CAM NG 2022_concedida\PROGRAMA 5\Doc trabajo\CIF.pdf,CIF.pdf,.pdf,False
MADRID\1APROVINCIA\FUENLABRADA\hispanidad3\ascensor\DATOS\datos\Cif de la comunidad .pdf,Cif de la comunidad .pdf,.pdf,False
MADRID\1APROVINCIA\FUENLABRADA\hispanidad3\ascensor\OBRA\LICENCIA\TRAMITACION\papeles\Cif de la comunidad .pdf,Cif de la comunidad .pdf,.pdf,False
MADRID\1APROVINCIA\FUENLABRADA\hispanidad3\legalizacion rampa exterior\1.DATOS\documentacion\Cif de la comunidad .pdf,Cif de la comunidad .pdf,.pdf,False
MADRID\1APROVINCIA\FUENLABRADA\holanda10\1.DATOS\2.DOCUMENTACION\Tarjeta CIF de la Comunidad.pdf,Tarjeta CIF de la Comunidad.pdf,.pdf,False
MADRID\1APROVINCIA\FUENLABRADA\holanda11\DATOS\DATOS\CIF.pdf,CIF.pdf,.pdf,False
MADRID\1APROVINCIA\FUENLABRADA\honda18\DATOS\administracion\053 CIF.pdf,053 CIF.pdf,.pdf,False
MADRID\1APROVINCIA\FUENLABRADA\honduras4\PROYECTO\SUBVENCION\SUBV CAM NG 2022\Doc de trabajo\CIF comunidad.pdf,CIF comunidad.pdf,.pdf,False
MADRID\1APROVINCIA\FUENLABRADA\humera16\1.DATOS\2.DOCUMENTACION\0073 CIF COMUNIDADES.pdf,0073 CIF COMUNIDADES.pdf,.pdf,False
MADRID\1APROVINCIA\FUENLABRADA\humera23\DATOS\actas y datos\CIF (1).pdf,CIF (1).pdf,.pdf,False
MADRID\1APROVINCIA\FUENLABRADA\humera27\1.0 DATOS\datos\CIF tarjeta fiscal .pdf,CIF tarjeta fiscal .pdf,.pdf,False
MADRID\1APROVINCIA\FUENLABRADA\humera2\DATOS\documentacion\0279 CIF.pdf,0279 CIF.pdf,.pdf,False
MADRID\1APROVINCIA\FUENLABRADA\hungria4\1 DATOS COMUNES\2.DOCUMENTACION\cif hungria 4_2.pdf,cif hungria 4_2.pdf,.pdf,False
MADRID\1APROVINCIA\FUENLABRADA\islasbritanicas26\1.DATOS\2.DOCUMENTACION\CIF Islas Británicas 26.pdf,CIF Islas Británicas 26.pdf,.pdf,False
MADRID\1APROVINCIA\FUENLABRADA\italia11\1.DATOS\2.DOCUMENTACION\CIF COMUNIDAD ITALIA.pdf,CIF COMUNIDAD ITALIA.pdf,.pdf,False
MADRID\1APROVINCIA\FUENLABRADA\italia11\2.PROYECTO\4.SUBVENCION\SUBV CAM ARRU 2023\Doc a presentar\CIF ACCESALIA.pdf,CIF ACCESALIA.pdf,.pdf,False
MADRID\1APROVINCIA\FUENLABRADA\italia11\2.PROYECTO\4.SUBVENCION\SUBV CAM ARRU 2023\Doc a presentar\CIF Comunidad Italia 11.pdf,CIF Comunidad Italia 11.pdf,.pdf,False
MADRID\1APROVINCIA\FUENLABRADA\italia35\1.DATOS\2.DOCUMENTACION\CIF.pdf,CIF.pdf,.pdf,False
MADRID\1APROVINCIA\FUENLABRADA\italia35\2.PROYECTO\4.SUBVENCION\SUBV CAM 2023 - concedida\Doc trabajo\CIF_comunidad.pdf,CIF_comunidad.pdf,.pdf,False
MADRID\1APROVINCIA\FUENLABRADA\italia35\2.PROYECTO\4.SUBVENCION\SUBV CAM ARRU 2023\Doc a presentar\CIF ACCESALIA.pdf,CIF ACCESALIA.pdf,.pdf,False
"MADRID\1APROVINCIA\FUENLABRADA\italia35\2.PROYECTO\4.SUBVENCION\SUBV CAM ARRU 2023\Doc a presentar\CIF CP Italia, 35.pdf","CIF CP Italia, 35.pdf",.pdf,False
MADRID\1APROVINCIA\FUENLABRADA\italia35\2.PROYECTO\4.SUBVENCION\SUBV CAM NG 2022_concedida\PROGRAMA 3 - concedida\Doc Trabajo\CIF_comunidad.pdf,CIF_comunidad.pdf,.pdf,False
MADRID\1APROVINCIA\FUENLABRADA\italia35\2.PROYECTO\4.SUBVENCION\SUBV CAM NG 2022_concedida\PROGRAMA 5\Doc trabajo\CIF.pdf,CIF.pdf,.pdf,False
MADRID\1APROVINCIA\FUENLABRADA\italia35\2.PROYECTO\4.SUBVENCION\SUBV CAM NG 2022_concedida\PROGRAMA 5\Doc trabajo\CIF_comunidad.pdf,CIF_comunidad.pdf,.pdf,False
MADRID\1APROVINCIA\FUENLABRADA\lasnieves5\DATOS\ACTAS\CIF COMUNIDAD PROPIETARIOS LAS NIEVES 5.pdf,CIF COMUNIDAD PROPIETARIOS LAS NIEVES 5.pdf,.pdf,False
MADRID\1APROVINCIA\FUENLABRADA\lavega6\ascensor terminado\DATOS\datos\DE LA VEGA 6 CIF.pdf,DE LA VEGA 6 CIF.pdf,.pdf,False
MADRID\1APROVINCIA\FUENLABRADA\lavega6\ascensor terminado\PROYECTO\SUBVENCIONES\IEE\LAVEGA6\_datos\DE LA VEGA 6 CIF.pdf,DE LA VEGA 6 CIF.pdf,.pdf,False
MADRID\1APROVINCIA\FUENLABRADA\leganes14\1.DATOS\2.DOCUMENTACION\CP LEGANES 14   TARJETA CIF.pdf,CP LEGANES 14   TARJETA CIF.pdf,.pdf,False
MADRID\1APROVINCIA\FUENLABRADA\lima53\DATOS\ACTAS\CIF DE COMUNIDAD.pdf,CIF DE COMUNIDAD.pdf,.pdf,False
MADRID\1APROVINCIA\FUENLABRADA\lima53\DATOS\ACTAS\CIF.pdf,CIF.pdf,.pdf,False
MADRID\1APROVINCIA\FUENLABRADA\lima5\SATE\1.DATOS\2.DOCUMENTACION\CIF1.pdf,CIF1.pdf,.pdf,False
MADRID\1APROVINCIA\FUENLABRADA\lima5\SATE\2.PROYECTO\4.SUBVENCION\SUBV CAM NG 2022\PROGRAMA 3\Doc trabajo\CIF1.pdf,CIF1.pdf,.pdf,False
MADRID\1APROVINCIA\FUENLABRADA\lima5\SATE\2.PROYECTO\4.SUBVENCION\SUBV CAM NG 2022\PROGRAMA 5\Doc trabajo\CIF1.pdf,CIF1.pdf,.pdf,False
MADRID\1APROVINCIA\FUENLABRADA\malaga22\cambio tuberias\1.DATOS\2.DOCUMENTACION\CIF MALAGA 22 FUENLABRADA.pdf,CIF MALAGA 22 FUENLABRADA.pdf,.pdf,False
MADRID\1APROVINCIA\FUENLABRADA\malaga28\ascendentes y bajantes\1.DATOS\2.DOCUMENTACION\CIF MALAGA 28.pdf,CIF MALAGA 28.pdf,.pdf,False
MADRID\1APROVINCIA\FUENLABRADA\malaga40\mejora accesibilidad\DATOS\datos\CIF de Calle Malaga 40 Fuenlabrada.pdf,CIF de Calle Malaga 40 Fuenlabrada.pdf,.pdf,False
MADRID\1APROVINCIA\FUENLABRADA\malaga4\DATOS\DATOS\CIF COMUNIDADmala4.pdf,CIF COMUNIDADmala4.pdf,.pdf,False
MADRID\1APROVINCIA\FUENLABRADA\migueldeunamuno25\DATOS\datos\cif de la cdad de prop.pdf,cif de la cdad de prop.pdf,.pdf,False
MADRID\1APROVINCIA\FUENLABRADA\migueldeunamuno25\PROYECTO\SUBVENCION\IDAE\cif de la cdad de prop.pdf,cif de la cdad de prop.pdf,.pdf,False
MADRID\1APROVINCIA\FUENLABRADA\migueldeunamuno25\PROYECTO\SUBVENCION\SUBV CAM NG 2022\Doc trabajo\cif de la cdad de prop.pdf,cif de la cdad de prop.pdf,.pdf,False
MADRID\1APROVINCIA\FUENLABRADA\migueldeunamuno25\PROYECTO\SUBVENCION\SUBVENCIONES CAM 2021\cif de la cdad de prop.pdf,cif de la cdad de prop.pdf,.pdf,False
MADRID\1APROVINCIA\FUENLABRADA\mostoles3portal2\Ascensor TERMINADO\DATOS\datos\CIF 2.pdf,CIF 2.pdf,.pdf,False
MADRID\1APROVINCIA\FUENLABRADA\mostoles3portal3\DATOS\datos\Cif.pdf,Cif.pdf,.pdf,False
MADRID\1APROVINCIA\FUENLABRADA\mostoles3portal3\PROYECTO\SUBVENCION 2021\papeles\Cif (8).pdf,Cif (8).pdf,.pdf,False
MADRID\1APROVINCIA\FUENLABRADA\mostoles3portal4\1.DATOS\2.DOCUMENTACION\CIF CP MOSTOLES 3 PORTAL 4.pdf,CIF CP MOSTOLES 3 PORTAL 4.pdf,.pdf,False
MADRID\1APROVINCIA\FUENLABRADA\mostoles3portal5\DATOS\ACTAS\CIF COMUNIDAD.pdf,CIF COMUNIDAD.pdf,.pdf,False
MADRID\1APROVINCIA\FUENLABRADA\mostoles3portal7\SATE\1.DATOS\2.DOCUMENTACION\CIF_Mostoles_3_7.pdf,CIF_Mostoles_3_7.pdf,.pdf,False
MADRID\1APROVINCIA\FUENLABRADA\mostoles3portal7\SATE\2.PROYECTO\4.SUBVENCION\SUBV ERRP P1 NG - concedida\Doc Trabajo\CIF_Mostoles_3_7.pdf,CIF_Mostoles_3_7.pdf,.pdf,False
MADRID\1APROVINCIA\FUENLABRADA\mostoles3portal8\DATOS\documentacion\CIF COMUINIDAD.pdf,CIF COMUINIDAD.pdf,.pdf,False
MADRID\1APROVINCIA\FUENLABRADA\mostoles3portal8\PROYECTO\INCIDENCIA4\CIF COMUNIDAD.pdf,CIF COMUNIDAD.pdf,.pdf,False
MADRID\1APROVINCIA\FUENLABRADA\nardos2\DATOS\actas y permisos\CIF COMUNIDAD.pdf,CIF COMUNIDAD.pdf,.pdf,False
MADRID\1APROVINCIA\FUENLABRADA\nazaret14\1.DATOS\2.DOCUMENTACION\CIF.pdf,CIF.pdf,.pdf,False
MADRID\1APROVINCIA\FUENLABRADA\nazaret1\DATOS\DATOS\CIF CDADnazaret 1.pdf,CIF CDADnazaret 1.pdf,.pdf,False
MADRID\1APROVINCIA\FUENLABRADA\nazaret32bis\SATE\1.DATOS\2.DOCUMENTACION\CIF.pdf,CIF.pdf,.pdf,False
MADRID\1APROVINCIA\FUENLABRADA\nazaret32bis\SATE\2.PROYECTO\4.SUBVENCION\SUBV CAM NG 2022\PROGRAMA 3_concedida\Doc trabajo\CIF.pdf,CIF.pdf,.pdf,False
MADRID\1APROVINCIA\FUENLABRADA\oriente6\1.DATOS\2.DOCUMENTACION\CIF CP ORIENTE 6.pdf,CIF CP ORIENTE 6.pdf,.pdf,False
MADRID\1APROVINCIA\FUENLABRADA\palencia12\1.DATOS\2.DOCUMENTACION\acta cif y dni.pdf,acta cif y dni.pdf,.pdf,False
MADRID\1APROVINCIA\FUENLABRADA\palencia12\3.OBRA\DECLARACION RESPONSABLE\bonificacion icio\acta cif y dni.pdf,acta cif y dni.pdf,.pdf,False
MADRID\1APROVINCIA\FUENLABRADA\palencia12\3.OBRA\DECLARACION RESPONSABLE\tramitacion\trabajo\acta cif y dni.pdf,acta cif y dni.pdf,.pdf,False
MADRID\1APROVINCIA\FUENLABRADA\paseodegranada2\accesibilidad\1.DATOS\2.DOCUMENTACION\CIF_comunidad.pdf,CIF_comunidad.pdf,.pdf,False
MADRID\1APROVINCIA\FUENLABRADA\paseodegranada2\sate\1.DATOS\2.DOCUMENTACION\CIF_comunidad.pdf,CIF_comunidad.pdf,.pdf,False
MADRID\1APROVINCIA\FUENLABRADA\paseodegranada3\accesibilidad\DATOS\datos\CIF CDAD..pdf,CIF CDAD..pdf,.pdf,False
MADRID\1APROVINCIA\FUENLABRADA\paseodegranada3\accesibilidad\PROYECTO\INCIDENCIA1\peticion tasa lic e icio con bonificacion\CIF CDAD..pdf,CIF CDAD..pdf,.pdf,False
MADRID\1APROVINCIA\FUENLABRADA\paseodoctorseveroochoa10\1.DATOS\2.DOCUMENTACION\CIF SEVERO OCHOA 10.pdf,CIF SEVERO OCHOA 10.pdf,.pdf,False
MADRID\1APROVINCIA\FUENLABRADA\paseoolimpo16\bajada a cota cero - FINALIZADO\DATOS\datos\CIF.pdf,CIF.pdf,.pdf,False
MADRID\1APROVINCIA\FUENLABRADA\paseoolimpo16\sate\1.DATOS\2.DOCUMENTACION\CIF.pdf,CIF.pdf,.pdf,False
MADRID\1APROVINCIA\FUENLABRADA\paseosanantonio3\DATOS\datos\CIF de Comunidad de Propietarios.pdf,CIF de Comunidad de Propietarios.pdf,.pdf,False
"MADRID\1APROVINCIA\FUENLABRADA\paseosanantonio3\DATOS\datos\CP PASEO SAN ANTONIO 3 - AUTORIZACION ,, CIF Y DNI PRESIDENTE.pdf","CP PASEO SAN ANTONIO 3 - AUTORIZACION ,, CIF Y DNI PRESIDENTE.pdf",.pdf,False
MADRID\1APROVINCIA\FUENLABRADA\paseosanantonio4\SATE\1.DATOS\2.DOCUMENTACION\CIF COMUNIDAD DE PROPIETARIOS PASEO SAN ANTONIO 4.pdf,CIF COMUNIDAD DE PROPIETARIOS PASEO SAN ANTONIO 4.pdf,.pdf,False
MADRID\1APROVINCIA\FUENLABRADA\paular5\1.DATOS\2.DOCUMENTACION\CIF.pdf,CIF.pdf,.pdf,False
"MADRID\1APROVINCIA\FUENLABRADA\pelayos11\DATOS\datos\CP PELAYOS 11 HOJA ENCARGO ASCENSOR.CIF, DNI PRESIDNETE.pdf","CP PELAYOS 11 HOJA ENCARGO ASCENSOR.CIF, DNI PRESIDNETE.pdf",.pdf,False
MADRID\1APROVINCIA\FUENLABRADA\pelayos11\PROYECTO\SUBVENCION\AYTO FUENLA 2025_concedida\Doc a presentar\c. CIF Comunidad.pdf,c. CIF Comunidad.pdf,.pdf,False
MADRID\1APROVINCIA\FUENLABRADA\pelayos11\PROYECTO\SUBVENCION\IEE\DOCS USADOS para IEE reg sep 2025\CIF de comunidad de propietarios.pdf,CIF de comunidad de propietarios.pdf,.pdf,False
"MADRID\1APROVINCIA\FUENLABRADA\plazadenicaragua3\1.DATOS\2.DOCUMENTACION\CIF NICARAGUA, 3.pdf","CIF NICARAGUA, 3.pdf",.pdf,False
MADRID\1APROVINCIA\FUENLABRADA\plazaparis5\1. DATOS\2.DOCUMENTACION\El CIF P 5.pdf,El CIF P 5.pdf,.pdf,False
"MADRID\1APROVINCIA\FUENLABRADA\plazaparis6\1.DATOS\2.DOCUMENTACION\Cif Plaza Paris, 6.pdf","Cif Plaza Paris, 6.pdf",.pdf,False
"MADRID\1APROVINCIA\FUENLABRADA\plazaparis6\2.PROYECTO\4.SUBVENCION\SUBV CAM 2023_concedida\Doc trabajo\Cif Plaza Paris, 6.pdf","Cif Plaza Paris, 6.pdf",.pdf,False
MADRID\1APROVINCIA\FUENLABRADA\plazaparis7\DATOS\DOCUMENTACION\antiguo\CIF 32.pdf,CIF 32.pdf,.pdf,False
MADRID\1APROVINCIA\FUENLABRADA\plazaparis7\PROYECTO\SUBVENCION 2021\CIF 32.pdf,CIF 32.pdf,.pdf,False
MADRID\1APROVINCIA\FUENLABRADA\plazavaldehondillo2\DATOS\datos\cif.pdf,cif.pdf,.pdf,False
MADRID\1APROVINCIA\FUENLABRADA\polvoranca23\DATOS\documentacion\CIF Polvoranca 23.pdf,CIF Polvoranca 23.pdf,.pdf,False
MADRID\1APROVINCIA\FUENLABRADA\polvoranca23\PROYECTO\SUBVENCION\SUBV AYTO FUENLA 2025_concedida\Doc a presentar\c. CIF Polvoranca 23.pdf,c. CIF Polvoranca 23.pdf,.pdf,False
"MADRID\1APROVINCIA\FUENLABRADA\pozuelo19\DATOS\ACTAS\CIF POZUELO,19 (FUENLABRADA)pdf.pdf","CIF POZUELO,19 (FUENLABRADA)pdf.pdf",.pdf,False
"MADRID\1APROVINCIA\FUENLABRADA\pozuelo19\DATOS\datos\CIF POZUELO,19 (FUENLABRADA)pdf.pdf","CIF POZUELO,19 (FUENLABRADA)pdf.pdf",.pdf,False
"MADRID\1APROVINCIA\FUENLABRADA\pozuelo19\PROYECTO\SUBVENCIONES 2021\CIF POZUELO,19 pdf.pdf","CIF POZUELO,19 pdf.pdf",.pdf,False
MADRID\1APROVINCIA\FUENLABRADA\sanandres1\DATOS\datos\CIF comunidad.pdf,CIF comunidad.pdf,.pdf,False
MADRID\1APROVINCIA\FUENLABRADA\sanandres2\1.DATOS\2.DOCUMENTACION\CIF CP SAN ANDRES 2 FUENLABRADA.pdf,CIF CP SAN ANDRES 2 FUENLABRADA.pdf,.pdf,False
MADRID\1APROVINCIA\FUENLABRADA\sanandres2\2.PROYECTO\4.SUBVENCION\AYTO FUENLA 2025_concedida\Doc a presentar\c. CIF SAN ANDRES 2.pdf,c. CIF SAN ANDRES 2.pdf,.pdf,False
MADRID\1APROVINCIA\FUENLABRADA\sanandres2\2.PROYECTO\4.SUBVENCION\SUBV CAM 2022\Doc trabajo\CIF CP SAN ANDRES 2 FUENLABRADA.pdf,CIF CP SAN ANDRES 2 FUENLABRADA.pdf,.pdf,False
MADRID\1APROVINCIA\FUENLABRADA\sanandres2\2.PROYECTO\4.SUBVENCION\SUBV CAM 2022\Nueva carpeta\CIF CP SAN ANDRES 2 FUENLABRADA.pdf,CIF CP SAN ANDRES 2 FUENLABRADA.pdf,.pdf,False
MADRID\1APROVINCIA\FUENLABRADA\sanandres2\2.PROYECTO\4.SUBVENCION\SUBV CAM 2023\Doc trabajo\CIF CP SAN ANDRES 2 FUENLABRADA.pdf,CIF CP SAN ANDRES 2 FUENLABRADA.pdf,.pdf,False
MADRID\1APROVINCIA\FUENLABRADA\sanfranciscojavier2\DATOS\DATOS\CIF COMUNIDAD.pdf,CIF COMUNIDAD.pdf,.pdf,False
MADRID\1APROVINCIA\FUENLABRADA\sanfranciscojavier2\PROYECTO\SUBVENCIONES\SUBV AYTO 2022_concedida\Doc a presentar\CIF.pdf,CIF.pdf,.pdf,False
MADRID\1APROVINCIA\FUENLABRADA\sanjoaquin19\DATOS\DOCUMENTACION\cif san joaquin 19 (2).pdf,cif san joaquin 19 (2).pdf,.pdf,False
MADRID\1APROVINCIA\FUENLABRADA\sanjose9\1.DATOS\2.DOCUMENTACION\CIF.pdf,CIF.pdf,.pdf,False
MADRID\1APROVINCIA\FUENLABRADA\sanjose9\2.PROYECTO\4.SUBVENCION\SUBV CAM NG 2022\PROGRAMA 3\Doc trabajo\CIF.pdf,CIF.pdf,.pdf,False
MADRID\1APROVINCIA\FUENLABRADA\sanjose9\2.PROYECTO\4.SUBVENCION\SUBV CAM NG 2022\PROGRAMA 5\Doc trabajo\CIF.pdf,CIF.pdf,.pdf,False
MADRID\1APROVINCIA\FUENLABRADA\torrejon9\1.DATOS\2.DOCUMENTACION\cif torrejón 9_2.pdf,cif torrejón 9_2.pdf,.pdf,False
MADRID\1APROVINCIA\FUENLABRADA\torrejon9\2.PROYECTO\4.SUBVENCION\SUBV CAM 2023_concedida\Doc Trabajo\cif torrejón 9_2.pdf,cif torrejón 9_2.pdf,.pdf,False
"MADRID\1APROVINCIA\FUENLABRADA\turquia22\1.DATOS\2.DOCUMENTACION\TURQUIA, 22 - CIF.pdf","TURQUIA, 22 - CIF.pdf",.pdf,False
"MADRID\1APROVINCIA\FUENLABRADA\uruguay2\DATOS\actas\CIF URUGUAY, 2 (1).pdf","CIF URUGUAY, 2 (1).pdf",.pdf,False
MADRID\1APROVINCIA\FUENLABRADA\villalba3\DATOS\datos\178 CIF.pdf,178 CIF.pdf,.pdf,False
MADRID\1APROVINCIA\FUENLABRADA\villalba5\DATOS\ACTAS\CIF.pdf,CIF.pdf,.pdf,False
MADRID\1APROVINCIA\FUENLABRADA\villaviciosadeodon2\1.DATOS\2.DOCUMENTACION\CIF CDADvillaviciosa 02.pdf,CIF CDADvillaviciosa 02.pdf,.pdf,False
MADRID\1APROVINCIA\FUENLABRADA\zamora1-3-5\ASCENSORES terminado\DATOS\ACTAS\CIF.pdf,CIF.pdf,.pdf,False
MADRID\1APROVINCIA\FUENLABRADA\zamora1-3-5\SATE\1.DATOS\2.DOCUMENTACION\CIF.pdf,CIF.pdf,.pdf,False
MADRID\1APROVINCIA\FUENLABRADA\zamora25\ASCENSOR\1.DATOS\2.DOCUMENTACION\CIF zamora25.pdf,CIF zamora25.pdf,.pdf,False
MADRID\1APROVINCIA\FUENLABRADA\zamora6\1.DATOS\2.DOCUMENTACION\Cif Zamora 6.pdf,Cif Zamora 6.pdf,.pdf,False
MADRID\1APROVINCIA\FUENLABRADA\zaragoza7\1.DATOS\2.DOCUMENTACION\Tarjeta CIF Comunidad.pdf,Tarjeta CIF Comunidad.pdf,.pdf,False
MADRID\1APROVINCIA\GETAFE\avangeles6\ascensor\1.DATOS\2.DOCUMENTACION\CIF ANGELES 6.pdf,CIF ANGELES 6.pdf,.pdf,False
MADRID\1APROVINCIA\GETAFE\avaragon14\1.DATOS\2.DOCUMENTACION\CIF ARAGON 14.pdf,CIF ARAGON 14.pdf,.pdf,False
MADRID\1APROVINCIA\GETAFE\avbuenosaires15\DATOS\datos\CIF_comunidad.pdf,CIF_comunidad.pdf,.pdf,False
MADRID\1APROVINCIA\GETAFE\avespaña27\1.DATOS\2.DOCUMENTACION\CIF comunidad.pdf,CIF comunidad.pdf,.pdf,False
MADRID\1APROVINCIA\GETAFE\avespaña33\1.DATOS\2.DOCUMENTACION\CIF.pdf,CIF.pdf,.pdf,False
MADRID\1APROVINCIA\GETAFE\avgibraltar4-6-8\1.DATOS\2.DOCUMENTACION\CIF GIBRALTAR 4-6-8.pdf,CIF GIBRALTAR 4-6-8.pdf,.pdf,False
MADRID\1APROVINCIA\GETAFE\avgibraltar4-6-8\2.PROYECTO\4.SUBVENCION\SUBV CAM NG 2022\Doc trabajo\CIF GIBRALTAR.pdf,CIF GIBRALTAR.pdf,.pdf,False
MADRID\1APROVINCIA\GETAFE\avreyescatólicos29\DATOS\datos\CIF.pdf,CIF.pdf,.pdf,False
MADRID\1APROVINCIA\GETAFE\avreyescatólicos29\OBRA\LICENCIA\declaracion responsable\nuevo envío completo 17-02-2022\CIF (9).pdf,CIF (9).pdf,.pdf,False
MADRID\1APROVINCIA\GETAFE\avreyescatólicos29\PROYECTO\INCIDENCIA2 septiembre 2022\CIF.pdf,CIF.pdf,.pdf,False
MADRID\1APROVINCIA\GETAFE\brunete10\1.DATOS\2.DOCUMENTACION\CIF BRUNETE 10 GETAFE.pdf,CIF BRUNETE 10 GETAFE.pdf,.pdf,False
MADRID\1APROVINCIA\GETAFE\brunete11\1.DATOS\2.DOCUMENTACION\cif brunete 11.PDF(1).pdf,cif brunete 11.PDF(1).pdf,.pdf,False
MADRID\1APROVINCIA\GETAFE\brunete11\2.PROYECTO\4.SUBVENCION\SUBV PRA 2023\Doc trabajo\cif brunete 11.PDF(1).pdf,cif brunete 11.PDF(1).pdf,.pdf,False
MADRID\1APROVINCIA\GETAFE\capitancarloshaya8\DATOS\datos\CIF COMUNIDAD.pdf,CIF COMUNIDAD.pdf,.pdf,False
MADRID\1APROVINCIA\GETAFE\jacintobenavente24\DATOS\ACTAS\CIF DE LA COMUNIDAD JB 24.pdf,CIF DE LA COMUNIDAD JB 24.pdf,.pdf,False
MADRID\1APROVINCIA\GETAFE\maestroturina6\1.DATOS\2.DOCUMENTACION\CIF.pdf,CIF.pdf,.pdf,False
MADRID\1APROVINCIA\GETAFE\magdalena3\1.Memoria\1.DATOS\2.DOCUMENTACION\CIF MAGDALENA 3 GETAFE.pdf,CIF MAGDALENA 3 GETAFE.pdf,.pdf,False
MADRID\1APROVINCIA\GETAFE\magdalena3\2.Reestructuracion\1.DATOS\2.DOCUMENTACION\CIF.pdf,CIF.pdf,.pdf,False
MADRID\1APROVINCIA\GETAFE\oriente19\DATOS\datos\cif de la comnidad.pdf,cif de la comnidad.pdf,.pdf,False
MADRID\1APROVINCIA\GETAFE\parla20\1.DATOS\2.DOCUMENTACION\CIF.pdf,CIF.pdf,.pdf,False
MADRID\1APROVINCIA\GETAFE\perdiz5\DATOS\datos\CIF.pdf,CIF.pdf,.pdf,False
MADRID\1APROVINCIA\GETAFE\titulcia12\DATOS\datos\CIF TITULCIA 12.pdf,CIF TITULCIA 12.pdf,.pdf,False
MADRID\1APROVINCIA\GETAFE\titulcia12\OBRA\MODIFICACION DE LLEGADA A SOTANO\3 incidencia 1 abril 2022\papeles\datos promotor y autorizacion\CIF TITULCIA 12.pdf,CIF TITULCIA 12.pdf,.pdf,False
MADRID\1APROVINCIA\GETAFE\valdemorillo1\1.DATOS\2.DOCUMENTACION\CIF.pdf,CIF.pdf,.pdf,False
MADRID\1APROVINCIA\GETAFE\valencia10\1.DATOS\2.DOCUMENTACION\CIF VALENCIA10 (1).pdf,CIF VALENCIA10 (1).pdf,.pdf,False
MADRID\1APROVINCIA\GETAFE\valencia10\2.PROYECTO\4.SUBVENCION\SUBV CAM 2023\Doc trabajo\CIF.pdf,CIF.pdf,.pdf,False
MADRID\1APROVINCIA\GRIÑON\carlosruiz3\DATOS\datos\cif (2).pdf,cif (2).pdf,.pdf,False
MADRID\1APROVINCIA\GRIÑON\cañadatoledana2\1.DATOS\2.DOCUMENTACION\CIF cañada.pdf,CIF cañada.pdf,.pdf,False
MADRID\1APROVINCIA\HUMANES DE MADRID\madrid38-40\1.DATOS\2.DOCUMENTACION\C.I.F. COMUNIDAD.pdf,C.I.F. COMUNIDAD.pdf,.pdf,False
MADRID\1APROVINCIA\HUMANES DE MADRID\madrid79\1.DATOS\2.DOCUMENTACION\CIF ( 2023 06 26)-NOMBRE CORREGIDO.pdf,CIF ( 2023 06 26)-NOMBRE CORREGIDO.pdf,.pdf,False
MADRID\1APROVINCIA\HUMANES DE MADRID\santiagoramonycajal9\1.DATOS\2.DOCUMENTACION\004- CIF DEFINITIVO.pdf,004- CIF DEFINITIVO.pdf,.pdf,False
MADRID\1APROVINCIA\HUMANES DE MADRID\vicentealeixandre15\1.DATOS\2.DOCUMENTACION\CIF. DEFINITIVO..pdf,CIF. DEFINITIVO..pdf,.pdf,False
MADRID\1APROVINCIA\LEGANES\alcarria60\1.DATOS\2.DOCUMENTACION\cif.pdf,cif.pdf,.pdf,False
MADRID\1APROVINCIA\LEGANES\alheli6\1.DATOS\2.DOCUMENTACION\CIF ALHELI 6.pdf,CIF ALHELI 6.pdf,.pdf,False
MADRID\1APROVINCIA\LEGANES\alheli6\2.PROYECTO\4.SUBVENCION\SUBV AYUNT LEGANES\Doc a presentar\d. CIF Comunidad.pdf,d. CIF Comunidad.pdf,.pdf,False
MADRID\1APROVINCIA\LEGANES\alheli6\2.PROYECTO\4.SUBVENCION\SUBV AYUNT LEGANES\Doc a presentar\f. CIF Accesalia.pdf,f. CIF Accesalia.pdf,.pdf,False
MADRID\1APROVINCIA\LEGANES\ampurdan10\1.DATOS\2.DOCUMENTACION\cif.pdf,cif.pdf,.pdf,False
MADRID\1APROVINCIA\LEGANES\ampurdan10\2.PROYECTO\4.SUBVENCION\SUBV AYUNT LEGANES\Doc a presentar\d. CIF Comunidad.pdf,d. CIF Comunidad.pdf,.pdf,False
MADRID\1APROVINCIA\LEGANES\ampurdan10\2.PROYECTO\4.SUBVENCION\SUBV AYUNT LEGANES\Doc a presentar\f. CIF Accesalia.pdf,f. CIF Accesalia.pdf,.pdf,False
MADRID\1APROVINCIA\LEGANES\ampurdan12\1.DATOS\2.DOCUMENTACION\CIF.pdf,CIF.pdf,.pdf,False
MADRID\1APROVINCIA\LEGANES\ampurdan12\2.PROYECTO\4.SUBVENCION\SUBV AYUNT LEGANES\Doc a presentar\d. CIF Comunidad.pdf,d. CIF Comunidad.pdf,.pdf,False
MADRID\1APROVINCIA\LEGANES\ampurdan12\2.PROYECTO\4.SUBVENCION\SUBV AYUNT LEGANES\Doc a presentar\f. CIF Accesalia.pdf,f. CIF Accesalia.pdf,.pdf,False
MADRID\1APROVINCIA\LEGANES\ampurdan12\2.PROYECTO\4.SUBVENCION\SUBV CAM 2025_concedida\Doc Trabajo\CIF.pdf,CIF.pdf,.pdf,False
MADRID\1APROVINCIA\LEGANES\ampurdan12\2.PROYECTO\4.SUBVENCION\SUBV CAM NG 2022_concedida\PROGRAMA 3\Doc trabajo\CIF.pdf,CIF.pdf,.pdf,False
MADRID\1APROVINCIA\LEGANES\ampurdan7\1.DATOS\2.DOCUMENTACION\CIF AMPURDAN 7.pdf,CIF AMPURDAN 7.pdf,.pdf,False
MADRID\1APROVINCIA\LEGANES\ampurdan7\2.PROYECTO\4.SUBVENCION\SUBV AYUNT LEGANES\Doc a presentar\d. CIF Comunidad.pdf,d. CIF Comunidad.pdf,.pdf,False
MADRID\1APROVINCIA\LEGANES\ampurdan7\2.PROYECTO\4.SUBVENCION\SUBV AYUNT LEGANES\Doc a presentar\f . CIF Accesalia.pdf,f . CIF Accesalia.pdf,.pdf,False
MADRID\1APROVINCIA\LEGANES\animas3\1.DATOS\2.DOCUMENTACION\CIF Animas 3.pdf,CIF Animas 3.pdf,.pdf,False
MADRID\1APROVINCIA\LEGANES\aragon11\1.DATOS\2.DOCUMENTACION\CIF ARAGON 11.pdf,CIF ARAGON 11.pdf,.pdf,False
MADRID\1APROVINCIA\LEGANES\aragon11\2.PROYECTO\4.SUBVENCION\SUBV AYUNT LEGANES\Doc a presentar\d. CIF Comunidad.pdf,d. CIF Comunidad.pdf,.pdf,False
MADRID\1APROVINCIA\LEGANES\aragon11\2.PROYECTO\4.SUBVENCION\SUBV AYUNT LEGANES\Doc a presentar\e. CIF Accesalia.pdf,e. CIF Accesalia.pdf,.pdf,False
MADRID\1APROVINCIA\LEGANES\aragon11\2.PROYECTO\4.SUBVENCION\SUBV CAM NG 2022\Doc trabajo\CIF ARAGON 11.pdf,CIF ARAGON 11.pdf,.pdf,False
MADRID\1APROVINCIA\LEGANES\avdelamancha15\1.DATOS\2.DOCUMENTACION\cif cp avda la mancha.pdf,cif cp avda la mancha.pdf,.pdf,False
MADRID\1APROVINCIA\LEGANES\avdelamancha15\2.PROYECTO\4.SUBVENCION\SUBV AYUNT LEGANES\Doc a presentar\d. CIF Comunidad.pdf,d. CIF Comunidad.pdf,.pdf,False
MADRID\1APROVINCIA\LEGANES\avdelamancha15\2.PROYECTO\4.SUBVENCION\SUBV AYUNT LEGANES\Doc a presentar\e. CIF Accesalia.pdf,e. CIF Accesalia.pdf,.pdf,False
MADRID\1APROVINCIA\LEGANES\avdelamancha18\1.DATOS\2.DOCUMENTACION\CIF 285.pdf,CIF 285.pdf,.pdf,False
MADRID\1APROVINCIA\LEGANES\avdrfleming14\2.PROYECTO\4.SUBVENCION\SUBV AYTO LEGANES 2022\Doc a presentar\d. CIF Comunidad.pdf,d. CIF Comunidad.pdf,.pdf,False
MADRID\1APROVINCIA\LEGANES\avdrfleming14\2.PROYECTO\4.SUBVENCION\SUBV AYTO LEGANES 2022\Doc a presentar\f. CIF Accesalia.pdf,f. CIF Accesalia.pdf,.pdf,False
"MADRID\1APROVINCIA\LEGANES\avdrfleming32\1.DATOS\2.DOCUMENTACION\CIF Fleming, 32.pdf","CIF Fleming, 32.pdf",.pdf,False
MADRID\1APROVINCIA\LEGANES\avdrmartinveguejaudenes22\DATOS\datos\CIF MARTIN VEGUE 22 (1).pdf,CIF MARTIN VEGUE 22 (1).pdf,.pdf,False
MADRID\1APROVINCIA\LEGANES\avdrmartinveguejaudenes22\PROYECTO\SUBVENCION\SUBV AYTO LEGANES 2022\Doc a presentar\CIF ACCESALIA.pdf,CIF ACCESALIA.pdf,.pdf,False
MADRID\1APROVINCIA\LEGANES\avdrmartinveguejaudenes22\PROYECTO\SUBVENCION\SUBV AYTO LEGANES 2022\Doc a presentar\CIF Dr Martin Vegue 22.pdf,CIF Dr Martin Vegue 22.pdf,.pdf,False
MADRID\1APROVINCIA\LEGANES\avdrmartinveguejaudenes33-35-37\DATOS\datos\CIF_signed.pdf,CIF_signed.pdf,.pdf,False
MADRID\1APROVINCIA\LEGANES\avdrmartinveguejaudenes33-35-37\consulta\INCIDENICA 2\papeles\CIF_signed.pdf,CIF_signed.pdf,.pdf,False
"MADRID\1APROVINCIA\LEGANES\avdrmendiguchiacarriche27\CONSULTA URBANISTICA\TRAMITACION\documentacion cdad\CIF - CP Av.Dr.Mendiguchia Carriche, 27 .pdf","CIF - CP Av.Dr.Mendiguchia Carriche, 27 .pdf",.pdf,False
"MADRID\1APROVINCIA\LEGANES\avdrmendiguchiacarriche27\DATOS\datos\CIF - CP Av.Dr.Mendiguchia Carriche, 27 (1).pdf","CIF - CP Av.Dr.Mendiguchia Carriche, 27 (1).pdf",.pdf,False
MADRID\1APROVINCIA\LEGANES\avdrmendiguchiacarriche38\1.DATOS\2.DOCUMENTACION\CIF COMUNIDAD.pdf,CIF COMUNIDAD.pdf,.pdf,False
MADRID\1APROVINCIA\LEGANES\avfuenlabrada17\DATOS\ACTAS COMUNIDAD\cif\CIF AVDA FUENLABRADA 17 (1).pdf,CIF AVDA FUENLABRADA 17 (1).pdf,.pdf,False
MADRID\1APROVINCIA\LEGANES\avfuenlabrada92\1.DATOS\datos\CIF comunidad.pdf,CIF comunidad.pdf,.pdf,False
MADRID\1APROVINCIA\LEGANES\avportugal23\1.DATOS\2.DOCUMENTACION\CIF.png,CIF.png,.png,False
MADRID\1APROVINCIA\LEGANES\baleares8\1.DATOS\2.DOCUMENTACION\CIF Comunidad.pdf,CIF Comunidad.pdf,.pdf,False
MADRID\1APROVINCIA\LEGANES\barrionuevo6\1.DATOS\2.DOCUMENTACION\CIF COMUNIDAD DE PROPIETARIOS BARRIONUEVO 6 (2).pdf,CIF COMUNIDAD DE PROPIETARIOS BARRIONUEVO 6 (2).pdf,.pdf,False
MADRID\1APROVINCIA\LEGANES\batalladeclavijo7\1.DATOS\2.DOCUMENTACION\CIF BATALLA DE CLAVIJO.pdf,CIF BATALLA DE CLAVIJO.pdf,.pdf,False
MADRID\1APROVINCIA\LEGANES\batallatrafalgar3\DATOS\ACTAS Y DATOS DE LA COMUNIDAD\cif trafalgar 3.pdf,cif trafalgar 3.pdf,.pdf,False
"MADRID\1APROVINCIA\LEGANES\calderondelabarca6\1.DATOS\2.DOCUMENTACION\CALDERON, 6 - CIF.pdf","CALDERON, 6 - CIF.pdf",.pdf,False
MADRID\1APROVINCIA\LEGANES\calderondelabarca6\2.PROYECTO\4.SUBVENCION\SUBV AYUNT LEGANES\Doc a presentar\d. CIF Comunidad.pdf,d. CIF Comunidad.pdf,.pdf,False
MADRID\1APROVINCIA\LEGANES\calderondelabarca6\2.PROYECTO\4.SUBVENCION\SUBV AYUNT LEGANES\Doc a presentar\f. CIF Accesalia.pdf,f. CIF Accesalia.pdf,.pdf,False
"MADRID\1APROVINCIA\LEGANES\calderondelabarca6\2.PROYECTO\4.SUBVENCION\SUBV CAM NG 2022\PROGRAMA 3_concedida_condicionada\Doc trabajo\CALDERON, 6 - CIF.pdf","CALDERON, 6 - CIF.pdf",.pdf,False
MADRID\1APROVINCIA\LEGANES\calderondelabarca8\1.DATOS\2.DOCUMENTACION\antiguo\cif antiguo.pdf,cif antiguo.pdf,.pdf,False
MADRID\1APROVINCIA\LEGANES\calderondelabarca8\1.DATOS\2.DOCUMENTACION\cif nuevo.pdf,cif nuevo.pdf,.pdf,False
MADRID\1APROVINCIA\LEGANES\calderondelabarca8\2.PROYECTO\4.SUBVENCION\SUBV AYUNT LEGANES\Doc a presentar\d. CIF Comunidad.pdf,d. CIF Comunidad.pdf,.pdf,False
MADRID\1APROVINCIA\LEGANES\calderondelabarca8\2.PROYECTO\4.SUBVENCION\SUBV AYUNT LEGANES\Doc a presentar\f. CIF Accesalia.pdf,f. CIF Accesalia.pdf,.pdf,False
MADRID\1APROVINCIA\LEGANES\castilla20\1.DATOS\2.DOCUMENTACION\CIF.pdf,CIF.pdf,.pdf,False
MADRID\1APROVINCIA\LEGANES\charco48\DATOS\CIF\CIF CHARCO 48.pdf,CIF CHARCO 48.pdf,.pdf,False
"MADRID\1APROVINCIA\LEGANES\covadonga22\1.DATOS\2.DOCUMENTACION\CIF COVADONGA, 22, LEGANES.pdf","CIF COVADONGA, 22, LEGANES.pdf",.pdf,False
MADRID\1APROVINCIA\LEGANES\covadonga22\2.PROYECTO\4.SUBVENCION\SUBV ASCENSORES CAM 2023\Doc trabajo\CIF COVADONGA 22.pdf,CIF COVADONGA 22.pdf,.pdf,False
"MADRID\1APROVINCIA\LEGANES\covadonga22\2.PROYECTO\4.SUBVENCION\SUBV ASCENSORES CAM 2023\Doc trabajo\CIF COVADONGA, 22, LEGANES.pdf","CIF COVADONGA, 22, LEGANES.pdf",.pdf,False
MADRID\1APROVINCIA\LEGANES\covadonga22\2.PROYECTO\4.SUBVENCION\SUBV AYUNT LEGANES\Doc a presentar\d. CIF Comunidad.pdf,d. CIF Comunidad.pdf,.pdf,False
MADRID\1APROVINCIA\LEGANES\covadonga22\2.PROYECTO\4.SUBVENCION\SUBV AYUNT LEGANES\Doc a presentar\f. CIF Accesalia.pdf,f. CIF Accesalia.pdf,.pdf,False
MADRID\1APROVINCIA\LEGANES\covadonga22\2.PROYECTO\4.SUBVENCION\SUBV CAM 2023\Doc trabajo\CIF COVADONGA 22.pdf,CIF COVADONGA 22.pdf,.pdf,False
"MADRID\1APROVINCIA\LEGANES\covadonga22\2.PROYECTO\4.SUBVENCION\SUBV CAM 2023\Doc trabajo\CIF COVADONGA, 22, LEGANES.pdf","CIF COVADONGA, 22, LEGANES.pdf",.pdf,False
MADRID\1APROVINCIA\LEGANES\estebon2\DATOS\datos\cif Estebon 2.pdf,cif Estebon 2.pdf,.pdf,False
MADRID\1APROVINCIA\LEGANES\extremadura1\DATOS\datos\cif extremadura.pdf,cif extremadura.pdf,.pdf,False
MADRID\1APROVINCIA\LEGANES\extremadura1\PROYECTO\INCIDENCIA 1\cif extremadura.pdf,cif extremadura.pdf,.pdf,False
MADRID\1APROVINCIA\LEGANES\fraymelchorcano22\1.DATOS\2.DOCUMENTACION\cif.pdf,cif.pdf,.pdf,False
MADRID\1APROVINCIA\LEGANES\fraymelchorcano22\2.PROYECTO\4.SUBVENCION\SUBV AYTO LEGANES 2022\Doc a presentar\CIF ACCESALIA.pdf,CIF ACCESALIA.pdf,.pdf,False
MADRID\1APROVINCIA\LEGANES\fraymelchorcano22\2.PROYECTO\4.SUBVENCION\SUBV AYTO LEGANES 2022\Doc a presentar\CIF CP Fray Melchor Cano 22.pdf,CIF CP Fray Melchor Cano 22.pdf,.pdf,False
MADRID\1APROVINCIA\LEGANES\fraymelchorcano22\2.PROYECTO\4.SUBVENCION\SUBV CAM 2022\Doc trabajo\CIF CP Fray Melchor Cano 22.pdf,CIF CP Fray Melchor Cano 22.pdf,.pdf,False
MADRID\1APROVINCIA\LEGANES\fuencisla4\DATOS\DATOS\CIF COMUNIDAD.pdf,CIF COMUNIDAD.pdf,.pdf,False
"MADRID\1APROVINCIA\LEGANES\galicia2\DATOS\datos\cif galicia, 2.pdf","cif galicia, 2.pdf",.pdf,False
MADRID\1APROVINCIA\LEGANES\galicia2\PROYECTO\INCIDENCIA 2\rq2 19-01-2022 PAGAR FIANZA RESIDUOS CIF ERRONEO.pdf,rq2 19-01-2022 PAGAR FIANZA RESIDUOS CIF ERRONEO.pdf,.pdf,False
MADRID\1APROVINCIA\LEGANES\galicia7\1.DATOS\2.DOCUMENTACION\CIF GALICIA 7.pdf,CIF GALICIA 7.pdf,.pdf,False
MADRID\1APROVINCIA\LEGANES\jeromin23\1.DATOS\2.DOCUMENTACION\CIF JEROMIN 23.pdf,CIF JEROMIN 23.pdf,.pdf,False
MADRID\1APROVINCIA\LEGANES\juandemariana3\DATOS\CIF (3).pdf,CIF (3).pdf,.pdf,False
"MADRID\1APROVINCIA\LEGANES\legazpi4\DATOS\juntageneral\CIF LEGAZPI, 4 (1).pdf","CIF LEGAZPI, 4 (1).pdf",.pdf,False
MADRID\1APROVINCIA\LEGANES\mallorca12\DATOS\DATOS\CIF23122014_0000.pdf,CIF23122014_0000.pdf,.pdf,False
MADRID\1APROVINCIA\LEGANES\mallorca12\PROYECTO\SUBVENCIONES\SUBV AYTO 2022\Doc a presentar\CIF ACCESALIA.pdf,CIF ACCESALIA.pdf,.pdf,False
MADRID\1APROVINCIA\LEGANES\mallorca12\PROYECTO\SUBVENCIONES\SUBV AYTO 2022\Doc a presentar\CIF CP Mallorca 12.pdf,CIF CP Mallorca 12.pdf,.pdf,False
MADRID\1APROVINCIA\LEGANES\mallorca13\DATOS\DATOS\Mallorca 13 - CIF-.pdf,Mallorca 13 - CIF-.pdf,.pdf,False
MADRID\1APROVINCIA\LEGANES\mallorca13\PROYECTO\SUBVENCIONES 2020\Mallorca 13 - CIF.jpg,Mallorca 13 - CIF.jpg,.jpg,False
MADRID\1APROVINCIA\LEGANES\mallorca13\PROYECTO\SUBVENCIONES 2020\papeles\Mallorca 13 - CIF.jpg,Mallorca 13 - CIF.jpg,.jpg,False
MADRID\1APROVINCIA\LEGANES\mallorca15\DATOS\datos\CIF MALLORCA 15.pdf,CIF MALLORCA 15.pdf,.pdf,False
MADRID\1APROVINCIA\LEGANES\moraña24\1.DATOS\2.DOCUMENTACION\CIF cdad.pdf,CIF cdad.pdf,.pdf,False
MADRID\1APROVINCIA\LEGANES\nuestraseñoradebegoña1\DATOS\cif comunidad (1).pdf,cif comunidad (1).pdf,.pdf,False
MADRID\1APROVINCIA\LEGANES\nuestraseñoradelaesperanza3\1.DATOS\2.DOCUMENTACION\CIF N S ESPERANZA 3.pdf,CIF N S ESPERANZA 3.pdf,.pdf,False
MADRID\1APROVINCIA\LEGANES\nuestraseñoradelaesperanza3\2.PROYECTO\4.SUBVENCION\SUBV CAM 2022\Doc trabajo\CIF NªSª de la Esperanza.pdf,CIF NªSª de la Esperanza.pdf,.pdf,False
MADRID\1APROVINCIA\LEGANES\nuestraseñoradelaesperanza3\2.PROYECTO\4.SUBVENCION\SUBV CAM 2023\Doc trabajo\CIF NªSª de la Esperanza.pdf,CIF NªSª de la Esperanza.pdf,.pdf,False
MADRID\1APROVINCIA\LEGANES\nuestraseñoradelamacarena11\ascensor\OBRA\1. LICENCIA\tramitacion\Hoja Estadistica de Construccion + CIF.pdf,Hoja Estadistica de Construccion + CIF.pdf,.pdf,False
"MADRID\1APROVINCIA\LEGANES\nuestraseñoradelamacarena7\1.DATOS\2.DOCUMENTACION\CIF MACARENA, 7.pdf","CIF MACARENA, 7.pdf",.pdf,False
MADRID\1APROVINCIA\LEGANES\nuestraseñoradelamacarena7\2.PROYECTO\4.SUBVENCION\SUBV AYUNT LEGANES\Doc a presentar\d. CIF Comunidad.pdf,d. CIF Comunidad.pdf,.pdf,False
MADRID\1APROVINCIA\LEGANES\nuestraseñoradelamacarena7\2.PROYECTO\4.SUBVENCION\SUBV AYUNT LEGANES\Doc a presentar\f. CIF Accesalia.pdf,f. CIF Accesalia.pdf,.pdf,False
MADRID\1APROVINCIA\LEGANES\nuestraseñoradelamacarena9\1.DATOS\2.DOCUMENTACION\CIF MACARENA Nº 9.pdf,CIF MACARENA Nº 9.pdf,.pdf,False
MADRID\1APROVINCIA\LEGANES\nuestraseñoradelamacarena9\1.DATOS\2.DOCUMENTACION\antigua 2022\CIF.pdf,CIF.pdf,.pdf,False
MADRID\1APROVINCIA\LEGANES\nuestraseñoradelasangustias17\1.DATOS\2.DOCUMENTACION\CIF (3).pdf,CIF (3).pdf,.pdf,False
MADRID\1APROVINCIA\LEGANES\nuestraseñoradelasangustias17\2.PROYECTO\4.SUBVENCION\SUBV AYUNT LEGANES\Doc a presentar\d. CIF Comunidad.pdf,d. CIF Comunidad.pdf,.pdf,False
MADRID\1APROVINCIA\LEGANES\nuestraseñoradelasangustias17\2.PROYECTO\4.SUBVENCION\SUBV AYUNT LEGANES\Doc a presentar\e. CIF Accesalia.pdf,e. CIF Accesalia.pdf,.pdf,False
MADRID\1APROVINCIA\LEGANES\nuestraseñoradelosangeles4\1.DATOS\2.DOCUMENTACION\CIF.pdf,CIF.pdf,.pdf,False
MADRID\1APROVINCIA\LEGANES\nuestraseñoradelosangeles4\2.PROYECTO\4.SUBVENCION\SUBV AYUNT LEGANES\Doc a presentar\d. CIF Comunidad.pdf,d. CIF Comunidad.pdf,.pdf,False
MADRID\1APROVINCIA\LEGANES\nuestraseñoradelosangeles4\2.PROYECTO\4.SUBVENCION\SUBV AYUNT LEGANES\Doc a presentar\e. CIF Accesalia.pdf,e. CIF Accesalia.pdf,.pdf,False
MADRID\1APROVINCIA\LEGANES\paloma5\1.DATOS\2.DOCUMENTACION\cif paloma.pdf,cif paloma.pdf,.pdf,False
"MADRID\1APROVINCIA\LEGANES\paseodecolon10\DATOS\juntaaprobacion\CIF PASEO DE COLÓN, 10 (1).pdf","CIF PASEO DE COLÓN, 10 (1).pdf",.pdf,False
MADRID\1APROVINCIA\LEGANES\paseodecolon8\DATOS\datos\Paseo de Colón 8 - CIF-convertido.pdf,Paseo de Colón 8 - CIF-convertido.pdf,.pdf,False
MADRID\1APROVINCIA\LEGANES\plazadelaflor6\DATOS\datos\CIF.pdf,CIF.pdf,.pdf,False
MADRID\1APROVINCIA\LEGANES\plazadelaflor8\1.DATOS\2.DOCUMENTACION\CIF.pdf,CIF.pdf,.pdf,False
MADRID\1APROVINCIA\LEGANES\plazadelaflor8\PROYECTO\incidencia 1\CIF-fusionado (2).pdf,CIF-fusionado (2).pdf,.pdf,False
MADRID\1APROVINCIA\LEGANES\plazadelaflor8\PROYECTO\incidencia 1\papales\CIF.pdf,CIF.pdf,.pdf,False
MADRID\1APROVINCIA\LEGANES\plazadelasfloras6\DATOS\documentacion\CIF.pdf,CIF.pdf,.pdf,False
MADRID\1APROVINCIA\LEGANES\plazadelasfloras7\1.DATOS\2.DOCUMENTACION\CIF.pdf,CIF.pdf,.pdf,False
MADRID\1APROVINCIA\LEGANES\polvoranca18\1.DATOS\2.DOCUMENTACION\Antiguo presidente\CIF (2).pdf,CIF (2).pdf,.pdf,False
MADRID\1APROVINCIA\LEGANES\polvoranca18\1.DATOS\2.DOCUMENTACION\CIF.pdf,CIF.pdf,.pdf,False
MADRID\1APROVINCIA\LEGANES\polvoranca26\1.DATOS\2.DOCUMENTACION\CIF POLVORANCA_ 26 (1).pdf,CIF POLVORANCA_ 26 (1).pdf,.pdf,False
MADRID\1APROVINCIA\LEGANES\ribeiro17\DATOS\datos\CIF (5).pdf,CIF (5).pdf,.pdf,False
MADRID\1APROVINCIA\LEGANES\ribeiro17\PROYECTO\SUBVENCIÓN\SUBV CAM 2022\Doc trabajo\CIF.pdf,CIF.pdf,.pdf,False
MADRID\1APROVINCIA\LEGANES\ribeiro17\PROYECTO\SUBVENCIÓN\SUBV. AYTO LEGANES 2022\Doc a presentar\CIF ACCESALIA.pdf,CIF ACCESALIA.pdf,.pdf,False
MADRID\1APROVINCIA\LEGANES\ribeiro17\PROYECTO\SUBVENCIÓN\SUBV. AYTO LEGANES 2022\Doc a presentar\CIF.pdf,CIF.pdf,.pdf,False
MADRID\1APROVINCIA\LEGANES\rioaragon6\1.DATOS\2.DOCUMENTACION\CIF - ARAGÓN 6.pdf,CIF - ARAGÓN 6.pdf,.pdf,False
MADRID\1APROVINCIA\LEGANES\rioduero12\1.DATOS\2.DOCUMENTACION\cif.pdf,cif.pdf,.pdf,False
MADRID\1APROVINCIA\LEGANES\rioduero32\DATOS\documentos\CIF 2.pdf,CIF 2.pdf,.pdf,False
MADRID\1APROVINCIA\LEGANES\rioduero32\PROYECTO\SUBVENCIONES\SUBV AYTO LEGANES 2022\Doc a presentar\CIF ACCESALIA.pdf,CIF ACCESALIA.pdf,.pdf,False
MADRID\1APROVINCIA\LEGANES\rioduero32\PROYECTO\SUBVENCIONES\SUBV AYTO LEGANES 2022\Doc a presentar\CIF Rio Duero 32.pdf,CIF Rio Duero 32.pdf,.pdf,False
MADRID\1APROVINCIA\LEGANES\rioduero32\PROYECTO\SUBVENCIONES\SUBV CAM 2021 - denegada\CIF 2.pdf,CIF 2.pdf,.pdf,False
MADRID\1APROVINCIA\LEGANES\rioduero32\PROYECTO\SUBVENCIONES\SUBV CAM 2022\Doc trabajo\CIF.pdf,CIF.pdf,.pdf,False
MADRID\1APROVINCIA\LEGANES\rioduero32\PROYECTO\SUBVENCIONES\SUBV CAM 2023\Doc trabajo\CIF.pdf,CIF.pdf,.pdf,False
"MADRID\1APROVINCIA\LEGANES\rioduero65\1.DATOS\2.DOCUMENTACION\CIF R.DUERO, 65.pdf","CIF R.DUERO, 65.pdf",.pdf,False
MADRID\1APROVINCIA\LEGANES\rioduero65\2.PROYECTO\4.SUBVENCION\SUBV AYUNT LEGANES\Doc a presentar\d. CIF comunidad.pdf,d. CIF comunidad.pdf,.pdf,False
MADRID\1APROVINCIA\LEGANES\rioduero65\2.PROYECTO\4.SUBVENCION\SUBV AYUNT LEGANES\Doc a presentar\f. CIF Accesalia.pdf,f. CIF Accesalia.pdf,.pdf,False
MADRID\1APROVINCIA\LEGANES\rioduero71\1.DATOS\2.DOCUMENTACION\CIF RIO DUERO 71 (1).pdf,CIF RIO DUERO 71 (1).pdf,.pdf,False
MADRID\1APROVINCIA\LEGANES\rioduero71\2.PROYECTO\4.SUBVENCION\SUBV AYUNT LEGANES\Doc a presentar\d. CIF Comunidad.pdf,d. CIF Comunidad.pdf,.pdf,False
MADRID\1APROVINCIA\LEGANES\rioduero71\2.PROYECTO\4.SUBVENCION\SUBV AYUNT LEGANES\Doc a presentar\f. CIF Accesalia.pdf,f. CIF Accesalia.pdf,.pdf,False
MADRID\1APROVINCIA\LEGANES\rioduero71\2.PROYECTO\4.SUBVENCION\SUBV CAM NG 2022\PROGRAMA 3\Doc trabajo\CIF RIO DUERO 71 (1).pdf,CIF RIO DUERO 71 (1).pdf,.pdf,False
MADRID\1APROVINCIA\LEGANES\rioduero71\2.PROYECTO\4.SUBVENCION\SUBV CAM NG 2022\PROGRAMA 5\Doc trabajo\CIF RIO DUERO 71 (1).pdf,CIF RIO DUERO 71 (1).pdf,.pdf,False
MADRID\1APROVINCIA\LEGANES\rioebro4\DATOS\datos\CIF RIO EBRO 4.pdf,CIF RIO EBRO 4.pdf,.pdf,False
MADRID\1APROVINCIA\LEGANES\rioebro4\PROYECTO\SUBVENCIONES\SUBV AYTO LEGANES 2022\Doc a presentar\CIF ACCESALIA.pdf,CIF ACCESALIA.pdf,.pdf,False
MADRID\1APROVINCIA\LEGANES\rioebro4\PROYECTO\SUBVENCIONES\SUBV AYTO LEGANES 2022\Doc a presentar\CIF Río Ebro 4.pdf,CIF Río Ebro 4.pdf,.pdf,False
MADRID\1APROVINCIA\LEGANES\rioebro4\PROYECTO\SUBVENCIONES\SUBV CAM 2022\Doc trabajo\CIF.pdf,CIF.pdf,.pdf,False
MADRID\1APROVINCIA\LEGANES\rioebro4\PROYECTO\SUBVENCIONES\SUBV CAM 2023_concedida\Doc trabajo\CIF.pdf,CIF.pdf,.pdf,False
MADRID\1APROVINCIA\LEGANES\rioguadalquivir10\1.DATOS\2.DOCUMENTACION\CIF.pdf,CIF.pdf,.pdf,False
MADRID\1APROVINCIA\LEGANES\rioguadalquivir10\3.OBRA\1. LICENCIA\tasa icio\agencia trib leganes Gmail - EXPEDIENTE APREMIO AYUNTAMIENTO LEGANES CIF E28960458.pdf,agencia trib leganes Gmail - EXPEDIENTE APREMIO AYUNTAMIENTO LEGANES CIF E28960458.pdf,.pdf,False
MADRID\1APROVINCIA\LEGANES\rioguadalquivir10\3.OBRA\1. LICENCIA\tramitacion\2CIF DNI ACTAS.pdf,2CIF DNI ACTAS.pdf,.pdf,False
MADRID\1APROVINCIA\LEGANES\rioguadalquivir10\3.OBRA\1. LICENCIA\tramitacion\visado\CIF_merged.pdf,CIF_merged.pdf,.pdf,False
MADRID\1APROVINCIA\LEGANES\rioguadalquivir12\1.DATOS\2.DOCUMENTACION\CIF.pdf,CIF.pdf,.pdf,False
MADRID\1APROVINCIA\LEGANES\rioja19\1.DATOS\2.DOCUMENTACION\CIF COMUNIDAD.pdf,CIF COMUNIDAD.pdf,.pdf,False
MADRID\1APROVINCIA\LEGANES\rioja19\2.PROYECTO\4.SUBVENCION\SUBV AYUNT LEGANES\Doc a presentar\d. CIF Comunidad.pdf,d. CIF Comunidad.pdf,.pdf,False
MADRID\1APROVINCIA\LEGANES\rioja19\2.PROYECTO\4.SUBVENCION\SUBV AYUNT LEGANES\Doc a presentar\f. CIF Accesalia.pdf,f. CIF Accesalia.pdf,.pdf,False
MADRID\1APROVINCIA\LEGANES\rioja19\2.PROYECTO\4.SUBVENCION\SUBV CAM NG 2022\PROGRAMA 3\Doc trabajo\CIF COMUNIDAD.pdf,CIF COMUNIDAD.pdf,.pdf,False
MADRID\1APROVINCIA\LEGANES\rioja19\2.PROYECTO\4.SUBVENCION\SUBV CAM NG 2022\PROGRAMA 5\Doc trabajo\CIF COMUNIDAD.pdf,CIF COMUNIDAD.pdf,.pdf,False
MADRID\1APROVINCIA\LEGANES\riomanzanares22\1.DATOS\2.DOCUMENTACION\CIF Rio Manzanares.pdf,CIF Rio Manzanares.pdf,.pdf,False
MADRID\1APROVINCIA\LEGANES\riomanzanares22\2.PROYECTO\4.SUBVENCION\SUBV CAM NG 2022_concedida\PROGRAMA 5\Doc trabajo\CIF Rio Manzanares.pdf,CIF Rio Manzanares.pdf,.pdf,False
MADRID\1APROVINCIA\LEGANES\riomanzanares26\1.DATOS\2.DOCUMENTACION\Río Manzanares 26 - CIF.pdf,Río Manzanares 26 - CIF.pdf,.pdf,False
MADRID\1APROVINCIA\LEGANES\rodrigodetriana5\DATOS\datos\CIF RT5.pdf,CIF RT5.pdf,.pdf,False
MADRID\1APROVINCIA\LEGANES\rodrigodetriana5\PROYECTO\INCIDENCIA1\datos\CIF RT5.pdf,CIF RT5.pdf,.pdf,False
MADRID\1APROVINCIA\LEGANES\rodrigodetriana5\PROYECTO\SUBVENCIONES\SUBV AYTO LEGANES 2022\Doc a presentar\CIF ACCESALIA.pdf,CIF ACCESALIA.pdf,.pdf,False
MADRID\1APROVINCIA\LEGANES\rodrigodetriana5\PROYECTO\SUBVENCIONES\SUBV AYTO LEGANES 2022\Doc a presentar\CIF.pdf,CIF.pdf,.pdf,False
MADRID\1APROVINCIA\LEGANES\rodrigodetriana5\PROYECTO\SUBVENCIONES\SUBV AYTO LEGANES 2022\Nueva carpeta\CIF.pdf,CIF.pdf,.pdf,False
MADRID\1APROVINCIA\LEGANES\rodrigodetriana5\PROYECTO\SUBVENCIONES\SUBV CAM 2022\Doc trabajo\CIF.pdf,CIF.pdf,.pdf,False
MADRID\1APROVINCIA\LEGANES\rodrigodetriana5\PROYECTO\SUBVENCIONES\SUBV CAM 2023_concedida\Doc trabajo\CIF.pdf,CIF.pdf,.pdf,False
MADRID\1APROVINCIA\LEGANES\saavedrafajardo2\SATE\1.DATOS\2.DOCUMENTACION\CIF.pdf,CIF.pdf,.pdf,False
MADRID\1APROVINCIA\LEGANES\saavedrafajardo2\SATE\2.PROYECTO\4.SUBVENCION\SUBV AYUNT LEGANES\Doc a presentar\d. CIF Comunidad.pdf,d. CIF Comunidad.pdf,.pdf,False
MADRID\1APROVINCIA\LEGANES\saavedrafajardo2\SATE\2.PROYECTO\4.SUBVENCION\SUBV AYUNT LEGANES\Doc a presentar\e. CIF Accesalia.pdf,e. CIF Accesalia.pdf,.pdf,False
"MADRID\1APROVINCIA\LEGANES\sanandres1\1. DATOS\documentacion\CIF SAN SANDRES, 1.pdf","CIF SAN SANDRES, 1.pdf",.pdf,False
MADRID\1APROVINCIA\LEGANES\sanandres1\3. OBRA\INFORME DE FOSO REDUCIDO\Incidencia01 09-01-2026 (INDUSTRIA)\TITULARIDAD TRASTEROS -para adjuntar al req\SAN ANDRES 1 TRAS SOLICITUD CIF.pdf,SAN ANDRES 1 TRAS SOLICITUD CIF.pdf,.pdf,False
MADRID\1APROVINCIA\LEGANES\sancesareo2\ascensor\DATOS\datos\CIF. SAN CESAREO 2-convertido.pdf,CIF. SAN CESAREO 2-convertido.pdf,.pdf,False
"MADRID\1APROVINCIA\LEGANES\sanclemente2\1.DATOS\2.DOCUMENTACION\CIF SAN CLEMENTE, 2.pdf","CIF SAN CLEMENTE, 2.pdf",.pdf,False
MADRID\1APROVINCIA\LEGANES\sanclemente2\2.PROYECTO\4.SUBVENCION\SUBV AYTO LEGANES 2022\Doc a presentar\CIF ACCESALIA.pdf,CIF ACCESALIA.pdf,.pdf,False
MADRID\1APROVINCIA\LEGANES\sanclemente2\2.PROYECTO\4.SUBVENCION\SUBV AYTO LEGANES 2022\Doc a presentar\CIF.pdf,CIF.pdf,.pdf,False
MADRID\1APROVINCIA\LEGANES\sanclemente2\2.PROYECTO\4.SUBVENCION\SUBV CAM 2022\Doc trabajo\CIF.pdf,CIF.pdf,.pdf,False
MADRID\1APROVINCIA\LEGANES\sanclemente2\2.PROYECTO\4.SUBVENCION\SUBV CAM 2023_concedida\Doc trabajo\CIF.pdf,CIF.pdf,.pdf,False
MADRID\1APROVINCIA\LEGANES\sancristobal7\OBRA\INVASION PATRIMONIO\PAPELEO\5 cif san cristobal 7.pdf,5 cif san cristobal 7.pdf,.pdf,False
MADRID\1APROVINCIA\LEGANES\sanfrancisco15\DATOS\DATOS\CIF.pdf,CIF.pdf,.pdf,False
MADRID\1APROVINCIA\LEGANES\sangregorio4\1.DATOS\2.DOCUMENTACION\cif san gregorio 4.pdf,cif san gregorio 4.pdf,.pdf,False
MADRID\1APROVINCIA\LEGANES\sangregorio4\2.PROYECTO\4.SUBVENCION\SUBV AYUNT LEGANES\Doc a presentar\d. CIF Comunidad.pdf,d. CIF Comunidad.pdf,.pdf,False
MADRID\1APROVINCIA\LEGANES\sangregorio4\2.PROYECTO\4.SUBVENCION\SUBV AYUNT LEGANES\Doc a presentar\f. CIF Accesalia.pdf,f. CIF Accesalia.pdf,.pdf,False
MADRID\1APROVINCIA\LEGANES\sangregorio4\CONSULTA URBANÍSTICA\incidencia1\cif san gregorio 4.pdf,cif san gregorio 4.pdf,.pdf,False
MADRID\1APROVINCIA\LEGANES\sanjustiniano1\1.DATOS\2.DOCUMENTACION\CIF SAN JUSTINIANO 1.pdf,CIF SAN JUSTINIANO 1.pdf,.pdf,False
MADRID\1APROVINCIA\LEGANES\sannicolas19\1.DATOS\2.DOCUMENTACION\cif.pdf,cif.pdf,.pdf,False
MADRID\1APROVINCIA\LEGANES\sannicolas19\antiguo consulta urbanistica\DATOS\datos\cif.pdf,cif.pdf,.pdf,False
MADRID\1APROVINCIA\LEGANES\sannicolas7\DATOS\datos\CIF (2) (1).pdf,CIF (2) (1).pdf,.pdf,False
MADRID\1APROVINCIA\LEGANES\sannicolas7\PROYECTO\SUBVENCIONES\SUBV AYTO LEGANES 2022\Doc a presentar\CIF ACCESALIA.pdf,CIF ACCESALIA.pdf,.pdf,False
MADRID\1APROVINCIA\LEGANES\sannicolas7\PROYECTO\SUBVENCIONES\SUBV AYTO LEGANES 2022\Doc a presentar\CIF.pdf,CIF.pdf,.pdf,False
MADRID\1APROVINCIA\LEGANES\sannicolas7\PROYECTO\SUBVENCIONES\SUBV AYTO LEGANES 2022\Doc trabajo\CIF.pdf,CIF.pdf,.pdf,False
MADRID\1APROVINCIA\LEGANES\sannicolas7\PROYECTO\SUBVENCIONES\SUBV CAM 2022\Doc trabajo\CIF.pdf,CIF.pdf,.pdf,False
MADRID\1APROVINCIA\LEGANES\sannicolas7\PROYECTO\SUBVENCIONES\SUBV CAM 2023\Doc trabajo\CIF.pdf,CIF.pdf,.pdf,False
MADRID\1APROVINCIA\LEGANES\sanpablo10\DATOS\DATOS\CIF San Pablo 10.pdf,CIF San Pablo 10.pdf,.pdf,False
MADRID\1APROVINCIA\LEGANES\santarosa3\DATOS\CIF C.P. SANTA ROSA 3.pdf,CIF C.P. SANTA ROSA 3.pdf,.pdf,False
MADRID\1APROVINCIA\LEGANES\santarosa5delante\consultaurbanistica\PDF\ACTAS\CIF ESCANEADO I.jpg,CIF ESCANEADO I.jpg,.jpg,False
MADRID\1APROVINCIA\LEGANES\santarosa5delante\consultaurbanistica\PDF\ACTAS\CIF ESCANEADO II.jpg,CIF ESCANEADO II.jpg,.jpg,False
MADRID\1APROVINCIA\LEGANES\sanvaleriano1\1.DATOS\2.1DOCUMENTACION GALERIA\CIF GALERIA ALASKA.pdf,CIF GALERIA ALASKA.pdf,.pdf,False
MADRID\1APROVINCIA\LEGANES\sanvaleriano1\1.DATOS\2.DOCUMENTACION\CIF SAN VALERIANO 1.pdf,CIF SAN VALERIANO 1.pdf,.pdf,False
MADRID\1APROVINCIA\LEGANES\sanvaleriano1\2.PROYECTO\4.SUBVENCION\SUBV. AYTO 2022\Doc a presentar\CIF ACCESALIA.pdf,CIF ACCESALIA.pdf,.pdf,False
MADRID\1APROVINCIA\LEGANES\sanvaleriano1\2.PROYECTO\4.SUBVENCION\SUBV. AYTO 2022\Doc a presentar\CIF SAN VALERIANO 1.pdf,CIF SAN VALERIANO 1.pdf,.pdf,False
MADRID\1APROVINCIA\LEGANES\sanvicente10\1.DATOS\datos\cif de la comunidad .pdf,cif de la comunidad .pdf,.pdf,False
MADRID\1APROVINCIA\LEGANES\sanvicente10\2.PROYECTO\INCIDENCIA 1\papeles\cif de la comunidad .pdf,cif de la comunidad .pdf,.pdf,False
MADRID\1APROVINCIA\LEGANES\sanvicente10\2.PROYECTO\SUBVENCION\SUBV AYUNT LEGANES\Doc a presentar\d. CIF CCPP.pdf,d. CIF CCPP.pdf,.pdf,False
MADRID\1APROVINCIA\LEGANES\sanvicente10\2.PROYECTO\SUBVENCION\SUBV AYUNT LEGANES\Doc a presentar\e. CIF Accesalia.pdf,e. CIF Accesalia.pdf,.pdf,False
MADRID\1APROVINCIA\LEGANES\seminario24\1.DATOS\2.DOCUMENTACION\CIF CP SEMINARIO 24.pdf,CIF CP SEMINARIO 24.pdf,.pdf,False
MADRID\1APROVINCIA\LEGANES\seminario26\datos\DATOS\cif.pdf,cif.pdf,.pdf,False
MADRID\1APROVINCIA\LEGANES\sonsoles4\1.DATOS\2.DOCUMENTACION\CIF .pdf,CIF .pdf,.pdf,False
MADRID\1APROVINCIA\LEGANES\torrubia4\1.DATOS\2.DOCUMENTACION\CIF TORRUBIA 4.pdf,CIF TORRUBIA 4.pdf,.pdf,False
MADRID\1APROVINCIA\LEGANES\torrubia7 - antes tenientegeneralmuslera7\DATOS\ACTAS\CIF TTE G MUSLERA 7.pdf,CIF TTE G MUSLERA 7.pdf,.pdf,False
MADRID\1APROVINCIA\LEGANES\virgendelcamino4\DATOS\datos\CIF VIRGEN DEL CAMINO 4.pdf,CIF VIRGEN DEL CAMINO 4.pdf,.pdf,False
MADRID\1APROVINCIA\LEGANES\virgendelcamino4\PROYECTO\SUBVENCION\SUBV AYTO 2022\Doc a presentar\CIF ACCESALIA.pdf,CIF ACCESALIA.pdf,.pdf,False
MADRID\1APROVINCIA\LEGANES\virgendelcamino4\PROYECTO\SUBVENCION\SUBV AYTO 2022\Doc a presentar\CIF VIRGEN DEL CAMINO 4.pdf,CIF VIRGEN DEL CAMINO 4.pdf,.pdf,False
MADRID\1APROVINCIA\LEGANES\virgendelcamino4\PROYECTO\SUBVENCION\SUBV CAM 2022\Doc trabajo\CIF VIRGEN DEL CAMINO 4.pdf,CIF VIRGEN DEL CAMINO 4.pdf,.pdf,False
MADRID\1APROVINCIA\LEGANES\virgendelcamino4\PROYECTO\SUBVENCION\SUBV CAM 2023_concedida\02 Doc trabajo\CIF.pdf,CIF.pdf,.pdf,False
MADRID\1APROVINCIA\MEJORADA DEL CAMPO\elgreco12\1.DATOS\2.DOCUMENTACION\CIF-Greco 12.pdf,CIF-Greco 12.pdf,.pdf,False
MADRID\1APROVINCIA\MEJORADA DEL CAMPO\elgreco5\DATOS\datos\cif comunidad.pdf,cif comunidad.pdf,.pdf,False
MADRID\1APROVINCIA\MOSTOLES\albertoconti6\1.DATOS\2.DOCUMENTACION\CIF C.P. ALBERTO CONTI 6.pdf,CIF C.P. ALBERTO CONTI 6.pdf,.pdf,False
MADRID\1APROVINCIA\MOSTOLES\albertoconti6\2.PROYECTO\4.SUBVENCION\SUBV CAM NG 2022\PROGRAMA 3\Doc trabajo\CIF C.P. ALBERTO CONTI 6.pdf,CIF C.P. ALBERTO CONTI 6.pdf,.pdf,False
MADRID\1APROVINCIA\MOSTOLES\alfonsoxii10\ASCENSOR\DATOS\datos\CIF Comunidad.pdf,CIF Comunidad.pdf,.pdf,False
MADRID\1APROVINCIA\MOSTOLES\alfonsoxii10\SOLICITUD DE RAMPA\1.DATOS\2.DOCUMENTACION\CIF Comunidad.pdf,CIF Comunidad.pdf,.pdf,False
MADRID\1APROVINCIA\MOSTOLES\alfonsoxii10\SOLICITUD DE RAMPA\SOLICITUD AL AYUNTAMIENTO\1 tramitacion\INCIDENCIA1\CIF Comunidad.pdf,CIF Comunidad.pdf,.pdf,False
MADRID\1APROVINCIA\MOSTOLES\alfonsoxii16\1.DATOS\2.DOCUMENTACION\CIF Comunidad.pdf,CIF Comunidad.pdf,.pdf,False
MADRID\1APROVINCIA\MOSTOLES\alfonsoxii18\ascensor\1.DATOS\2.DOCUMENTACION\CiF Certificado Hacienda (1).pdf,CiF Certificado Hacienda (1).pdf,.pdf,False
MADRID\1APROVINCIA\MOSTOLES\alfonsoxii18\rampa\1.DATOS\2.DOCUMENTACION\cif.pdf,cif.pdf,.pdf,False
MADRID\1APROVINCIA\MOSTOLES\alfonsoxii4\1.DATOS\2.DOCUMENTACION\Cif-Alfonso XII Nº 4. Mostoles.pdf,Cif-Alfonso XII Nº 4. Mostoles.pdf,.pdf,False
MADRID\1APROVINCIA\MOSTOLES\avCarlosV32\1.DATOS\2.DOCUMENTACION\CIF.pdf,CIF.pdf,.pdf,False
MADRID\1APROVINCIA\MOSTOLES\avCarlosV32\2.PROYECTO\4.SUBVENCION\SUBV CAM NG2022\PROGRAMA 3\Doc trabajo\CIF.pdf,CIF.pdf,.pdf,False
MADRID\1APROVINCIA\MOSTOLES\avCarlosV32\2.PROYECTO\4.SUBVENCION\SUBV CAM NG2022\PROGRAMA 5\Doc trabajo\CIF.pdf,CIF.pdf,.pdf,False
MADRID\1APROVINCIA\MOSTOLES\avCarlosV39\DATOS\datos\0216 cif.pdf,0216 cif.pdf,.pdf,False
MADRID\1APROVINCIA\MOSTOLES\avCarlosV42\1.DATOS\2.DOCUMENTACION\CIF.pdf,CIF.pdf,.pdf,False
"MADRID\1APROVINCIA\MOSTOLES\avCarlosV42\2.PROYECTO\4.SUBVENCION\SUBV CAM NG 2022\PROGRAMA 3\Doc trabajo\CIF CARLOS V, 42.pdf","CIF CARLOS V, 42.pdf",.pdf,False
MADRID\1APROVINCIA\MOSTOLES\avdosdemayo71\1.DATOS\2.DOCUMENTACION\cif.pdf,cif.pdf,.pdf,False
MADRID\1APROVINCIA\MOSTOLES\avdosdemayo73\DATOS\datos\CIF (1).pdf,CIF (1).pdf,.pdf,False
MADRID\1APROVINCIA\MOSTOLES\avonu76\1.DATOS\2.DOCUMENTACION\CIF DE LA COMUNIDAD.pdf,CIF DE LA COMUNIDAD.pdf,.pdf,False
MADRID\1APROVINCIA\MOSTOLES\avonu76\2.PROYECTO\4.SUBVENCION\SUBV CAM NG 2022\PROGRAMA 5\Doc trabajo\CIF DE LA COMUNIDAD.pdf,CIF DE LA COMUNIDAD.pdf,.pdf,False
"MADRID\1APROVINCIA\MOSTOLES\baleares34\1.DATOS\2.DOCUMENTACION\CIF BALEARES, 34.pdf","CIF BALEARES, 34.pdf",.pdf,False
MADRID\1APROVINCIA\MOSTOLES\baleares34\1.DATOS\2.DOCUMENTACION\CIF MANCO BALEARES 26 A 38.pdf,CIF MANCO BALEARES 26 A 38.pdf,.pdf,False
"MADRID\1APROVINCIA\MOSTOLES\baleares34\2.PROYECTO\4.SUBVENCION\SUBV CAM NG 2022\PROGRAMA 5\Doc trabajo\CIF BALEARES, 34.pdf","CIF BALEARES, 34.pdf",.pdf,False
MADRID\1APROVINCIA\MOSTOLES\becquer19\1 plataforma\1.DATOS\2.DOCUMENTACION\cif.pdf,cif.pdf,.pdf,False
MADRID\1APROVINCIA\MOSTOLES\berardomartin12\DATOS\datos\CIF COMUNIDAD\CIF COMUNIDAD BERARDO MARTIN 12.pdf,CIF COMUNIDAD BERARDO MARTIN 12.pdf,.pdf,False
MADRID\1APROVINCIA\MOSTOLES\berardomartin12\PROYECTO\SUBVENCIONES 2021\CIF COMUNIDAD BERARDO MARTIN 12.pdf,CIF COMUNIDAD BERARDO MARTIN 12.pdf,.pdf,False
MADRID\1APROVINCIA\MOSTOLES\burgos6\1.DATOS\2.DOCUMENTACION\CIF_3060.pdf,CIF_3060.pdf,.pdf,False
MADRID\1APROVINCIA\MOSTOLES\castellon15\1.DATOS\2.DOCUMENTACION\CIF.pdf,CIF.pdf,.pdf,False
"MADRID\1APROVINCIA\MOSTOLES\castellon17\DATOS\datos\CIF COMUNIDAD. CASTELLON, 17...pdf","CIF COMUNIDAD. CASTELLON, 17...pdf",.pdf,False
MADRID\1APROVINCIA\MOSTOLES\castellon19\DATOS\datos\cif\CIF COMUNIDAD.pdf,CIF COMUNIDAD.pdf,.pdf,False
MADRID\1APROVINCIA\MOSTOLES\castellon1\1.DATOS\2.DOCUMENTACION\CIF.pdf,CIF.pdf,.pdf,False
MADRID\1APROVINCIA\MOSTOLES\castellon1\2.PROYECTO\4.SUBVENCION\SUBV CAM NG 2022\PROGRAMA 5\Doc trabajo\CIF.pdf,CIF.pdf,.pdf,False
MADRID\1APROVINCIA\MOSTOLES\cuestadelavirgen6\1.DATOS\2.DOCUMENTACION\CIF cuesta de la virgen 6.pdf,CIF cuesta de la virgen 6.pdf,.pdf,False
MADRID\1APROVINCIA\MOSTOLES\españoleto5\plataforma\1.DATOS\2.DOCUMENTACION\cif.pdf,cif.pdf,.pdf,False
MADRID\1APROVINCIA\MOSTOLES\estocolmo6\1.DATOS\2.DOCUMENTACION\CIF.pdf,CIF.pdf,.pdf,False
MADRID\1APROVINCIA\MOSTOLES\helsinki7\1.DATOS\2.DOCUMENTACION\CIF HELSINKI 7.pdf,CIF HELSINKI 7.pdf,.pdf,False
MADRID\1APROVINCIA\MOSTOLES\helsinki7\2.PROYECTO\4.SUBVENCION\SUBV CAM NG 2022\PROGRAMA 3\Doc trabajo\CIF HELSINKI 7.pdf,CIF HELSINKI 7.pdf,.pdf,False
MADRID\1APROVINCIA\MOSTOLES\helsinki7\2.PROYECTO\4.SUBVENCION\SUBV CAM NG 2022\PROGRAMA 5\Doc trabajo\CIF HELSINKI 7.pdf,CIF HELSINKI 7.pdf,.pdf,False
MADRID\1APROVINCIA\MOSTOLES\isaacperal5\1.DATOS\2.DOCUMENTACION\CIF.pdf,CIF.pdf,.pdf,False
MADRID\1APROVINCIA\MOSTOLES\juandeocaña37\OBRA\LICENCIA\TRAMITACION\papeles\CIF Juan Ocaña 37.pdf,CIF Juan Ocaña 37.pdf,.pdf,False
MADRID\1APROVINCIA\MOSTOLES\lacoruña2\1.DATOS\2.DOCUMENTACION\CIF CORUÑA 228012016.pdf,CIF CORUÑA 228012016.pdf,.pdf,False
MADRID\1APROVINCIA\MOSTOLES\laspalmas43\1.DATOS\2.DOCUMENTACION\CIF LAS PALMAS 43 MOSTOLES.pdf,CIF LAS PALMAS 43 MOSTOLES.pdf,.pdf,False
MADRID\1APROVINCIA\MOSTOLES\maldonado4\1.DATOS\2.DOCUMENTACION\CIF maldonado 4.pdf,CIF maldonado 4.pdf,.pdf,False
MADRID\1APROVINCIA\MOSTOLES\mariblanca12\datos\datos\cif.pdf,cif.pdf,.pdf,False
MADRID\1APROVINCIA\MOSTOLES\montevideo2\1.DATOS\2.DOCUMENTACION\CIF.pdf,CIF.pdf,.pdf,False
MADRID\1APROVINCIA\MOSTOLES\montevideo2\2.PROYECTO\4.SUBVENCION\SUBV CAM NG 2022\PROGRAMA 3\Doc trabajo\CIF.pdf,CIF.pdf,.pdf,False
MADRID\1APROVINCIA\MOSTOLES\montevideo2\2.PROYECTO\4.SUBVENCION\SUBV CAM NG 2022\PROGRAMA 5\Doc trabajo\CIF.pdf,CIF.pdf,.pdf,False
MADRID\1APROVINCIA\MOSTOLES\niza2\DATOS\datos\CIF CDAD NIZA 2.pdf,CIF CDAD NIZA 2.pdf,.pdf,False
"MADRID\1APROVINCIA\MOSTOLES\oviedo9\1.DATOS\2.DOCUMENTACION\CIF OVIEDO, 9 MOSTOLES.pdf","CIF OVIEDO, 9 MOSTOLES.pdf",.pdf,False
MADRID\1APROVINCIA\MOSTOLES\padilla4\1.DATOS\2.DOCUMENTACION\CIF PADILLA 4 MOSTOLES.pdf,CIF PADILLA 4 MOSTOLES.pdf,.pdf,False
MADRID\1APROVINCIA\MOSTOLES\padilla8\1.DATOS\2.DOCUMENTACION\CIF PADILLA 8.pdf,CIF PADILLA 8.pdf,.pdf,False
MADRID\1APROVINCIA\MOSTOLES\padilla8\2.PROYECTO\4.SUBVENCION\SUBV CAM 2023_concedida\Doc trabajo\CIF PADILLA 8.pdf,CIF PADILLA 8.pdf,.pdf,False
MADRID\1APROVINCIA\MOSTOLES\pintorvelazquez65\1.DATOS\2.DOCUMENTACION\CIF.pdf,CIF.pdf,.pdf,False
MADRID\1APROVINCIA\MOSTOLES\pintorvelazquez65\2.PROYECTO\4.SUBVENCION\SUBV CAM NG 2022\PROGRAMA 3\Doc trabajo\CIF.pdf,CIF.pdf,.pdf,False
MADRID\1APROVINCIA\MOSTOLES\pintorvelazquez65\2.PROYECTO\4.SUBVENCION\SUBV CAM NG 2022\PROGRAMA 5\Doc trabajo\CIF.pdf,CIF.pdf,.pdf,False
"MADRID\1APROVINCIA\MOSTOLES\plazadosdemayo5\1.DATOS\2.DOCUMENTACION\Cif Y 1ª Hoja Libro Actas Plaza dos de Mayo, 5.pdf","Cif Y 1ª Hoja Libro Actas Plaza dos de Mayo, 5.pdf",.pdf,False
MADRID\1APROVINCIA\MOSTOLES\riogenil10\1.DATOS\2.DOCUMENTACION\CIF RIO GENIL 10 MOSTOLES.pdf,CIF RIO GENIL 10 MOSTOLES.pdf,.pdf,False
MADRID\1APROVINCIA\MOSTOLES\riogenil4\1.DATOS\2.DOCUMENTACION\CIF NUEVO. RIO GENIL 4.pdf,CIF NUEVO. RIO GENIL 4.pdf,.pdf,False
MADRID\1APROVINCIA\MOSTOLES\riogenil4\1.DATOS\2.DOCUMENTACION\antiguo\CIF_ RIO GENIL 4.pdf,CIF_ RIO GENIL 4.pdf,.pdf,False
MADRID\1APROVINCIA\MOSTOLES\riogenil7\1.DATOS\2.DOCUMENTACION\CIF. comunidad.pdf,CIF. comunidad.pdf,.pdf,False
MADRID\1APROVINCIA\MOSTOLES\riotormes1\1.DATOS\2.DOCUMENTACION\1311 CIF.pdf,1311 CIF.pdf,.pdf,False
MADRID\1APROVINCIA\MOSTOLES\riotormes2\1.DATOS\2.DOCUMENTACION\CIF COMUNIDAD_RIO TORMES Nº 2.pdf,CIF COMUNIDAD_RIO TORMES Nº 2.pdf,.pdf,False
MADRID\1APROVINCIA\MOSTOLES\riotormes2\1.DATOS\3.PRESUPUESTO\Gmail - RE_ CP. RIO TORMES 2 CIF H80592371 CERTIFICADO FINAL DE OBRA.pdf,Gmail - RE_ CP. RIO TORMES 2 CIF H80592371 CERTIFICADO FINAL DE OBRA.pdf,.pdf,False
MADRID\1APROVINCIA\MOSTOLES\salamanca1-3-5-7yempecinado23\1.DATOS\2.DOCUMENTACION\Empecinado 23\CIF.pdf,CIF.pdf,.pdf,False
MADRID\1APROVINCIA\MOSTOLES\salamanca1-3-5-7yempecinado23\1.DATOS\2.DOCUMENTACION\Salamanca 1\CIF.pdf,CIF.pdf,.pdf,False
MADRID\1APROVINCIA\MOSTOLES\salamanca1-3-5-7yempecinado23\1.DATOS\2.DOCUMENTACION\Salamanca 3\CIF NUEVO SALAMANCA 3.pdf,CIF NUEVO SALAMANCA 3.pdf,.pdf,False
MADRID\1APROVINCIA\MOSTOLES\salamanca1-3-5-7yempecinado23\1.DATOS\2.DOCUMENTACION\Salamanca 5\CIF.pdf,CIF.pdf,.pdf,False
MADRID\1APROVINCIA\MOSTOLES\salamanca1-3-5-7yempecinado23\1.DATOS\2.DOCUMENTACION\Salamanca 7\CIF.pdf,CIF.pdf,.pdf,False
MADRID\1APROVINCIA\MOSTOLES\simonhernandez43-45\1.DATOS\2.DOCUMENTACION\CIF SIMON HERNÁNDEZ 43-45.pdf,CIF SIMON HERNÁNDEZ 43-45.pdf,.pdf,False
MADRID\1APROVINCIA\PARLA\AlfonsoXIII2\DATOS\datos\cif de la cdad.pdf,cif de la cdad.pdf,.pdf,False
MADRID\1APROVINCIA\PARLA\ciudades1\1.DATOS\datos\tarjeta cif comunidad las ciudades 1.pdf,tarjeta cif comunidad las ciudades 1.pdf,.pdf,False
MADRID\1APROVINCIA\PARLA\fuentebella28\1.DATOS\2.DOCUMENTACION\CIF.pdf,CIF.pdf,.pdf,False
MADRID\1APROVINCIA\PARLA\fuentebella28\2.PROYECTO\4.SUBVENCION\SUBV CAM NG 2022\PROGRAMA 3\Doc trabajo\CIF.pdf,CIF.pdf,.pdf,False
"MADRID\1APROVINCIA\PARLA\fuentebella45\1.DATOS\2.DOCUMENTACION\TARJETA CIF CP CL FUENTEBELLA, 45.pdf","TARJETA CIF CP CL FUENTEBELLA, 45.pdf",.pdf,False
MADRID\1APROVINCIA\PARLA\fuentebella68\DATOS\datos\CIF FUENTEBELLA 68.pdf,CIF FUENTEBELLA 68.pdf,.pdf,False
MADRID\1APROVINCIA\PARLA\fuentebella8\1.DATOS\2.DOCUMENTACION\CIF FUENTEBELLA 8.pdf,CIF FUENTEBELLA 8.pdf,.pdf,False
MADRID\1APROVINCIA\PARLA\gobernador8\DATOS\datos\cif de la comunidad.pdf,cif de la comunidad.pdf,.pdf,False
MADRID\1APROVINCIA\PARLA\jerusalen16\DATOS\datos\cif de la comunida .pdf,cif de la comunida .pdf,.pdf,False
MADRID\1APROVINCIA\PARLA\jerusalen16\PROYECTO\INCIDENCIA 1\cif de la comunida .pdf,cif de la comunida .pdf,.pdf,False
MADRID\1APROVINCIA\PARLA\pablocasals26\1.DATOS\2.DOCUMENTACION\CIF.PDF,CIF.PDF,.pdf,False
MADRID\1APROVINCIA\PARLA\rioguadalquivir3\1.DATOS\2.DOCUMENTACION\CIF (1).pdf,CIF (1).pdf,.pdf,False
MADRID\1APROVINCIA\PARLA\rioguadalquivir3\2.PROYECTO\4.SUBVENCION\SUB CAM NG 2022\PROGRAMA 3\Doc trabajo\CIF (1).pdf,CIF (1).pdf,.pdf,False
MADRID\1APROVINCIA\PARLA\sananton70\1.DATOS\2.DOCUMENTACION\CIF SAN ANTON 70.pdf,CIF SAN ANTON 70.pdf,.pdf,False
MADRID\1APROVINCIA\PARLA\travesiaisabelii3\DATOS\datos\CIF.pdf,CIF.pdf,.pdf,False
MADRID\1APROVINCIA\PARLA\travesiaisabelii3\PROYECTO\SUBVENCIONES 2021\CIF.pdf,CIF.pdf,.pdf,False
MADRID\1APROVINCIA\PARLA\virgendelafuencisla8\1 SATE\DATOS\datos\cif de la comunidad.pdf,cif de la comunidad.pdf,.pdf,False
MADRID\1APROVINCIA\PARLA\virgendelafuencisla8\1 SATE\PROYECTO\INCIDENCIA 1\cif de la comunidad.pdf,cif de la comunidad.pdf,.pdf,False
MADRID\1APROVINCIA\PARLA\zuloaga7\1.DATOS\2.DOCUMENTACION\CIF.pdf,CIF.pdf,.pdf,False
MADRID\1APROVINCIA\PINTO\PedroRubindeCelis28\DATOS\datos\CIF.pdf,CIF.pdf,.pdf,False
MADRID\1APROVINCIA\PINTO\PedroRubindeCelis28\OBRA\LICENCIA\TRAMITACION\PAPELES\CIF.pdf,CIF.pdf,.pdf,False
MADRID\1APROVINCIA\PINTO\buenamadre9\DATOS\datos\CIF Comunidad (1).pdf,CIF Comunidad (1).pdf,.pdf,False
"MADRID\1APROVINCIA\PINTO\castilla13\1.DATOS\2.DOCUMENTACION\CIF C.P. CASTILLA, 13.pdf","CIF C.P. CASTILLA, 13.pdf",.pdf,False
MADRID\1APROVINCIA\PINTO\galicia8\1.DATOS\datos\CIF GALICIA 8.pdf,CIF GALICIA 8.pdf,.pdf,False
MADRID\1APROVINCIA\PINTO\perales11\DATOS\datos\CIF (5).pdf,CIF (5).pdf,.pdf,False
MADRID\1APROVINCIA\PINTO\poetavillaespesa2\1.DATOS\2.DOCUMENTACION\CIF.pdf,CIF.pdf,.pdf,False
MADRID\1APROVINCIA\PINTO\salvadordali6\1.DATOS\2.DOCUMENTACION\CIF.pdf,CIF.pdf,.pdf,False
MADRID\1APROVINCIA\POZUELO DE ALARCON\angelbarajas4\1.DATOS\2.DOCUMENTACION\CIF.pdf,CIF.pdf,.pdf,False
MADRID\1APROVINCIA\POZUELO DE ALARCON\tubo5\1.DATOS\2.DOCUMENTACION\CIF Tubo 5.pdf,CIF Tubo 5.pdf,.pdf,False
MADRID\1APROVINCIA\SAN FERNANDO DE HENARES\avzarauz29\1.DATOS\2.DOCUMENTACION\CIF comunidad.pdf,CIF comunidad.pdf,.pdf,False
MADRID\1APROVINCIA\SAN FERNANDO DE HENARES\libertad3\DATOS\datos\CIf comunidad-convertido-compressed.pdf,CIf comunidad-convertido-compressed.pdf,.pdf,False
MADRID\1APROVINCIA\SAN LORENZO DEL ESCORIAL\lepanto9\1.DATOS\2.DOCUMENTACION\cif coop.pdf,cif coop.pdf,.pdf,False
MADRID\1APROVINCIA\SAN MARTIN DE VALDEIGLESIAS\avmadrid42\1.DATOS\2.DOCUMENTACION\CIF HIPER CHARLY.pdf,CIF HIPER CHARLY.pdf,.pdf,False
MADRID\1APROVINCIA\SAN MARTIN DE VALDEIGLESIAS\avmadrid42\1.DATOS\2.DOCUMENTACION\NO VALE\CIF.pdf,CIF.pdf,.pdf,False
MADRID\1APROVINCIA\SAN SEBASTIAN DE LOS REYES\avcolmenarviejo18\1.DATOS\2.DOCUMENTACION\CIF AV COLMENAR VIEJO 18.pdf,CIF AV COLMENAR VIEJO 18.pdf,.pdf,False
MADRID\1APROVINCIA\SAN SEBASTIAN DE LOS REYES\avcolmenarviejo8\1.DATOS\2.DOCUMENTACION\CIF DE LA COMUNIDAD - AV. COLMENAR VIEJO 8 (1).pdf,CIF DE LA COMUNIDAD - AV. COLMENAR VIEJO 8 (1).pdf,.pdf,False
MADRID\1APROVINCIA\SAN SEBASTIAN DE LOS REYES\avsierra5\1.DATOS\2.DOCUMENTACION\CIF- Avd de la Sierra 5-H.pdf,CIF- Avd de la Sierra 5-H.pdf,.pdf,False
MADRID\1APROVINCIA\SAN SEBASTIAN DE LOS REYES\graneros9\DATOS\ACTAS\CIF DE LA COMUNIDAD.pdf,CIF DE LA COMUNIDAD.pdf,.pdf,False
MADRID\1APROVINCIA\SAN SEBASTIAN DE LOS REYES\hontanillas2\1.DATOS\2.DOCUMENTACION\CIF.pdf,CIF.pdf,.pdf,False
MADRID\1APROVINCIA\SAN SEBASTIAN DE LOS REYES\jarama1\1.DATOS\2.DOCUMENTACION\CIF JARAMA 1.pdf,CIF JARAMA 1.pdf,.pdf,False
"MADRID\1APROVINCIA\SAN SEBASTIAN DE LOS REYES\leopoldogimeno16\DATOS\Datos\CIF LEOPOLDO GIMENO, 16 DEFINITIVO MODIFICADO Nº .pdf","CIF LEOPOLDO GIMENO, 16 DEFINITIVO MODIFICADO Nº .pdf",.pdf,False
MADRID\1APROVINCIA\SAN SEBASTIAN DE LOS REYES\navasdetolosa7\1.DATOS\2.DOCUMENTACION\Doc CIF Navas Tolosa 7.pdf,Doc CIF Navas Tolosa 7.pdf,.pdf,False
MADRID\1APROVINCIA\SAN SEBASTIAN DE LOS REYES\oriente3\1.DATOS\2.DOCUMENTACION\CIF comunidad.jpg,CIF comunidad.jpg,.jpg,False
MADRID\1APROVINCIA\SAN SEBASTIAN DE LOS REYES\oriente3\1.DATOS\2.DOCUMENTACION\CIF comunidad.pdf,CIF comunidad.pdf,.pdf,False
MADRID\1APROVINCIA\SAN SEBASTIAN DE LOS REYES\real7\1.DATOS\2.DOCUMENTACION\cif.pdf,cif.pdf,.pdf,False
MADRID\1APROVINCIA\SAN SEBASTIAN DE LOS REYES\real9\DATOS\datos\CIF REAL 9.pdf,CIF REAL 9.pdf,.pdf,False
MADRID\1APROVINCIA\SAN SEBASTIAN DE LOS REYES\real9\PROYECTO\SUBVENCIONES\SUBV ASCENSORES CAM 2023\Doc trabajo\CIF REAL 9.pdf,CIF REAL 9.pdf,.pdf,False
MADRID\1APROVINCIA\SAN SEBASTIAN DE LOS REYES\real9\PROYECTO\SUBVENCIONES\SUBV CAM 2023\Doc trabajo\CIF REAL 9.pdf,CIF REAL 9.pdf,.pdf,False
MADRID\1APROVINCIA\SAN SEBASTIAN DE LOS REYES\realvieja5\1.DATOS\2.DOCUMENTACION\CIF.pdf,CIF.pdf,.pdf,False
MADRID\1APROVINCIA\SAN SEBASTIAN DE LOS REYES\realvieja8\1.DATOS\2.DOCUMENTACION\CIF.PDF,CIF.PDF,.pdf,False
MADRID\1APROVINCIA\SAN SEBASTIAN DE LOS REYES\realvieja8\2.PROYECTO\4.SUBVENCION\SUBV CAM 2025\Doc trabajo\CIF.PDF,CIF.PDF,.pdf,False
MADRID\1APROVINCIA\SAN SEBASTIAN DE LOS REYES\travesiasanonofre4\1.DATOS\2.DOCUMENTACION\cif.pdf,cif.pdf,.pdf,False
MADRID\1APROVINCIA\TORREJON DE ARDOZ\arroyo1\1.DATOS\2.DOCUMENTACION\CIF ARROYO 1.pdf,CIF ARROYO 1.pdf,.pdf,False
MADRID\1APROVINCIA\TORREJON DE ARDOZ\belgrado2\1.DATOS\2.DOCUMENTACION\CIF.pdf,CIF.pdf,.pdf,False
MADRID\1APROVINCIA\TORREJON DE ARDOZ\belgrado3\PROYECTO\SUBVENCION CAM 2021\34 cif.pdf,34 cif.pdf,.pdf,False
MADRID\1APROVINCIA\TORREJON DE ARDOZ\copenhague14\PROYECTO\SUBVENCION CAM 2021\93 cif (2).pdf,93 cif (2).pdf,.pdf,False
MADRID\1APROVINCIA\TORREJON DE ARDOZ\londres13\1.DATOS\2.DOCUMENTACION\CIF LONDRES  13.pdf,CIF LONDRES  13.pdf,.pdf,False
MADRID\1APROVINCIA\TORREJON DE ARDOZ\londres15\1.DATOS\2.DOCUMENTACION\CIF LONDRES 15.pdf,CIF LONDRES 15.pdf,.pdf,False
MADRID\1APROVINCIA\TORREJON DE ARDOZ\maestroturina12\1.DATOS\2.DOCUMENTACION\CIF.pdf,CIF.pdf,.pdf,False
MADRID\1APROVINCIA\TORREJON DE ARDOZ\milan1\1.DATOS\2.DOCUMENTACION\CIF MILAN 1.pdf,CIF MILAN 1.pdf,.pdf,False
MADRID\1APROVINCIA\TORREJON DE ARDOZ\milan3\1.DATOS\2.DOCUMENTACION\CIF MILAN 3.pdf,CIF MILAN 3.pdf,.pdf,False
MADRID\1APROVINCIA\TORREJON DE ARDOZ\milan7\1.DATOS\2.DOCUMENTACION\CIF MILAN 7.pdf,CIF MILAN 7.pdf,.pdf,False
MADRID\1APROVINCIA\TORREJON DE ARDOZ\milan9\1.DATOS\2.DOCUMENTACION\CIF MILAN 9.pdf,CIF MILAN 9.pdf,.pdf,False
"MADRID\1APROVINCIA\TORREJON DE ARDOZ\palermo7\1.DATOS\2.DOCUMENTACION\CIF PALERMO, 7.pdf","CIF PALERMO, 7.pdf",.pdf,False
"MADRID\1APROVINCIA\TORREJON DE ARDOZ\palermo7\2.PROYECTO\4.SUBVENCION\SUBV CAM 2023_concedida\Doc trabajo\CIF PALERMO, 7.pdf","CIF PALERMO, 7.pdf",.pdf,False
"MADRID\1APROVINCIA\TORREJON DE ARDOZ\palermo7\2.PROYECTO\4.SUBVENCION\SUBV PRA CAM 2023\Doc trabajo\CIF PALERMO, 7.pdf","CIF PALERMO, 7.pdf",.pdf,False
MADRID\1APROVINCIA\TORREJON DE ARDOZ\torrejon12\1.DATOS\2.DOCUMENTACION\CIF TORREJON 12.pdf,CIF TORREJON 12.pdf,.pdf,False
MADRID\1APROVINCIA\TORRELAGUNA\santabarbara20\RAMPA\1.DATOS\2.DOCUMENTACION\CIF Comunidad.pdf,CIF Comunidad.pdf,.pdf,False
MADRID\1APROVINCIA\VALDEMORO\avmarmediterraneo79-109garaje\1.DATOS\2.DOCUMENTACION\CIF.pdf,CIF.pdf,.pdf,False
MADRID\Andarrios9\1 DEMOLICION\DATOS\DOCUMENTACION\CIF OSTALAZAR.pdf,CIF OSTALAZAR.pdf,.pdf,False
MADRID\ManuelLaborda15-Carmelitas22\PROYECTO\INCIDENCIA 5\CIF.pdf,CIF.pdf,.pdf,False
MADRID\aceuchal18\1.DATOS\2.DOCUMENTACION\CIF  Aceuchal 18_2024031414533561.pdf,CIF  Aceuchal 18_2024031414533561.pdf,.pdf,False
MADRID\aceuchal18\3.OBRA\PSS\trabajo\CIF  Aceuchal 18_2024031414533561.pdf,CIF  Aceuchal 18_2024031414533561.pdf,.pdf,False
MADRID\acuerdo34\aeronave33\DATOS\datos\cif + aprobacion ppto fain .pdf,cif + aprobacion ppto fain .pdf,.pdf,False
MADRID\alameda4\albalatedelarzobispo5\1.DATOS\2.DOCUMENTACION\CIF Y DNI PRESIDENTE ALBALATE .pdf,CIF Y DNI PRESIDENTE ALBALATE .pdf,.pdf,False
MADRID\alameda4\albalatedelarzobispo5\2.PROYECTO\4.SUBVENCION\SUBV CAM 2025\Doc trabajo\Doc q nos han enviado\CIF Y DNI PRESIDENTE ALBALATE .pdf,CIF Y DNI PRESIDENTE ALBALATE .pdf,.pdf,False
MADRID\albertoaguilera68\1.DATOS\2.DOCUMENTACION\CIF.pdf,CIF.pdf,.pdf,False
MADRID\alcaladeguadaira41\1.DATOS\2.DOCUMENTACION\cif.pdf,cif.pdf,.pdf,False
"MADRID\alfonso XIII, 111\SOLO CONTRATAN PARA SUBVENCIÓN Y SEGUIMIENTO DE CAM\CIF ALFONSO XIII 111.pdf",CIF ALFONSO XIII 111.pdf,.pdf,False
MADRID\alfredoaleix20\1.DATOS\2.DOCUMENTACION\CIF.pdf,CIF.pdf,.pdf,False
"MADRID\algodre2\1.DATOS\2.DOCUMENTACION\CIF ALGODRE, 2.jpeg","CIF ALGODRE, 2.jpeg",.jpeg,False
"MADRID\algodre2\1.DATOS\2.DOCUMENTACION\CIF ALGODRE, 2.pdf","CIF ALGODRE, 2.pdf",.pdf,False
MADRID\alhambra24 - LOCAL\1.DATOS\2.DOCUMENTACION\ACCESALIA CIF DEFINITIVO.PDF,ACCESALIA CIF DEFINITIVO.PDF,.pdf,False
MADRID\altamirano32\1.DATOS\2.DOCUMENTACION\C-169 CIF ALTAMIRANO 32.pdf,C-169 CIF ALTAMIRANO 32.pdf,.pdf,False
MADRID\altamirano48\1.DATOS\2.DOCUMENTACION\CIF C.P. ALTAMIRANO 48.pdf,CIF C.P. ALTAMIRANO 48.pdf,.pdf,False
MADRID\altea7\1.DATOS\2.DOCUMENTACION\CIF.pdf,CIF.pdf,.pdf,False
MADRID\amaniel34\1.DATOS\2.DOCUMENTACION\CIF.pdf,CIF.pdf,.pdf,False
MADRID\amaniel34\2.PROYECTO\4.SUBVENCION\SUBV AYTO ADAPTA 2026\Doc a presentar\CIF.pdf,CIF.pdf,.pdf,False
MADRID\amaniel34\2.PROYECTO\4.SUBVENCION\SUBV AYTO RH 2026\Doc presentar\CIF.pdf,CIF.pdf,.pdf,False
MADRID\amaniel34\2.PROYECTO\4.SUBVENCION\SUBV CAM 2025\Doc trabajo\Doc enviada\recibido de la comunidad\CIF.pdf,CIF.pdf,.pdf,False
MADRID\antoniomoreno18\1.DATOS\2.DOCUMENTACION\cif am18.pdf,cif am18.pdf,.pdf,False
MADRID\arcosdejalon48\2.PROYECTO\4.SUBVENCION\SUBV AYTO 2024 - no se presentan\Doc Trabajo\CIF COMUNIDAD PROPIETARIOS ARCOS.pdf,CIF COMUNIDAD PROPIETARIOS ARCOS.pdf,.pdf,False
MADRID\arcosdejalon68\1.DATOS\2.DOCUMENTACION\CIF COMUNIDAD PROPIETARIOS ARCOS.pdf,CIF COMUNIDAD PROPIETARIOS ARCOS.pdf,.pdf,False
MADRID\armenteros28\DATOS\datos\CIF Comunidad Armenteros 28 (2).pdf,CIF Comunidad Armenteros 28 (2).pdf,.pdf,False
"MADRID\arroyodelamedialegua27\1.DATOS\2.DOCUMENTACION\CIF ARROYO MEDIA LEGUA, 27.pdf","CIF ARROYO MEDIA LEGUA, 27.pdf",.pdf,False
"MADRID\arroyodelamedialegua27\2.PROYECTO\4.SUBVENCION\SUBV AYTO 2024 - no se presentan\Doc Trabajo\CIF ARROYO MEDIA LEGUA, 27.pdf","CIF ARROYO MEDIA LEGUA, 27.pdf",.pdf,False
MADRID\avaguilas74\1.DATOS\2.DOCUMENTACION\CIF antiguo.pdf,CIF antiguo.pdf,.pdf,False
MADRID\avaguilas74\1.DATOS\2.DOCUMENTACION\CIF nuevo.pdf,CIF nuevo.pdf,.pdf,False
MADRID\avaguilas74\1.DATOS\2.DOCUMENTACION\Documentación para Rehabilita Madrid 2023\OtorgamientoDeRepresentación CIF antiguo firmado.pdf,OtorgamientoDeRepresentación CIF antiguo firmado.pdf,.pdf,False
MADRID\avaguilas74\1.DATOS\Consulta JMD\CIF.pdf,CIF.pdf,.pdf,False
MADRID\avaguilas74\2.PROYECTO\4.SUBVENCION\SUBV CAM NG 2022\PROGRAMA 5\Doc trabajo\CIF.pdf,CIF.pdf,.pdf,False
MADRID\avaguilas74\3.OBRA\LICENCIA por ECU\Peticion Antecedentes\Consulta JMD\CIF.pdf,CIF.pdf,.pdf,False
MADRID\avalbufera145\1.DATOS\2.DOCUMENTACION\CIF.pdf,CIF.pdf,.pdf,False
MADRID\avalbufera250\1. DATOS\2.DOCUMENTACION\CIF.PDF,CIF.PDF,.pdf,False
MADRID\avalbufera250\3. OBRA\2 no vale DECLARACION RESPONSABLE 2023\Tramitacion\CIF.PDF,CIF.PDF,.pdf,False
MADRID\avamerica13\1.DATOS\2.DOCUMENTACION\CIF.pdf,CIF.pdf,.pdf,False
MADRID\avamerica13\1.DATOS\2.DOCUMENTACION\cif incorrecto\autorizacion firmada - ojo cif incorrecto.pdf,autorizacion firmada - ojo cif incorrecto.pdf,.pdf,True
MADRID\avaviacion91a101\1.DATOS\2.DOCUMENTACION\cif.pdf,cif.pdf,.pdf,False
MADRID\avaviacion91a101\2.PROYECTO\4.SUBVENCION\IEE\incidencia1 31-10-2024\Trabajo\cif.pdf,cif.pdf,.pdf,False
MADRID\avbetanzos60\1.DATOS\2.DOCUMENTACION\PEGADO DE FERMIN CAB\CIF_1877.pdf,CIF_1877.pdf,.pdf,False
MADRID\avcarabanchelalto16\1.DATOS\2.DOCUMENTACION\CIF Comunidad.pdf,CIF Comunidad.pdf,.pdf,False
MADRID\avcardenalherreraoria260\1.DATOS\2.DOCUMENTACION\CIF H ORIA 260.pdf,CIF H ORIA 260.pdf,.pdf,False
MADRID\avcardenalherreraoria260\2.PROYECTO\4.SUBVENCION\SUBV CAM 2022\Doc trabajo\CIF H ORIA 260.pdf,CIF H ORIA 260.pdf,.pdf,False
MADRID\avcardenalherreraoria260\2.PROYECTO\4.SUBVENCION\SUBVENCION AYTO 2022\Doc trabajo\CIF CP Cadalso de los Vidrios 2.pdf,CIF CP Cadalso de los Vidrios 2.pdf,.pdf,False
MADRID\avcardenalherreraoria283\1 conjunto ascensor y sate\1.DATOS\2.DOCUMENTACION\CIF.pdf,CIF.pdf,.pdf,False
MADRID\avcardenalherreraoria283\1 conjunto ascensor y sate\2.PROYECTO\4.SUBVENCION\SUBV CAM NG 2022_P3concedido\PROGRAMA 5\Doc trabajo\CIF.pdf,CIF.pdf,.pdf,False
MADRID\avcardenalherreraoria283\1a ascensor\1.DATOS\2.DOCUMENTACION\CIF.pdf,CIF.pdf,.pdf,False
MADRID\avdoctorgarciatapia133-135-137\1.DATOS\2.DOCUMENTACION\CIF.pdf,CIF.pdf,.pdf,False
MADRID\avelinofernandezdelapoza11\1.DATOS\2.DOCUMENTACION\CIF.pdf,CIF.pdf,.pdf,False
"MADRID\avmarquesdecorbera22C\1.DATOS\2.DOCUMENTACION\CIF MARQUES DE CORBERA, 22.pdf","CIF MARQUES DE CORBERA, 22.pdf",.pdf,False
MADRID\avmarquesdecorbera28B\1.DATOS\2.DOCUMENTACION\MARQUES DE CORBERA 28 B CIF.pdf,MARQUES DE CORBERA 28 B CIF.pdf,.pdf,False
MADRID\avmarquesdecorbera30B\1.DATOS\2.DOCUMENTACION\CIF AV. CORBERA 30-B.pdf,CIF AV. CORBERA 30-B.pdf,.pdf,False
MADRID\avmarquesdecorbera32B\1.DATOS\2.DOCUMENTACION\CIF AV MARQUES CORBERA 32B.pdf,CIF AV MARQUES CORBERA 32B.pdf,.pdf,False
MADRID\avmoratalaz21\1.DATOS\2.DOCUMENTACION\CIF Comunidad.pdf,CIF Comunidad.pdf,.pdf,False
MADRID\avnuestraseñoradevalvanera106\1.DATOS\2.DOCUMENTACION\CIF VALVANERA 106 NUEVO.pdf,CIF VALVANERA 106 NUEVO.pdf,.pdf,False
MADRID\avnuestraseñoradevalvanera106\1.DATOS\2.DOCUMENTACION\doc antigua\CIF VALVANERA.pdf,CIF VALVANERA.pdf,.pdf,False
MADRID\avnuestraseñoradevalvanera106\2.PROYECTO\4.SUBVENCION\SUBV AYTO 2025_concedida\Concesión\Doc aportar\CIF VALVANERA 106 NUEVO.pdf,CIF VALVANERA 106 NUEVO.pdf,.pdf,False
MADRID\avnuestraseñoradevalvanera80\ascensor\DATOS (1)\DATOS\cif_valva80-1.pdf,cif_valva80-1.pdf,.pdf,False
MADRID\avpabloneruda54\DATOS\datos\CIF-CP.pdf,CIF-CP.pdf,.pdf,False
MADRID\avpabloneruda54\DATOS\datos\papeles\CIF-CP.bmp,CIF-CP.bmp,.bmp,False
MADRID\avpresidentecarmona3\1.DATOS\2.DOCUMENTACION\CIF.pdf,CIF.pdf,.pdf,False
MADRID\avpresidentecarmona5D\1.DATOS\2.DOCUMENTACION\CIF.pdf,CIF.pdf,.pdf,False
MADRID\avquinta26\1.DATOS\2.DOCUMENTACION\CIF.pdf,CIF.pdf,.pdf,False
MADRID\avrafaelaybarra33\1.DATOS\2.DOCUMENTACION\CIF (2).pdf,CIF (2).pdf,.pdf,False
MADRID\avrafaelaybarra33\1.DATOS\2.DOCUMENTACION\no vale\CIF.pdf,CIF.pdf,.pdf,False
MADRID\avrafaelaybarra33\2.PROYECTO\4.SUBVENCION\SUBV AYTO 2024 - no se presentan\Doc Trabajo\CIF (2).pdf,CIF (2).pdf,.pdf,False
MADRID\ayamonte2portala-b\1.DATOS\2.DOCUMENTACION\CIF.pdf,CIF.pdf,.pdf,False
MADRID\azcona5eraso6ardemans9\1.DATOS\2.DOCUMENTACION\CIF.pdf,CIF.pdf,.pdf,False
"MADRID\badalona48\1.DATOS\2.DOCUMENTACION\BADALONA,48 CIF.pdf","BADALONA,48 CIF.pdf",.pdf,False
MADRID\balaguer4\1.DATOS\2.DOCUMENTACION\C.I.F.PDF,C.I.F.PDF,.pdf,False
MADRID\ballesta12\1.DATOS\2.DOCUMENTACION\CIF-B-12.pdf,CIF-B-12.pdf,.pdf,False
MADRID\barbieri9\1.DATOS\2.DOCUMENTACION\CIF BARBIERI 9.pdf,CIF BARBIERI 9.pdf,.pdf,False
MADRID\batalladetorrijos23\1.DATOS\2.DOCUMENTACION\CIF_Comunidad.pdf,CIF_Comunidad.pdf,.pdf,False
MADRID\belvisdelajara7\1.DATOS\2.DOCUMENTACION\CIF.pdf,CIF.pdf,.pdf,False
MADRID\berastegui33\1.DATOS\2.DOCUMENTACION\BER-033 2000-01-01 CIF COMUNIDAD.pdf,BER-033 2000-01-01 CIF COMUNIDAD.pdf,.pdf,False
MADRID\biosca18\1.DATOS\2.DOCUMENTACION\CIF-BIOSCA-18.PDF,CIF-BIOSCA-18.PDF,.pdf,False
MADRID\brauliogutierrez7\DATOS\datos\CIF C.BRAULIO GUTIERREZ 7.pdf,CIF C.BRAULIO GUTIERREZ 7.pdf,.pdf,False
MADRID\bravomurillo177\1.DATOS\2.DOCUMENTACION\CIF.pdf,CIF.pdf,.pdf,False
"MADRID\bravomurillo41Qesc17\1.DATOS\2.DOCUMENTACION\TARJETA CIF BRAVO MURILLO 41-Q, ESC 17.pdf","TARJETA CIF BRAVO MURILLO 41-Q, ESC 17.pdf",.pdf,False
MADRID\brunoayllon3\1.DATOS\2.DOCUMENTACION\CIF CP BRUNO AYLLON 3 MADRID.pdf,CIF CP BRUNO AYLLON 3 MADRID.pdf,.pdf,False
MADRID\camarena157-159\1.DATOS\2.DOCUMENTACION\CIF CAMARENA.pdf,CIF CAMARENA.pdf,.pdf,False
MADRID\camarena200\1.DATOS\2.DOCUMENTACION\CIF.pdf,CIF.pdf,.pdf,False
MADRID\camarena304\1.DATOS\2.DOCUMENTACION\CIF CAMARENA 304.pdf,CIF CAMARENA 304.pdf,.pdf,False
MADRID\camarena75\1.DATOS\2.DOCUMENTACION\CIF Cam75.pdf,CIF Cam75.pdf,.pdf,False
MADRID\caminodeganapanes31-33-35\1.DATOS\2.DOCUMENTACION\CIF_VG_31_33_35.pdf,CIF_VG_31_33_35.pdf,.pdf,False
MADRID\caminodelascruces28\1.DATOS\2.DOCUMENTACION\CIF CAMINO DE LAS CRUCES 28.pdf,CIF CAMINO DE LAS CRUCES 28.pdf,.pdf,False
MADRID\caminodelosvinateros138\1.DATOS\2.DOCUMENTACION\CIF.pdf,CIF.pdf,.pdf,False
MADRID\caminodevalderribas96\1.DATOS\2.DOCUMENTACION\CIF CAMINO DE VALDERRIBAS 96 MADRID.pdf,CIF CAMINO DE VALDERRIBAS 96 MADRID.pdf,.pdf,False
MADRID\carabelos41\DATOS\DATOS\portada y cif libro de actas.pdf,portada y cif libro de actas.pdf,.pdf,False
MADRID\cardeñosa34\1.DATOS\2.DOCUMENTACION\CIF COMUNIDAD.pdf,CIF COMUNIDAD.pdf,.pdf,False
"MADRID\carlosarniches25\1.DATOS\2.DOCUMENTACION\Cif C.P. Carlos Arniches, 25.pdf","Cif C.P. Carlos Arniches, 25.pdf",.pdf,False
MADRID\carlosmartinalvarez104\2.PROYECTO\4.SUBVENCION\SUBV CAM 2025\Doc q nos han enviado\CIF CMA104.pdf,CIF CMA104.pdf,.pdf,False
MADRID\carlossole44-52garaje\1.DATOS\2.DOCUMENTACION\CIF.pdf,CIF.pdf,.pdf,False
MADRID\casimiroescudero11\1.DATOS\2.DOCUMENTACION\CIF CP CE 11.pdf,CIF CP CE 11.pdf,.pdf,False
MADRID\casimiroescudero11\1.DATOS\2.DOCUMENTACION\cif casimiro escudero 11.pdf,cif casimiro escudero 11.pdf,.pdf,False
MADRID\castilla7\1.DATOS\2.DOCUMENTACION\CASTILLA 7.CIF.pdf,CASTILLA 7.CIF.pdf,.pdf,False
MADRID\castilla7\2.PROYECTO\4.SUBVENCION\SUBV CAM 2025\Doc Trabajo\CASTILLA 7.CIF.pdf,CASTILLA 7.CIF.pdf,.pdf,False
MADRID\castillodesimancas7\1.DATOS\2.DOCUMENTACION\CIF CORRECTO CASTILLO DE SIMANCAS 7 MADRID.pdf,CIF CORRECTO CASTILLO DE SIMANCAS 7 MADRID.pdf,.pdf,False
MADRID\cañada46\DATOS\datos\CIF (3).pdf,CIF (3).pdf,.pdf,False
MADRID\cañada46\OBRA\LICENCIA - ES POR INVASION\APROBACION\3. nos reclaman - enviado mail 04-09-2023\CIF (3).pdf,CIF (3).pdf,.pdf,False
MADRID\cañada8\1.DATOS\2.DOCUMENTACION\CIF CAÑADA 8.pdf,CIF CAÑADA 8.pdf,.pdf,False
MADRID\cebreros1\1.DATOS\2.DOCUMENTACION\CIF.jpg,CIF.jpg,.jpg,False
MADRID\ceferinorodriguez17\SATE\DATOS\datos\CIF CEF ROD 17.pdf,CIF CEF ROD 17.pdf,.pdf,False
MADRID\centeno27\1.DATOS\2.DOCUMENTACION\CIF comunidad.pdf,CIF comunidad.pdf,.pdf,False
MADRID\claudiocoello14\1.DATOS\2.DOCUMENTACION\CIF SUMA ASTRAL.definitivo.pdf,CIF SUMA ASTRAL.definitivo.pdf,.pdf,False
MADRID\clavijo3\DATOS\Documentacion\CIF CDAD .pdf,CIF CDAD .pdf,.pdf,False
MADRID\condesadeteba21\1.DATOS\2.DOCUMENTACION\CIF_Condesa_De_Teba_21_54451ec819.pdf,CIF_Condesa_De_Teba_21_54451ec819.pdf,.pdf,False
MADRID\condesdebarcelona6\1.DATOS\2.DOCUMENTACION\NUEVO CIF CBARNA6.pdf,NUEVO CIF CBARNA6.pdf,.pdf,False
MADRID\corraldecantos19\ASCENSOR\DATOS\datos\CIF COMUNIDAD.pdf,CIF COMUNIDAD.pdf,.pdf,False
MADRID\corraldecantos19\SATE+FV\1.DATOS\2.DOCUMENTACION\CIF COMUNIDAD.pdf,CIF COMUNIDAD.pdf,.pdf,False
MADRID\corraldecantos19\SATE+FV\1.DATOS\2.DOCUMENTACION\financiación renovae\febrero 2022\CIF Y CARATULA.pdf,CIF Y CARATULA.pdf,.pdf,False
MADRID\datil7\1.DATOS\2.DOCUMENTACION\CIF Datil 7.pdf,CIF Datil 7.pdf,.pdf,False
MADRID\datil7\1.DATOS\2.DOCUMENTACION\cif-H83186197.pdf,cif-H83186197.pdf,.pdf,False
MADRID\diariolanacion18\1.DATOS\2.DOCUMENTACION\CIF.pdf,CIF.pdf,.pdf,False
MADRID\diariolanacion18\2.PROYECTO\4.SUBVENCION\SUBV AYTO 2024\Doc Trabajo\CIF.pdf,CIF.pdf,.pdf,False
MADRID\diariolanacion20\1.DATOS\2.DOCUMENTACION\TARJETA CIF.pdf,TARJETA CIF.pdf,.pdf,False
MADRID\diariolanacion20\2.PROYECTO\4.SUBVENCION\SUBV AYTO 2024\Doc Trabajo\TARJETA CIF.pdf,TARJETA CIF.pdf,.pdf,False
MADRID\discobolo67\1.DATOS\2.DOCUMENTACION\CIF DISCOBOLO 67 MADRID.pdf,CIF DISCOBOLO 67 MADRID.pdf,.pdf,False
MADRID\doctoresquerdo55 local FAIN\1.DATOS\2.DOCUMENTACION\CIF OSTALAZAR.pdf,CIF OSTALAZAR.pdf,.pdf,False
MADRID\doctoresquerdo59 local FAIN\paso de local a oficina\DATOS\datos\CIF OSTALAZAR.pdf,CIF OSTALAZAR.pdf,.pdf,False
"MADRID\doctorvallejo39\1.DATOS\2.DOCUMENTACION\C-156 CIF DOCTOR VALLEJO, 39.pdf","C-156 CIF DOCTOR VALLEJO, 39.pdf",.pdf,False
MADRID\domingoparraga62\1.DATOS\2.DOCUMENTACION\CIF.pdf,CIF.pdf,.pdf,False
MADRID\domingoparraga62\2.PROYECTO\4.SUBVENCION\SUBV AYTO 2025\Doc Trabajo\CIF.pdf,CIF.pdf,.pdf,False
MADRID\duquedesesto22\1.DATOS\2.DOCUMENTACION\CIF.pdf,CIF.pdf,.pdf,False
MADRID\elfo76\1.DATOS\2.DOCUMENTACION\CIF.pdf,CIF.pdf,.pdf,False
MADRID\elprovencio31\1.DATOS\2.DOCUMENTACION\cif provencio.pdf,cif provencio.pdf,.pdf,False
MADRID\emilioferrari101\DATOS\datos\cif de la comunidd -convertido.pdf,cif de la comunidd -convertido.pdf,.pdf,False
MADRID\encarnaciondelpino2\1.DATOS\2.DOCUMENTACION\C81 CIF.pdf,C81 CIF.pdf,.pdf,False
"MADRID\encarnaciondelpino2\1.DATOS\2.DOCUMENTACION\Nuevos Datos\CIF MARCELINO ROA VÁZQUEZ, 45.pdf","CIF MARCELINO ROA VÁZQUEZ, 45.pdf",.pdf,False
MADRID\encarnaciondelpino2\2.PROYECTO\4.SUBVENCION\SUBV AYTO 2024 - no se presentan\Doc Trabajo\C81 CIF.pdf,C81 CIF.pdf,.pdf,False
MADRID\enciso1\1.DATOS\2.DOCUMENTACION\CIF Enciso 1.pdf,CIF Enciso 1.pdf,.pdf,False
MADRID\encomiendadepalacios318\DATOS\documentacion\CIF.pdf,CIF.pdf,.pdf,False
MADRID\encomiendadepalacios320\1.DATOS\2.DOCUMENTACION\CIF encom.palacios 320.pdf,CIF encom.palacios 320.pdf,.pdf,False
"MADRID\encomiendadepalacios49\1.DATOS\2.DOCUMENTACION\CIF    ENCOMIENDA DE PALACIOS, 49.pdf","CIF    ENCOMIENDA DE PALACIOS, 49.pdf",.pdf,False
"MADRID\encomiendadepalacios49\2.PROYECTO\4.SUBVENCION\SUBV AYTO 2022\Doc trabajo\CIF    ENCOMIENDA DE PALACIOS, 49.pdf","CIF    ENCOMIENDA DE PALACIOS, 49.pdf",.pdf,False
"MADRID\encomiendadepalacios49\2.PROYECTO\4.SUBVENCION\SUBV AYTO 2024\Doc trabajo\CIF    ENCOMIENDA DE PALACIOS, 49.pdf","CIF    ENCOMIENDA DE PALACIOS, 49.pdf",.pdf,False
MADRID\entrearroyos56\A.DATOS COMUNES\2.DOCUMENTACION\CIF.pdf,CIF.pdf,.pdf,False
MADRID\escribanos5\1.DATOS\2.DOCUMENTACION\CIF_Comunidad.pdf,CIF_Comunidad.pdf,.pdf,False
MADRID\estanislaofigueras8\1.DATOS\2.DOCUMENTACION\TARJETA CIF ESTANISLAO 8.pdf,TARJETA CIF ESTANISLAO 8.pdf,.pdf,False
"MADRID\estebancollantes26\1.DATOS\2.DOCUMENTACION\CIF C.P. ESTEBAN COLLANTES, 26.pdf","CIF C.P. ESTEBAN COLLANTES, 26.pdf",.pdf,False
"MADRID\estebancollantes26\2.PROYECTO\4.SUBVENCION\SUBV AYTO 2024 - no se presentan\Doc Trabajo\CIF C.P. ESTEBAN COLLANTES, 26.pdf","CIF C.P. ESTEBAN COLLANTES, 26.pdf",.pdf,False
"MADRID\estebancollantes26\2.PROYECTO\4.SUBVENCION\SUBV CAM 2022\Doc trabajo\CIF C.P. ESTEBAN COLLANTES, 26.pdf","CIF C.P. ESTEBAN COLLANTES, 26.pdf",.pdf,False
MADRID\etna14\1.DATOS\2.DOCUMENTACION\ETNA 14-CIF.pdf,ETNA 14-CIF.pdf,.pdf,False
"MADRID\etruria26-28lucano65\ASCENSOR\DATOS\CIF ETRURIA 26, 28 Y LUCANO 65.pdf","CIF ETRURIA 26, 28 Y LUCANO 65.pdf",.pdf,False
"MADRID\etruria26-28lucano65\ASCENSOR\DATOS\datos\CIF ETRURIA 26, 28 Y LUCANO 65.pdf","CIF ETRURIA 26, 28 Y LUCANO 65.pdf",.pdf,False
MADRID\etruria26-28lucano65\ASCENSOR\DATOS\datos\cif de la cdad de prop .pdf,cif de la cdad de prop .pdf,.pdf,False
MADRID\etruria26-28lucano65\ASCENSOR\PROYECTO\SUBVENCIONES\SUBV AYTO 2021\cif de la cdad de prop 26.28 y Lucano 65.pdf,cif de la cdad de prop 26.28 y Lucano 65.pdf,.pdf,False
"MADRID\etruria26-28lucano65\ASCENSOR\PROYECTO\SUBVENCIONES\SUBV AYTO 2022\Doc trabajo\CIF ETRURIA 26, 28 Y LUCANO 65.pdf","CIF ETRURIA 26, 28 Y LUCANO 65.pdf",.pdf,False
MADRID\etruria26-28lucano65\ASCENSOR\PROYECTO\SUBVENCIONES\SUBV CAM 2021\cif de la cdad de prop 26.28 y Lucano 65.pdf,cif de la cdad de prop 26.28 y Lucano 65.pdf,.pdf,False
"MADRID\etruria26-28lucano65\ASCENSOR\PROYECTO\SUBVENCIONES\SUBV CAM 2022\Doc trabajo\CIF ETRURIA 26, 28 Y LUCANO 65.pdf","CIF ETRURIA 26, 28 Y LUCANO 65.pdf",.pdf,False
"MADRID\etruria26-28lucano65\ASCENSOR\PROYECTO\SUBVENCIONES\SUBV CAM 2023_concecida\02 Doc trabajo\CIF ETRURIA 26, 28 Y LUCANO 65.pdf","CIF ETRURIA 26, 28 Y LUCANO 65.pdf",.pdf,False
"MADRID\etruria26-28lucano65\SATE_no lo van a hacer\DATOS\documentacion\Solicitud CIF ETRURIA 26, 28 Y LUCANO 65.pdf","Solicitud CIF ETRURIA 26, 28 Y LUCANO 65.pdf",.pdf,False
MADRID\etruria26-28lucano65\SATE_no lo van a hacer\DATOS\documentacion\cif de la cdad de prop .pdf,cif de la cdad de prop .pdf,.pdf,False
MADRID\ezequielsolana105\1.DATOS\2.DOCUMENTACION\CIF.pdf,CIF.pdf,.pdf,False
MADRID\ezequielsolana97\1.DATOS\2.DOCUMENTACION\CIF CDAD.pdf,CIF CDAD.pdf,.pdf,False
MADRID\faro4-6\1.DATOS\2.DOCUMENTACION\CIF Faro 4-6.pdf,CIF Faro 4-6.pdf,.pdf,False
MADRID\felipealvarez28\1.DATOS\2.DOCUMENTACION\CIF TARJETA H-78366291.pdf,CIF TARJETA H-78366291.pdf,.pdf,False
MADRID\felipealvarez28\1.DATOS\2.DOCUMENTACION\Documentacion recibida\cif recibo presentacion cambio letra cif.pdf,cif recibo presentacion cambio letra cif.pdf,.pdf,False
MADRID\felipecastro5\1.DATOS\2.DOCUMENTACION\CIF comunidad.pdf,CIF comunidad.pdf,.pdf,False
MADRID\felipecastro5\2.PROYECTO\4.SUBVENCION\SUBV AYTO 2024 - no se presentan\Doc trabajo\CIF comunidad.pdf,CIF comunidad.pdf,.pdf,False
MADRID\felipecastro6\1.DATOS\2.DOCUMENTACION\CIF Felipe Castro 6.pdf,CIF Felipe Castro 6.pdf,.pdf,False
MADRID\feria8\1.DATOS\2.DOCUMENTACION\FERIA8 CIF.pdf,FERIA8 CIF.pdf,.pdf,False
MADRID\feria8\2.PROYECTO\4.SUBVENCION\SUBV CAM NG 2022\PROGRAMA 3\Doc trabajo\FERIA8 CIF.pdf,FERIA8 CIF.pdf,.pdf,False
MADRID\feria8\2.PROYECTO\4.SUBVENCION\SUBV CAM NG 2022\PROGRAMA 5\Doc trabajo\CIF FERIA 8.pdf,CIF FERIA 8.pdf,.pdf,False
MADRID\fermincaballero75\1.DATOS\2.DOCUMENTACION\DOCUMENTACIÓN LIBRO DEL EDIFICIO EXISTENTE\TORRE 1-BETANZOS 60\CIF_1877.pdf,CIF_1877.pdf,.pdf,False
MADRID\fermincaballero75\1.DATOS\2.DOCUMENTACION\DOCUMENTACIÓN LIBRO DEL EDIFICIO EXISTENTE\TORRE 10- BETANZOS 85\CIF BETANZOS 85.pdf,CIF BETANZOS 85.pdf,.pdf,False
MADRID\fermincaballero75\1.DATOS\2.DOCUMENTACION\DOCUMENTACIÓN LIBRO DEL EDIFICIO EXISTENTE\TORRE 11- ISLA DE AROSA 2\cif.pdf,cif.pdf,.pdf,False
MADRID\fermincaballero75\1.DATOS\2.DOCUMENTACION\DOCUMENTACIÓN LIBRO DEL EDIFICIO EXISTENTE\TORRE 12- ISLA DE AROSA 4\CIF ISLA DE AROSA 4.pdf,CIF ISLA DE AROSA 4.pdf,.pdf,False
MADRID\fermincaballero75\1.DATOS\2.DOCUMENTACION\DOCUMENTACIÓN LIBRO DEL EDIFICIO EXISTENTE\TORRE 14- ISLA DE AROSA 8\CIF COMUNIDAD (1).pdf,CIF COMUNIDAD (1).pdf,.pdf,False
MADRID\fermincaballero75\1.DATOS\2.DOCUMENTACION\DOCUMENTACIÓN LIBRO DEL EDIFICIO EXISTENTE\TORRE 15- ISLA DE AROSA 10\CIF.pdf,CIF.pdf,.pdf,False
MADRID\fermincaballero75\1.DATOS\2.DOCUMENTACION\DOCUMENTACIÓN LIBRO DEL EDIFICIO EXISTENTE\TORRE 2-BETANZOS 62\Cif AB62 - copia.pdf,Cif AB62 - copia.pdf,.pdf,False
MADRID\fermincaballero75\1.DATOS\2.DOCUMENTACION\DOCUMENTACIÓN LIBRO DEL EDIFICIO EXISTENTE\TORRE 3- BETANZOS 64\CIF.pdf,CIF.pdf,.pdf,False
MADRID\fermincaballero75\1.DATOS\2.DOCUMENTACION\DOCUMENTACIÓN LIBRO DEL EDIFICIO EXISTENTE\TORRE 4- BETANZOS 66\CIF_signed.pdf,CIF_signed.pdf,.pdf,False
MADRID\fermincaballero75\1.DATOS\2.DOCUMENTACION\DOCUMENTACIÓN LIBRO DEL EDIFICIO EXISTENTE\TORRE 5- BETANZOS 68\CIF BETANZOS 68.pdf,CIF BETANZOS 68.pdf,.pdf,False
MADRID\fermincaballero75\1.DATOS\2.DOCUMENTACION\DOCUMENTACIÓN LIBRO DEL EDIFICIO EXISTENTE\TORRE 6- BETANZOS 77\BET77 - CIF.pdf,BET77 - CIF.pdf,.pdf,False
MADRID\fermincaballero75\1.DATOS\2.DOCUMENTACION\DOCUMENTACIÓN LIBRO DEL EDIFICIO EXISTENTE\TORRE 7-BETANZOS 79\CIF BETANZOS 79.pdf,CIF BETANZOS 79.pdf,.pdf,False
MADRID\fermincaballero75\1.DATOS\2.DOCUMENTACION\DOCUMENTACIÓN LIBRO DEL EDIFICIO EXISTENTE\TORRE 8- BETANZOS 81\CIF_BETANZOS_81.pdf,CIF_BETANZOS_81.pdf,.pdf,False
MADRID\fermincaballero75\1.DATOS\2.DOCUMENTACION\DOCUMENTACIÓN LIBRO DEL EDIFICIO EXISTENTE\TORRE 9- BETANZOS 83\CIF Betanzos 83.pdf,CIF Betanzos 83.pdf,.pdf,False
MADRID\florenciogarcia11\DATOS\datos\CIF.pdf,CIF.pdf,.pdf,False
MADRID\franciscofatou24\1.DATOS\2.DOCUMENTACION\CIF TARJETA H-78366291.pdf,CIF TARJETA H-78366291.pdf,.pdf,False
MADRID\franciscofatou26\1.DATOS\2.DOCUMENTACION\CIF TARJETA H-78366291.pdf,CIF TARJETA H-78366291.pdf,.pdf,False
MADRID\franciscoiglesias15\1.DATOS\2.DOCUMENTACION\CIF CDAD.pdf,CIF CDAD.pdf,.pdf,False
MADRID\frayjosecerdeiriña66\1.DATOS\2.DOCUMENTACION\100.CIF 04-09-17 - F. J. CERDEIRIÑA 66_1.pdf,100.CIF 04-09-17 - F. J. CERDEIRIÑA 66_1.pdf,.pdf,False
MADRID\gandhi21\DATOS\documentacion\CIF GANDHI 21.pdf,CIF GANDHI 21.pdf,.pdf,False
MADRID\garciadeparedes44\1.DATOS\2.DOCUMENTACION\GARCÍA PAREDES 44.CIF.pdf,GARCÍA PAREDES 44.CIF.pdf,.pdf,False
MADRID\garciallamas43\1.DATOS\2.DOCUMENTACION\CIF CP GARCIA LLAMAS 43.pdf,CIF CP GARCIA LLAMAS 43.pdf,.pdf,False
MADRID\generalramirez22\DATOS\datos\cif de la comunidad.pdf,cif de la comunidad.pdf,.pdf,False
MADRID\generalricardos128\DATOS\DOCUMENTACION\TARJETA CIF COMUNIDAD.pdf,TARJETA CIF COMUNIDAD.pdf,.pdf,False
MADRID\generalricardos238\1.DATOS\2.DOCUMENTACION\GENERAL RICARDOS 238.CIF.pdf,GENERAL RICARDOS 238.CIF.pdf,.pdf,False
MADRID\generalricardos92\DATOS\datos\CIF COMUNIDAD.pdf,CIF COMUNIDAD.pdf,.pdf,False
MADRID\generalserranoorive1\1.DATOS\2.DOCUMENTACION\4.- Tarjeta CIF de la Comunidad.pdf,4.- Tarjeta CIF de la Comunidad.pdf,.pdf,False
MADRID\germanperezcarrasco54\DATOS\datos\088 CIF.pdf,088 CIF.pdf,.pdf,False
MADRID\germanperezcarrasco54\PROYECTO\SUBVENCIONES\SUBV AYTO 2022 - NO PRESENTADO\Doc Trabajo\088 CIF.pdf,088 CIF.pdf,.pdf,False
MADRID\germanperezcarrasco54\PROYECTO\SUBVENCIONES\SUBV AYTO 2024\Doc Trabajo\088 CIF.pdf,088 CIF.pdf,.pdf,False
MADRID\germanperezcarrasco54\PROYECTO\SUBVENCIONES\SUBV CAM 2022\Doc trabajo\088 CIF.pdf,088 CIF.pdf,.pdf,False
MADRID\germanperezcarrasco54\PROYECTO\SUBVENCIONES\SUBV CAM 2023\Doc trabajo\088 CIF.pdf,088 CIF.pdf,.pdf,False
MADRID\ginzodelimia55\1.DATOS\2.DOCUMENTACION\145 CIF NUEVO COMUNIDAD.pdf,145 CIF NUEVO COMUNIDAD.pdf,.pdf,False
MADRID\girasol21\GIRASOL21 - INFORME PERICIAL\1.DATOS\2.DOCUMENTACION\CIF GIRASOL 21 MADRID.pdf,CIF GIRASOL 21 MADRID.pdf,.pdf,False
MADRID\girasol21\GIRASOL21 - SATE\1.DATOS\2.DOCUMENTACION\CIF GIRASOL 21 MADRID.pdf,CIF GIRASOL 21 MADRID.pdf,.pdf,False
MADRID\godella237\1.DATOS\2.DOCUMENTACION\CIF.pdf,CIF.pdf,.pdf,False
MADRID\godella237\2.PROYECTO\4.SUBVENCION\SUBV AYTO 2024\Doc Trabajo\CIF.pdf,CIF.pdf,.pdf,False
MADRID\gomeznarro233\1.DATOS\1.DATOS\C.I.F. H-79608022.PDF,C.I.F. H-79608022.PDF,.pdf,False
MADRID\gomeznarro249\1.DATOS\2.DOCUMENTACION\CIF.pdf,CIF.pdf,.pdf,False
MADRID\gomeznarro249\1.DATOS\Recibido comunidad\CIF.pdf,CIF.pdf,.pdf,False
MADRID\gonzalodecespedes21\1.DATOS\2.DOCUMENTACION\Cif gonzalo de cespedes .PDF,Cif gonzalo de cespedes .PDF,.pdf,False
MADRID\goya55\1.DATOS\datos\CIF GOYA 55.pdf,CIF GOYA 55.pdf,.pdf,False
MADRID\gregoriodonas8\DATOS\datos\CIF GREGORIO DONAS 8.pdf,CIF GREGORIO DONAS 8.pdf,.pdf,False
MADRID\guadalete6\sate externo\1.DATOS\2.DOCUMENTACION\CIF H79882031.pdf,CIF H79882031.pdf,.pdf,False
"MADRID\guadarrama26\DATOS\documentacion\Guadarrama, 26 - CIF.pdf","Guadarrama, 26 - CIF.pdf",.pdf,False
"MADRID\guadarrama26\OBRA\1 no vale DECLARACION RESPONSABLE\6 recurso\incidencia1\contestacion\Guadarrama, 26 - CIF.pdf","Guadarrama, 26 - CIF.pdf",.pdf,False
MADRID\guancha1\1.DATOS\2.DOCUMENTACION\GUANCHA1 CIF.pdf,GUANCHA1 CIF.pdf,.pdf,False
MADRID\guillendecastro13\DATOS\datos\CIF NUEVO (1).pdf,CIF NUEVO (1).pdf,.pdf,False
MADRID\haciendadepavones117\1.DATOS\2.DOCUMENTACION\3 CIF COMUNIDAD.pdf,3 CIF COMUNIDAD.pdf,.pdf,False
MADRID\haciendadepavones151\1.DATOS\2.DOCUMENTACION\CIF.pdf,CIF.pdf,.pdf,False
MADRID\haciendadepavones151\1.DATOS\2.DOCUMENTACION\NUEVOS DATOS ACTUALIZADOS\CIF.pdf,CIF.pdf,.pdf,False
MADRID\haciendadepavones222\1.DATOS\2.DOCUMENTACION\CIF - Hacienda de Pavones 222 - Madrid.pdf,CIF - Hacienda de Pavones 222 - Madrid.pdf,.pdf,False
MADRID\haciendadepavones222\2.PROYECTO\4.SUBVENCION\SUBV AYTO 2026\Doc presentar\CIF.pdf,CIF.pdf,.pdf,False
MADRID\hermanosmachado41\1.DATOS\2.DOCUMENTACION\C-120 CIF HERMANOS MACHADO 41.pdf,C-120 CIF HERMANOS MACHADO 41.pdf,.pdf,False
MADRID\hermanosmachado41\2.PROYECTO\4.SUBVENCION\SUBV AYTO 2025 (octubre)\Doc a presentar\CIF HERMANOS MACHADO 41.pdf,CIF HERMANOS MACHADO 41.pdf,.pdf,False
MADRID\hermanosmachado5\DATOS\datos\CIF CDAD.pdf,CIF CDAD.pdf,.pdf,False
MADRID\hermenegildobielsa27\1.DATOS\2.DOCUMENTACION\TARJETA CIF.pdf,TARJETA CIF.pdf,.pdf,False
MADRID\huertadecastañeda13\1.DATOS\2.DOCUMENTACION\CIF HUERTA DE CASTAÑEDA 13.pdf,CIF HUERTA DE CASTAÑEDA 13.pdf,.pdf,False
MADRID\huertadelbayo13\1.DATOS\2.DOCUMENTACION\antigua presidenta\CIF.pdf,CIF.pdf,.pdf,False
MADRID\huertadelbayo13\2.PROYECTO\4.SUBVENCION\SUBV AYTO 2023\Doc trabajo\CIF.pdf,CIF.pdf,.pdf,False
MADRID\huertadelbayo13\2.PROYECTO\4.SUBVENCION\SUBV AYTO 2023\Doc trabajo\SUBVENCION HUERTA DEL BAYO 13  3\9 CIF huerta del bayo.pdf,9 CIF huerta del bayo.pdf,.pdf,False
MADRID\huertadelbayo13\2.PROYECTO\4.SUBVENCION\SUBV AYTO 2023\Doc trabajo\__MACOSX\SUBVENCION HUERTA DEL BAYO 13  3\._9 CIF huerta del bayo.pdf,._9 CIF huerta del bayo.pdf,.pdf,False
MADRID\huertadelbayo13\2.PROYECTO\4.SUBVENCION\SUBV CAM 2023_concedida\Doc trabajo\CIF.pdf,CIF.pdf,.pdf,False
MADRID\ibiza3\1.DATOS\2.DOCUMENTACION\CIF.pdf,CIF.pdf,.pdf,False
MADRID\iliada19\1.DATOS\2.DOCUMENTACION\CIF_ILI19.pdf,CIF_ILI19.pdf,.pdf,False
MADRID\iliada39\1.DATOS\2.DOCUMENTACION\CIF_ILI39.pdf,CIF_ILI39.pdf,.pdf,False
MADRID\iliada39\2.PROYECTO\4.SUBVENCION\SUBV AYTO 2024\Doc Trabajo\CIF_ILI39.pdf,CIF_ILI39.pdf,.pdf,False
MADRID\imagen32\1.DATOS\2.DOCUMENTACION\DNI Y CIF IMAGEN 32.pdf,DNI Y CIF IMAGEN 32.pdf,.pdf,False
"MADRID\imagen32\2.PROYECTO\4.SUBVENCION\SUBV AYTO 2025(NO, beneficiarios RM22)\Doc a presentar\DNI Y CIF IMAGEN 32.pdf",DNI Y CIF IMAGEN 32.pdf,.pdf,False
MADRID\imagen32\2.PROYECTO\4.SUBVENCION\SUBV CAM 2025\Doc trabajo\Doc de Carlos del Brio\DNI Y CIF IMAGEN 32.pdf,DNI Y CIF IMAGEN 32.pdf,.pdf,False
MADRID\islamalaita5\1.DATOS\2.DOCUMENTACION\cif.pdf,cif.pdf,.pdf,False
MADRID\isturiz11\accesibilidad\1.DATOS\2.DOCUMENTACION\Cif.pdf,Cif.pdf,.pdf,False
MADRID\isturiz11\accesibilidad\2.PROYECTO\4.SUBVENCION\SUBVENCIONES AYTO 2024\Doc Trabajo\Cif.pdf,Cif.pdf,.pdf,False
MADRID\isturiz11\sate\1.DATOS\2.DOCUMENTACION\Cif.pdf,Cif.pdf,.pdf,False
MADRID\isturiz9\1.DATOS\2.DOCUMENTACION\cif.jpeg,cif.jpeg,.jpeg,False
MADRID\joaquinibarra37\ASCENSOR\1.DATOS\2.DOCUMENTACION\2. CIF JOAQUIN IBARRA 37.pdf,2. CIF JOAQUIN IBARRA 37.pdf,.pdf,False
MADRID\joaquinibarra37\ASCENSOR\2.PROYECTO\4.SUBVENCION\SUBV AYTO 2024\Doc Trabajo\CIF Joaquin Ibarra 37.pdf,CIF Joaquin Ibarra 37.pdf,.pdf,False
MADRID\josemariapereda43\DATOS\datos\CIF Jose Maria Pereda 43.pdf,CIF Jose Maria Pereda 43.pdf,.pdf,False
MADRID\joseortegaygasset94\DATOS\documentacion\junio 2022\CIF.pdf,CIF.pdf,.pdf,False
MADRID\joseortegaygasset94\PROYECTO\SUBVENCIONES\SUBV AYTO 2022\Doc trabajo\CIF.pdf,CIF.pdf,.pdf,False
MADRID\josuelillo5\1.DATOS\2.DOCUMENTACION\CIF.pdf,CIF.pdf,.pdf,False
MADRID\juanantoniomaroto1\1.DATOS\2.DOCUMENTACION\CIF CP JUAN ANTONIO MAROTO 1.pdf,CIF CP JUAN ANTONIO MAROTO 1.pdf,.pdf,False
MADRID\juanramonjimenez2\1.DATOS\2.DOCUMENTACION\CIF Juan Ramon Jimenez (1).pdf,CIF Juan Ramon Jimenez (1).pdf,.pdf,False
MADRID\juanramonjimenez2\2.PROYECTO\4.SUBVENCION\SUV AYTO 2023\Doc trabajo\CIF Juan Ramon Jimenez (1).pdf,CIF Juan Ramon Jimenez (1).pdf,.pdf,False
MADRID\juantornero62\1.DATOS\2.DOCUMENTACION\CIF JUAN TORNERO 62.pdf,CIF JUAN TORNERO 62.pdf,.pdf,False
MADRID\lagoconstanza34\1.DATOS\2.DOCUMENTACION\CIF Comunidad.pdf,CIF Comunidad.pdf,.pdf,False
MADRID\lagoconstanza34\1.DATOS\2.DOCUMENTACION\LAGO DE CONSTANZA 34 CIF   04032021.pdf,LAGO DE CONSTANZA 34 CIF   04032021.pdf,.pdf,False
MADRID\lagoconstanza34\2.PROYECTO\4.SUBVENCION\SUBV AYTO 2024 -no se presentan\Doc Trabajo\CIF CP.pdf,CIF CP.pdf,.pdf,False
MADRID\licenciadovidriera5\1.DATOS\2.DOCUMENTACION\CIF.pdf,CIF.pdf,.pdf,False
MADRID\llanosdeescudero37\1.DATOS\documentacion\CP LE37_CIF.pdf,CP LE37_CIF.pdf,.pdf,False
MADRID\llanosdeescudero6\ASCENSOR\1.DATOS\2.DOCUMENTACION\CIF COMUNIDAD C_ LLANOS DE ESCUDERO Nº 4 MADRID..pdf,CIF COMUNIDAD C_ LLANOS DE ESCUDERO Nº 4 MADRID..pdf,.pdf,False
MADRID\llanosdeescudero6\CUBIERTA\1.DATOS\2.DOCUMENTACION\CIF COMUNIDAD C_ LLANOS DE ESCUDERO Nº 4 MADRID..pdf,CIF COMUNIDAD C_ LLANOS DE ESCUDERO Nº 4 MADRID..pdf,.pdf,False
MADRID\llanosdeescudero8\1.DATOS\2.DOCUMENTACION\CIF COMUNIDAD.pdf,CIF COMUNIDAD.pdf,.pdf,False
MADRID\longares8B-garaje\1.DATOS\2.DOCUMENTACION\02. CIF COMUNIDAD.pdf,02. CIF COMUNIDAD.pdf,.pdf,False
"MADRID\lospeñascales17\1.DATOS\2.DOCUMENTACION\CIF PEÑASCALES, 17.pdf","CIF PEÑASCALES, 17.pdf",.pdf,False
MADRID\manresa17-19\1.DATOS\2.DOCUMENTACION\CIF COMUNIDAD.pdf,CIF COMUNIDAD.pdf,.pdf,False
MADRID\manresa17-19\2.PROYECTO\4.SUBVENCION\SUBV AYTO 2022\Doc trabajo\CIF COMUNIDAD.pdf,CIF COMUNIDAD.pdf,.pdf,False
MADRID\manresa25-27\SATE\1.DATOS\2.DOCUMENTACION\CIF.pdf,CIF.pdf,.pdf,False
MADRID\manresa25-27\SATE\2.PROYECTO\4.SUBVENCION\SUBV AYTO 2022\Doc trabajo\CIF.pdf,CIF.pdf,.pdf,False
MADRID\manresa25-27\SATE\2.PROYECTO\4.SUBVENCION\SUBV AYTO 2023\Doc trabajo\CIF.pdf,CIF.pdf,.pdf,False
MADRID\manresa25-27\SATE\2.PROYECTO\4.SUBVENCION\SUBV AYTO 2024\Doc Trabajo\CIF.pdf,CIF.pdf,.pdf,False
MADRID\manresa25-27\SATE\2.PROYECTO\4.SUBVENCION\SUBV CAM NG 2022\01-Cambio Representante\Doc Trabajo\CIF.pdf,CIF.pdf,.pdf,False
MADRID\manresa56\ascensor terminado\1. DATOS\2.DOCUMENTACION\CIF MANRESA 56.pdf,CIF MANRESA 56.pdf,.pdf,False
MADRID\manresa56\ascensor terminado\1. DATOS\2.DOCUMENTACION\documentos de antiguos arquitectos\Subvenciones\Comunidad de Madrid\Manresa56_documpara requerimAGOSTO\CIF MANRESA 56.pdf,CIF MANRESA 56.pdf,.pdf,False
MADRID\manresa56\ascensor terminado\1. DATOS\2.DOCUMENTACION\documentos de antiguos arquitectos\Subvenciones\PREE\wetransfer-e14378\11_MRS_56_CIF.pdf,11_MRS_56_CIF.pdf,.pdf,False
MADRID\manresa56\ascensor terminado\1. DATOS\documentacion\CIF MANRESA 56.pdf,CIF MANRESA 56.pdf,.pdf,False
MADRID\manresa56\ascensor terminado\2.PROYECTO\4.SUBVENCION\ARRUR 2020 - Tramitada por ellos\Justificacion final de obra\Doc Trabajo\CIF MANRESA 56.pdf,CIF MANRESA 56.pdf,.pdf,False
MADRID\manresa56\ascensor terminado\2.PROYECTO\4.SUBVENCION\SUBV AYTO 2024\Doc trabajo\CIF MANRESA 56.pdf,CIF MANRESA 56.pdf,.pdf,False
MADRID\manresa56\ascensor terminado\2.PROYECTO\documentos de antiguos arquitectos\Subvenciones\Comunidad de Madrid\Manresa56_documpara requerimAGOSTO\CIF MANRESA 56.pdf,CIF MANRESA 56.pdf,.pdf,False
MADRID\manresa56\ascensor terminado\2.PROYECTO\documentos de antiguos arquitectos\Subvenciones\PREE\wetransfer-e14378\11_MRS_56_CIF.pdf,11_MRS_56_CIF.pdf,.pdf,False
"MADRID\marcelinoroavazquez45\1.DATOS\2.DOCUMENTACION\CIF MARCELINO ROA VÁZQUEZ, 45.pdf","CIF MARCELINO ROA VÁZQUEZ, 45.pdf",.pdf,False
MADRID\marcelinoroavazquez45\1.DATOS\2.DOCUMENTACION\CIF.pdf,CIF.pdf,.pdf,False
"MADRID\marcelinoroavazquez45\1.DATOS\2.DOCUMENTACION\Nuevos datos 2026\CIF MARCELINO ROA VÁZQUEZ, 45.pdf","CIF MARCELINO ROA VÁZQUEZ, 45.pdf",.pdf,False
"MADRID\marcelinoroavazquez45\2.PROYECTO\4.SUBVENCION\SUBV AYTO 2026\Doc presentar\CIF MARCELINO ROA VÁZQUEZ, 45.pdf","CIF MARCELINO ROA VÁZQUEZ, 45.pdf",.pdf,False
MADRID\marmenor24\1.DATOS\2.DOCUMENTACION\35 - CIF MAR MENOR 24.pdf,35 - CIF MAR MENOR 24.pdf,.pdf,False
MADRID\marquesadesilvela11\1.DATOS\2.DOCUMENTACION\CIF MARQUESA.pdf,CIF MARQUESA.pdf,.pdf,False
MADRID\marquesadesilvela11\2.PROYECTO\4.SUBVENCION\SUBV AYTO 2024 - no se presentan\Doc Trabajo\CIF MARQUESA.pdf,CIF MARQUESA.pdf,.pdf,False
MADRID\martell28\1.DATOS\2.DOCUMENTACION\CIF_Cp. Martell 28.pdf,CIF_Cp. Martell 28.pdf,.pdf,False
MADRID\martin de los heros 38\SOLO SE NOS CONTRATO PARA SUBVENCION\Cif-E-MH38.jpg,Cif-E-MH38.jpg,.jpg,False
MADRID\martin de los heros 38\SOLO SE NOS CONTRATO PARA SUBVENCION\SUBV AYTO 2022\Doc trabajo\CIF comunidad VIEJO.pdf,CIF comunidad VIEJO.pdf,.pdf,False
MADRID\martin de los heros 38\SOLO SE NOS CONTRATO PARA SUBVENCION\SUBV AYTO 2022\Doc trabajo\Solicitud CIF NUEVO.pdf,Solicitud CIF NUEVO.pdf,.pdf,False
MADRID\martindelosheros59b\1.DATOS\2.DOCUMENTACION\CIF.pdf,CIF.pdf,.pdf,False
MADRID\martinezizquierdo39\1.DATOS\2.DOCUMENTACION\cif.jpg,cif.jpg,.jpg,False
"MADRID\maximiliano31\DATOS\datos\Actas, DNI Y cif (1).pdf","Actas, DNI Y cif (1).pdf",.pdf,False
MADRID\maximiliano31\DATOS\datos\cif.pdf,cif.pdf,.pdf,False
MADRID\mercedesarteaga45-47\DATOS\DATOS\CIF MERCEDES ARTEAGA 45-47.PDF,CIF MERCEDES ARTEAGA 45-47.PDF,.pdf,False
MADRID\migueldelaroca18\DATOS\documentos\(30) CIF COMUNIDAD.pdf,(30) CIF COMUNIDAD.pdf,.pdf,False
MADRID\modestoalonso8\1.DATOS\2.DOCUMENTACION\CIF_comunidad.pdf,CIF_comunidad.pdf,.pdf,False
MADRID\monseñoroscarromero6\1.DATOS\2.DOCUMENTACION\CIF COMUNIDAD.pdf,CIF COMUNIDAD.pdf,.pdf,False
MADRID\montejurra25\1.DATOS\2.DOCUMENTACION\CIF.pdf,CIF.pdf,.pdf,False
MADRID\montejurra25\2.PROYECTO\4.SUBVENCION\SUBV AYTO 2022\Doc trabajo\MON-025 2000-01-01 CIF COMUNIDAD blanco y negro.pdf,MON-025 2000-01-01 CIF COMUNIDAD blanco y negro.pdf,.pdf,False
MADRID\montejurra25\2.PROYECTO\4.SUBVENCION\SUBV AYTO 2024\Doc Trabajo\CIF.pdf,CIF.pdf,.pdf,False
MADRID\montejurra31\1.DATOS\2.DOCUMENTACION\CIF Monte. 31.pdf,CIF Monte. 31.pdf,.pdf,False
MADRID\montejurra33\1.DATOS\2.DOCUMENTACION\CIF Montejurra 33.pdf,CIF Montejurra 33.pdf,.pdf,False
MADRID\narvaez33\1.DATOS\2.DOCUMENTACION\CIF.pdf,CIF.pdf,.pdf,False
MADRID\narvaez33\2.PROYECTO\4.SUBVENCION\SUBV AYTO 2023 - NO PRESENTADO\Doc trabajo\CIF.pdf,CIF.pdf,.pdf,False
MADRID\narvaez33\2.PROYECTO\4.SUBVENCION\SUBV CAM NG 2022_Desistido\PROGRAMA 3\Doc trabajo\CIF.pdf,CIF.pdf,.pdf,False
MADRID\narvaez33\2.PROYECTO\4.SUBVENCION\SUBV CAM NG 2022_Desistido\PROGRAMA 5\Doc trabajo\CIF.pdf,CIF.pdf,.pdf,False
MADRID\navarra28-30\1.DATOS\2.DOCUMENTACION\CIF.pdf,CIF.pdf,.pdf,False
MADRID\navasdelrey51\1.DATOS\2.DOCUMENTACION\CIF.pdf,CIF.pdf,.pdf,False
MADRID\navasdelrey51\2.PROYECTO\4.SUBVENCION\SUBV AYTO 2023\Doc trabajo\CIF.pdf,CIF.pdf,.pdf,False
MADRID\navasdelrey51\2.PROYECTO\4.SUBVENCION\SUBV CAM NG 2022\PROGRAMA 3\Doc trabajo\CIF.pdf,CIF.pdf,.pdf,False
MADRID\navasdelrey51\2.PROYECTO\4.SUBVENCION\SUBV CAM NG 2022\PROGRAMA 5\Doc trabajo\CIF.pdf,CIF.pdf,.pdf,False
MADRID\nuestraseñoradegracia13\1.DATOS\2.DOCUMENTACION\CIF NSTRA Señora De Gracia 13.pdf,CIF NSTRA Señora De Gracia 13.pdf,.pdf,False
MADRID\nuestraseñoradelasoledad16\1.DATOS\2.DOCUMENTACION\CIF_4af17ec82c.pdf,CIF_4af17ec82c.pdf,.pdf,False
MADRID\nuestraseñoradelasoledad20\1.DATOS\2.DOCUMENTACION\CIF NTRA SRA De La Soledad 20.pdf,CIF NTRA SRA De La Soledad 20.pdf,.pdf,False
MADRID\nuria28-32\1.DATOS\2.DOCUMENTACION\CIF NURIA 28.pdf,CIF NURIA 28.pdf,.pdf,False
MADRID\nuñogomez16\1.DATOS\2.DOCUMENTACION\CIF.pdf,CIF.pdf,.pdf,False
MADRID\odonnell35\1.DATOS\2.DOCUMENTACION\CIF COMUNIDAD.pdf,CIF COMUNIDAD.pdf,.pdf,False
MADRID\odonnell35\1.DATOS\2.DOCUMENTACION\Datos admon\CIF SOCIEDAD.pdf,CIF SOCIEDAD.pdf,.pdf,False
MADRID\odonnell47\1.DATOS\2.DOCUMENTACION\CIF Comunidad.pdf,CIF Comunidad.pdf,.pdf,False
MADRID\odonnell47\2.PROYECTO\4.SUBVENCION\SUBV AYTO 2024\Doc Trabajo\CIF Comunidad.pdf,CIF Comunidad.pdf,.pdf,False
MADRID\odonnell47\2.PROYECTO\4.SUBVENCION\SUBV CAM 2023_concedida\Doc Trabajo\CIF Comunidad.pdf,CIF Comunidad.pdf,.pdf,False
MADRID\ofelianieto16\PROYECTO\SUBVENCIONES\SUBV AYTO 2022\Doc Trabajo\CIF comunidad.pdf,CIF comunidad.pdf,.pdf,False
MADRID\olesademonserrat34\1.DATOS\2.DOCUMENTACION\CIF OLESA DE MONSERRAT 34 MADRID.pdf,CIF OLESA DE MONSERRAT 34 MADRID.pdf,.pdf,False
"MADRID\pablolafargue38\1.DATOS\2.DOCUMENTACION\CIF PABLO LAFARGUE, 38.pdf","CIF PABLO LAFARGUE, 38.pdf",.pdf,False
MADRID\pabloserrano9\accesibilidad\1.DATOS\2.DOCUMENTACION\CIF Nuevo.pdf,CIF Nuevo.pdf,.pdf,False
MADRID\pabloserrano9\sate\1.DATOS\2.DOCUMENTACION\CIF Nuevo.pdf,CIF Nuevo.pdf,.pdf,False
MADRID\pabloserrano9\sate\2.PROYECTO\4.SUBVENCION\SUBV AYTO 2024 - no se presentan\Doc Trabajo\CIF Nuevo.pdf,CIF Nuevo.pdf,.pdf,False
MADRID\palomares75-77-79\1.DATOS\2.DOCUMENTACION\CIF_CP_Palomares 75_garaje.pdf,CIF_CP_Palomares 75_garaje.pdf,.pdf,False
MADRID\parvillasaltas12\DATOS\datos\CIF Definitivo.pdf,CIF Definitivo.pdf,.pdf,False
MADRID\parvillasaltas12\PROYECTO\SUBVENCIÓN\SUBV AYTO 2021\CIF PARVILLAS ALTAS 12.pdf,CIF PARVILLAS ALTAS 12.pdf,.pdf,False
MADRID\parvillasaltas12\PROYECTO\SUBVENCIÓN\SUBV AYTO 2022\Doc Trabajo\CIF PARVILLAS ALTAS 12.pdf,CIF PARVILLAS ALTAS 12.pdf,.pdf,False
MADRID\parvillasaltas12\PROYECTO\SUBVENCIÓN\SUBV AYTO 2024\Doc trabajo\CIF Definitivo.pdf,CIF Definitivo.pdf,.pdf,False
MADRID\parvillasaltas12\PROYECTO\SUBVENCIÓN\SUBV AYTO 2024\Doc trabajo\CIF PARVILLAS ALTAS 12.pdf,CIF PARVILLAS ALTAS 12.pdf,.pdf,False
MADRID\parvillasaltas12\PROYECTO\SUBVENCIÓN\SUBV CAM 2021-concedida\CIF PARVILLAS ALTAS 12.pdf,CIF PARVILLAS ALTAS 12.pdf,.pdf,False
MADRID\parvillasaltas27\1.DATOS\2.DOCUMENTACION\Cif.pdf,Cif.pdf,.pdf,False
MADRID\pasajedellince 8\DATOS\cif comunidad.pdf,cif comunidad.pdf,.pdf,False
MADRID\paseodelahabana15\SOLO SE CONTRATA PARA SUBVENCIÓN AYTO Y SEGUIMIENTO DE CAM\CIF HABANA 15.pdf,CIF HABANA 15.pdf,.pdf,False
MADRID\paseodelospontones29\1.DATOS\2.DOCUMENTACION\TARJETA-CIF.pdf,TARJETA-CIF.pdf,.pdf,False
MADRID\paseodelospontones29\1.DATOS\2.DOCUMENTACION\documentacion 05-2025\TARJETA-CIF.pdf,TARJETA-CIF.pdf,.pdf,False
MADRID\paseodelospontones29\2.PROYECTO\4.SUBVENCION\SUBV AYTO ADAPTA 2026\Doc a presentar\TARJETA-CIF.pdf,TARJETA-CIF.pdf,.pdf,False
MADRID\paseodesanillan5\1.DATOS\2.DOCUMENTACION\C-104 CIF SAN ILLAN 5.pdf,C-104 CIF SAN ILLAN 5.pdf,.pdf,False
MADRID\paseodesanillan5\2.PROYECTO\4.SUBVENCION\SUBV AYTO 2024\Doc Trabajo\CIF.pdf,CIF.pdf,.pdf,False
MADRID\paseodesanillan5\2.PROYECTO\4.SUBVENCION\SUBV CAM 2022\Doc trabajo\CIF.pdf,CIF.pdf,.pdf,False
MADRID\paseodesanillan5\2.PROYECTO\4.SUBVENCION\SUBV CAM 2023_concedida\Doc trabajo\CIF.pdf,CIF.pdf,.pdf,False
MADRID\paseomelancolicos51\DATOS\datos\CIF DEL CENTRO.pdf,CIF DEL CENTRO.pdf,.pdf,False
MADRID\paseoperales15portal1\1.DATOS\2.DOCUMENTACION\cif pp15 bloque 1.pdf,cif pp15 bloque 1.pdf,.pdf,False
MADRID\paseosantamariadelacabeza27\1.DATOS\2.DOCUMENTACION\CIF.pdf,CIF.pdf,.pdf,False
MADRID\paseosantamariadelacabeza27\2.PROYECTO\4.SUBVENCION\SUBV AYTO 2025 (octubre)no se presenta\Doc a presentar\CIF.pdf,CIF.pdf,.pdf,False
MADRID\pedrofernandezlabrada3esc2\1.DATOS\2.DOCUMENTACION\CIF COMUNIDAD DE PROPIETARIOS..pdf,CIF COMUNIDAD DE PROPIETARIOS..pdf,.pdf,False
MADRID\pedrolaborde58\1.DATOS\2.DOCUMENTACION\CIF Y DNI PRESIDENTE PEDRO.pdf,CIF Y DNI PRESIDENTE PEDRO.pdf,.pdf,False
"MADRID\pedrounanue22\1.DATOS\2.DOCUMENTACION\CIF C.P. PEDRO UNANUE, 22.pdf","CIF C.P. PEDRO UNANUE, 22.pdf",.pdf,False
MADRID\peironcely40\1.DATOS\2.DOCUMENTACION\cif.pdf,cif.pdf,.pdf,False
MADRID\pez11\1.DATOS\2.DOCUMENTACION\PEZ 11 CIF.pdf,PEZ 11 CIF.pdf,.pdf,False
MADRID\pez11\2.PROYECTO\4.SUBVENCION\SUBV AYTO 2024\Doc Trabajo\PEZ 11 CIF.pdf,PEZ 11 CIF.pdf,.pdf,False
MADRID\pez11\2.PROYECTO\4.SUBVENCION\SUBV CAM 2022\Doc trabajo\CIF Pez 11.jpg,CIF Pez 11.jpg,.jpg,False
MADRID\pez11\2.PROYECTO\4.SUBVENCION\SUBV CAM 2023_concedida\Doc trabajo\CIF Pez 11.jpg,CIF Pez 11.jpg,.jpg,False
MADRID\picodeartilleros39\poceria\1.DATOS\2.DOCUMENTACION\CIF NUEVO.pdf,CIF NUEVO.pdf,.pdf,False
MADRID\picodeartilleros39\sate\1.DATOS\2.DOCUMENTACION\CIF NUEVO.pdf,CIF NUEVO.pdf,.pdf,False
MADRID\pingüino9\1.DATOS\2.DOCUMENTACION\PINGUINO-9 CIF13102025.pdf,PINGUINO-9 CIF13102025.pdf,.pdf,False
MADRID\platino36\1.DATOS\2.DOCUMENTACION\CIF COMUNIDAD.pdf,CIF COMUNIDAD.pdf,.pdf,False
MADRID\plazadelpaular1\1.DATOS\2.DOCUMENTACION\CIF.pdf,CIF.pdf,.pdf,False
MADRID\plazadelpaular2\1.DATOS\2.DOCUMENTACION\CIF.pdf,CIF.pdf,.pdf,False
MADRID\plazadevalsain3y4\DATOS\documentación\1 CIF PLAZA VALSAIN.pdf,1 CIF PLAZA VALSAIN.pdf,.pdf,False
MADRID\plazadevalsain3y4\DATOS\documentación\CIF PLAZA VALSAIN.pdf,CIF PLAZA VALSAIN.pdf,.pdf,False
MADRID\plazalucadetena11\1.DATOS\2.DOCUMENTACION\CIF.PDF,CIF.PDF,.pdf,False
MADRID\plazaparvillas1\1.DATOS\2.DOCUMENTACION\PLAZA PARVILLAS 1 - CIF.pdf,PLAZA PARVILLAS 1 - CIF.pdf,.pdf,False
MADRID\plazaparvillas1\2.PROYECTO\4.SUBVENCION\SUBV AYTO 2022\Doc Trabajo\CIF comunidad Plaza Parvillas.pdf,CIF comunidad Plaza Parvillas.pdf,.pdf,False
MADRID\plazaparvillas1\2.PROYECTO\4.SUBVENCION\datos promotor\PLAZA PARVILLAS 1 - CIF.pdf,PLAZA PARVILLAS 1 - CIF.pdf,.pdf,False
MADRID\pradolonguillo6\1.DATOS\2.DOCUMENTACION\CIF PRADOLONGUILLO 6.pdf,CIF PRADOLONGUILLO 6.pdf,.pdf,False
MADRID\pradolonguillo6\2.PROYECTO\4.SUBVENCION\SUBV AYTO 2024\Doc Trabajo\CIF PRADOLONGUILLO 6.pdf,CIF PRADOLONGUILLO 6.pdf,.pdf,False
MADRID\pradolonguillo6\2.PROYECTO\4.SUBVENCION\SUBV. TRANSFORMA TU BARRIO 2023\Doc a presentar\CIF PRADOLONGUILLO 6.pdf,CIF PRADOLONGUILLO 6.pdf,.pdf,False
MADRID\principe18\subv externa subsanacion iee\1.DATOS\2.DOCUMENTACION\CIF C.P. Principe 18.pdf,CIF C.P. Principe 18.pdf,.pdf,False
"MADRID\principe18\subv externa subsanacion iee\2.PROYECTO\4.SUBVENCION\Rehabilita 2026\Doc,. presentar\CIF C.P. Principe 18.pdf",CIF C.P. Principe 18.pdf,.pdf,False
MADRID\puertodealazores11\1.DATOS\2.DOCUMENTACION\CIF (8).pdf,CIF (8).pdf,.pdf,False
MADRID\puertodecotos11\1.DATOS\2.DOCUMENTACION\2. CIF COMUNIDAD PTOCOTOS11.pdf,2. CIF COMUNIDAD PTOCOTOS11.pdf,.pdf,False
MADRID\puertodelabonaigua46\1.DATOS\2.DOCUMENTACION\CIF.pdf,CIF.pdf,.pdf,False
MADRID\puertodelmonasterio20\1.DATOS\2.DOCUMENTACION\TARJETA CIF.pdf,TARJETA CIF.pdf,.pdf,False
MADRID\quilichao6\DATOS\documentos\cif de comunidad.pdf,cif de comunidad.pdf,.pdf,False
MADRID\quintana9\ascensor\1.DATOS\2.DOCUMENTACION\CIF_QUINTANA 9.pdf,CIF_QUINTANA 9.pdf,.pdf,False
MADRID\rabat10\1.DATOS\2.DOCUMENTACION\CIF (1).pdf,CIF (1).pdf,.pdf,False
MADRID\rafaelcalvo5\DATOS\documentacion\CIF RC5.pdf,CIF RC5.pdf,.pdf,False
MADRID\rafaelcalvo9\1.DATOS\2.DOCUMENTACION\CIF RAFAEL CALVO 9.pdf,CIF RAFAEL CALVO 9.pdf,.pdf,False
MADRID\rafaelcalvo9\3.OBRA\NO VALE - DECLARACION RESPONSABLE\tramitacion\justificante registro 12-09-2022 memoria cif corregido.pdf,justificante registro 12-09-2022 memoria cif corregido.pdf,.pdf,True
MADRID\rafaelfinat38\1.DATOS\2.DOCUMENTACION\00 NUEVO CIF CP RAFAEL FINAT 38 Documento (41).pdf,00 NUEVO CIF CP RAFAEL FINAT 38 Documento (41).pdf,.pdf,False
MADRID\rafaelfinat38\1.DATOS\2.DOCUMENTACION\Antiguo\RF38 CIF-20032018110818.pdf,RF38 CIF-20032018110818.pdf,.pdf,False
MADRID\ramongomezdelaserna103\DATOS\datos\CIF COLEGIO.PDF,CIF COLEGIO.PDF,.pdf,False
MADRID\ramongomezdelaserna45\1.DATOS\2.DOCUMENTACION\CIF cp Ramon Gomez de la Serna 45.pdf,CIF cp Ramon Gomez de la Serna 45.pdf,.pdf,False
MADRID\reina5\1.DATOS\2.DOCUMENTACION\CIF DE LA COMUNIDAD.pdf,CIF DE LA COMUNIDAD.pdf,.pdf,False
MADRID\reina5\2.PROYECTO\4.SUBVENCION\SUBV AYTO 2024\Doc Trabajo\CIF DE LA COMUNIDAD.pdf,CIF DE LA COMUNIDAD.pdf,.pdf,False
MADRID\reina5\2.PROYECTO\4.SUBVENCION\SUBV CAM 2023\Doc trabajo\CIF DE LA COMUNIDAD.pdf,CIF DE LA COMUNIDAD.pdf,.pdf,False
MADRID\reina5\2.PROYECTO\4.SUBVENCION\SUBV. ASCENSORES CAM 2023\Doc trabajo\CIF DE LA COMUNIDAD.pdf,CIF DE LA COMUNIDAD.pdf,.pdf,False
MADRID\reina5\2.PROYECTO\4.SUBVENCION\SUBV. AYTO 2023\Doc trabajo\CIF DE LA COMUNIDAD.pdf,CIF DE LA COMUNIDAD.pdf,.pdf,False
MADRID\reina5\2.PROYECTO\4.SUBVENCION\SUBV. CAM 2022\Doc trabajo\CIF DE LA COMUNIDAD.pdf,CIF DE LA COMUNIDAD.pdf,.pdf,False
MADRID\repullesyvargas7\1.DATOS\2.DOCUMENTACION\CIF DEFINITIVO REPULLES Y VARGAS 7 16.02.21.pdf.pdf,CIF DEFINITIVO REPULLES Y VARGAS 7 16.02.21.pdf.pdf,.pdf,False
MADRID\repullesyvargas7\2.PROYECTO\4.SUBVENCION\SUBV AYTO 2025 (octubre)\Doc a presentar\CIF DEFINITIVO REPULLES Y VARGAS 7 16.02.21.pdf.pdf,CIF DEFINITIVO REPULLES Y VARGAS 7 16.02.21.pdf.pdf,.pdf,False
MADRID\ribadumia4\DATOS\documentacion\CIF. RIBADUMIA 4.pdf,CIF. RIBADUMIA 4.pdf,.pdf,False
MADRID\ribota11\1.DATOS\2.DOCUMENTACION\140. Ribota 11 CIF.pdf,140. Ribota 11 CIF.pdf,.pdf,False
MADRID\ricardoortiz96\1.DATOS\2.DOCUMENTACION\RO 96 - CIF.pdf,RO 96 - CIF.pdf,.pdf,False
MADRID\riojanos4\1.DATOS\2.DOCUMENTACION\cif.pdf,cif.pdf,.pdf,False
MADRID\riosalado6\1.DATOS\2.DOCUMENTACION\3. CIF CP RIO SALADO 6.PDF,3. CIF CP RIO SALADO 6.PDF,.pdf,False
MADRID\riosalado6\1.DATOS\2.DOCUMENTACION\CIF CP RIO SALADO 6.PDF,CIF CP RIO SALADO 6.PDF,.pdf,False
MADRID\rondadesegovia29\1.DATOS\2.DOCUMENTACION\CIF PISOS RS29.pdf,CIF PISOS RS29.pdf,.pdf,False
MADRID\rufinoblanco20\1.DATOS\2.DOCUMENTACION\RUB20 - CIF.pdf,RUB20 - CIF.pdf,.pdf,False
MADRID\sahara83\1.DATOS\2.DOCUMENTACION\CIF.pdf,CIF.pdf,.pdf,False
MADRID\sanbaldomero9\DATOS\datos\CIF SAN BALDOMERO 9.pdf,CIF SAN BALDOMERO 9.pdf,.pdf,False
MADRID\sanbasilio9\1.DATOS\2.DOCUMENTACION\CIF.pdf,CIF.pdf,.pdf,False
MADRID\sanbasilio9\2.PROYECTO\3.PDF\COLEGIO\FIRMADAS\1. MEMORIA_F CIF CORREGIDO.pdf,1. MEMORIA_F CIF CORREGIDO.pdf,.pdf,True
MADRID\sanchezpreciado38\1.DATOS\2.DOCUMENTACION\SANCHEZ PRECIADO 38.CIF.pdf,SANCHEZ PRECIADO 38.CIF.pdf,.pdf,False
MADRID\sanchezpreciado40\1.DATOS\2.DOCUMENTACION\SANCHEZ PRECIADO 40.CIF.pdf,SANCHEZ PRECIADO 40.CIF.pdf,.pdf,False
MADRID\sanclaudio117\1.DATOS\2.DOCUMENTACION\CIF.pdf,CIF.pdf,.pdf,False
MADRID\sanclaudio36\DATOS\DOCUMENTACION\CIF SAN CLAUDIO 36.pdf,CIF SAN CLAUDIO 36.pdf,.pdf,False
MADRID\sanclaudio99\1.DATOS\2.DOCUMENTACION\CIF .pdf,CIF .pdf,.pdf,False
MADRID\sanclaudio99\2.PROYECTO\4.SUBVENCION\IEE\IEE CIF CORRECT Justificante de registro.pdf,IEE CIF CORRECT Justificante de registro.pdf,.pdf,True
MADRID\sanclaudio99\2.PROYECTO\4.SUBVENCION\IEE\IEE CIF CORRECTO .pdf,IEE CIF CORRECTO .pdf,.pdf,True
MADRID\sandacio2\DATOS\documentacion\cif SD2.pdf,cif SD2.pdf,.pdf,False
MADRID\sandacio2\OBRA\LICENCIA ECU tramite NOV 2022\tramitacion\incidencia1\respuesta\cif SD2.pdf,cif SD2.pdf,.pdf,False
MADRID\sandacio36\1.DATOS\2.DOCUMENTACION\CIF SD36.pdf,CIF SD36.pdf,.pdf,False
MADRID\sandacio36\2.PROYECTO\4.SUBVENCION\SUBV AYTO 2023\Doc trabajo\CIF SD36.pdf,CIF SD36.pdf,.pdf,False
MADRID\sandacio36\2.PROYECTO\4.SUBVENCION\SUBV CAM NG 2022\PROGRAMA 5\Doc trabajo\CIF SD36.pdf,CIF SD36.pdf,.pdf,False
MADRID\sandaliolopez19\1.DATOS\2.DOCUMENTACION\cif.pdf,cif.pdf,.pdf,False
MADRID\sandamaso4\1.DATOS\2.DOCUMENTACION\C-135 CIF SAN DAMASO 4.pdf,C-135 CIF SAN DAMASO 4.pdf,.pdf,False
MADRID\sangenjo19-21-23\DATOS\099 CIF.pdf,099 CIF.pdf,.pdf,False
MADRID\sanherculano2\1.DATOS\2.DOCUMENTACION\CIF SAN HERCULANO 2.pdf,CIF SAN HERCULANO 2.pdf,.pdf,False
MADRID\sanluciano7\1.DATOS\2.DOCUMENTACION\CIF.pdf,CIF.pdf,.pdf,False
MADRID\sanmaximiliano23\DATOS\datos\CIF y Cuenta Comunidad San Maximiliano 23 Madrid.pdf,CIF y Cuenta Comunidad San Maximiliano 23 Madrid.pdf,.pdf,False
MADRID\sanmaximiliano23\PROYECTO\SUBVENCIONES\SUBV CAM 2022\Doc trabajo\CIF y Cuenta Comunidad San Maximiliano 23 Madrid.pdf,CIF y Cuenta Comunidad San Maximiliano 23 Madrid.pdf,.pdf,False
MADRID\sanmaximiliano23\PROYECTO\SUBVENCIONES\SUBV CAM 2023_concedida\Doc trabajo\CIF y Cuenta Comunidad San Maximiliano 23 Madrid.pdf,CIF y Cuenta Comunidad San Maximiliano 23 Madrid.pdf,.pdf,False
MADRID\sanroque14\1.DATOS\2.DOCUMENTACION\CIF SAN ROQUE 14 MADRID 02.pdf,CIF SAN ROQUE 14 MADRID 02.pdf,.pdf,False
MADRID\sanroque14\1.DATOS\2.DOCUMENTACION\CIF SAN ROQUE 14 MADRID.pdf,CIF SAN ROQUE 14 MADRID.pdf,.pdf,False
MADRID\sanroque14\2.PROYECTO\4.SUBVENCION\SUBV AYTO RH 2026\Doc presentar\CIF SAN ROQUE 14 MADRID 02.pdf,CIF SAN ROQUE 14 MADRID 02.pdf,.pdf,False
MADRID\santacruzdemarcenado1escC\1.DATOS\2.DOCUMENTACION\CIF PRINCESA (2).PDF,CIF PRINCESA (2).PDF,.pdf,False
MADRID\santacruzdemarcenado1escD\1.DATOS\2.DOCUMENTACION\CIF PRINCESA (2).PDF,CIF PRINCESA (2).PDF,.pdf,False
MADRID\santacruzdemarcenado1escE\1.DATOS\2.DOCUMENTACION\CIF PRINCESA (2).PDF,CIF PRINCESA (2).PDF,.pdf,False
MADRID\santaeduvigis5\1.DATOS\2.DOCUMENTACION\C.I.F.  SANTA EDUVIGIS  5 - en Constitución.pdf,C.I.F.  SANTA EDUVIGIS  5 - en Constitución.pdf,.pdf,False
MADRID\santaeduvigis7\1.DATOS\2.DOCUMENTACION\C.I.F.  SANTA EDUVIGIS  7- en Constitución.pdf,C.I.F.  SANTA EDUVIGIS  7- en Constitución.pdf,.pdf,False
MADRID\santaeduvigis7\2.PROYECTO\1. Elevador\4.SUBVENCION\SUBV AYTO 2024 - no se presentan\Doc Trabajo\C.I.F.  SANTA EDUVIGIS  7- en Constitución.pdf,C.I.F.  SANTA EDUVIGIS  7- en Constitución.pdf,.pdf,False
MADRID\santaeduvigis9\1.DATOS\2.DOCUMENTACION\C.I.F.  SANTA EDUVIGIS  9.pdf,C.I.F.  SANTA EDUVIGIS  9.pdf,.pdf,False
MADRID\santatecla46\1.DATOS\2.DOCUMENTACION\CIF.pdf,CIF.pdf,.pdf,False
MADRID\santatecla46\1.DATOS\2.DOCUMENTACION\cif definitivo.pdf,cif definitivo.pdf,.pdf,False
"MADRID\santatecla46\1.DATOS\3.PRESUPUESTO\SANTA TECLA,46 PRESUPUESTO Y CIF CDAD (1).pdf","SANTA TECLA,46 PRESUPUESTO Y CIF CDAD (1).pdf",.pdf,False
MADRID\santavirgilia24\1. DATOS\2. DOCUMENTACION\CIF SANTA VIRGILIA 24.pdf,CIF SANTA VIRGILIA 24.pdf,.pdf,False
MADRID\santurce1\1.DATOS\2.DOCUMENTACION\SAN-001 2022-09-19 036 TARJETA CIF.PDF,SAN-001 2022-09-19 036 TARJETA CIF.PDF,.pdf,False
MADRID\sanvenancio1\1.DATOS\2.DOCUMENTACION\CIF.pdf,CIF.pdf,.pdf,False
MADRID\segovia49\1.DATOS\2.DOCUMENTACION\CIF C.P. CALLE SEGOVIA Nº 49.pdf,CIF C.P. CALLE SEGOVIA Nº 49.pdf,.pdf,False
MADRID\servandobatanero35\DATOS\datos\NUEVO CIF SERVANDO BATANERO 35.pdf,NUEVO CIF SERVANDO BATANERO 35.pdf,.pdf,False
MADRID\siena55\1.DATOS\2.DOCUMENTACION\CIF-1.pdf,CIF-1.pdf,.pdf,False
MADRID\sierradecontraviesa38-40\1.DATOS\2.DOCUMENTACION\CIF CP SIERRA DE CONTRAVIESA 38-40.pdf,CIF CP SIERRA DE CONTRAVIESA 38-40.pdf,.pdf,False
MADRID\sierradelvalle52\1.DATOS\2.DOCUMENTACION\cif sva.pdf,cif sva.pdf,.pdf,False
MADRID\sierrademolina11\1.DATOS\2.DOCUMENTACION\CIF SM11.pdf,CIF SM11.pdf,.pdf,False
MADRID\sierrademolina11\2.PROYECTO\4.SUBVENCION\SUBV CAM 2025\Doc trabajo\Doc que nos han enviado\CIF SM11.pdf,CIF SM11.pdf,.pdf,False
MADRID\sierragador50\1.DATOS\2.DOCUMENTACION\CIF Actualizado Sierra Gador 50 Madrid.pdf,CIF Actualizado Sierra Gador 50 Madrid.pdf,.pdf,False
MADRID\sierragador50\1.DATOS\2.DOCUMENTACION\No vale\CIF Sierra Gador 50.pdf,CIF Sierra Gador 50.pdf,.pdf,False
MADRID\solsona7\1.DATOS\2.DOCUMENTACION\2. 7603_CIF.pdf,2. 7603_CIF.pdf,.pdf,False
MADRID\torrecilladelleal21\1.DATOS\2.DOCUMENTACION\CIF De la C.Torrecilla del Leal 21.pdf,CIF De la C.Torrecilla del Leal 21.pdf,.pdf,False
MADRID\torrecilladelleal21\2.PROYECTO\4.SUBVENCION\SUBV AYTO 2024 - no se presentan\Doc Trabajo\CIF De la C.Torrecilla del Leal 21.pdf,CIF De la C.Torrecilla del Leal 21.pdf,.pdf,False
MADRID\travesiainfantamercedes4\DATOS\datos\CIF.pdf,CIF.pdf,.pdf,False
MADRID\valdecanillas51\1.DATOS\2.DOCUMENTACION\CIF COMUNIDAD.pdf,CIF COMUNIDAD.pdf,.pdf,False
MADRID\valdecanillas5\1.DATOS\2.DOCUMENTACION\4. CIF COMUNIDAD.pdf,4. CIF COMUNIDAD.pdf,.pdf,False
MADRID\valderrobres37\1.DATOS\2.DOCUMENTACION\CIF Valderroble 37.pdf,CIF Valderroble 37.pdf,.pdf,False
MADRID\valderrobres37\2.PROYECTO\4.SUBVENCION\SUBV AYTO 2024 - no se presentan\Doc Trabajo\CIF Valderroble 37.pdf,CIF Valderroble 37.pdf,.pdf,False
MADRID\valdesangil14-24\2.PROYECTO\4.SUBVENCION\SUBV AYTO 2024\Doc Trabajo\3. CIF Comunidad de propietarios.pdf,3. CIF Comunidad de propietarios.pdf,.pdf,False
MADRID\valdevarnes16\DATOS\datos\CIF comunidad.pdf,CIF comunidad.pdf,.pdf,False
MADRID\valdevarnes24\1.DATOS\2.DOCUMENTACION\089 CIF.pdf,089 CIF.pdf,.pdf,False
MADRID\valdevarnes4\1.DATOS\2.DOCUMENTACION\135 CIF COMUNIDAD.pdf,135 CIF COMUNIDAD.pdf,.pdf,False
MADRID\valdeverdeja31\1.DATOS\2.DOCUMENTACION\106 CIF.pdf,106 CIF.pdf,.pdf,False
MADRID\valenciadedonjuan4\1.DATOS\2.DOCUMENTACION\cif y dni directora.pdf,cif y dni directora.pdf,.pdf,False
MADRID\valenciadedonjuan4\3.OBRA\DECLARACION RESPONSABLE\cif y dni directora.pdf,cif y dni directora.pdf,.pdf,False
MADRID\valenciadedonjuan4\3.OBRA\cif y dni directora.pdf,cif y dni directora.pdf,.pdf,False
MADRID\vallehermoso94\DATOS\DATOS\3. CIF definitivo VBARE Iberian Properties.pdf,3. CIF definitivo VBARE Iberian Properties.pdf,.pdf,False
MADRID\valmojado243\1.DATOS\2.DOCUMENTACION\CIF COMUNIDAD.pdf,CIF COMUNIDAD.pdf,.pdf,False
MADRID\valmojado243\1.DATOS\2.DOCUMENTACION\papeles\CIF.JPG,CIF.JPG,.jpg,False
MADRID\velezblanco46\ascensor\DATOS\DOCUMENTACION\CIF.pdf,CIF.pdf,.pdf,False
MADRID\velezblanco46\ascensor\DATOS\DOCUMENTACION\papeles\00_ SEPA CON CIF.pdf,00_ SEPA CON CIF.pdf,.pdf,False
MADRID\velezblanco46\ascensor\DATOS\presupuesto\3 presupuesto modificado marzo 2023\00_ SEPA CON CIF SIN FECHA.pdf,00_ SEPA CON CIF SIN FECHA.pdf,.pdf,False
MADRID\venanciomartin48\1.DATOS\2.DOCUMENTACION\cif.pdf,cif.pdf,.pdf,False
MADRID\veza14\DATOS\datos\tarjeta cif.pdf,tarjeta cif.pdf,.pdf,False
MADRID\vicentecamaron1\1.DATOS\2.DOCUMENTACION\CIF VICENTE CAMARON 1.pdf,CIF VICENTE CAMARON 1.pdf,.pdf,False
MADRID\vidrieria3\1.DATOS\2.DOCUMENTACION\cif.pdf,cif.pdf,.pdf,False
"MADRID\villaamil64\1.DATOS\1.DOCUMENTACIÓN\CIF C.P. VILLAAMIL, 64_0001.pdf","CIF C.P. VILLAAMIL, 64_0001.pdf",.pdf,False
MADRID\villasandino10\1.DATOS\2.DOCUMENTACION\CIF.pdf,CIF.pdf,.pdf,False
MADRID\villasandino10\2.PROYECTO\4.SUBVENCION\SUBV ADAPTA 2026\Doc presentar\CIF.pdf,CIF.pdf,.pdf,False
MADRID\villasandino10\2.PROYECTO\4.SUBVENCION\SUBV AYTO 2024 - no se presentan\Doc trabajo\CIF.pdf,CIF.pdf,.pdf,False
MADRID\villasandino10\2.PROYECTO\4.SUBVENCION\SUBV AYTO 2026\Doc presentar\CIF.pdf,CIF.pdf,.pdf,False
MADRID\virgendelaoliva47\sate\1.DATOS\2.DOCUMENTACION\04. CIF COMUNIDAD.pdf,04. CIF COMUNIDAD.pdf,.pdf,False
MADRID\virgendelaoliva49\1.DATOS\2.DOCUMENTACION\02. CIF COMUNIDAD.pdf,02. CIF COMUNIDAD.pdf,.pdf,False
MADRID\virgendellluc140\1.DATOS\2.DOCUMENTACION\CIF.pdf,CIF.pdf,.pdf,False
