id	title	mimeType	modifiedTime	createdTime
1bC0qhOKYUF9Y-wxMeSj2OQnzpr3F9W4kGoJFeeoUSD0	SAN VICENTE 18 ALCOBENDAS - 06/10/2026 - PROY ASC + CSS	application/vnd.google-apps.document	2026-10-06T12:23:26.103Z	2026-10-06T12:17:52.142Z
1C-aB8GtWIZhKepvnWP0snbE-mOvIwXtK-RKI5DeS29g	SAN VICENTE 18 ALCOBENDAS - 06/10/2026 - SUBV PROY PROP	application/vnd.google-apps.document	2026-10-06T12:20:02.081Z	2026-10-06T12:18:12.249Z
167-Et0Aie6M59MvTXObS2ZGz1LXO9hSVKmZ0bz4ZUEY	AV COLMENAR VIEJO 29 SAN SEBASTIAN DE LOS REYES  - 06/10/2026 - PROY ASC +CSS	application/vnd.google-apps.document	2026-10-06T11:35:15.324Z	2026-10-06T11:31:40.420Z
1AQ_A_zSIv0khFEbN1FQi64jtcELIbch84ygUzffnOfQ	AV COLMENAR VIEJO 29 SAN SEBASTIAN DE LOS REYES  - 06/10/2026 - SUBV PROY PROP	application/vnd.google-apps.document	2026-10-06T11:33:03.260Z	2026-10-06T11:30:50.153Z
1YL6It_KTVLNQy5fqlI0xOm_nKYSvtg1oCKV4qs9TD8c	SAN GREGORIO 2 LEGANÉS - 05/10/2026 - INSTALACIÓN DE ASCENSOR	application/vnd.google-apps.document	2026-10-05T12:24:52.448Z	2026-10-05T12:21:29.375Z
18awAee4O-k1xbMOX2Efxb5X_Xs4mtQbJ	SAN VICENTE 18 ALCOBENDAS 06-10-2026 INFORME DE VIABILIDAD F  .pdf	application/pdf	2026-10-06T12:30:48.789Z	2026-10-06T12:55:05.124Z
1EFetGZIFm4jKZqBqTmlsXQ5vtXpb0li8	AV COLMENAR VIEJO 29 SAN SEBASTIAN DE LOS REYES  6-10-26 INFORME DE VIABILIDAD F   .pdf	application/pdf	2026-10-06T11:00:00.101Z	2026-10-06T11:30:16.776Z
1HEfgm5lWuYi3NNJ5pejoN08NhyBrqNxn	2-DOS DE MAYO 28 ALCOBENDAS- INFORME DE VIABILIDAD  PLANTILLA F .pdf	application/pdf	2026-10-05T12:36:44.304Z	2026-10-05T12:37:37.742Z
1tOlOtAHfTtxZdoYoNogqm16AvDR6D_rgH3vT3hpx1EQ	DOS DE MAYO 28 ALCOBENDAS - 05/10/2026 - PROY CONJUNTO + CSS	application/vnd.google-apps.document	2026-10-05T12:52:14.404Z	2026-10-05T09:48:09.494Z
15siuRuu7quzEr3KWtuqjwHXWiugrv1mWJneWoMjVW-A	DOS DE MAYO 28 ALCOBENDAS - 05/10/2026 - PROY ASC +CSS	application/vnd.google-apps.document	2026-10-05T12:34:44.889Z	2026-10-05T09:47:30.338Z
1S_8S7G6JheeO1y7LOy3XkZlecxCCU3-MCpfsTo8S83s	SAN GREGORIO 2 LEGANÉS - 05/10/2026 - SUBVENCIONES ACCESIBILIDAD	application/vnd.google-apps.document	2026-10-05T12:26:22.717Z	2026-10-05T12:21:57.249Z
1DtyZT5U_GY8o8jOe-x6q_xMy3GoEUzg4GQLl5mgTAmU	ANTONIO SALVADOR 81 MADRID - 05/10/2026 - PROYECTO SATE	application/vnd.google-apps.document	2026-10-05T11:53:39.463Z	2026-10-05T11:50:08.425Z
11lfxGH74eBWuZilwXkKBkkH_XxdkjCCqiPuLpwY1URk	ANTONIO SALVADOR 81 MADRID - 05/10/2026 - SUBVENCIONES EFICIENCIA ENERGÉTICA	application/vnd.google-apps.document	2026-10-05T11:55:29.397Z	2026-10-05T11:50:40.826Z
1uUWN5qHuA3XKJpzJ85cGKnnTU6yOQ4cFATsncEvoV1Y	DOS DE MAYO 28 ALCOBENDAS - 05/10/2026 - SUBV PROY PROP CONJUNTO	application/vnd.google-apps.document	2026-10-05T10:09:44.346Z	2026-10-05T09:00:29.678Z
1mgbriBdW54YwxNlwKG_YYRHnNClHyBQQeqPdeYkp2Kg	DOS DE MAYO 28 ALCOBENDAS - 05/10/2026 - PROY SATE + CSS	application/vnd.google-apps.document	2026-10-05T10:17:36.739Z	2026-10-05T09:47:49.024Z
160VamawGVJeVaH1dQloMIABt30B4RUe-FJ8yN8BWBw4	DOS DE MAYO 28 ALCOBENDAS - 05/10/2026 - SUBV PROY PROP	application/vnd.google-apps.document	2026-10-05T09:54:50.009Z	2026-10-05T08:59:49.834Z
17gq8SpOOxSA7qM01k1fmo6lEmCOn2bNFpb69jNiQPo4	DOS DE MAYO 28 ALCOBENDAS - 05/10/2026 - SUBV PROP ASCENSOR	application/vnd.google-apps.document	2026-10-05T10:00:16.927Z	2026-10-05T08:58:51.492Z
1eNWoR9NPIWgytFmhylxjpOOkI3la5ygf89u0eSqfB2I	no vale - se va a actualizar DOS DE MAYO 28 ALCOBENDAS  - 27/11/2025 - SATE+SUBV	application/vnd.google-apps.document	2026-10-05T08:50:08.360Z	2025-11-27T09:29:12.608Z
1NDv7FANukiIm3Sq-Qb9iHq89IMoeTKCk6DCZWHTOzgo	Modificado TENERIFE 8 MADRID - 05/10/2026 - PRY ASC - CANTIDAD NO COBRADA A FAIN 3980 €	application/vnd.google-apps.document	2026-10-05T06:33:01.657Z	2026-06-16T10:59:08.342Z
1ioElQwOpGbi-abVsKHJ08VnU9lXyPmvMZ9EXjVCe-dI	ANTONIO MORENO 18 MADRID - 01/10/2026 - PLATAFORMA INCLINADA	application/vnd.google-apps.document	2026-10-01T15:55:18.048Z	2026-10-01T15:53:44.296Z
1Q9RMahDwVdP2EV1HvipJPhjM1gB4yiWe	CALLAO 27 FUENLABRADA23-01-2026 INFORME DE VIABILIDAD F  (1).pdf	application/pdf	2026-10-01T08:53:04.342Z	2026-10-01T08:53:12.802Z
1DxbpEMb5WNh6T6Icd8c9zkKfy69amOJ1Bn5_OlE5D3M	MARQUES DE VIANA 55 MADRID - 01/10/2026 - SUBV PROY PROP	application/vnd.google-apps.document	2026-10-01T09:04:46.754Z	2026-10-01T09:02:53.457Z
1S92aosMPTlZ0mTyITuEAFR12yQsVGW8cdHHoUfiAsm4	MARQUES DE VIANA 55 MADRID - 01/10/2026 - PROY ASC + CSS	application/vnd.google-apps.document	2026-10-01T09:16:10.194Z	2026-10-01T09:03:31.573Z
1WOo6SS8qDBj0Gy89Gv-VDtXQ8VXeNIGD	ALCAUDON 32 MADRID 01-10-2026 NFORME DE VIABILIDAD F .pdf	application/pdf	2026-10-01T07:54:41.048Z	2026-10-01T08:01:32.020Z
15TsYmLbLjxKGMQLBGi9D7nw_M_okCrxPKhGdW8ToCuI	ALCAUDON 32 MADRID - 01/10/2026 - PROY ELEV+CSS	application/vnd.google-apps.document	2026-10-01T07:37:46.514Z	2026-10-01T07:25:47.219Z
1S9b6Udp06kvzTT8qD-_yXO4f5qqute5453NAWq_-cj0	SIETE OJOS 6 (PARKING) ALCORCON - 01/10/2026 - INFORME PERICIAL	application/vnd.google-apps.document	2026-10-01T08:06:16.745Z	2026-10-01T08:02:55.935Z
1dfU1yAV9Y_qnGowT1A6PZhnPOOmluNwm1SQEicFEssc	ALCAUDON 32 MADRID - 01/10/2026 - SUBV PRY PROP	application/vnd.google-apps.document	2026-10-01T07:28:48.111Z	2026-10-01T07:26:19.977Z
1r3Cxlil29quj4xjBONneuo7upNXr3n-1bFy3E4pJVyg	ADELFAS 18 MADRID - 30/09/2026 - SUBVENCIONES ACCESIBILIDAD PARA PROYECTO EXTERNO	application/vnd.google-apps.document	2026-09-30T15:46:19.405Z	2026-09-30T15:43:45.056Z
1TR9QxldiNtupoOsMd54CbAp4qz0LbRgfNzVvu7KLy5Q	AV DR FLEMING 32 LEGANES - 29/09/2026 - CSS	application/vnd.google-apps.document	2026-09-29T10:51:14.384Z	2026-09-29T10:47:27.220Z
1tAPtR3la4S4mwGMYmXUfZ3XQRsYjUD96zfaSxJNFJE4	PLAZA MALICIOSA 4-5 MADRID - 29/09/2026 - PROY SATE+CSS	application/vnd.google-apps.document	2026-09-29T08:23:20.606Z	2026-09-28T09:39:52.578Z
1sTfsCDm26n5Hr5WYGDhZocBxxeK9tWcICGgFgzzYF-k	ISLANDIA 6 FUENLABRADA - 28/09/2026 - SUBVENCIONES ACCESIBILIDAD	application/vnd.google-apps.document	2026-09-28T15:54:07.957Z	2026-09-28T15:52:31.421Z
1zDjZlMRzSie2wHiCPMxia_jwk1QvT_gwwPGlVbPzAwY	ISLANDIA 6 FUENLABRADA - 28/09/2026 - PROYECTO INSTALACIÓN ASCENSOR	application/vnd.google-apps.document	2026-09-28T16:09:56.002Z	2026-09-28T15:49:08.944Z
1JF5HKE14P6jdNBMajDz6WP0yc34O2mNBOFm7EL9Rvhs	PLAZA MALICIOSA 4-5 MADRID - 28/09/2026 - SUBV PROY PROP	application/vnd.google-apps.document	2026-09-28T09:49:15.118Z	2026-09-28T09:39:08.226Z
1_6yJfYU3I8xhIzLBnKp4EJLg-JM-hMbKmAChclsNPfE	ACTUALIZADO CALLAO 27 FUENLABRADA - 25/09/2026 - PROY ASC + CSS	application/vnd.google-apps.document	2026-09-28T06:49:01.798Z	2026-09-25T13:30:39.651Z
1YdabSYuZrNJMjjKh2KItaEnLE--w00ldMICT5KRWdwc	ACTUALIZADO CALLAO 27 FUENLABRADA - 25/09/2026 - SUBV PROP	application/vnd.google-apps.document	2026-09-28T06:51:05.732Z	2026-09-25T13:30:11.977Z
1lz4SuZo3JwzjbkuCrVum1wcGoG_IazvHq9eajoQhTPo	JOAQUINA SANTANDER 37 TALAVERA DE LA REINA - 25/09/2026 - SUBVENCIONES EFICIENCIA ENERGÉTICA	application/vnd.google-apps.document	2026-09-25T16:10:58.334Z	2026-09-25T16:08:54.499Z
1xpmoBr9ktq3cCr_o4dswH6CZ3b62DsStDQ3hAJ2D4Dg	JOAQUINA SANTANDER 39 TALAVERA DE LA REINA - 25/09/2026 - PROYECTO PARA ACCESIBILIDAD	application/vnd.google-apps.document	2026-09-25T15:52:31.328Z	2026-09-25T15:50:45.417Z
1sHssC7rfrJzaZZDNikOfZ8rDtRmjShctTDBlh9exJjA	ANGEL DE ALCAZAR 10 TALAVERA DE LA REINA - 25/09/2026 - PROYECTO ASCENSOR	application/vnd.google-apps.document	2026-09-25T15:57:27.541Z	2026-09-25T15:41:30.467Z
1Uhqt1XveY5a0tZN7wyMhjU1ml3Tzketwr_sNfxn_bSU	ANGEL DE ALCAZAR 10 TALAVERA DE LA REINA - 25/09/2026 - SUBVENCIONES ACCESIBILIDAD	application/vnd.google-apps.document	2026-09-25T15:46:44.574Z	2026-09-25T15:45:05.848Z
1kIDTFMCnhkpG3-TbFoMAhCwASmpGavSRGRnOuwVn6A8	JOAQUINA SANTANDER 39 TALAVERA DE LA REINA - 25/09/2026 - SUBVENCIONES ACCESIBILIDAD	application/vnd.google-apps.document	2026-09-25T15:54:42.672Z	2026-09-25T15:53:06.947Z
1wRjMx6loBIW14ZUg26kn1oWRQeIgc-OYjWYpWv3j5eU	JOAQUINA SANTANDER 37 TALAVERA DE LA REINA - 25/09/2026 - PROYECTO INSTALACIÓN ASCENSOR	application/vnd.google-apps.document	2026-09-25T16:01:03.717Z	2026-09-25T16:00:25.352Z
1cLr-94vGsEsfyJyVEwnTBN_WdOaDSR9V4VxQXtRNieo	JOAQUINA SANTANDER 37 TALAVERA DE LA REINA - 25/09/2026 - SUBVENCIONES ACCESIBILIDAD	application/vnd.google-apps.document	2026-09-25T16:02:50.396Z	2026-09-25T16:01:35.902Z
1E0-oE6wjX2yVoGK30KLy94puS7HtV1xwqV7rfotpepA	JOAQUINA SANTANDER 37 TALAVERA DE LA REINA - 25/09/2026 - SUBVENCIONES ACCESIBILIDAD Y EFICIENCIA ENERGÉTICA	application/vnd.google-apps.document	2026-09-25T16:18:07.400Z	2026-09-25T16:16:36.340Z
17uLm8v7e2cdju5o-l7fdNlbrOX7JJAbeMU3B_k7bflY	JOAQUINA SANTANDER 37 TALAVERA DE LA REINA - 25/09/2026 - PROYECTO SATE	application/vnd.google-apps.document	2026-09-25T16:07:42.927Z	2026-09-25T16:05:40.948Z
13QCKnA2Jng553Spp341X9Hknf3lRQKuoD2xY9LFJ3Ho	JOAQUINA SANTANDER 37 TALAVERA DE LA REINA - 25/09/2026 - PROYECTO CONJUNTO ASCENSOR Y SATE	application/vnd.google-apps.document	2026-09-25T16:15:48.927Z	2026-09-25T16:12:51.409Z
1GukrKrJsm7nmClrqiZfVThcgT9v4M_oxnm8K-QUMC2g	MAR MENOR 21-23-25 MADRID - 27/08/2026 - SUBV PROY PROPIO	application/vnd.google-apps.document	2026-09-25T13:37:26.380Z	2026-08-21T07:07:24.066Z
1Kl0HTIwaUjoRFvKjoKDtNPEwHEeMyNbnKeHuN1oScnY	modificado SANTA SUSANA 41 MADRID - 25/09/2026 - PRY SATE	application/vnd.google-apps.document	2026-09-25T13:25:57.084Z	2026-08-27T07:28:18.066Z
1UFRTN_NUdGjo8wzD6Q-rmKaaqWZ_RIoB2AFEcmzK3hM	FRANCIA 25 FUENLABRADA - 25/09/2026 - PROY SATE + CSS	application/vnd.google-apps.document	2026-09-25T11:42:46.932Z	2026-09-25T11:40:32.247Z
1ZQZlCLi41qZvTtEiRdUvYDGwLrjtFhRXJeixE2-qRRw	SAN FRANCISCO JAVIER 3 FUENLABRADA - 25/09/2026 - SUBV PROP	application/vnd.google-apps.document	2026-09-25T11:44:17.535Z	2026-09-25T11:09:05.167Z
1e75_K_X3mruQ65WiycDrPCs0MeUZI41SBh-y1FrrqfQ	FRANCIA 25 FUENLABRADA - 25/09/2026 - SUBV PROY PROP	application/vnd.google-apps.document	2026-09-25T11:45:18.980Z	2026-09-25T11:40:47.028Z
1L-ktLDamsW5_9euWGlYbIpMFjo-YSlQMwms1o6vFm3w	SAN FRANCISCO JAVIER 3 FUENLABRADA - 25/09/2026 - PROY SATE + CSS	application/vnd.google-apps.document	2026-09-25T11:27:11.601Z	2026-09-25T11:10:08.167Z
1JevhAfFteoW-xf0-6IyIoobTUNsFak5cMjk22v4Fpx4	ZAMORA 28 FUENLABRADA - 11/09/2026 - PRY REMODELACION DE PORTAL	application/vnd.google-apps.document	2026-09-24T08:22:48.169Z	2026-09-11T10:15:27.754Z
15Z5a5FDE5sx1897UTAKs1tecLjpfWgk58BHLIn2ZR4Y	FRANCIA 50 FUENLABRADA - 23/09/2026 - MEMORIA TÉCNICA	application/vnd.google-apps.document	2026-09-23T09:55:58.452Z	2026-09-23T09:52:57.796Z
1v0GfNiEo8M9k5Hk8q42Y2moRi1H5--ptZuWcZD8Drbk	ESTEBAN COLLANTES 33 MADRID  - 17/09/2026 - PROYECTO INSTALACIÓN ASCENSOR	application/vnd.google-apps.document	2026-09-21T09:37:28.222Z	2026-09-17T10:18:00.493Z
1VdPtNYFiYsphBRUvCKB5muOHPFbq4537pancQrtGNiQ	URB.NUEVO GRIÑON 1 GRIÑON - 18/09/2026 - PROYECTO INSTALACIÓN ASCENSOR	application/vnd.google-apps.document	2026-09-18T09:48:20.060Z	2026-09-18T09:46:52.360Z
1Df_67SwxMa7KAeiJw8IXkPq5xLJgzyrMo37el5Z-dvk	URB.NUEVO GRIÑON 1 GRIÑON - 18/09/2026 - SUBVENCIONES ACCESIBILIDAD	application/vnd.google-apps.document	2026-09-18T09:50:04.044Z	2026-09-18T09:47:15.007Z
1365SE1LwFYEHQwzJxLuerKSF3kQc27ibF6qhCIyOFfA	VALLANDES 6 MADRID - 17/09/2026 - SUBVENCIONES ACCESIBILIDAD	application/vnd.google-apps.document	2026-09-17T10:42:05.966Z	2026-09-17T10:40:00.553Z
1nrc7p7q7DPVqPHglrsXfzHbh6pAcmT34F7MinOAcDNc	GENIL 5 MADRID - 11/09/2026 - PROYECTO PARA SUSTITUCIÓN ASCENSORES	application/vnd.google-apps.document	2026-09-17T11:16:52.033Z	2026-09-11T16:58:24.613Z
1wbRc9L2l7eZBrey1p_gDTJfrDCMmjQSVcwD9mvAugvc	VALLANDES 6 MADRID - 17/09/2026 - PROYECTO RAMPA ACCESIBILIDAD	application/vnd.google-apps.document	2026-09-17T10:40:51.268Z	2026-09-17T10:39:36.204Z
1ngQKWIh52j4t3ukO2loWnBbCY5gSVVZ2rPI7etTc_j4	AVENIDA PALOMERAS 17 MADRID - 17/09/2026 - PROYECTO SATE FACHADA Y CUBIERTA	application/vnd.google-apps.document	2026-09-17T09:42:30.677Z	2026-09-17T09:40:33.501Z
103bPzqaxtTPPeWuEJjJMi2kR7LpQFIr_dnzNEWOzrgw	IMAGEN 18 MADRID - 17/09/2026 - SUBVENCIONES ACCESIBILIDAD	application/vnd.google-apps.document	2026-09-17T09:54:48.961Z	2026-09-17T09:49:02.377Z
1t_dv6zT4_g6mhLI9cTQvGRIZx1Ws6N1oirx_vrWGsVc	ESTEBAN COLLANTES 33 MADRID  - 17/09/2026 - SUBVENCIONES ACCESIBILIDAD	application/vnd.google-apps.document	2026-09-17T10:21:15.256Z	2026-09-17T10:18:25.419Z
1lwCDuXyHsGbb-nJJ_9myqablPN3UKNKpXW4EEE7gdHg	AVENIDA PALOMERAS 17 MADRID - 17/09/2026 - SUBVENCIONES EFICIENCIA ENERGÉTICA	application/vnd.google-apps.document	2026-09-17T09:45:48.243Z	2026-09-17T09:41:00.010Z
1S1n7R7ic21inGPcVvm_P8SFS8AFx8nU-rMyHfzOoFQY	IMAGEN 18 MADRID - 17/09/2026 - PROYECTO INSTALACIÓN ASCENSOR	application/vnd.google-apps.document	2026-09-17T09:53:23.173Z	2026-09-17T09:48:37.855Z
1fhWi7_9U_3DlPHZKHpKXwo11YK7fB3-KjFEZGN_Yy2U	Mondf forma de pago CASTILLA LA NUEVA 37 BIS FUENLABRADA - 16/09/2026 - SUBVENCION ACCESIBILIDAD	application/vnd.google-apps.document	2026-09-16T12:36:57.961Z	2026-09-10T08:58:41.858Z
1L8q9OCfHAHsPnvV4OxaZdJC40Uj88D5ZNwclGcDC1v0	AVILA 3 ALCORCON - 15/09/2026 - CSS	application/vnd.google-apps.document	2026-09-15T06:31:51.820Z	2026-09-15T06:30:57.858Z
1EfiWbO4o18bjSgnwfqXXmVfBbSgtQiFeSdhwcu5CACQ	CALDERÓN DE LA BARCA 12 LEGANÉS - 14/09/2026 - PROYECTO SATE CUBIERTA Y FACHADA	application/vnd.google-apps.document	2026-09-14T14:45:27.740Z	2026-09-14T14:29:32.289Z
1zbJo9SF4NwLbcL4dZM5QUcHgf9eRX5lFyaYptcki5-4	CALDERÓN DE LA BARCA 12 LEGANÉS - 14/09/2026 - SUBVENCIONES EFICIENCIA ENERGÉTICA	application/vnd.google-apps.document	2026-09-14T14:47:31.166Z	2026-09-14T14:46:02.047Z
16gO-PiOA4r0M35FWcCktUlrYvXrpIN_AZkuuODotjD0	PABLO NERUDA 29 MADRID  - 11/09/2026 - PROYECTO ASCENSOR Y SATE	application/vnd.google-apps.document	2026-09-11T18:40:49.640Z	2026-09-11T18:39:00.263Z
158aSDqc1b1I2mpbpbVEXg4Q8koAyCWNm4aertcmiucs	PABLO NERUDA 29 MADRID  - 11/09/2026 - SUBVENCIONES ACCESIBILIDAD + EFICIENCIA ENERGÉTICA	application/vnd.google-apps.document	2026-09-11T18:43:02.396Z	2026-09-11T18:41:35.494Z
1mCI6Cx9b_4qp0RZrrIDT9KjS7QY0zhe6bjG0otWp6oE	PABLO NERUDA 29 MADRID  - 11/09/2026 - PROYECTO PARA ENVOLVENTE TÉRMICA (SATE)	application/vnd.google-apps.document	2026-09-11T18:36:04.779Z	2026-09-11T18:34:07.137Z
1CSnyuAxiVzG_dVzcFvIGyzIrdR1oEIPF1qX7kVS7ohE	PABLO NERUDA 29 MADRID  - 11/09/2026 - SUBVENCIONES ACCESIBILIDAD	application/vnd.google-apps.document	2026-09-11T18:33:13.607Z	2026-09-11T18:31:54.043Z
17U-FhE6s6ONZDikw1qlRqSB0dw-LgPnUroxjJRfoLxY	PALOMERAS 17 MADRID  - 11/09/2026 - SUBVENCIONES EFICIENCIA ENERGÉTICA	application/vnd.google-apps.document	2026-09-11T19:08:53.505Z	2026-09-11T19:07:31.601Z
1uvD0olkOnLK5vYYZD5qEgjCa9_I4BF2wOkbMEYW7LVA	PALOMERAS 17 MADRID  - 11/09/2026 - PROYECTO PARA ENVOLVENTE TÉRMICA (SATE)	application/vnd.google-apps.document	2026-09-11T19:06:54.384Z	2026-09-11T19:04:18.633Z
1R3vrLbA--QAb3eJEqx0y0Dew12RZ9DqpQF6DjulWaqQ	PABLO NERUDA 29 MADRID  - 11/09/2026 - PROYECTO INSTALACIÓN ASCENSOR	application/vnd.google-apps.document	2026-09-11T18:31:19.778Z	2026-09-11T18:29:48.634Z
1bs_ki35CBKfsKXkbW7Mr9DqEolbDgTgXmoSQHI5_22o	PABLO NERUDA 29 MADRID  - 11/09/2026 - SUBVENCIONES EFICIENCIA ENERGÉTICA	application/vnd.google-apps.document	2026-09-11T18:37:59.180Z	2026-09-11T18:36:41.016Z
1zQ9kEjThf62Q7cxXpuKdD4-ze5cNUaKYCkGtasFV3ak	NARVAEZ 69 MADRID  - 11/09/2026 - SUBVENCIONES ACCESIBILIDAD	application/vnd.google-apps.document	2026-09-11T18:27:10.066Z	2026-09-11T18:18:02.160Z
1X_ppje9xnwoXbghxefsYwVcp9W1O_hUkeKw6r-F4h1c	VILLAFUERTE 23 MADRID - 11/09/2026 - PRY PLATAFORMA VERTICAL Y/O BAJADA A COTA 0	application/vnd.google-apps.document	2026-09-11T17:30:18.162Z	2026-09-11T17:30:13.757Z
1os5AWBo_dFeOAuRtSwFW9cyNSCma7xAX07KqJ2XYGKk	VILLAFUERTE 23 MADRID - 11/09/2026 - PROYECTO PLATAFORMA Y BAJADA COTA GARAJE	application/vnd.google-apps.document	2026-09-11T17:41:22.574Z	2026-09-11T17:39:31.857Z
1TCIBwHEI2URcdD4ecp0iPNw8JpXuR5gsCU73SpWqEko	VILLAFUERTE 23 MADRID - 11/09/2026 - SUBVENCIONES ACCESIBILIDAD	application/vnd.google-apps.document	2026-09-11T17:43:39.211Z	2026-09-11T17:41:55.934Z
1NINM-ImwCyywlXso6iqvPvb5a1YXbmwH9MPbogQPqkg	NARVAEZ 69 MADRID  - 11/09/2026 - SUSTITUCIÓN ASCENSOR Y CERRAMIENTO	application/vnd.google-apps.document	2026-09-11T18:17:22.141Z	2026-09-11T18:15:35.404Z
1aeDM9pBXxmiyBBJIm_JNlf3pzOdWSFj8KYnjtFLNHys	VILLAFUERTE 23 MADRID - 11/09/2026 - PROYECTO PARA PLATAFORMA VERTICAL Y/O BAJADA A COTA 0	application/vnd.google-apps.document	2026-09-11T17:37:21.745Z	2026-09-11T17:29:37.891Z
1SsUyPkCPxwebo7dmnZdL39JXdlOyV0xsU5m9mOVKqd8	GENIL 5 MADRID - 11/09/2026 - SUBVENCIONES ACCESIBILIDAD	application/vnd.google-apps.document	2026-09-11T17:01:53.352Z	2026-09-11T17:00:24.104Z
1V87AgnFVR_n46h72sngp6Ii69Pw0jZlIGvzrU1IyFbo	AVELINO FERNANDEZ DE LA POZA 11 - 11/09/2026 - PLANO GARAJE	application/vnd.google-apps.document	2026-09-11T16:55:42.766Z	2026-09-11T16:52:45.755Z
1P8eVu2miRH8GiKde_34-amTJF9bQU4V1XhuHFe6aol8	FERENC PUSKAS 28 MADRID - 11/09/2026 - MEDICIONES Y CIEGO	application/vnd.google-apps.document	2026-09-11T09:29:43.806Z	2026-09-11T07:04:45.184Z
1vY0OpHRwS2BYeDDQSx8B-81bdBiEK55n	ALZINA 11 MADRID 10-09-26 INFORME DE VIABILIDAD f .pdf	application/pdf	2026-09-10T12:12:04Z	2026-09-10T12:14:38.500Z
1Vk2hdC-NB8h7fi_3yPbHCVY64jFZj2hAzrCHOeA_hd4	ALZINA 11 MADRID - 10/09/2026 - ELEV CON DERRIBO	application/vnd.google-apps.document	2026-09-10T11:14:46.993Z	2026-09-10T09:51:53.156Z
1SAurgUBJsABDRJwNnO_MzjUBzacb7YwJ7DEHZc7DeqU	ALZINA 11 MADRID - 10/09/2026 - SUBV ACC	application/vnd.google-apps.document	2026-09-10T10:31:11.115Z	2026-09-10T09:53:30.545Z
1tfxj4Zd1QZojCwiK2EN7Gbp7Me6GcyfTekno5mzPC80	PINTOR VELAZQUEZ 75 MOSTOLES - 09/09/2026 - SUBV PRY PROP	application/vnd.google-apps.document	2026-09-10T05:47:56.165Z	2026-09-10T05:25:19.966Z
1utd-mcXcLxbri9eipmUIksWi54Xe8xPvPqpy84SABQk	PINTOR VELAZQUEZ 75 MOSTOLES - 09/09/2026 - PROY ACCES	application/vnd.google-apps.document	2026-09-10T05:19:40.888Z	2026-09-09T11:31:26.157Z
1xm1Uk6BLN7KJfw8qV-YjwyUKpwrTeyEo-6-22H8AnDw	DOCTORA DE ALCALÁ 3 ALCALÁ DE HENARES - 04/09/2026 - PROY ASC + CSS	application/vnd.google-apps.document	2026-09-04T11:56:41.602Z	2026-09-04T11:29:22.474Z
1aq8Zcs1OuAoJnBgccuy2QQqlWYkkeRvrusnfUEMY7qc	DOCTORA DE ALCALÁ 3 ALCALÁ DE HENARES - 04/09/2026 - SUBV PROY PROP	application/vnd.google-apps.document	2026-09-04T11:41:30.854Z	2026-09-04T11:07:22.424Z
1gOauBU8GmZGpgWTBgr2STLw0a0ciSnvzEhi0-IaQqtM	URBANIZACION LAS ANCLAS CALLE GALEON .PAREJA . GUADALAJARA - 04/09/2026 - PROY REPARACIONES	application/vnd.google-apps.document	2026-09-04T10:09:00.981Z	2026-09-04T09:25:06.520Z
1GWSEZU0afJXoknLEYHvjSccpmT3yLmPtY30mq_8u08w	AVDA PRINCIPE DE ASTURIAS 98 VILLAVICIOSA ODÓN - 31/08/2026 - PRY SATE FACHADA Y CUBIERTA	application/vnd.google-apps.document	2026-08-31T14:38:20.397Z	2026-08-31T14:34:50.727Z
1tbRmGGPRCXKknelIc0554NspfF5sAtQfU69AQXbUpyc	AVDA PRINCIPE DE ASTURIAS 98 VILLAVICIOSA ODÓN - 31/08/2026 - SUBVENCIONES EFICIENCIA ENERGÉTICA	application/vnd.google-apps.document	2026-08-31T14:41:07.119Z	2026-08-31T14:38:57.435Z
18-47ixIHnRxvp-7lydQTid6CX0aIpHz56OUA6tiWSZ8	SANTA AUREA 17 MADRID - 31/08/2026 - PRY INSTALACIÓN ASCENSOR	application/vnd.google-apps.document	2026-08-31T08:16:24.002Z	2026-08-31T08:12:59.452Z
1p1ikeIPU2cbZZW7TKZFTJ9SQ76e0h9zkz12H8pR2OtY	SANTA AUREA 17 MADRID - 31/08/2026 - TRAMITACIÓN SUBVENCIONES	application/vnd.google-apps.document	2026-08-31T08:18:44.267Z	2026-08-31T08:17:05.962Z
17gC2mfLLH2FLi5QfGGYaf-ABFPbsMA0X8rogjpjeIY0	ABREVADERO 2 VILLAVICIOSA DE ODON - 25/08/2026 - PRPYECTO 10 ASCENSORES,ACCESIBILIDAD CHALETS Y ZONAS COMUNES	application/vnd.google-apps.document	2026-08-27T08:42:30.536Z	2026-08-25T15:34:42.128Z
13tF2CHpdoFeJyddSYNuYf9O884EU-I0KQ1P0ZVJeaZo	SANTA SUSANA 41 MADRID - 28/08/2026 - SUBV PRY PROPIO	application/vnd.google-apps.document	2026-08-27T07:33:23.659Z	2026-08-27T07:26:48.646Z
1r0reKIeq_TYaCCNSAZfIPwDw_Fl8Z7JPXtmhNKzbKAY	AVDA ALBUFERA 220-222 MADRID - 25/08/2026 - SUBVENCIONES ACCESIBILIDAD PROYECTO EXTERNO	application/vnd.google-apps.document	2026-08-25T17:01:12.922Z	2026-08-25T16:58:47.404Z
1VFTpxt7tbwUccPnX_N8I1T0F2RGbq0MjL5FJqhKx-cE	RIOJANOS 23 MADRID - 25/08/2026 - SUBVENCIONES SANEAMIENTO PROYECTO EXTERNO	application/vnd.google-apps.document	2026-08-25T16:57:14.262Z	2026-08-25T16:55:08.635Z
1B8GQVJZVe8GIvdqSQyzqY1ueWCWzKN0PXsZ4thQ_a8g	PABLO NERUDA 15 MADRID - 25/08/2026 - SUBVENCIONES EFICIENCIA ENERGÉTICA PROYECTO EXTERNO	application/vnd.google-apps.document	2026-08-25T17:04:47.258Z	2026-08-25T17:03:02.856Z
1e-NSuJwXhszwrebGm1pvPZ0K1-dOqSuYjBMwA6247Zc	ABREVADERO 2 VILLAVICIOSA DE ODON - 25/08/2026 - PROYECTO SATE FACHADA Y CUBIERTA	application/vnd.google-apps.document	2026-08-25T16:10:46.466Z	2026-08-25T15:52:16.357Z
1BThGKp5hJ8O3TBgQPigS29BmHKcKcvNrwtVsrTWlywU	ABREVADERO 2 VILLAVICIOSA DE ODON - 25/08/2026 - SUBVENCIÓN EFICIENCIA ENERGÉTICA	application/vnd.google-apps.document	2026-08-25T16:13:57.751Z	2026-08-25T16:11:47.948Z
1G8hu1nBPchfpj2tQIlY4mFEeFo054EEAO8hq__M-fWk	ABREVADERO 2 VILLAVICIOSA DE ODON - 25/08/2026 - SUBVENCIÓN ACCESIBILIDAD	application/vnd.google-apps.document	2026-08-25T16:12:16.288Z	2026-08-25T15:47:42.152Z
17pA5kluF--Z8I59t-Ia8Wl001Aob6YCcvKPRZDj-bK8	CASTILLA 13 PINTO - 24/08/2026 - CSS	application/vnd.google-apps.document	2026-08-24T07:37:09.735Z	2026-08-24T07:28:13.405Z
1gpzpJAzYJgvpvKAg-Jiyl2x4_o-LAfFCFfNNVtJBr7g	OFERTA A DIDEPRO MAR MENOR 21-23-25 MADRID - 21/08/2026 - PROY SATE FACHADA	application/vnd.google-apps.document	2026-08-21T07:36:49.118Z	2026-08-21T07:08:15.278Z
1EUID-5LxwY2TdjL0pbu0XO18MFE7EWEqUi-jkUmpbFU	CALLE TURQUIA 22 FUENLABRADA - 20/08/2026 - SUBVENCIÓN EFICIENCIA ENERGÉTICA	application/vnd.google-apps.document	2026-08-20T09:00:41.851Z	2026-08-20T08:58:26.657Z
1QAyzEqSzjKq9MdOjTuP_p1xgU_Egxv2Kx30aS8dcyNI	GENERAL ARANAZ 42 MADRID - 18/08/2026 - PRY CONJUNTO ACCESIBILIDAD Y SATE	application/vnd.google-apps.document	2026-08-18T15:35:46.635Z	2026-08-18T15:33:24.650Z
1o5KN7W7itAGOpaNfZWxpWZpS4x6JZJMrpciz-0nJDVQ	GENERAL ARANAZ 42 MADRID - 18/08/2026 - subvenciones eficiencia energética	application/vnd.google-apps.document	2026-08-18T15:31:20.327Z	2026-08-18T15:29:20.663Z
1JOeui4R9_o0YJDpTDIRAFU_A174FV4vT4U_z-B-KlUs	GENERAL ARANAZ 42 MADRID - 18/08/2026 - SUBV ACCESIBILIDAD Y EF.ENERGÉTICA	application/vnd.google-apps.document	2026-08-18T15:38:10.654Z	2026-08-18T15:36:26.434Z
1QOWWz6rapsUanuFs9Y4Ije-CXdW8Fz_xaunb49Zt_Dw	GENERAL ARANAZ 42 MADRID - 18/08/2026 - PRY ENVOLVENTE SATE	application/vnd.google-apps.document	2026-08-18T15:28:15.008Z	2026-08-18T15:16:05.416Z
1fEHQTFBxk-vf6AqRtkiMPBTkEdcHZ0xt9I_MDPnXAlI	GENERAL ARANAZ 42 MADRID - 18/08/2026 - SUBVENCIONES ACCESIBILIDAD	application/vnd.google-apps.document	2026-08-18T15:14:06.690Z	2026-08-18T15:12:23.357Z
1xuMVC1cBbFRtY37P8X_TjkCcWJ-EDEXvQTg6ttSmyNY	GENERAL ARANAZ 42 MADRID - 18/08/2026 - PRY ACCESIBILIDAD PORTAL	application/vnd.google-apps.document	2026-08-18T15:11:36.186Z	2026-08-18T15:09:51.181Z
1FHXDAVRVAqyh8Sg9A1fWECfp_nEE-C8gzKBLtDFHmVQ	BLAS CABRERA 64 MADRID - 18/08/2026 - PRY SATE	application/vnd.google-apps.document	2026-08-18T08:44:22.080Z	2026-08-18T07:55:44.776Z
1_hYtlBDlQbW8LSvWVbRRGI-lDORHDknh33WxExsKCvs	BLAS CABRERA 64 MADRID - 18/08/2026 - SUBV PROY PROP	application/vnd.google-apps.document	2026-08-18T08:27:14.926Z	2026-08-18T07:55:26.281Z
1S6MI6-X4pfvWKID7XufHz4pz6cqhd0jr1vb9Uyd4Xgw	TURQUIA 22 FUENLABRADA - 17/08/2026 - SUBV EF.ENERGÉT. PRY EXTERNO	application/vnd.google-apps.document	2026-08-17T08:14:55.592Z	2026-08-17T08:11:50.513Z
1R-MBDEHFo4NVCEYdCwwCRETsEzCRfK_qlgjVURwAb1E	RIO SEGURA 4 LEGANÉS - 16/08/2026 - IEE	application/vnd.google-apps.document	2026-08-16T15:42:51.857Z	2026-08-16T15:39:15.374Z
1uCdv5Pd1Iw_m-lGDIMNHbQFdxtsW3gpRp4eWZGLNFEM	ABEJUELA 4 CARABANCHEL MADRID - 16/08/2026 - IEE	application/vnd.google-apps.document	2026-08-16T15:43:31.302Z	2026-08-16T15:38:48.402Z
1rbOEw2wrknHj7mL0Qtt3bZlftE8syVMZlNhXaSnpg-o	ENRIQUE GRANADOS 7A PARLA - 31/07/2026 - SUBV PRY PROP	application/vnd.google-apps.document	2026-07-31T10:30:32.918Z	2026-07-31T10:24:54.541Z
1Hk9HeoSx7sMNGqTEory5S-5JPuJTPkPplGwRyumut7I	ENRIQUE GRANADOS 7A PARLA - 31/07/2026 - PRY SATE + CSS	application/vnd.google-apps.document	2026-07-31T10:35:09.100Z	2026-07-31T10:25:59.796Z
1ASymukvbytTumsTGBwFVBKpedE4Sl-AhrvoR9_Tz-zk	FELIPE CASTRO 6 MADRID - 31/07/2026 - ARREGLO DE FACHADA	application/vnd.google-apps.document	2026-07-31T11:18:26.175Z	2026-07-31T11:05:06.753Z
1wJzs4NSj19IeIR3p818xAchrncpU_2p5mkMmVr1JE8A	SABADELL 62-64-66-68 MADRID - 31/07/2026 - CUBIERTA	application/vnd.google-apps.document	2026-07-31T09:41:12.093Z	2026-07-31T09:39:56Z
1YISTUMcX3n-hP7awD_BHOam--kRSPG44BrYg3T9-AUU	GLORIETA DE TAMARINDO 4 ARANJUEZ - 31/07/2026 - DF Y CSS	application/vnd.google-apps.document	2026-07-31T08:42:29.927Z	2026-07-31T08:27:50.624Z
13qCxfvzzawq3z793OhblgFWLpSbcwJCesNkspkga7kc	BADALONA 60 MADRID - 31/07/2026 - CUBIERTA	application/vnd.google-apps.document	2026-07-31T09:19:46.066Z	2026-07-31T09:16:34.292Z
1g2Wiaj0WaixUwm8a63U10JJGrVg-clNCqqJC4YInxjo	BADALONA 58 MADRID - 31/07/2026 - CUBIERTA	application/vnd.google-apps.document	2026-07-31T09:29:48.402Z	2026-07-31T09:28:25.485Z
1-NZDkLmghXhcjUh0E_R_nkIMXCQU0I26R-iogip7A9E	SAN GERARDO 51-53 MADRID - 30/07/2026 - SUBVENCIONES EFICIENCIA ENERGÉTICA	application/vnd.google-apps.document	2026-07-31T06:40:39.924Z	2026-07-30T16:20:07.055Z
1zpuunNNoSHXwE2j694JQB3YtVSG6ClkTAmcYLzFf0jI	SAN GERARDO 51-53 MADRID - 30/07/2026 - PROY SATE Y ACCESIBILIDAD	application/vnd.google-apps.document	2026-07-30T16:37:17.797Z	2026-07-30T16:34:17.483Z
1rz3VbP2_AktHpS_4mlyearYzx4MR80qzR7RibvgBUsE	SAN GERARDO 51-53 MADRID - 30/07/2026 - SUBVENCIONES ACCES Y EF.ENERGÉTICA	application/vnd.google-apps.document	2026-07-30T16:40:20.952Z	2026-07-30T16:38:00.597Z
1-9pdFhz_ZGxMu6WvG6-LGbWXPOEQzNOsNPGpjZ70i14	SAN GERARDO 51-53 MADRID - 30/07/2026 - SUBVENCIONES ACCESIBILIDAD	application/vnd.google-apps.document	2026-07-30T16:31:22.768Z	2026-07-30T16:29:19.133Z
10nbql3ujbs9t4hM5Kw47ZGWZSAdwIxH60SRP-2cW68U	SAN GERARDO 51-53 MADRID - 30/07/2026 - PROYECTO SATE FACHADA Y CUBIERTA	application/vnd.google-apps.document	2026-07-30T16:18:30.012Z	2026-07-30T16:15:46.802Z
1HUQGBkQ7twhqePCTXMP42BwQObfCDd8KFqPqciAulX8	SAN GERARDO 51-53 MADRID - 30/07/2026 - PROYECTO PARA RAMPA DE ACCESIBILIDAD	application/vnd.google-apps.document	2026-07-30T16:28:25.419Z	2026-07-30T16:26:35.040Z
1BQovcX8b2-jTjwU7Oy18zLZg85o43gdn0QY1ffzRDQw	HONDURAS 20 COSLADA - 28/07/2026 - INFORME	application/vnd.google-apps.document	2026-07-30T12:15:34.366Z	2026-07-28T05:41:03.907Z
1hubq1qJx1toR6ZfQVL8dCjxiFKuAjP_L9goDJl8-GxQ	HERMINIO PUERTAS 49 MADRID - 30/07/2026 - SUBVENCIONES ACCESIBILIDAD	application/vnd.google-apps.document	2026-07-30T11:31:30.852Z	2026-07-30T11:29:56.258Z
1hn5In0hCqsEhnDux_2PJ1HDsVjfkhjTU2z_4yKkXC6g	FEDERICO GARCIA LORCA 16 MADRID - 30/07/2026 - SUBVENCIONES PROYECTO EXTERNO	application/vnd.google-apps.document	2026-07-30T11:03:55.448Z	2026-07-30T11:00:29.312Z
1TWwI5utwKmtwKk7igjS8t_I2gUspxOCWowjrBxIftXc	PEÑA DE LA ATALAYA 110 MADRID - 30/07/2026 - PROYECTO ELEVADOR Y PLATAFORMA	application/vnd.google-apps.document	2026-07-30T11:12:08.079Z	2026-07-30T11:09:18.940Z
1yXqKlhoB4rn3XbY6cnkjGOV1PHRU_I-IanaiLAzGkFM	PASEO OLIVOS 54 MADRID - 30/07/2026 - SUBVENCIONES ACCESIBILIDAD	application/vnd.google-apps.document	2026-07-30T11:26:07.305Z	2026-07-30T11:24:23.009Z
1uma3RnFQEfK4IuUmU23kEm7h2whWQ6CHoJgYbK_oCbA	HERMINIO PUERTAS 49 MADRID - 30/07/2026 - PROYECTO ASCENSOR	application/vnd.google-apps.document	2026-07-30T11:29:19.303Z	2026-07-30T11:27:35.242Z
1cGu2Ux1lJRqCnb0uZdhCdDMr7V8LFPCiIP5G_ScTDIQ	PASEO OLIVOS 54 MADRID - 30/07/2026 - PROYECTO ASCENSOR	application/vnd.google-apps.document	2026-07-30T11:23:50.875Z	2026-07-30T11:22:13.535Z
1-MjSyPMeBzJAv_-6Ne5Q1y9ha-7sEhvTfxlKbY7Q-rg	CASTILLA 3 TORRE 5 AZUQUECA DE HENARES - 28/07/2026 - INFORME	application/vnd.google-apps.document	2026-07-29T05:58:19.195Z	2026-07-28T05:41:52.230Z
1TQZJDDNdf_nyMindBbG7ip-WTgms8aWPdbqvs5vBLSU	PIZARRO 4 TORREJON DE ARDOZ - 28/07/2026 - INFORME	application/vnd.google-apps.document	2026-07-29T05:51:40.761Z	2026-07-28T05:41:18.689Z
1-Zsib7gRb1o-gF6GwhstfflLEaKwQiqLvEYAIISVlM8	AV ESPAÑA 27 GETAFE - 28/07/2026 - DF Y CSS	application/vnd.google-apps.document	2026-07-28T08:17:06.333Z	2026-07-28T08:12:22.448Z
11seLbGkPx54gXkhFEnQgGrEahPnn8oqBhfj4QyqddOI	MIGUEL DE UNAMUNO 24 FUENLABRADA - 27/07/2026 - PRY INSTALACIÓN ASCENSOR	application/vnd.google-apps.document	2026-07-27T09:00:43.605Z	2026-07-27T08:58:21.042Z
1RNtGjidw5heYJ-E2CO4NxAwJRJubY6RtqaPzH9q78qk	MIGUEL DE UNAMUNO 24 FUENLABRADA - 27/07/2026 - TRAMITACIÓN SUBVENCIONES	application/vnd.google-apps.document	2026-07-27T09:03:01.521Z	2026-07-27T09:01:23.412Z
1Ly6s8BTqlyWI9RjEa6eSQ8fsqjUgRPIOK7CRYReZfuc	PLAZA SALVADOR 8 LEGANÉS - 27/07/2026 - TRAMITACIÓN SUBVENCIONES	application/vnd.google-apps.document	2026-07-27T08:37:16.334Z	2026-07-27T08:35:31.027Z
19R7x6VyFtUcJmHINTGBbWLECcuyFL7cqnbTZzx7SVUE	PLAZA SALVADOR 8 LEGANÉS - 27/07/2026 - PRY BAJADA COTA 0	application/vnd.google-apps.document	2026-07-27T08:32:37.195Z	2026-07-27T08:28:36.388Z
14jlBb7mxsMlpCPtOIUcDo3222Ezmom_l0eTYw-N8Fc4	PLAZA SALVADOR 8 LEGANÉS - 27/07/2026 - PRY PLATAFORMA VERTICAL	application/vnd.google-apps.document	2026-07-27T08:34:55.584Z	2026-07-27T08:33:22.817Z
1B9Avk3-c2lMYNSp2OmJ7bjAQ-HxurTCdlxqrTDDB5Tk	GRANJA DE SAN ANTONIO 7 FRESNEDILLAS DE LA OLIVA MADRID - 24/07/2026 - PRY SATE + 5 ASC	application/vnd.google-apps.document	2026-07-24T12:13:23.047Z	2026-07-24T11:22:56.808Z
1GPBXrg51B7-tlGInzy2uWAxwZGEiLrCvKN8M03KQOig	HACHERO 33 MADRID - 23/07/2026 - PROYECTO SATE CUBIERTA Y FACHADA	application/vnd.google-apps.document	2026-07-23T18:38:30.017Z	2026-07-23T18:34:17.780Z
1nAYO9YB9_JzO8CTlgLlJzksCWxDvP6JuyoWguzWr-g4	HACHERO 33 MADRID - 23/07/2026 - TRAMITACIÓN SUBVENCIONES	application/vnd.google-apps.document	2026-07-23T18:41:02.474Z	2026-07-23T18:39:09.483Z
1kMLqHiS6Dd_vcBDB6mppL9qleuqdIAMWBueZjnhKqOc	MONTES DE TOLEDO 3 MADRID - 23/07/2026 - PRY ASCENSOR	application/vnd.google-apps.document	2026-07-23T13:15:44.412Z	2026-07-23T13:13:39.847Z
16TcYJso0h9wfAJh113fBXZksOzHbUx2I72wiVgqA9v0	MONTES DE TOLEDO 3 MADRID - 23/07/2026 - SUBVENCIONES	application/vnd.google-apps.document	2026-07-23T13:18:39.827Z	2026-07-23T13:16:16.213Z
1sCtBuvmp5CF338-ovEr1RQXQaVCVIrDTy8JKZtKYeQ4	RAMON GOMEZ DE LA SERNA 45 MADRID - 22/07/2026 - SUSTITUCIÓN ASCENSORES	application/vnd.google-apps.document	2026-07-22T17:17:44.784Z	2026-07-22T17:16:05.035Z
1IZ3R38MYPAZYxOtAuqwpn9LlOXpQHDJjPuGruOr8mtA	ALZINA 11 MADRID - 21/07/2026 - PRY SATE +CSS	application/vnd.google-apps.document	2026-07-21T06:08:52.172Z	2026-07-21T06:00:04.819Z
120U9DZaQ0QiIVG_vW9QhqMbpNGxt42uWs23qGNzF4NM	ALZINA 11 MADRID - 21/07/2026 - SUBV PRY PROP	application/vnd.google-apps.document	2026-07-21T06:03:05.800Z	2026-07-21T06:00:21.925Z
1176EcJDRLC8K5CqhYcM-X1ezV_mbdUIRcxtARP7NomM	 GENERAL SERRANO ORIVE 1 MADRID - 20/07/2026 - CSS	application/vnd.google-apps.document	2026-07-20T11:17:30.553Z	2026-07-20T11:13:10.434Z
1oGsJA2ozK6Tn396GHoh5SIjg-vKJcmmv-Z6m3RuPoX0	GENERAL SERRANO ORIVE 1 MADRID - 20/07/2026 - INSTALACIÓN DE ASCENSOR	application/vnd.google-apps.document	2026-07-20T11:13:49.999Z	2026-07-09T16:00:13.279Z
16iGUZkrnN31cpSw_GzHE7aE4nLlrgKKDZRCmeL7a3n0	NAVARRA 28-30 MADRID - 17/07/2026 - SUBV PROY EXT	application/vnd.google-apps.document	2026-07-17T11:44:38.768Z	2026-07-17T11:31:11.589Z
1DmmP9ZTx4Nl4J5khLnwLFkTbrWHnI8S26sfzC3Iv_Dc	SAN IGNACIO 6 ALCORCON - 17/07/2026 - SUBV PROY PROP	application/vnd.google-apps.document	2026-07-17T10:43:02.906Z	2026-07-17T10:32:57.878Z
1sVkdEh1QVQsuR3fWhP_XwBm8edAlFUFnlNrPcVag3l0	RIO GALLEGO 3 LEGANÉS - 16/07/2026 - IEE	application/vnd.google-apps.document	2026-07-16T07:32:50.049Z	2026-07-16T07:30:48.609Z
14uF2lvjwgWL4fTuG1f7FBJ0eQGlmUEIbEpSjkEcU5gU	PASEO DE EXTREMADURA 150 MADRID - 16/07/2026 - SUBV PROY PROP	application/vnd.google-apps.document	2026-07-16T06:08:08.407Z	2026-07-16T06:02:35.915Z
11BkEvAG3VA5rkxbiThAx4MIY5rQ97TK1j9BCZXmdTvU	Copia de PASEO DE EXTREMADURA 150 MADRID - 16/07/2026 - PRYV CUBIERTA+CSS	application/vnd.google-apps.document	2026-07-16T06:16:57.853Z	2026-07-16T06:16:57.853Z
1ZwjbrSuzriGAAo7E_k42xFiYBtJ9GOoNgEYbSILA_Ao	PASEO DE EXTREMADURA 150 MADRID - 16/07/2026 - PRYV CUBIERTA+CSS	application/vnd.google-apps.document	2026-07-16T06:18:21.714Z	2026-07-16T06:02:56.529Z
15hJxxZf4V4r-u-6LkTDm5w1py1OC79gURLG-x7DTZ2g	MESON DE PAREDES 80 MADRID - 15/07/2026 - PROY ASC +CSS	application/vnd.google-apps.document	2026-07-15T12:01:07.416Z	2026-07-15T10:35:54.061Z
1JgBvRxQKCMkL5UqxzofFpsKPzyjgXwoKkspVOyNvdn0	MESON DE PAREDES 80 MADRID - 15/07/2026 - SUBV PROY PROP	application/vnd.google-apps.document	2026-07-15T10:45:39.415Z	2026-07-15T10:34:42.944Z
1-pUND9EjWW8ShHtOnDGd__ryH5hYY1F2GS268kTxjdk	ANTONIO DURAN TOVAR 2 MADRID - 15/07/2026 - TRAMITACIÓN DE SUBVENCIONES	application/vnd.google-apps.document	2026-07-15T09:25:58.826Z	2026-07-15T09:24:32.158Z
1p2A1GR9P0YrMpP7c1xNl9Nt4EQqOhjRulrZQz141pPs	ANTONIO DURAN TOVAR 2 MADRID - 15/07/2026 - PRY INSTALACIÓN DE ASCENSOR	application/vnd.google-apps.document	2026-07-15T09:29:38.539Z	2026-07-15T09:20:14.396Z
1gSSKmThpfDBavhf5zmyrBPf_N1eQq8JxC5z1KI9jBpQ	LIMA 33 FUENLABRADA - 15/07/2026 - PRY INSTALACIÓN ASCENSOR	application/vnd.google-apps.document	2026-07-15T08:42:56.727Z	2026-07-15T08:25:02.663Z
1ipbfOZ8jNThIbdBmYQ6XBOh59kXFsrZ7fFG46joO8As	MIGUEL SERVET 13 MADRID - 15/07/2026 - PRY ASC + CSS	application/vnd.google-apps.document	2026-07-15T07:44:15.022Z	2026-07-15T07:04:13.227Z
1jhDV9aJ3_131Iw_2V33UL_61EBVR6tDf1HBxMMfHnNU	DOCTOR BELLIDO 21 MADRID - 15/07/2026 - TRAMITACIÓN SUBVENCIONES	application/vnd.google-apps.document	2026-07-15T08:16:26.198Z	2026-07-15T08:13:29.608Z
1CRuyoGxIy4F5Fwh_EtjGddw6HqGDZ9CptehS6K92G2Q	BATALLA DE TRAFALGAR 18 LEGANÉS - 09/07/2026 - CONSULTA URBANISTICA	application/vnd.google-apps.document	2026-07-15T08:04:20.003Z	2026-07-09T13:18:02.756Z
1OKzZtUjf4JjqgYC_UbNvmWFVKMXac-gjf9RFnRpuRyQ	DOCTOR BELLIDO 21 MADRID - 15/07/2026 - PRY REHAB CUBIERTA BAJANTES/SUBIENTES COMUNITARIAS	application/vnd.google-apps.document	2026-07-15T08:12:12.529Z	2026-07-15T08:10:03.292Z
1Re4Djdnza1IAAfyT1A6K8pNS59B5jn1j7oWAjmzrnSs	MIGUEL SERVET 13 MADRID - 15/07/2026 - SUBV PRY PROP	application/vnd.google-apps.document	2026-07-15T07:38:33.151Z	2026-07-15T07:04:35.143Z
19ENlnUqEKouX9WzPKPBj27j1X2DAA9g0oNVMRy9I4wc	RIO DUERO 37 LEGANÉS - 14/07/2026 - CONSULTA URBANÍSTICA	application/vnd.google-apps.document	2026-07-15T08:05:38.031Z	2026-07-14T13:28:21.506Z
1zpyorKOgUJAp4pXq5ttB1PstGIzq7DGJr7ctKAwXqUc	LIMA 33 FUENLABRADA - 15/07/2026 - TRAMITACIÓN SUBVENCIONES	application/vnd.google-apps.document	2026-07-15T08:28:52.201Z	2026-07-15T08:26:47.873Z
1x4V67s1afaFTAxWGqqvUPfzE026P29DlrFoqWzUyz9A	SAN BERNARDO 30 MADRID - 13/07/2026 - SUBVENCIONES PRY EXTERNO	application/vnd.google-apps.document	2026-07-13T16:10:38.679Z	2026-07-13T16:06:03.953Z
1PfSdyKqbpaacJvfoT967Tru_lAYd7ogGLhiLkhVtt_Q	VICENTA JIMENEZ 8 MADRID - 13/07/2026 - SUBV PRY PROP	application/vnd.google-apps.document	2026-07-13T08:24:51.986Z	2026-07-13T08:08:14.362Z
1uGMjdNqSBrqJe5HBLgllRTGRUSfy5cP_s9iPhV2cegQ	VICENTA JIMENEZ 8 MADRID - 13/07/2026 - PRY SATE + CSS	application/vnd.google-apps.document	2026-07-13T08:11:42.293Z	2026-07-13T07:40:15.419Z
1MjvbA5gBOpuk2HLCFXvQV1Og6IC-nnO78wp1I5HAA44	ANTONIO DE LEYVA 13 MADRID - 10/07/2026 - TRAMITACIÓN SUBVENCIONES	application/vnd.google-apps.document	2026-07-10T13:26:29.066Z	2026-07-10T13:22:39.135Z
1IIL_GT9x7GNoef9bN16QUhUY2NBI7pv6EGPTS2WVzhI	ANTONIO DE LEYVA 13 MADRID - 10/07/2026 - SATE	application/vnd.google-apps.document	2026-07-10T13:21:55.367Z	2026-07-10T13:19:34.470Z
111ZOnijhLI4BShnB0TwTmsQqJUpf7GhoGWs_vu6BhXo	CARBALLINO 9 MADRID - 09/07/2026 - TRAMITACIÓN SUBVENCIONES	application/vnd.google-apps.document	2026-07-09T16:03:26.814Z	2026-07-09T11:25:23.741Z
1fO6PjU1sJlzBAwbEfH64xIY0lp0qDKYBLT4U8lRHMH4	GENERAL SERRANO ORIVE 1 MADRID - 09/07/2026 - TRAMITACIÓN SUBVENCIONES	application/vnd.google-apps.document	2026-07-09T16:04:15.113Z	2026-07-09T16:02:30.808Z
1WFSXHxyDGcZSeso9X727eHUXZmZH1hg9-_7FJJY4i8o	AVENIDA DE LA PESETA 101-105 Y TREMIS 1-3 - 09/07/2026 - TRAMITACIÓN SUBVENCIONES	application/vnd.google-apps.document	2026-07-09T13:55:31.070Z	2026-07-09T13:53:43.870Z
1AMnSyfn3-a0M-Lw1nUAPBhBATivJx_rOhPqxzo5Z9go	ARTURO SORIA 162 A  MADRID - 09/07/2026 - TRAMITACIÓN SUBVENCIONES	application/vnd.google-apps.document	2026-07-09T13:55:24.564Z	2026-07-09T13:09:58.092Z
1fH8NW5WpEaZStkln8nsd34GWzaffDZKs-AubIXxVsrw	AVENIDA DE LA PESETA 101-105 Y TREMIS 1-3 - 09/07/2026 - PROYECTO CUBIERTAS E INFORME TÉCNICO	application/vnd.google-apps.document	2026-07-09T13:53:10.360Z	2026-07-09T13:43:45.040Z
1dTyN3hwbJiMTM3AzC5iZ_VpgaWzPdwpyW2H3QE8_rsM	FELIPE ALVAREZ 28 MADRID - 09/07/2026 - TRAMITACIÓN SUBVENCIONES	application/vnd.google-apps.document	2026-07-09T14:01:07.674Z	2026-07-09T13:58:43.966Z
1iQWxmWK5XyhZiLWmqOHga-j77Y7-IQ-5RtkW_ROa7o0	FRANCISCO BAENA VALDEMORO 9 ALCOBENDAS - 09/07/2026 - INSTALACIÓN ASCENSOR	application/vnd.google-apps.document	2026-07-09T12:34:44.603Z	2026-07-09T12:33:35.197Z
1WQh7mbYGH58Jms_8hLKK1xQSOqMc0sPTyiwQhjDCvfE	ARTURO SORIA 162 A  MADRID - 09/07/2026 - SUBSANACIÓN IEE	application/vnd.google-apps.document	2026-07-09T13:09:20.453Z	2026-07-09T12:54:20.884Z
1HIlZTEGP-UQA_R_sztAyqmbUYS_gMX_hwNYk3QkQshU	FRANCISCO BAENA VALDEMORO 9 ALCOBENDAS - 09/07/2026 - TRAMITACIÓN SUBVENCIONES	application/vnd.google-apps.document	2026-07-09T12:37:13.599Z	2026-07-09T12:35:28.382Z
1vk6ee8wq3NtuPpLP3UaxHXCc6rYkq18RMhFO_9OMyKk	SAN EUSEBIO 6 MADRID - 09/07/2026 - PROYECTO INSTALACIÓN ASCENSOR EXTERIOR	application/vnd.google-apps.document	2026-07-09T11:44:03.225Z	2026-07-09T11:43:05.917Z
1csk7s3EFJkxfao1uQ__iLngwAZg84hlcT3Rnwv7hno0	SAN EUSEBIO 6 MADRID - 09/07/2026 - TRAMITACIÓN SUBVENCIONES	application/vnd.google-apps.document	2026-07-09T11:46:29.531Z	2026-07-09T11:44:41.956Z
1p1jn4h3wCKIKPIdIHxJc_YpstW9X-OsmFp15CzgONWI	MERCEDES IZQUIERDO 3 ALCOBENDAS - 09/07/2026 - TRAMITACIÓN SUBVENCIONES	application/vnd.google-apps.document	2026-07-09T12:03:21.495Z	2026-07-09T12:01:27.717Z
1IkqRm1jVEMDs6FPvyPJJNY5uQi5XplJKFCO2c7XdmVI	PASEO DE LA HABANA 80 MADRID - 09/07/2026 - PRY SATE Y ACC +CSS	application/vnd.google-apps.document	2026-07-09T11:57:10.951Z	2026-06-19T06:42:32.424Z
1jgG8dQ9DBODJuixeMkDpPt7dM3kcMiO5F1dKWxuQ4MA	MERCEDES IZQUIERDO 3 ALCOBENDAS - 09/07/2026 - INSTALACIÓN DE ASCENSOR	application/vnd.google-apps.document	2026-07-09T12:00:53.740Z	2026-07-09T11:59:14.023Z
1pxi00V49Cd8cXfdW1OBKxeUzvfrHoh4UoeZJw5CpICQ	CARBALLINO 9 MADRID - 09/07/2026 - PROYECTO PARA INSTALACIÓN ASCENSOR	application/vnd.google-apps.document	2026-07-09T11:24:43.675Z	2026-07-09T11:22:34.872Z
1Z5XPLWIhk5UGTP8cFBzV3lXUaoXa-691sT_4thA-0T0	GERARDO CORDON 49 MADRID - 08/07/2026 - DF Y CSS	application/vnd.google-apps.document	2026-07-08T08:20:23.539Z	2026-07-08T07:52:16.673Z
1elteEgVNEtL-AmpeE50ce-8zVmedZogL05P2LL7u3yw	VIRGEN DE ARANZAZU 21 MADRID - 03/07/2026 - SUBVENCIONES ACCESIBILIDAD	application/vnd.google-apps.document	2026-07-03T11:59:29.651Z	2026-07-03T11:54:48.165Z
16GbdeKd9ILCMZbKn2ZBo2dKWnOr8D4odGw4Eu9XQRyM	VIRGEN DE ARANZAZU 21 MADRID - 03/07/2026 - ACCESIBILIDAD EN JARDIN	application/vnd.google-apps.document	2026-07-03T11:54:03.191Z	2026-07-03T11:47:42.007Z
1FaHBGSelK74Zs8NLuUsCD53IuUIUOz59q5OU5y2E1mA	VIRGEN DE ARANZAZU 21 MADRID - 03/07/2026 - CAMBIO DE ASCENSORES Y BAJADA A COTA DE GARAJE	application/vnd.google-apps.document	2026-07-03T11:46:36.367Z	2026-07-03T11:40:03.557Z
1TG8Ynz8TpDG9xtnsBgLoxVXDUeJPZd2-8YgLPXQPctw	VIRGEN DE ARANZAZU 21 MADRID - 03/07/2026 - SUBVENCION EFICIENCIA ENERGÉTICA	application/vnd.google-apps.document	2026-07-03T11:58:57.762Z	2026-07-03T11:57:17.679Z
1MDn5kf2PE5S6JiV0uBKqieaOfZJ3UeUGIXUscPA7f4I	VIRGEN DE ARANZAZU 21 MADRID - 03/07/2026 - PROYECTO SATE Y AEROTÉRMIA	application/vnd.google-apps.document	2026-07-03T11:38:43.572Z	2026-07-03T11:14:24.916Z
1VfqfVzI_iM2YhpYG7eAlBb_VjWm_rjZTr8NuAtzPflc	MARCOS DE ORUETA 16 MADRID - 03/07/2026 - NUEVA PUERTA PORTAL EXTERIOR	application/vnd.google-apps.document	2026-07-03T12:06:30.993Z	2026-07-03T12:02:05.972Z
1kgBoQ6GKsmD1g8XcEpD86wRU53ag03HILu4-rqwrCAs	MARCOS DE ORUETA 16 MADRID - 02/07/2026 - TRAMITACIÓN SUBVENCIONES	application/vnd.google-apps.document	2026-07-02T16:31:27.249Z	2026-07-02T16:29:52.197Z
1YkCwyD4LnNm2R1ubGiJZ_OoBUA15uAUusKd1wRcFoo0	QUINCE DE AGOSTO 8 MADRID - 02/07/2026 - INSTALACIÓN DE ASCENSOR	application/vnd.google-apps.document	2026-07-02T15:42:22.389Z	2026-07-02T15:40:22.747Z
1faqiv8mQMbkierVUu4jUDR9391RsNEAYncx4syR27f0	PEÑA DE LA ATALAYA 110 MADRID - 02/07/2026 - TRAMITACIÓN SUBVENCIONES	application/vnd.google-apps.document	2026-07-02T16:03:18.283Z	2026-07-02T16:01:39.828Z
1NPoyKZ1ayYtvBA_mee9ZkaydAFuKkSut60APUB8C4dQ	QUINCE DE AGOSTO 8 MADRID - 02/07/2026 - TRAMITACIÓN SUBVENCIONES	application/vnd.google-apps.document	2026-07-02T15:45:17.780Z	2026-07-02T15:42:53.405Z
1Oy0dP6lf8C--x7MaOLpZuN4_KzI78tpmZs8-i35pspM	MARCOS DE ORUETA 16 MADRID - 02/07/2026 - SATE	application/vnd.google-apps.document	2026-07-02T16:29:13.947Z	2026-07-02T16:22:02.404Z
1m1FR5aMnI40bsdKA6LN5zegbdq-6hr4P9-ILalHrNwQ	PEÑA DE LA ATALAYA 110 MADRID - 02/07/2026 - INSTALACIÓN ASCENSOR	application/vnd.google-apps.document	2026-07-02T16:01:00.732Z	2026-07-02T15:58:07.140Z
1_B_OL8InAarGa5D3E4VI2u9xBtLRaVEbzSbfl6bzFwQ	JESUS 3 ARANJUEZ - 02/07/2026 - TRAMITACIÓN SUBVENCIONES	application/vnd.google-apps.document	2026-07-02T15:43:46.125Z	2026-07-02T15:09:26.030Z
1iQaAEzsIayVd_w55QBkceSsRkYHKSTE18CoGRhVwqqU	CINE 15 MADRID - 02/07/2026 - INSTALACIÓN DE ASCENSOR	application/vnd.google-apps.document	2026-07-02T14:56:38.199Z	2026-07-02T14:19:53.935Z
1KHMQy9aLl-pxIrYSayi17CiiFdLzSo5dKUmpS55nNso	MODESTO LAFUENTE 42 MADRID - 02/07/2026 - PLATAFORMA Y 2 ELEVADORES	application/vnd.google-apps.document	2026-07-02T15:17:56.311Z	2026-07-02T15:15:22.107Z
16AwwB4WAOk0IvTXoc0V3u7zpEdNBGglq2dVFHveT7Qw	CINE 21 MADRID - 02/07/2026 - INSTALACIÓN DE ASCENSOR	application/vnd.google-apps.document	2026-07-02T14:57:59.586Z	2026-07-02T14:55:42.390Z
1NvA1ol2MrcquQrV7PHU-jhgxXcv2yoD_Q7GDoapDx04	JESUS 3 ARANJUEZ - 02/07/2026 - INSTALACIÓN 2 ASCENSORES	application/vnd.google-apps.document	2026-07-02T15:08:47.905Z	2026-07-02T15:06:19.315Z
1WQm9R25Lxkc42UjEhhCmc8YaD2rhjot2Yxv9K9gOEmM	CINE 21 MADRID - 02/07/2026 - TRAMITACIÓN DE SUBVENCIONES	application/vnd.google-apps.document	2026-07-02T15:00:22.670Z	2026-07-02T14:58:41.601Z
1n5HVMN9RDccD7v1ujRSKLMywSgyMSovn2NIxLgNJpGU	CINE 15 MADRID - 02/07/2026 - TRAMITACIÓN DE SUBVENCIONES	application/vnd.google-apps.document	2026-07-02T14:27:05.032Z	2026-07-02T14:24:49.274Z
1JuzCJ4IzpK6C8-OBvheXc0WKKdpQG8W8MXJoLqT8PXA	VILLUERCAS 15 MADRID - 01/07/2026 - TRAMITACIÓN SUBVENCIONES PROYECTO EXTERNO	application/vnd.google-apps.document	2026-07-01T13:05:09.248Z	2026-07-01T13:03:11.309Z
13EULORSwxFnDJ995jmjDmSjmop_dSLUQQTqTIX-abqA	ZURBARÁN 7 MADRID - 01/07/2026 - TRAMITACIÓN SUBVENCIONES PARA PROYECTO EXTERNO	application/vnd.google-apps.document	2026-07-01T13:10:55.999Z	2026-07-01T13:09:34.574Z
1DC9QMtgrjxdFW9uY42-5hsQMZ5Fc4Jqt	Plaza de Gabriel Miró 3 Madrid  F.pdf	application/pdf	2026-07-01T11:30:47Z	2026-07-01T11:32:46.631Z
1UghWR9EnlFI6iS0757BILHJclWr-38lmdgHjvif9Q-s	VIA CARPETANA 348 DUPLICADO CARABANCHEL  - 29/06/2026 - IEE	application/vnd.google-apps.document	2026-06-29T17:03:24.626Z	2026-06-29T17:01:05.665Z
1mDbnsOxikYiJ0c2G1Jxo_njPP029_ui06Ka1Ep5QCh8	NÉCTAR 31 PORTAL 1 - 2 - 3 MADRID - 29/06/2026 - TRAMITACIÓN SUBVENCIONES PARA PROYECTO EXTERNO	application/vnd.google-apps.document	2026-06-29T17:22:38.735Z	2026-06-29T17:19:01.292Z
1Tc71Mj7iDQ_24h64NvWKishdsacVuyttsuOQSX-tWSU	VIRGEN DEL CAMINO 17 LEGANES - 30/06/2026 - PRY SATE+CUBIERTA	application/vnd.google-apps.document	2026-06-29T10:44:28.737Z	2026-06-29T09:26:36.346Z
1uzt3VMT1HqIRnWpqpovsjoeFDaqU4j88oI3aaFzDtjA	HERNAN CORTES 22 LEGANES - 30/06/2026 - SUBV PRY PROP	application/vnd.google-apps.document	2026-06-29T10:41:14.613Z	2026-06-29T10:08:16.438Z
1hYrT5a0IEpdXKN-UC34Q6_KUcEhSKG9LG15N0U9Geow	HERNAN CORTES 22 LEGANES - 30/06/2026 - PRY SATE + CSS	application/vnd.google-apps.document	2026-06-29T10:45:59.786Z	2026-06-29T10:43:21.063Z
1rePWKftr5-iL6tkjw8BSelCuBffgRReczKMKU33-3i4	VIRGEN DEL CAMINO 17 LEGANES - 30/06/2026 - SUBV PROY PROP	application/vnd.google-apps.document	2026-06-29T09:55:43.944Z	2026-06-29T09:19:13.539Z
1MpzUoyj6Js5OTDECQGBIxyTOeB7GiGSuYhd5SbO94Jo	COVADONGA 15 LEGANES - 27/06/2026 - PROYECTO RAMPA DE ACCESO	application/vnd.google-apps.document	2026-06-27T15:20:06.373Z	2026-06-27T15:19:11.708Z
1z3R-JcYD-CTn2OCBYZRxjTriZjQCXL50BaYGf2j2yeM	COVADONGA 13 LEGANES - 27/06/2026 - PROYECTO PARA RAMPA DE ACCESO	application/vnd.google-apps.document	2026-06-27T15:18:31.526Z	2026-06-27T15:17:15.843Z
1vXa2w4iT7R9xU2HMg7OQWkdCQy0OYnsjRKZ79AnnXyo	ALBACETE 3 COSLADA - 23/06/2026 - PROYECTO ACCESIBILIDAD	application/vnd.google-apps.document	2026-06-26T08:41:24.199Z	2026-06-25T16:06:33.276Z
1CRXwpnpylca1fbmpf9u7zO1SizTOezvSl9oz8JNAkEQ	ARGUMOSA 14 MADRID - 25/04/2026 - TRAMITACIÓN SUBVENCIONES PROYECTO EXTERNO	application/vnd.google-apps.document	2026-06-26T08:36:14.829Z	2026-06-25T16:38:02.011Z
13OaAN5l06CRVknNheqiDkPnv66USzFBqaoFqYfo4h-g	MIRA EL RIO 7 ELPARDO MADRID - 23/06/2026 - CONSULTA URBANISTICA PARA SILLA SALVAESCALERA	application/vnd.google-apps.document	2026-06-25T16:24:24.139Z	2026-06-25T16:22:03.226Z
1AS03YU6ouucxZ35YkwGHbppuV2r6O255HKwtaj9c2kI	PRINCIPE 18 MADRID - 23/06/2026 - INSTALACIÓN DE ASCENSOR	application/vnd.google-apps.document	2026-06-25T15:31:57.521Z	2026-06-25T15:30:08.485Z
1ce8PX9oOgX_jhPkP6tT8v-beFlLHt2nvfdlkuTQ8xeQ	PRINCIPE 18 MADRID - 23/06/2026 - TRAMITACIÓN SUBVENCIONES	application/vnd.google-apps.document	2026-06-25T15:35:04.963Z	2026-06-25T15:32:47.996Z
1P7j981Pttb460k_n9x1BCsRC6m_ECOaCh3zfqKdKlMo	SAN PANCRACIO 1 ELPARDO MADRID - 23/06/2026 - INSTALACIÓN DE ASCENSOR	application/vnd.google-apps.document	2026-06-25T15:50:20.423Z	2026-06-25T15:49:16.886Z
10Y7eo4aBFKiUIrfAv4akcqxxBtjf48CzfWGZ319QJ_c	SAN PANCRACIO 1 ELPARDO MADRID - 23/06/2026 - TRAMITACIÓN DE SUBVENCIONES	application/vnd.google-apps.document	2026-06-25T15:53:12.529Z	2026-06-25T15:50:54.875Z
1sx5p0OTYXiOdgMBYT44M86bvtrUDhw8B663tC40Kc8Q	ALBACETE 3 COSLADA - 23/06/2026 - TRAMITACIÓN SUBVENCIONES	application/vnd.google-apps.document	2026-06-25T16:12:30.865Z	2026-06-25T16:10:20.352Z
1q0nF9F1I5zfNhMyHwU061cnZcGUCJ-yEFaSTrXta-h0	CINE 13 MADRID - 16/06/2026 - INSTALACIÓN DE ASCENSOR	application/vnd.google-apps.document	2026-06-25T16:28:08.344Z	2026-06-16T10:13:19.438Z
1um1iIH38pNqp6zWzCbdtGb28RQNmqi1ES1chSKG_ZKk	CINE 13 MADRID - 16/06/2026 - TRAMITACIÓN SUBVENCIONES	application/vnd.google-apps.document	2026-06-25T16:28:44.640Z	2026-06-16T10:17:34.864Z
1mC9frlRG9zlbZM9USLCrlTPEXqnn9ImaTxOeUJq8yl8	ANSAR 62 MADRID - 23/06/2026 - INSTALACIÓN ASCENSOR	application/vnd.google-apps.document	2026-06-25T15:09:50.459Z	2026-06-25T15:08:20.395Z
1t0lixFtOlz7Z7iP-GXfKy06p4uAYcs8QJW6jRvSDuZU	ANSAR 62 MADRID - 23/06/2026 - TRAMITACIÓN SUBVENCIONES	application/vnd.google-apps.document	2026-06-25T15:13:38.516Z	2026-06-25T15:11:02.231Z
11FMV_VI4zrBt18HuXTR6iepUobRl2qQjlX9UsvhX3OA	URB.NUEVO GRIÑON 1 GRIÑON - 25/04/2026 - INSTALACIÓN ASCENSOR Y TRAMITACIÓN SUBVENCIONES	application/vnd.google-apps.document	2026-06-25T09:27:02.188Z	2026-06-25T09:22:00.434Z
1F-VQ2HDRXRIL1gwwpDCoPfU5_rvGmSL3op5mm3DhEsw	NAZARET 32 BIS FUENLABRADA  - 23/06/2026 - SUBV PRY PROP	application/vnd.google-apps.document	2026-06-24T11:28:46.665Z	2026-06-23T06:17:30.525Z
1FCR7a4Jy4m-ULPdrCe7QlwbDs53Oy1WFgzSXiZG3UUE	POTES 9 MADRID - 23/06/2026 - TRAMITACIÓN SUBVENCIONES PROYECTO EXTERNO	application/vnd.google-apps.document	2026-06-23T18:24:26.235Z	2026-06-23T18:20:34.172Z
14sBTpJa0UEyWDoPqyHw8Zz9jAkv8ccT_	PLAZA DE LAS ASAMBLEAS  1 MADRID 05-06-26  INFORME DE VIABILIDAD F .pdf	application/pdf	2026-06-23T08:26:09Z	2026-06-23T08:29:44.606Z
1O9oDayc_spYC-sUd3TIa-Mo1N1xIM0ys7llbpci2Lp8	PUENTE NUEVO 7 TALAVERA DE LA REINA - 20/06/2026 - BAJADA COTA 0 Y NUEVA PARADA ENTREPLANTA	application/vnd.google-apps.document	2026-06-20T17:33:24.194Z	2026-06-20T17:30:40.855Z
1rRZWdweEhBAXKcg34gXgjQCjtYMhMtgIqrbct-8xD1U	PUENTE NUEVO 7 TALAVERA DE LA REINA - 20/06/2026 - TRAMITACIÓN SUBVENCIONES	application/vnd.google-apps.document	2026-06-20T17:35:53.038Z	2026-06-20T17:34:02.762Z
10V0P3bBgeOfA0VSoDHmzCZscUwXcJTwG3Oi7V8EYcIA	CARRERO JUAN RAMON 6 MADRID - 20/06/2026 - INSTALACIÓN NUEVO ASCENSOR CON PARADA EN PLANTAS	application/vnd.google-apps.document	2026-06-20T17:16:12.461Z	2026-06-20T17:14:10.357Z
1ii37mUBJZ9tnG6rauoy7dB77_iNgbOQxNIi6jpKm0tY	CARLOS MARTIN ALVAREZ 67 MADRID - 20/06/2026 - INSTALACIÓN DE ASCENSOR	application/vnd.google-apps.document	2026-06-20T16:43:41.718Z	2026-06-20T16:40:18.293Z
1d_KxNyL9XpnuNdjRDMWNM96bGAnreVds7k_AP_m2dfg	CARLOS MARTIN ALVAREZ 67 MADRID - 20/06/2026 - TRAMITACIÓN SUBVENCIONES	application/vnd.google-apps.document	2026-06-20T16:47:59.968Z	2026-06-20T16:44:30.064Z
1Fowm4Lr-LCLhv0dufgUJd3ToufK2Q0yHepPBcJSD40Q	CARRERO JUAN RAMON 6 MADRID - 20/06/2026 - TRAMITACIÓN SUBVENCIONES	application/vnd.google-apps.document	2026-06-20T17:18:36.889Z	2026-06-20T17:16:56.014Z
1JFr2lNpS4huTbFfTxLRZ_i5oFpZ0C1wiYvuydnvA5WA	MAR DE ARAL 11 - 20/06/2026 - CREACIÓN 2 NUEVAS PARADAS EN ASCENSOR EXISTENTE	application/vnd.google-apps.document	2026-06-20T16:20:14.764Z	2026-06-20T16:15:56.100Z
1WmyKBm3zDXqLWXoCYuRteLCfiDz5cx-VSIwz4gmp7ow	MAR DE ARAL 11 - 20/06/2026 - TRAMITACIÓN SUBVENCIONES	application/vnd.google-apps.document	2026-06-20T16:24:59.876Z	2026-06-20T16:22:01.186Z
1IZWvtNkbVCTG4gmn7cBBJLv58CkCYT3V9O5zbT01xT8	PASEO DE LA HABANA 80 MADRID - 19/06/2026 - SUBV PROY PROP	application/vnd.google-apps.document	2026-06-19T06:52:16.850Z	2026-06-19T06:43:01.815Z
1Om-UlxlJsZuAIIh-de-D-k6IpDu_wCfKmmEUSaTCwXQ	SAN VALERIANO 2 LEGANES  - 18/06/2025 - SUBV PRY EXT	application/vnd.google-apps.document	2026-06-19T06:46:45.872Z	2025-06-18T06:12:17.111Z
1DoSkzbRjTDkXuBxHe5GilMOgd94vCWP6p92CdWGIie4	GUABAIRO 20 MADRID - 18/06/2026 - SUBV PRY PROP	application/vnd.google-apps.document	2026-06-18T09:11:55.292Z	2026-06-18T08:59:20.443Z
1VbiJadDVW5b5pf7_5XmSgF7Zca_cazkm-UsQjBBnOS0	GUABAIRO 20 MADRID - 18/06/2026 - PRY ACC + CSS	application/vnd.google-apps.document	2026-06-18T09:16:54.979Z	2026-06-18T08:58:36.193Z
1rplkHTvlQ8QXye9Q9UvpEUNZDy6rLPXMQVSTPKTbHNA	PRINCIPE 18 MADRID - 17/06/2026 - TRAMITACIÓN SUBVENCIONES PROYECTO EXTERNO	application/vnd.google-apps.document	2026-06-17T20:55:14.218Z	2026-06-17T20:39:17.179Z
1fX3sGxIIIl6UumxgiVFFK1ywCBmENddTNwsM0jp6yhs	ERAS 9 MADRID - 17/06/2026 - TRAMITACIÓN SUBVENCIONES PROYECTO EXTERNO	application/vnd.google-apps.document	2026-06-17T20:37:16.415Z	2026-06-17T20:34:10.856Z
10UsfOklrPhCAh5c4E5JgJjvoPlWpRz5B3cz-YHB_YqQ	LAGARTERA 194 MADRID - 17/06/2026 - ENVOLVENTE TÉRMICA	application/vnd.google-apps.document	2026-06-17T20:53:19.161Z	2026-06-17T20:43:41.999Z
1LlfioF4h-ShDeaN5YatOglqbclUkImQVEePYLCLjZ5M	LAGARTERA 194 MADRID - 17/06/2026 - TRAMITACIÓN SUBVENCIONES	application/vnd.google-apps.document	2026-06-17T20:57:03.433Z	2026-06-17T20:53:50.653Z
1ySjARiLGEh5BB4kiJ2ldC6-Z58l8ng-yKNehjQYSTts	JARAMA 24 ALCOBENDAS - 17/06/2026 - CSS	application/vnd.google-apps.document	2026-06-17T12:21:28.949Z	2026-06-17T12:19:47.996Z
1DuGwFb85zZthc20NTfEcR3E5s7ABj5TAYuAzm8ImOC8	MAGDALENA 3 GETAFE - 16/06/2026 - PRY REESTRUCTURACIÓN ESTRUCTURAL DEL TECHO DEL CUARTO DE MAQUINAS	application/vnd.google-apps.document	2026-06-17T12:04:54.074Z	2026-06-17T11:56:34.934Z
1QJYJjSnN9HP69CLHX7Nd7bHyRbClnSRxZs6BWOMa3rw	AV DONOSTIARRA 3 MADRID - 16/06/2026 - PRY AMPLIAC PARADAS ASC+CSS	application/vnd.google-apps.document	2026-06-17T09:54:21.065Z	2026-06-16T12:18:23.711Z
1cG5SDNdcYFyIPt47fE4F_6skjgDTIW0FndRES-1rR-0	ALMONACID 3 MADRID - 16/06/2026 - SUBVENCIONES PROYECTO EXTERNO	application/vnd.google-apps.document	2026-06-16T10:08:02.545Z	2026-06-16T10:06:08.314Z
1x0_PaFGxS6-O-2UvSw3m-0zjdA-krbvmAZGViVYweCA	EDUARDO UROSA 5 CARABANCHEL MADRID - 16/06/2026 - IEE	application/vnd.google-apps.document	2026-06-16T09:55:12.683Z	2026-06-16T09:54:18.824Z
1vWMr7ZiF71-8z466b9gfM0nDdaCH4-mXAeCoLMULx80	GAZTAMBIDE 26 MADRID - 16/06/2026 - PRY MODF ASC+CSS	application/vnd.google-apps.document	2026-06-16T08:34:51.459Z	2026-06-16T08:25:31.244Z
1ovuLw93dgZvdXiHL584dNGJPve1kgjeWDLmdzxm7Q1s	ANTONIO GRILO 7 MADRID - 10/06/2026 - PRY SATE+CSS	application/vnd.google-apps.document	2026-06-15T05:46:31.148Z	2026-06-10T13:51:20.753Z
1Qc3XzblMJLGy73KMMPDHyjQkfIk7lvVA	CRISTO DE LA VICTORIA 129 MADRID 11-06-26  INFORME DE VIABILIDAD F  .pdf	application/pdf	2026-06-11T10:45:34Z	2026-06-11T10:48:08.395Z
1qfDq6jjhtQ5UoeqK3ZiAjy_3Z00-ivbFAQf_iuNVHyk	VILLAMANIN 37 MADRID - 11/06/2026 - ADECUACIÓN MODIF DE PROY	application/vnd.google-apps.document	2026-06-11T09:12:39.613Z	2026-06-11T08:42:13.661Z
1Mk_kqlpLYAuor5IxCeDwpDJATGT7ZCag0PefaZeTkOY	CRISTO DE LA VICTORIA 129 MADRID - 11/06/2026 - PRY ASC + CSS	application/vnd.google-apps.document	2026-06-11T06:59:38.677Z	2026-06-11T06:17:20.847Z
1bz4EuIDv9DfxcdOQEfJfW9vFU2Bb81DhkC5YTJh2FhE	CRISTO DE LA VICTORIA 129 MADRID - 11/06/2026 - SUBV PRY PROP	application/vnd.google-apps.document	2026-06-11T06:40:48.178Z	2026-06-11T06:25:02.765Z
11RIvMkh7VEzC4DQOoY-DzGgI28TtH7y0IP4QLBIWd3s	ANTONIO GRILO 7 MADRID - 10/06/2026 - SUBV PRY PROP	application/vnd.google-apps.document	2026-06-11T05:36:22.772Z	2026-06-10T13:50:36.150Z
1LQ4sNfJLd41OSrl9C4JqsUAE6IERfnsedlv1X8uT0B8	MALAGA 4 ALCORCÓN - 10/06/2026 - TRAMITACIÓN SUBVENCIONES	application/vnd.google-apps.document	2026-06-10T12:40:41.297Z	2026-06-10T12:39:18.685Z
1uPIgzwrLfOaG7ExzElGdoH3Mpdq_SpRfAznNShMZnGA	MALAGA 4 ALCORCÓN - 10/06/2026 - PROYECTO ASCENSOR	application/vnd.google-apps.document	2026-06-10T12:38:25.902Z	2026-06-10T12:36:54.524Z
1G399auhNl1bkhwUc118P3hZ-6k58cZFcjouVbea5dv4	TERCIO 1 MADRID - 10/06/2026 - TRAMITACIÓN SUBVENCIONES	application/vnd.google-apps.document	2026-06-10T11:34:55.540Z	2026-06-10T11:33:35.110Z
1mFLVTuaCHSMEV8QQfxEmVLEm1Qvw2P8H5inJvrvloBg	LOS LILOS 6 ALCORCÓN - 10/06/2026 - PROYECTO ACCESIBILIDAD Y SOLADO DE JARDINERAS	application/vnd.google-apps.document	2026-06-10T11:46:55.601Z	2026-06-10T11:44:21.460Z
18vpJvGoa1Emu313eeBLx0wvnP5dsZA_yjyef802BCwY	TERCIO 1 MADRID - 10/06/2026 - PROYECTO ASCENSOR	application/vnd.google-apps.document	2026-06-10T11:33:04.317Z	2026-06-10T11:31:41.888Z
15mXPhR4Q7FYtigcf98SWIbrROMinIf_uHdWiJ74J9Y0	IMAGEN 9 MADRID - 10/06/2026 - TRAMITACIÓN SUBVENCIONES	application/vnd.google-apps.document	2026-06-10T11:28:15.359Z	2026-06-10T11:17:30.050Z
1pubfl6hNUVx3IoEN_9UCM602oBLwUNoI2yM2VLt_OhI	IMAGEN 9 MADRID - 10/06/2026 - PROYECTO ASCENSOR	application/vnd.google-apps.document	2026-06-10T11:16:52.604Z	2026-06-10T11:13:56.651Z
1weu1bFh2gcij48ieBWcLSyTlevtvsuVkLvp-1z50WTk	SACRAMENTO 38 SSR - 08/06/2026 - PRY ASC + CSS	application/vnd.google-apps.document	2026-06-10T09:53:22.109Z	2026-06-08T12:08:36.394Z
18fDVULrRB1wQZYq-MRgaqrde4KYWKDIgsJmaxhAGpKo	TRAVESIA DE LONGARES 18 - 09/06/2026 - SUBV	application/vnd.google-apps.document	2026-06-09T12:12:47.775Z	2026-06-09T11:52:36.742Z
1QsmPtGQ150PmA7JeRGvPX1BlITlCgSzYy3YYeUB0GhE	TRAVESIA DE LONGARES 18 - 09/06/2026 - SATE + CUBIERTA	application/vnd.google-apps.document	2026-06-09T11:40:57.377Z	2026-06-09T11:14:10.262Z
1A0-OLzu03KAf1y4XafZWcxRPKpZgPvKXUvnVhdpMkT0	AVDA FUENLABRADA 95 LEGANES - 09/06/2026 - PROYECTO SATE ENVOLVENTE TÉRMICA	application/vnd.google-apps.document	2026-06-09T10:49:14.080Z	2026-06-09T10:38:22.477Z
1Y75G7zoQ4WGdb0YklqK4IfFmaz9uJReZjY1Gi80jpVo	LILOS 6 BIS PORTAL 1, 2  - 09/06/2026 - SATE ENVOLVENTE TÉRMICA	application/vnd.google-apps.document	2026-06-09T10:32:00.487Z	2026-06-09T10:29:39.729Z
1xfF4DnI5ecdLXQABzCxV7JMMu_Nb5OUeNawYg43bxWU	LILOS 6 BIS PORTAL 1, 2  - 09/06/2026 - TRAMITACIÓN SUBVENCIONES EFICIENCIA ENRGÉTICA	application/vnd.google-apps.document	2026-06-09T10:34:35.347Z	2026-06-09T10:33:06.383Z
1ePHXOnmXdR4L_YsbrO9JncOdY-4kjFMBfnvwHMmnPnA	AVDA FUENLABRADA 95 LEGANES - 09/06/2026 - SUBVENCIONES EF.ENERGÉTICA	application/vnd.google-apps.document	2026-06-09T10:51:38.705Z	2026-06-09T10:50:03.744Z
1daMAOHPp4mfeLdRoaB9gBoRzKbQ56bSa545pDRgC4qg	 VENERAS 7 MADRID - 09/06/2026 - SUBVENCIONES PRY EXTERNO	application/vnd.google-apps.document	2026-06-09T11:02:20.318Z	2026-06-09T10:59:47.987Z
1P8WJYrEIyvbewRFVgbHSd5H9Bq520GmJ-MFWoJ0HMak	ALPES 4 ALCORCÓN  - 09/06/2026 - PROYECTO SATE ENVOLVENTE TÉRMICA	application/vnd.google-apps.document	2026-06-09T09:51:20.746Z	2026-06-09T09:44:36.457Z
1dnDob3jZ1-czeBjXo_wpqU3GGPeqmtr8X5O2JsemkDs	ALPES 4 ALCORCÓN  - 09/06/2026 - SUBVENCIONES EF.ENERGÉTICA	application/vnd.google-apps.document	2026-06-09T09:54:25.897Z	2026-06-09T09:49:25.065Z
1H4na8CliFzp-gkCfrjrpcCkGjtAXOv9IfO2S8WwJlNI	LILOS 6 BIS PORTAL 1, 2  - 09/06/2026 - PROYECTO SATE TENDEDEROS	application/vnd.google-apps.document	2026-06-09T10:28:54.239Z	2026-06-09T10:22:44.053Z
1mwJuQyOoLrq8oYXZ_41PncFH-lGMXX6P1WYLRdffus0	CLARA DEL REY 52 MADRID - 09/06/2025 - TRAMITACIÓN SUBVENCIONES PRY EXTERNO	application/vnd.google-apps.document	2026-06-09T08:51:52.393Z	2026-06-09T08:49:24.809Z
1cgAXSF86u3gFjWDUAkoaARdrXkZ5Ab31-Ns3KCFm94M	FRANCISCO FATOU 24 MADRID - 26/05/2026 - TRAMITACIÓN SUBVENCIONES	application/vnd.google-apps.document	2026-06-09T08:18:29.261Z	2026-06-09T08:18:24.018Z
1FDGZTUaWR9uMy0Xqfn26j9uQqc8wB-kDS6vJMiAw59s	FRANCISCO FATOU 24 MADRID - 26/05/2026 - TRAMITACIÓN SUBVENCIONES EXTERNO	application/vnd.google-apps.document	2026-06-09T08:22:20.382Z	2026-05-26T08:36:06.991Z
1JPTv2v-Ow-3_-TvrrcrxaZ5dAoe7U_t8hnQXs535Hwo	FRANCISCO FATOU 26 MADRID - 26/05/2026 - SUBVENCIONES EXTERNO	application/vnd.google-apps.document	2026-06-09T08:23:06.827Z	2026-05-26T08:39:04.710Z
1cA34aQbkg5l3-oSbYyY00MeAYCZzmxKZhTWJ8fHLqQE	FELIPE ALVAREZ 28 MADRID - 26/05/2026 - SUBVENCIONES EXTERNO	application/vnd.google-apps.document	2026-06-09T08:26:26.376Z	2026-05-26T08:41:10.211Z
11l44ucXWyPHiPRihC-CfqJTiU-8MZiYbYql2OvQpogI	SACRAMENTO 38 SSR - 08/06/2026 - SUBV PRY PROP	application/vnd.google-apps.document	2026-06-08T12:12:14.739Z	2026-06-08T12:09:17.885Z
13_a2-qqOnmhNKxGxv-hbmhEd_j3T3HaCdYQM1CZOS3E	CARRERO JUAN RAMON 6 MADRID - 08/06/2026 - PRY ASC+CSS	application/vnd.google-apps.document	2026-06-08T08:00:54.793Z	2026-06-08T07:56:52.743Z
1wTfQGhUMTYCAnrZy1bxsi5---dPsRiAC5GhTi_xDiq0	CARRERO JUAN RAMON 6 MADRID - 08/06/2026 - SUBV PRY PROP	application/vnd.google-apps.document	2026-06-08T07:59:08.965Z	2026-06-08T07:57:17.739Z
1xx6rHYpPQ_kjKJ4VMCiFjSki5_wtBXdaphuQhD8napU	ZAMORA 25 FUENLABRADA - 08/06/2026 - PRY SATE +CSS	application/vnd.google-apps.document	2026-06-08T07:09:24.297Z	2026-06-08T06:58:22.355Z
1ZZWNhTkkCrJerZ19eloIsWb6_vVUPWq-AxZnvGHNVT0	ZAMORA 25 FUENLABRADA - 08/06/2026 - SUBV PRY PROP	application/vnd.google-apps.document	2026-06-08T07:03:11.626Z	2026-06-08T06:59:15.375Z
1TczTaUjyxSqi7iOy_igTtxj9kehaRqPBjBKcoe1Rqko	PASEO DE SAN ILLAN 7 MADRID - 05/06/2026 - PROYECTO ASCENSOR	application/vnd.google-apps.document	2026-06-05T10:37:13.695Z	2026-06-05T10:36:02.524Z
1tartf0vJWQTJVHdxaxl0MOkNdy2DQQ4xGWoJiNlNw6A	PASEO DE SAN ILLAN 3 MADRID  - 05/06/2026 - TRAMITACIÓN SUBVENCIONES	application/vnd.google-apps.document	2026-06-05T10:35:15.771Z	2026-06-05T10:04:57.878Z
1wDQaJthamiQCvBrSmtvsmHnBvwLbDdbLVSAq7NetFEE	PASEO DE SAN ILLAN 7 MADRID - 05/06/2026 - TRAMITACIÓN DE SUBVENCIONES	application/vnd.google-apps.document	2026-06-05T10:38:47.909Z	2026-06-05T10:37:43.845Z
192LfmmcIF3k4S6LJPdy7qp4Jg5Wzk-x6gf3JK29Kn6M	GUTENBERG 16 MADRID - 05/06/2026 - CONSULTA URBANISTICA	application/vnd.google-apps.document	2026-06-05T10:45:04.587Z	2026-06-05T10:41:47.099Z
1ztQY25uRlJXBefLnvevkZnsaL0jJ8SQPX-HL_yfMvcI	PLAZA DE LAS ASAMBLEAS 1 MADRID - 05/06/2026 - PRY ASC+CSS	application/vnd.google-apps.document	2026-06-05T09:33:08.058Z	2026-06-05T09:30:22.485Z
1vs72uuCXQ3urZ1N3NVyeUnq6yhjqOPpmw3aYt9Y68Y4	PLAZA DE LAS ASAMBLEAS 1 MADRID - 05/06/2026 - SUBV PRY PROP	application/vnd.google-apps.document	2026-06-05T09:35:29.350Z	2026-06-05T09:30:39.512Z
18h0GYfWBAjM9dfAmBxfNDMzqYzanmGynvPIh6A-DbmU	PASEO DE SAN ILLAN 3 MADRID  - 05/06/2026 - PROYECTO INSTALACIÓN ASCENSOR	application/vnd.google-apps.document	2026-06-05T10:03:54.282Z	2026-06-05T10:00:49.998Z
1ptbi_LzohiMB_OI2DEWS3_M-VPp1XP_Q6mZkp-UdTG4	GUTENBERG 16 MADRID - 04/06/2026 - PROYECTO INSTALACIÓN 2 ASCENSORES	application/vnd.google-apps.document	2026-06-04T14:59:06.898Z	2026-06-04T14:56:25.157Z
1TmKYyj3Qy_LUkU-NpHqhq6F4kkjtbW0VUUX0j2Nxlog	GUTENBERG 16 MADRID - 04/06/2026 - TRAMITACIÓN SUBVENCIONES	application/vnd.google-apps.document	2026-06-04T15:01:48.162Z	2026-06-04T15:00:07.004Z
1NxCLnqacj4FC557rRRYUJAFa7zB-_y91rebGqRABIwE	CURAS 64 TORREJON DE ARDOZ - 04/06/2026 - SATE Y CUB	application/vnd.google-apps.document	2026-06-04T13:09:05.582Z	2026-06-04T11:44:40.247Z
106Ummg0vv12RnoExm2XvrsC2QUOYYvUId39O5t4NnAo	CURAS 64 TORREJON DE ARDOZ - 04/06/2026 - TRAMITACION SBV	application/vnd.google-apps.document	2026-06-04T13:12:02.102Z	2026-06-04T11:56:36.536Z
1kco7tLoQT6yqwM3t4IzNl0fMiQ1elcv7L1P2dLmb2Fo	RIO TAJO 18 LEGANES - 28/04/2026 - SATE + DF + SUBVENCIONES	application/vnd.google-apps.document	2026-06-04T11:59:26.970Z	2026-04-28T16:51:43.144Z
1UXl3gyEzUGUCe69zn4pifCkjK3ca-MhzB_zRdlpnIo8	PLAZA DE LAS ASAMBLEAS 2 MADRID - 03/06/2026 - PRY ASC+CSS	application/vnd.google-apps.document	2026-06-04T11:56:36.554Z	2026-06-03T12:42:33.476Z
10r6i9ebMVzNeLGStoj-4IEtA9Aidzl_BIQ29Ua4LHy0	HERMANOS DE PABLO 45 MADRID - 04/06/2026 - PROYECTO INSTALACIÓN ASCENSOR	application/vnd.google-apps.document	2026-06-04T12:00:35.114Z	2026-06-04T11:55:26.137Z
1uQ-tiT8uwog5UCELiJrxmnlObXvINhaS6dZN7ULY_uY	HERMANOS DE PABLO 45 MADRID - 04/06/2026 - TRAMITACIÓN SUBVENCIONES	application/vnd.google-apps.document	2026-06-04T12:11:58.755Z	2026-06-04T12:07:10.928Z
1Iunbv3M9zhHVz6ZTzMXwesCa598Mii37UdCTxrTOYBg	CAÑADA 16 ALCORCÓN - 04/06/2026 - PROYECTO INSTALACIÓN ASCENSOR	application/vnd.google-apps.document	2026-06-04T10:33:40.199Z	2026-06-04T10:26:34.672Z
1azVgGHPhLM5ADl5yrc0YIXR7b-ZHCQ3FL5VmA-EDlGE	CAÑADA 16 ALCORCÓN - 04/06/2026 - TRAMITACIÓN SUBVENCIONES	application/vnd.google-apps.document	2026-06-04T10:42:37.306Z	2026-06-04T10:34:57.306Z
10-tjIqf7Dx9f0vt9fAeeolmZpWnx2K1l6E38yTbuCuM	HERMANDAD DE DONANTES DE SANGRE 27 MADRID - 04/06/2026 - PROYECTO BAJADA A COTA 0 Y MODIFICACIÓN ASCENSOR	application/vnd.google-apps.document	2026-06-04T11:17:56.338Z	2026-06-04T11:13:31.089Z
1lIyR94N01egL1ASymhAQGm99NtvL8xcFkiKF93YIq8U	HERMANDAD DE DONANTES DE SANGRE 27 MADRID - 04/06/2026 - TRAMITACIÓN SUBVENCIONES	application/vnd.google-apps.document	2026-06-04T11:23:26.198Z	2026-06-04T11:19:10.850Z
11t557lU8EuP_xzAaOR9Z_izetZvoxM0o	PLAZA DE LAS ASAMBLEAS 2 MADRID 04-06-26  INFORME DE VIABILIDAD F.pdf	application/pdf	2026-06-04T09:18:13Z	2026-06-04T09:21:23.353Z
1ajgQDv8jH4_3bSjv1CO7ZBzrubZwT9i6yZBnANskMVs	PLAZA DE LAS ASAMBLEAS 2 MADRID - 03/06/2026 - SUBV PRY PROP	application/vnd.google-apps.document	2026-06-03T12:59:25.558Z	2026-06-03T12:42:01.654Z
1V7ipskRPXuNrA0n1IfkLlWFWjO1BNadQeCMIzwpKfQQ	PASEO DE SAN ILLAN 5 MADRID  - 03/06/2026 - SUBV PRY PROP	application/vnd.google-apps.document	2026-06-03T12:57:58.878Z	2026-06-03T08:33:13.071Z
1OlbOEweDb7zKncPC6yByrtad6IvWQgrqisikAGiOwAU	VALLADOLID 13 FUENLABRADA - 03/06/2026 - PROYECTO INSTALACIÓN ASCENSOR	application/vnd.google-apps.document	2026-06-03T12:23:33.441Z	2026-06-03T11:33:00.220Z
1ISzTRQKpvT1AE2_7nzeuMH1oWd4vNn3_TbmJ2hHU1AA	VALLADOLID 13 FUENLABRADA - 03/06/2026 - TRAMITACIÓN SUBVENCIONES	application/vnd.google-apps.document	2026-06-03T11:39:14.803Z	2026-06-03T11:37:22.256Z
1LhK4Po8bcZ_SNBOKp14GbU9u2-DzljAj0LMlZT4Q3gg	PASEO DE SAN ILLAN 5 MADRID  - 03/06/2026 - PROY SATE+ CSS	application/vnd.google-apps.document	2026-06-03T09:07:35.182Z	2026-06-03T08:35:20.798Z
1j6yeUqRmFK6F3TvdElM0xsNmEktLdWWjmlAcG_0s_-I	FEDERICO GARCIA LORCA 42 PINTO - 02/06/2026 - ACCESIBILIDAD GARAJE	application/vnd.google-apps.document	2026-06-02T19:34:25.595Z	2026-06-02T19:31:31.362Z
12h7tTkglutuCmBAsZgNYxEqeF6On-Fxy51syys92vyY	FEDERICO GARCIA LORCA 42 PINTO - 02/06/2026 - TRAMITACIÓN SUBVENCIONES	application/vnd.google-apps.document	2026-06-02T19:38:16.516Z	2026-06-02T19:35:25.852Z
1naQoRs-34AQrPhC9yV7WDgggkFf2oS29Cqt8vqFhGxM	RAMON GOMEZ DE LA SERNA 91 MADRID - 02/06/2026 - ASCENSOR	application/vnd.google-apps.document	2026-06-02T19:50:05.092Z	2026-06-02T19:46:53.606Z
1gGLm6gtqs4KEFnk1g0Vi2wFW5Kcuahfm2NGDTl7s1_w	RAMON GOMEZ DE LA SERNA 91 MADRID - 02/06/2026 - TRAMITACIÓN SUBVENCIONES	application/vnd.google-apps.document	2026-06-02T19:52:16.848Z	2026-06-02T19:50:47.056Z
145dBeMPpQPj3fqff1TnqzqtsT7h85IZbR_w_cj02qIg	CASTELLO 106 MADRID - 02/06/2026 - SUBV PRY PROP	application/vnd.google-apps.document	2026-06-02T12:02:29.194Z	2026-06-02T11:59:42.906Z
1Wfzm9_XaVdZqEefVyJ-enFLsvDD7N2sUSZxbdTU9vKY	CASTELLO 106 MADRID - 02/06/2026 - PRY ACC +CSS	application/vnd.google-apps.document	2026-06-02T11:52:09.653Z	2026-06-02T10:54:11.671Z
1JdBJoDd62E8Ri1O-9IRSoIGDIHE1uAD_kqGclyZkBUQ	PARMA 46 MADRID - 02/06/2026 - SARE Y CUB	application/vnd.google-apps.document	2026-06-02T11:27:48.893Z	2026-06-02T09:53:16.742Z
1L3GCQ7R6BxmnasPpl5iEvdfaRgOhxhxfReulVBkXHWY	CASTELLO 106 MADRID - 02/06/2026 - SUBV PRY PROP	application/vnd.google-apps.document	2026-06-02T10:45:19.722Z	2026-06-02T08:55:14.585Z
1nAIN3wjAKsisZpuCpNKBX2aq0BuGUo41xpulTFBN3Ak	AV QUINTA 6 MADRID - 19/05/2026 - PRY ASC	application/vnd.google-apps.document	2026-06-02T10:06:04.119Z	2026-05-19T10:42:04.207Z
1TrHL3EmjTBK8fLGfhKaWUzpHhzZXUQPx_10UQsltd8M	HERMANOS GARCIA NOBLEJAS 63 MADRID - 02/06/2026 - PRY ASC +CSS	application/vnd.google-apps.document	2026-06-02T10:07:06.864Z	2026-06-02T09:19:25.612Z
1GXlRCgf27kiPpLOGGMjlAjlJbCRuGixP1TNmgUKTwv8	HERMANOS GARCIA NOBLEJAS 63 MADRID - 02/06/2026 - SUBV PRY PROP	application/vnd.google-apps.document	2026-06-02T10:26:08.337Z	2026-06-02T09:32:16.254Z
1XT1rAcyAJmyGwmVcs9pYsvayOAJYzD0XkmQls5xbnRg	CASTELLO 106 MADRID - 02/06/2026 - PRY CUBIERTA + CSS	application/vnd.google-apps.document	2026-06-02T08:52:23.560Z	2026-06-02T08:26:57.113Z
13Frol29dP_ymWLlAv2ZupFsU_jysVkn7s4rwaxqvAKU	MOCHUELO 1 MADRID - 02/06/2026 - TRAMITACION DE SUBV.	application/vnd.google-apps.document	2026-06-02T08:54:40.709Z	2026-06-02T08:46:14.989Z
15oV8WUF93t0dBrzbIQGSBLsF-gnCfdqr8OT1dbbczz8	MOCHUELO 1 MADRID - 02/06/2026 - SATE Y CUBIERTA	application/vnd.google-apps.document	2026-06-02T08:39:31.659Z	2026-06-02T08:13:57.239Z
1NGqFQ6z9QZa58e_IZGYmclpk1v-apwrknf9pGlifcoA	IGLESIA 22 ALCORCON - 23/03/2026 - CSS Y DF 02-06-26 modif forma de pago	application/vnd.google-apps.document	2026-06-02T07:36:39.928Z	2026-03-23T06:53:53.270Z
1uPWsKb_ioKtY54saZsYTfZfjLCcVcKqx5yBRLL3XDIs	RIO GENIL 7 MOSTOLES - 01/06/2026 - PRY ASC +CSS	application/vnd.google-apps.document	2026-06-01T11:44:03.786Z	2026-06-01T11:21:06.396Z
1Y3uOetiA5vdZMw9zD7VjkTCNc5dCGwLYke5FkpBUG_0	BRUNETE 3 FUENLABRADA - 01/06/2026 - DIVISIÓN DE PROYECTO	application/vnd.google-apps.document	2026-06-01T12:00:55.566Z	2026-06-01T11:53:34.332Z
1x0ovIvMHi5LTCF6fA_VO7j7fB4tI6ZEqWzcZkjIDDmY	CANTABRIA 8 ARROYOMOLINOS - 29/05/2026 - TRAMITACIÓN SUBVENCIONES	application/vnd.google-apps.document	2026-05-29T16:34:20.476Z	2026-05-29T16:31:24.711Z
1C0zDvv4lMr73mMC33FTeuXKaGlNVPNvGbAAPb-mSiF8	DOCTOR FLEMING 44 MADRID - 29/05/2026 - SUBVENCIONES	application/vnd.google-apps.document	2026-05-29T16:49:54.456Z	2026-05-29T16:48:03.581Z
1t40KMLhj7H1hCIla6kQKAi011XYmbu2SxYWc8AV7SpA	CANTABRIA 8 ARROYOMOLINOS - 29/05/2026 - PLATAFORMA VERTICAL	application/vnd.google-apps.document	2026-05-29T16:30:01.902Z	2026-05-29T16:26:23.840Z
1gLqHhZeliuNeK7F9flCC6dL6ba-lLuOjEPbP-F2ubhQ	DOCTOR FLEMING 44 MADRID - 29/05/2026 - PRY RETIRADA MADERA Y SATE EN 1ª PLANTA	application/vnd.google-apps.document	2026-05-29T16:47:14.663Z	2026-05-29T16:41:42.537Z
1oGjMDJOSWeXNGIJcjaH919cgMke3xrVGuZAUyXMFbX0	AV CASTILLA 2-4-6 ALCALA DE HENARES - 29/05/2026 - CSS	application/vnd.google-apps.document	2026-05-29T11:00:59.232Z	2026-05-29T10:46:37.732Z
14OPQo0YPR25wnXIUsJI2tPKXzy7akMZDcg5hwC3e9Uk	BATALLA DEL EBRO 2 LEGANÉS - 29/05/2026 - SUBVENCIONES PROYECTO EXTERNO	application/vnd.google-apps.document	2026-05-29T09:18:05.102Z	2026-05-29T09:14:47.895Z
19oJF0U82YYe1H7-9wR-FtoRjS72ouhLAs7mtZP9rLpo	GALLEGOS 12 ALCALA DE HENARES - 22/05/2026 - INSTALACIÓN ASCENSOR	application/vnd.google-apps.document	2026-05-28T11:03:55.319Z	2026-05-22T15:18:31.006Z
1WEcZJqfEyHFFHHwOSMamc2Og98e_cMIwZV2g9xdd3V4	BRAVO MURILLO 177 MADRID - 22/05/2026 - SUBVENCIONES ACCESIBILIDAD Y EFICIENCIA ENERGÉTICA	application/vnd.google-apps.document	2026-05-28T10:17:03.540Z	2026-05-22T16:03:15.436Z
1qjlNyn-wyVkG_SY-Urgf4KBSsf5z3mHwUOkB9NgkF50	modificado tras reunión TUBO 5 HUMERA - 28/05/20256- ASC SUB	application/vnd.google-apps.document	2026-05-28T09:29:11.349Z	2026-05-28T09:21:51.787Z
1O4R6iaq1rGkwWNuLuzmWZjAeFWM4ZbOxc9ahvA4hOLs	PALOMARES 75 MADRID - 27/05/2026 - PRY ASCENSOR	application/vnd.google-apps.document	2026-05-27T12:16:04.826Z	2026-05-27T12:12:12.312Z
1Orx6DTOjvloWRwbN9FlmwY-nCEeSvGKxzoPox-Gz4SI	PALOMARES 75 MADRID - 27/05/2026 - TRAMITACIÓN SUBVENCIONES	application/vnd.google-apps.document	2026-05-27T12:19:58.016Z	2026-05-27T12:17:06.255Z
19wz0kmWoGb19GvzCTAFgPNw43b4b-wbLuj5bGuATMrQ	PALOMARES 77 MADRID - 27/05/2026 - TRAMITACIÓN SUBVENCIONES	application/vnd.google-apps.document	2026-05-27T12:27:34.509Z	2026-05-27T12:26:13.910Z
1kGJG_7bBwm7LaxFfZYiJRKOLFFBW2W0VGLHvDUVq3Oc	PALOMARES 77 MADRID - 27/05/2026 - PRY ASCENSOR	application/vnd.google-apps.document	2026-05-27T12:25:25.257Z	2026-05-27T12:23:46.550Z
1v0pzTVofNDgEMPBS3oGCkvkm6Ic_zj5w0kvP1gzEnYQ	CARRIL DEL CONDE 112 MADRID - 26/05/2026 - SUBV PROY PRP	application/vnd.google-apps.document	2026-05-27T09:50:00.386Z	2026-05-26T09:50:58.188Z
1vsU-wF-bOcb-6HFhg77LxbSpey6QBAs1CHs69ZQdgss	BRAVO MURILLO 151 MADRID - 27/05/2026 - SUBV PROY PROPIO	application/vnd.google-apps.document	2026-05-27T09:51:20.916Z	2026-05-27T09:24:21.869Z
1rsPrzvLb_NQXDoG1Zh3Sld1XLzzHsg76a_ONKTV-n8A	VALENTIN SAN NARCISO 1 MADRID - 27/05/2026 - IEE FINCA Y GARAJE	application/vnd.google-apps.document	2026-05-27T09:58:08.006Z	2026-05-27T08:11:51.783Z
1MyP5uT2ALFvESNrSLF0vqi83lY-5edEu3RGjE8GGVBc	BRAVO MURILLO 151 MADRID - 27/05/2026 - PROY AMIANTO CUB	application/vnd.google-apps.document	2026-05-27T09:36:53.166Z	2026-05-27T09:25:12.686Z
19cVI9aK5azo1MjjfstpSd-dJpD_HKoOynzeAhRSyd7Y	AMPURDAN 22 LEGANÉS - 26/05/2026 - PRY ACCESIBILIDAD + TELEFONILLOS + PUERTA PORTAL	application/vnd.google-apps.document	2026-05-26T13:23:05.452Z	2026-05-26T13:18:35.374Z
1kF_qCfrrsl1aXUEV5o5qY8Xgc0OfokzOdD5Gij0r63c	AMPURDAN 22 LEGANÉS - 26/05/2026 - TRAMITACIÓN SUBVENCIONES	application/vnd.google-apps.document	2026-05-26T13:26:36.634Z	2026-05-26T13:23:55.982Z
17pUqMtkKcRdvEsjClf5V4q4ITsvqbfdp9JTiOtJEvbE	CARRIL DEL CONDE 112 MADRID - 26/05/2026 - PRY SATE	application/vnd.google-apps.document	2026-05-26T09:45:05.024Z	2026-05-26T09:36:32.876Z
1kNG9xezO7mmnkw2QSG7c8BEe9iczXJICq4oEgvaixGQ	RIO MANZANARES 33  LEGANÉS - 26/05/2026 - PRY SATE FACHADA Y CUBIERTA	application/vnd.google-apps.document	2026-05-26T08:04:59.619Z	2026-05-26T08:01:20.401Z
11f6Bj4To2Ma7SvKp6JxAU0mzvqWbFt6uDbGl664lzcg	RIO MANZANARES 33  LEGANÉS - 26/05/2026 - TRAMITACIÓN SUBVENCIONES	application/vnd.google-apps.document	2026-05-26T08:08:38.076Z	2026-05-26T08:05:48.279Z
1czjFfgNKVclW4I33ZqALjVacRSSRHdUQ7sBXIrGDhDs	ESTOCOLMO 6 MOSTOLES  - 26/05/2026 - SUBV PRY PROP	application/vnd.google-apps.document	2026-05-26T06:30:15.608Z	2026-05-26T06:22:09.356Z
14QYVYFDx4EmjnxleyoeH2geA03mkpYNKOPMk5lXoboU	ESTOCOLMO 6 MOSTOLES  - 26/05/2026 - PRY SATE	application/vnd.google-apps.document	2026-05-26T06:46:58.907Z	2026-05-26T06:01:51.948Z
1OO9_y9pTA-94bdvUmh0uREdQH93lFoVj	EXCEL Y PLANTILLA PARA GENERARLAS	application/vnd.google-apps.folder	2026-05-25T10:23:45.493Z	2025-05-30T04:50:28.352Z
1c8-e9pOzE6t3_PogQ-Tt2Y-XJg5zr29siJgjRQYqT-U	SAN GREGORIO 4 LEGANES - 25/05/2026 - RENOV SUBV PRY PROP	application/vnd.google-apps.document	2026-05-25T06:16:27.976Z	2026-05-25T06:06:10.436Z
1BgXamJPu5ww0eMKn2i-KBxg6CEqVGYpjI7m4imiCjY4	OÑA 79 MADRID - 22/05/2026 - REFORMA ESTÉTICA PORTAL	application/vnd.google-apps.document	2026-05-22T16:59:21.279Z	2026-05-22T16:47:30.704Z
1CJ1YvRUfdbUnvscFxNMtRmnJKkIMt2-g1li2YPs6Z0I	BRAVO MURILLO 177 MADRID - 22/05/2026 - PRY 2 ASCENSORES Y ENVOLVENTE TÉRMICA	application/vnd.google-apps.document	2026-05-22T16:00:53.272Z	2026-05-22T15:56:17.251Z
11lrrm8T_8I2S94hbtni69jr8GgCJQ0Sltf-0RguMqQM	SAMBARA 146 MADRID - 22/05/2026 - PRY 2 ASCENSORES + PLATAFORMA	application/vnd.google-apps.document	2026-05-22T15:36:30.900Z	2026-05-22T15:32:56.511Z
1rZ2lNgt3Xo2h9AVUOCKWiT8lVz7_JMFrDDQvJyXIClk	SAMBARA 146 MADRID - 22/05/2026 - TRAMITACIÓN SUBVENCIONES	application/vnd.google-apps.document	2026-05-22T15:52:32.249Z	2026-05-22T15:50:22.399Z
17ruZcA1kglzZrkK8f1wpigmXJROrOyYqm-xEN-_dghY	PASEO PERALES 15 PORTAL 1 - 22/05/2026 - SUBVENCIONES PROYECTO EXTERNO	application/vnd.google-apps.document	2026-05-22T16:12:33.553Z	2026-05-22T16:08:05.219Z
1wpRmRh5MPu5Wf-tBnjVJJwnmY63QQX2F67J_6vaumvw	LAS ROSAS DE ARAVACA c/HUMERA 42-44-46-48-50-52-54 - 22/05/2026 - SUBVENCIONES PROYECTO EXTERNO	application/vnd.google-apps.document	2026-05-22T16:29:24.394Z	2026-05-22T16:24:32.359Z
13ZMCX97sHJ79-8TzbGS66a-VSFmBWl4haUZkGCxzIOY	TRAVESIA SANTIAGO ALIO 2 MADRID - 22/05/2026 - PRY ASCENSOR	application/vnd.google-apps.document	2026-05-22T14:56:37.643Z	2026-05-22T14:53:26.918Z
1JvD7H2wByRPlmo7l3PF4lYaN5BpXsPzHVdIlI_sc3Is	TRAVESIA SANTIAGO ALIO 2 MADRID - 22/05/2026 - TRAMITACIÓN SUBVENCIONES	application/vnd.google-apps.document	2026-05-22T14:59:54.219Z	2026-05-22T14:57:37.767Z
1Yl0kEWuOxGA0tyzTphRmF-Raqdv80NRU5iYN4S7vkNY	QUINCE DE AGOSTO 5 MADRID - 22/05/2026 - PRY ASCENSOR + ENVOLVENTE TÉRMICA	application/vnd.google-apps.document	2026-05-22T11:34:42.063Z	2026-05-22T11:32:47.110Z
1aPbBs728tX76FpJprG3RntzuJWA2JaWNT6i3tNZHdcI	LA PRENSA 11 SSR  - 22/05/2026 - TRAMITACIÓN SUBVENCIONES	application/vnd.google-apps.document	2026-05-22T12:12:30.806Z	2026-05-22T12:10:53.380Z
1eOcrFq2W96ukGMT0Ysrxhmo02QLHeprpPQ70b8UvUf0	QUINCE DE AGOSTO 5 MADRID - 22/05/2026 - TRAMITACIÓN SUBVENCIONES	application/vnd.google-apps.document	2026-05-22T11:37:08.490Z	2026-05-22T11:35:36.561Z
1yYQJVJndEkOdKjp2S_sNL5Qch-oAK__-Du2ptNCUhMM	LA PRENSA 11 SSR  - 22/05/2026 - ENVOLVENTE TÉRMICA	application/vnd.google-apps.document	2026-05-22T12:09:56.436Z	2026-05-22T11:54:01.112Z
1lNkdNpQjR5WQ-f068S1qPDisdiLmhPDpiYJ2A81XVeE	GABRIEL USERA 56 MADRID - 22/05/2026 - TRAMITACIÓN SUBVENCIONES	application/vnd.google-apps.document	2026-05-22T11:13:53.821Z	2026-05-22T11:12:10.734Z
1jJ-MO1-CVtbqqD8gnZBYwhg_2JK-vB-f4xbeY_D4_aQ	AVDA PORTUGAL 23 LEGANES - 22/05/2026 - PRY ASCENSOR	application/vnd.google-apps.document	2026-05-22T10:49:14.697Z	2026-05-22T10:47:27.289Z
1PwrnAp_1ANzfkG8pFRNB5MiCeeFhhZO_7gbIEn4ieeE	AVDA PORTUGAL 23 LEGANES - 22/05/2026 - TRAMITACIÓN SUBVENCIONES	application/vnd.google-apps.document	2026-05-22T11:13:32.825Z	2026-05-22T10:59:06.109Z
1drOV0CrBqXc_kQBMRR2_O6HWWZ3f2N1b	Esteban Collanates 44 Madrid 22-05-26 INFORME DE VIABILIDAD.pdf	application/pdf	2026-05-22T10:56:43Z	2026-05-22T10:59:06.113Z
1EmsnlVgjgI9jM37p-fH_nXIn-AyJZ2g6x6hBH3AquEg	GABRIEL USERA 56 MADRID - 22/05/2026 - PRY ASCENSOR Y SATE	application/vnd.google-apps.document	2026-05-22T11:11:01.081Z	2026-05-22T11:07:50.459Z
1Uq4uuvBN3wDrwkFa_CPl323QwLQ9U-08TqukFKg5wNM	ESTEBAN COLLANATES 44 MADRID - 22/05/2026 - PRY ASC +CSS	application/vnd.google-apps.document	2026-05-22T10:24:46.930Z	2026-05-22T09:57:31.586Z
1OrekytRpgPAE739b9GmU3PEwtgvUanW4DIxtQAt7UBQ	BOLSA 3 MADRID - 22/05/2026 - TRAMITACIÓN SUBVENCIONES	application/vnd.google-apps.document	2026-05-22T10:28:43.843Z	2026-05-22T10:25:48.841Z
1m8lH2j9V1s1mZ0Z-Q7PZLDlEkvaY_uYa18EzFXoJCkE	ALFONSO XIII 8 PARLA MADRID - 22/05/2026 - PRY ASCENSOR + SUBVENCION	application/vnd.google-apps.document	2026-05-22T10:18:32.941Z	2026-05-22T10:11:01.377Z
1OFo6bKzs7AGcgb0B8R2MkKp-2gaY9ECJEzKabTRj7TA	ESTEBAN COLLANATES 44 MADRID - 22/05/2026 - SUBV PRY PROP	application/vnd.google-apps.document	2026-05-22T10:04:41.781Z	2026-05-22T09:57:11.438Z
11Kr_X-XWWg9ll6RVd_fe3FGYGfXuZ6ZixQvYvJcP09w	BOLSA 3 MADRID - 22/05/2026 - PRY ASCENSOR	application/vnd.google-apps.document	2026-05-22T10:24:38.777Z	2026-05-22T10:21:26.528Z
1IzeNPKhCfAqMC29Rg5UO-FJGzVBpXICCzfZUrKR7RAs	QUINCE DE AGOSTO 5 MADRID - 21/05/2026 - PROYECTO ASCENSOR	application/vnd.google-apps.document	2026-05-21T16:50:15.293Z	2026-05-21T16:48:09.844Z
1m2-W-lrtYGAccLxXnTFiRZmi_cyi_9Fb01zagLfJdo8	GABRIEL USERA 56 MADRID - 21/05/2026 - TRAMITACIÓN SUBVENCIONES ACCESIBILIDAD Y EFICIENCIA ENERGÉTICA	application/vnd.google-apps.document	2026-05-21T16:33:17.010Z	2026-05-21T16:30:22.070Z
1IstSCSLlleuR9xr9Kni7Wgge_WEAAsCPC--cjI5XZlI	QUINCE DE AGOSTO 5 MADRID - 21/05/2026 - PRY ENVOLVENTE TÉRMICA	application/vnd.google-apps.document	2026-05-21T16:58:49.065Z	2026-05-21T16:51:01.006Z
1LDV79LYCg0RyPlMjUCDPA4SYLFWdD9rIdx02KDZGObc	QUINCE DE AGOSTO 5 MADRID - 21/05/2026 - SUBVENCIONES ACCESIBILIDAD Y EFICIENCIA ENERGÉTICA	application/vnd.google-apps.document	2026-05-21T17:01:22.118Z	2026-05-21T16:59:45.802Z
1-ScEM1GRZ4gyqxY2X71Uq8h2LsDilYNITjy_N7BVOuU	LA PRENSA 11 SSR  - 21/05/2026 - PRY ENVOLVENTE TÉRMICA	application/vnd.google-apps.document	2026-05-21T17:21:54.510Z	2026-05-21T17:10:57.431Z
1F0e44pQSYHKzmWxOa216sNZxoi9hppBJ3QrLpyy_zfs	LA PRENSA 11 SSR  - 21/05/2026 - SUBVENCIONES	application/vnd.google-apps.document	2026-05-21T17:24:36.702Z	2026-05-21T17:22:41.520Z
1av59UUJadsNSxkcI3IGAG1VznW9zC-Lq_woZn9zyKWY	BOLSA 3 MADRID - 21/05/2026 - PRY ASCENSOR + SUBVENCIONES	application/vnd.google-apps.document	2026-05-21T15:34:04.878Z	2026-05-21T15:27:42.405Z
1W9fAddDBHaLWZPI9PaKBzgmOAnPnfbuLmdxezS-z6bI	HUMERA 23 FUENLABRADA - 18/05/2026 - SATE +CUBIERTA+ SUBVENCIONES	application/vnd.google-apps.document	2026-05-21T15:33:26.639Z	2026-05-18T14:49:29.086Z
1RIFs6rH-byiPp-N6VGvhGAmHZawzhEUCiYx5M1YCG_Y	BOLSA 3 MADRID - 21/05/2026 - TRAMITACIÓN SUBVENCIONES ACCESIBILIDAD	application/vnd.google-apps.document	2026-05-21T15:39:35.167Z	2026-05-21T15:36:06.927Z
1PosldhqjGljtxnxdT6SfP0yWVcOxWpAMVQ30DCVFXXQ	GABRIEL USERA 56 MADRID - 21/05/2026 - PROYECTO ASCENSOR	application/vnd.google-apps.document	2026-05-21T16:23:25.916Z	2026-05-21T16:20:41.630Z
1NEJ5L1lR-yLSGPvH2LDt7jKtEloFHBG3e2bYR2knOv8	ALFONSO XIII 8 PARLA MADRID - 21/05/2026 - PRY ASCENSOR + SUBVENCIONES	application/vnd.google-apps.document	2026-05-21T15:25:26.357Z	2026-05-21T15:08:55.843Z
14a7M_tWCFRtG8Wq-bSoEOeKRQ7RAsRUagpb-5VgnBMU	MODF ACEUCHAL 18 MADRID - 19/03/2026 - SUBV PRY PROP	application/vnd.google-apps.document	2026-05-21T12:03:24.915Z	2026-03-19T07:04:39.887Z
1L-1pIm0T_qLh1T3hW9QGqwXb68riUhkGtaBmlDVmTUE	AV COLMENAR VIEJO 8 SAN SEBASTIAN DE LOS REYES - 21/05/2026 - PRY ASC+CSS	application/vnd.google-apps.document	2026-05-21T10:07:19.121Z	2026-05-21T08:30:42.192Z
1DusKT3z6h_XPuaKYkR-gAAdaapEreOAx-xlMapuCuCk	AV COLMENAR VIEJO 8 SAN SEBASTIAN DE LOS REYES - 21/05/2026 - SUBV PRY PROP	application/vnd.google-apps.document	2026-05-21T08:45:15.655Z	2026-05-21T08:31:23.506Z
1q7ZtunZClv0OKz7SLP4FOd_qYVwfV9ORKFdiWg4pPNA	AV COLMENAR VIEJO 6 SAN SEBASTIAN DE LOS REYES - 21/05/2026 - PRY ASC+CSS	application/vnd.google-apps.document	2026-05-21T09:24:15.079Z	2026-05-21T08:25:41.537Z
1QSbNRv06Ndxw7Gi8XhzMRQ4uh81ftM_5vbfMRq7zdIA	AV COLMENAR VIEJO 4 SAN SEBASTIAN DE LOS REYES - 21/05/2026 - PRY ASC+CSS	application/vnd.google-apps.document	2026-05-21T09:24:33.530Z	2026-05-21T08:30:25.881Z
1mZ0ftLtxtfxhqlAEQZNTprFY-noaE3naKRVMeiIfR0k	AV COLMENAR VIEJO 4 SAN SEBASTIAN DE LOS REYES - 21/05/2026 - SUBV PRY PROP	application/vnd.google-apps.document	2026-05-21T08:42:35.845Z	2026-05-21T08:31:11.867Z
1eWG7YpMfT5BRarzsYJDvRpBHkL8iKClz_SxLR0ZaSPo	AV COLMENAR VIEJO 6 SAN SEBASTIAN DE LOS REYES - 21/05/2026 - SUBV PRY PROP	application/vnd.google-apps.document	2026-05-21T08:39:48.609Z	2026-05-21T08:25:55.995Z
1gDKoMFPlyKQx8wtGhgiGk_ZuWbK48-x6_HWJiSgySuc	AV QUINTA 6 MADRID - 19/05/2026 - SUBV PRY PROP ASC	application/vnd.google-apps.document	2026-05-20T12:31:13.518Z	2026-05-19T10:42:20.073Z
10zp2icqj6YpF5hH6RCsqYw448OT_oZMoDH7au-afLic	ALFREDO ALEIX 44 MADRID - 20/05/2026 - SUBV PRY PROP	application/vnd.google-apps.document	2026-05-20T10:00:48.291Z	2026-05-20T09:57:49.420Z
16ERqkw6DH8CmIdmNs7vKnAotTVhPEYF1OMXxJ5fg_cs	CALLE CAÑADA 22 ALCORCÓN  - 20/05/2026 - SUBV PRY PROP	application/vnd.google-apps.document	2026-05-20T09:43:53.050Z	2026-05-20T09:26:19.699Z
1g_-QzgdG3OqwBUUJEdA5yfDBK6cyqXyPewxhoZ6KfeQ	ALFREDO ALEIX 44 MADRID - 20/05/2026 - PRY SATE	application/vnd.google-apps.document	2026-05-20T10:15:17.212Z	2026-05-20T09:58:32.155Z
1yzUNDmySjCnNnbaqlKuRKFTwUucWLmNStxfTxcWRM-4	CALLE CAÑADA 22 ALCORCÓN  - 20/05/2026 - PRY ASC	application/vnd.google-apps.document	2026-05-20T09:31:26.427Z	2026-05-20T09:13:49.015Z
1B0vtifC5FuQpXmaGvbEFw3ujrnfliXo-QtS18SpXSGM	VALDEMORO 8 FUENLABRADA - 19/05/2026 - SATE + CUBIERTA + SUBVENCIONES	application/vnd.google-apps.document	2026-05-19T08:56:06.283Z	2026-05-19T08:53:29.408Z
1s5A6suvjwLIPJyXlr0NPAPeSeZnZzmPuTTFQB66hxDI	ARMENTEROS 51 MADRID - 19/05/2026 - SUBV ACCESIBILIDAD	application/vnd.google-apps.document	2026-05-19T09:20:28.786Z	2026-05-19T09:16:25.609Z
18p9oz5aVeAmVxJw-CD9HaAVGTEN93A26YAD_buouzfU	CONRADO DEL CAMPO 4 MADRID - 19/05/2026 - SUBVENCION EF.ENERGÉTICA	application/vnd.google-apps.document	2026-05-19T09:05:34.068Z	2026-05-19T09:02:53.758Z
1qMRosIvntJ8NpIlIAsXaEIbcy73b9xO196t1-TUV0PI	CONRADO DEL CAMPO 4 MADRID - 18/05/2026 - SUBVENCIONES PROY EXTERNO	application/vnd.google-apps.document	2026-05-19T09:04:04.772Z	2026-05-18T15:45:56.273Z
1dP2cvB9ErUrk6Z_SwZd7wgZ0yiytBh-lyFPrQou8fT0	ARMENTEROS 51 MADRID - 19/05/2026 - SUBV EFICIENCIA ENERGÉTICA	application/vnd.google-apps.document	2026-05-19T09:20:50.999Z	2026-05-19T09:16:54.209Z
1QWZ1Kh8bbBOJZpEbT44RPCk7uHF6_nOdVspYfq-Lwxs	ARMENTEROS 51 MADRID - 18/05/2026 - PRY ASCENSOR	application/vnd.google-apps.document	2026-05-19T07:48:36.782Z	2026-05-19T07:43:26.325Z
1jVg_bGH5Zawc-jBveEbE70VQMTKPCJRg4WmBZcuNw00	ARMENTEROS 51 MADRID - 18/05/2026 - SATE FACHADA	application/vnd.google-apps.document	2026-05-18T15:30:08.310Z	2026-05-18T15:27:01.531Z
1PvyfuGHqSNPvCyhLNgR_hHnK2TDijAuymaaSNL1QWuM	SANTA COLOMA 9 MADRID - 17/05/2026 - PRY SATE FACHADA + SUBV	application/vnd.google-apps.document	2026-05-18T15:37:08.225Z	2026-05-17T09:22:28.838Z
1C1ItTh2hQsrq7hZ6sGLMkvWS0xiPT8v5dU8TgRIYbH4	ARMENTEROS 51 MADRID - 18/05/2026 - SUBVENCIONES	application/vnd.google-apps.document	2026-05-18T15:34:37.766Z	2026-05-18T15:32:14.400Z
1pd9YXKUrEXzhRE1zXCiwFSCTTBq4Eq6WW9kAKHs1kXA	COMANDANTE FORTEA 28 MADRID - 17/05/2026 - PRY SATE FACHADA Y CUBIERTA + SUBV	application/vnd.google-apps.document	2026-05-18T15:39:13.828Z	2026-05-17T09:31:56.901Z
1LkVljc38U1n6eKyWs3araqBnWhHkcjhJ8kRPMF683Pc	VILLALOBOS 73 MADRID - 18/05/2026 - IEE	application/vnd.google-apps.document	2026-05-18T15:05:18.161Z	2026-05-18T15:03:23.378Z
1fZICueGzy_gQog6t5C8RH_59Z8yq0G09-7v6-eguEtI	SAN FELIPE 3 TORREJON DE ARDOZ - 18/05/2026 - PRY SATE+SUBV	application/vnd.google-apps.document	2026-05-18T08:25:43.155Z	2026-05-18T07:45:29.395Z
1wSR_4ss4w1i06dYFITD3_GmqVIQbCTJEDYFfxrTjUhI	HERNAN CORTES 5-7 TORREJON DE ARDOZ - 18/05/2026 - PRY SATE+SUBV	application/vnd.google-apps.document	2026-05-18T08:26:52.381Z	2026-05-18T08:20:08.730Z
118LFjDH8iJQ8Emp4dc0rUqOI7CD4FHwQo-m5KRNq20w	MADRES PLAZA DE MAYO 28 MADRID - 14/05/2026 - PRY ASC+SUBV	application/vnd.google-apps.document	2026-05-18T06:57:19.003Z	2026-05-18T06:44:07.199Z
1mOAHZJnEwXJvpHtzNLRUxKtZPMtKrr5PtG1LUToTWh4	ALFONSO XII MADRID  - 17/05/2026 - PRY ASC + SUBV	application/vnd.google-apps.document	2026-05-17T10:30:02.295Z	2026-05-17T10:25:05.829Z
1wKkoKiRg6aDR18a7GarZw6v21-ZsDNA8qQGiVx56kB8	ESPERANZA 11 MADRID - 17/05/2026 - IEE	application/vnd.google-apps.document	2026-05-17T10:17:32.736Z	2026-05-17T10:16:35.777Z
1KCnAhqUC-QuRhfyeWrqVwFj7IJEY6LSP1JPhj9-Cdyw	CONRADO DEL CAMPO 4 MADRID - 17/05/2026 - PRY SATE+ACCES+SANEAMIENTO+SUBV	application/vnd.google-apps.document	2026-05-17T10:29:20.428Z	2026-05-17T09:41:27.490Z
1ajsUK82g-DA6R2xJyp_y5Hi_NexWr9jWcdtAF5KkJUI	POLVORANCA 6  - 17/05/2026 - IEE	application/vnd.google-apps.document	2026-05-17T10:15:24.183Z	2026-05-17T10:13:55.086Z
17td4zgoDLG6uzIQH_Y9SzLmSSicj7Tp_JPlDn-3YxQo	AVDA MARQUES DE CORBERA 34 B MADRID - 17/05/2026 - PRY ASC + SUBV	application/vnd.google-apps.document	2026-05-17T09:09:09.966Z	2026-05-17T09:07:41.760Z
1KJrLqQwd0DSioVSoPusVaBj5JUMj2ni525bC0qr0urM	HE VILLAFUERTE 17 MADRID - 17/05/2026 - PRY PLATAFORMA VERTICAL	application/vnd.google-apps.document	2026-05-17T09:01:20.803Z	2026-05-17T08:52:08.505Z
1Fw9jhjJmNxiWqnkyTQAYfXMrH3Gd3pAn4PUNvWpeLAc	PUERTO DE COTOS 11 MADRID - 16/05/2026 - PRY BAJADA COTA 0 Y MODIF.ASC	application/vnd.google-apps.document	2026-05-16T17:06:03.196Z	2026-05-16T17:04:03.618Z
18d_zSI5kX2LMHJyiif74NInUjVazK8jP2vTgeeTISes	PUERTO DE COTOS 11 MADRID - 16/05/2026 - PLATAFORMA VERTICAL	application/vnd.google-apps.document	2026-05-16T16:52:51.128Z	2026-05-16T16:49:29.248Z
13sXuEt_PhlmjnGWDpS4XewpNi7KUytfHlWP_q2_dRbg	GENERAL SERRANO ORIVE 1 MADRID - 16/05/2026 - PRY ASC + SUBV	application/vnd.google-apps.document	2026-05-16T17:20:39.318Z	2026-05-16T17:19:08.249Z
1GgNupxkuRDC0dQVGX2fcp7Bn6YwRIiii9yt0xB6U6js	SEO DE URGEL 15 MADRID - 16/05/2026 - PRY MODIFICACIÓN ASC + SUBV	application/vnd.google-apps.document	2026-05-16T16:09:23.818Z	2026-05-16T16:06:05.357Z
1EmUU8qhK2P54Eqbe6VRcxR2I6XSXljCthOpHmHjIL44	SEO DE URGEL 13 MADRID - 16/05/2026 - PRY MODIFICACIÓN ASC + SUBV	application/vnd.google-apps.document	2026-05-16T16:09:06.937Z	2026-05-16T16:05:34.207Z
1Dz9Mhbl_K0_Q-EXNL3OkR3WA8iFH4oQExrEU04P86B4	HUERTAS 55 MADRID - 16/05/2026 - PRY ASC + SUBV	application/vnd.google-apps.document	2026-05-16T16:28:44.145Z	2026-05-16T16:26:58.480Z
1-0quH05hUuM38mJpBLRjRANXnYCPSdZs2xEf_3BKxvo	HE TOMAS APARICIO 3 MADRID - 16/05/2026 - PRY ASC + SUBV	application/vnd.google-apps.document	2026-05-16T15:47:40.606Z	2026-05-16T15:39:46.267Z
1EsCZWcn57vVmsu1c6WT6l_nctbUa7uWG5CNTlYttGR0	LA CORUÑA 2 MADRID - 14/05/2026 - SUBV PRY PROP	application/vnd.google-apps.document	2026-05-14T14:48:06.589Z	2026-05-14T14:39:50.971Z
14R4xsKo6hbq0siu5LrSmnAnp9NiDRHcozeb2tq5xeDc	LUIS GÓMEZ 6 MADRID - 14/05/2026 - PRY ASC+SUBV	application/vnd.google-apps.document	2026-05-14T09:01:55.449Z	2026-05-14T08:46:24.364Z
1mHxd9QkdMqQsI-XBYFcNjND1iiMoPnNi	LUIS GÓMEZ 6 MADRID 14-05-26 INFORME DE VIABILIDAD  .pdf	application/pdf	2026-05-14T09:19:52Z	2026-05-14T09:21:47.311Z
16SP1u4fl6-4i7-S8d-2AohD_UUIGKRvJKoMWJDjaNyA	CALLE 1492 NO 6 SAN SEBASTIÁN DE LOS REYES - 14/05/2026 - PRY ASC+SUBV	application/vnd.google-apps.document	2026-05-14T06:57:41.888Z	2026-05-14T06:52:29.619Z
1QfMqUSfUdpSYHDI1T-aFE0zs6SOvYR71m1emGMZpWV8	BRAVO MURILLO 177 MADRID - 13/05/2026 - ENVOLVENTE TÉRMICA	application/vnd.google-apps.document	2026-05-13T18:24:22.608Z	2026-05-13T17:41:23.311Z
1YH_qPcPTJNLNZUwZz9BD7fdCUWdRjOiAceo2svSDWtA	BRAVO MURILLO 177 MADRID - 13/05/2026 - PROY 2 ASCENSORES	application/vnd.google-apps.document	2026-05-13T18:17:33.444Z	2026-05-13T17:51:24.080Z
15d-g-UBNzlAmhoJBa-MJ9JmEACGOxkWw9zNzkmPlLxk	BRAVO MURILLO 177 MADRID - 13/05/2026 - TRAMITACIÓN SUBVENCIONES	application/vnd.google-apps.document	2026-05-13T18:00:23.217Z	2026-05-13T17:56:41.163Z
1CTNZapcp_VCl5fFoVbxRCMYBnFYs6g_UCNbFvdeJ8PE	MONCADA 101 MADRID - 12/05/2026 - TRAMITACIÓN SUBVENCIONES	application/vnd.google-apps.document	2026-05-13T07:58:05.628Z	2026-05-12T11:17:42.149Z
1crCJgK-v6CD1uhHREkr7Pio1eEi4h3e661LEQhCMtXU	MONCADA 102 MADRID - 12/05/2026 - TRAMITACIÓN SUBVENCIONES	application/vnd.google-apps.document	2026-05-13T07:56:46.195Z	2026-05-12T11:22:16.146Z
1v4HvszAcwFSOkuHOsQJygv07ox87dV7S	Banderas De Castilla 25 Talavera De La Reina 12-05-26INFORME DE VIABILIDAD  -F.pdf	application/pdf	2026-05-12T14:01:32Z	2026-05-12T14:06:36.747Z
1Ggs_bRQ9YP680z1cAm06Gk0SjR1GeTpC0b4cPi8aB8U	BANDERAS DE CASTILLA 25 TALAVERA DE LA REINA - 12/05/2026 - PRY ASC+SUBV	application/vnd.google-apps.document	2026-05-12T14:04:16.030Z	2026-05-12T12:59:51.107Z
1upXHh26_MmRJYE2zpxw7GlkrCajpa1wY-6zG5hQN2dw	PASEO PERALES 15 PORTAL 1 - 12/05/2026 - TRAMITACIÓN DE SUBVENCIONES	application/vnd.google-apps.document	2026-05-12T12:59:31.751Z	2026-05-12T11:01:36.222Z
1EfygoOZhs3347Bjap75t7IMWvBl_jlUYT2O4ET2QaJ8	MAR MENOR 12 MADRID - 12/05/2026 - TRAMITACIÓN SUBVENCIONES	application/vnd.google-apps.document	2026-05-12T12:58:00.701Z	2026-05-12T11:08:03.088Z
1LWAIeciVJ0IW5J2iu-nP5mw3rJ-g8n1cBLRzbVLuR60	PASEO PERALES 15 PORTAL 5 - 12/05/2026 - TRAMITACIÓN DE SUBVENCIONES	application/vnd.google-apps.document	2026-05-12T12:59:00.043Z	2026-05-12T11:03:32.130Z
1mAybcafNpyP_y71J0jbNok4xGiHPoq8Mv0eRaA60Je0	TRAVESIA PALOMERAS 7 MADRID - 12/05/2026 - SATE + SUBVENCIONES	application/vnd.google-apps.document	2026-05-12T13:17:12.303Z	2026-05-12T13:09:16.594Z
18nnGrxYwtH-8do6jd9aoYj9H3j2flrbwBbvIeUOeaHI	LA CORUÑA 2 MADRID - 12/05/2026 - PRY ASC +CSS	application/vnd.google-apps.document	2026-05-12T11:09:22.052Z	2026-05-12T11:06:08.740Z
1yt824j5GanJ1Gg5Db0zu2i81vyViLKttJsuRWL-_B7k	AVDA ALBUFERA 145 MADRID - 12/05/2026 - TRAMITACIÓN DE SUBVENCIONES	application/vnd.google-apps.document	2026-05-12T10:54:32.051Z	2026-05-12T10:48:41.740Z
1uL3p_DAod-ozWBTiN4-th0X5Dzoz-AO_cNZBuyyJxjA	AVDA ALBUFERA 145 MADRID - 12/05/2026 - IEE	application/vnd.google-apps.document	2026-05-12T10:57:48.974Z	2026-05-12T10:56:35.190Z
1hipnlvzUkjrqSoVsDLhr8iJXOgHDv_qqXqETbsnW24E	RAFAEL CALVO 9 MADRID - 12/05/2026 - RENOV SUBV 2026	application/vnd.google-apps.document	2026-05-12T08:44:07.152Z	2026-05-12T07:32:14.505Z
1ItszybEydNgq08dYx2p5yt4ALEWGjfNBvAz0_K3N4V0	VALDERROBRES 37 MADRID - 12/05/2026 - RENOV SUBV 2026	application/vnd.google-apps.document	2026-05-12T07:44:21.653Z	2026-05-12T07:32:30.964Z
1v1j5yelKnuQNaBfSEYeTOr5YNKFKLpD1	VAZQUEZ DE MELLA 39 MADRID 12-05-26 INFORME DE VIABILIDAD.pdf	application/pdf	2026-05-12T06:50:29Z	2026-05-12T06:55:38.003Z
1mbVeGYEUKPXla7VELs_r7Bi_sqBiX_X2L1--Lna1jkk	VAZQUEZ DE MELLA 39 MADRID - 11/05/2026 - PRY ASC +SUBV	application/vnd.google-apps.document	2026-05-12T06:05:08.447Z	2026-05-11T13:42:49.475Z
1n5LERIigaaC80Uc4v-z34CuYfll5PmUU	FRANCISCO MADARIAGA 15 MADRID 11-05-26 INFORME DE VIABILIDAD F .pdf	application/pdf	2026-05-11T13:01:29Z	2026-05-11T13:40:24.264Z
1LFRB97WTnYADClGXJCpykLelJYobLOM9WOcYgZJc4d8	FRANCISCO MADARIAGA 15 MADRID  - 11/05/2026 - PRY ASC +SUBV	application/vnd.google-apps.document	2026-05-11T12:21:11.155Z	2026-05-11T12:07:31.658Z
1XuZ0fXXVJngZ-yNjejYp0OqA2IBONER3EIlDrml2e_4	TUBO 5 HUMERA - 11/05/20256- ASC SUB	application/vnd.google-apps.document	2026-05-11T11:40:26.355Z	2025-12-16T08:46:05.607Z
1HFZcdueFYdFzHc94ZE9cafZaWOqq-U7y2hHrh-z6sTA	LLANOS DE ESCUDERO 6 MADRID - 20/04/2026 - SUBVENCIONES proy externo	application/vnd.google-apps.document	2026-05-11T10:45:48.206Z	2026-04-20T10:21:03.150Z
18T4YkW01YFFFMz0MRuLATP0YplzLvY7tdtO84uKGKMc	SERENA 25 MADRID - 06/05/2026 - IEE	application/vnd.google-apps.document	2026-05-06T08:36:05.326Z	2026-05-06T08:33:08.782Z
1NOEnsWrDURjmzHlPC-w76jdt7b9CiuJUENA-39YEW7c	SANTA ALICIA 31 MADRID - 06/05/2026 - IEE	application/vnd.google-apps.document	2026-05-06T08:32:34.345Z	2026-05-06T08:28:48.011Z
1Dpwrp00uXuGMNszpSNLcEit4MDgSXYNTlg5CU9SJ-Ws	CARDEÑOSA 47 MADRID - 06/05/2026 - IEE OK	application/vnd.google-apps.document	2026-05-06T07:56:51.409Z	2026-05-06T07:47:04.535Z
1sPb6T-l2-NBP1eKvd0OKHJCnHcFUVSChtlu3O3C3B28	MARTELL 18 MADRID - 06/05/2026 - IEE	application/vnd.google-apps.document	2026-05-06T07:56:02.226Z	2026-05-06T07:52:47.457Z
1f9UEnnaw7payF_a9AXN7R5m9-pz5mgh6SngOlR8ZZbM	PEÑA DE LA MIEL 5 MADRID - 06/05/2026 - IEE	application/vnd.google-apps.document	2026-05-06T08:00:42.454Z	2026-05-06T07:57:45.843Z
1ezytGnFL9Q-Um181s4Di8H_xAhDieCorkptibG46lBE	MOCHUELO 1 MADRID - 05/05/2026 - PRY ASC + SUBV	application/vnd.google-apps.document	2026-05-05T08:31:17.662Z	2026-05-05T08:27:54.328Z
1LpjJ9fHkYIjesCPsTxua6vuSdNrUFETM6Q0eD0y1pH4	JOAQUINA SANTANDER 37 TALAVERA DE LA REINA - 05/05/2026 - PRY ASC + SUBV	application/vnd.google-apps.document	2026-05-05T08:49:50.748Z	2026-05-05T08:47:23.232Z
112xBBUZTxsxw8xQpmWTmtoQv6U5rRml0iPf_tCHf350	ISTURIZ 9 MADRID - 05/05/2026 - PRY ASC + SUBV	application/vnd.google-apps.document	2026-05-05T08:20:22.599Z	2026-05-05T07:58:17.716Z
1b6srqNvNgwVP0E5u0wQOq9qbhmJlkp-y8TdjFY4jSc4	OSIRIS 17 HUMANES DE MADRID - 29/04/2026 - SATE + SUBV + CAES	application/vnd.google-apps.document	2026-05-05T06:33:55.276Z	2026-04-29T10:56:28.723Z
1dsFoTgHKOr5bD36aRlLajStLIgK_t_yfqTXvNZlIxao	OSIRIS 19 HUMANES DE MADRID - 29/04/2026 - SATE + SUBV + CAES	application/vnd.google-apps.document	2026-05-05T06:38:17.646Z	2026-04-29T11:06:59.050Z
1wAUt7sJrEt-dDP0-3EfS8CwfBLzq8UNwtY4vrf1txEE	PICO CEJO 9 MADRID - 05/05/2026 - SATE + SUBVENCIONES + CAES	application/vnd.google-apps.document	2026-05-05T07:03:47.841Z	2026-05-05T06:43:30.742Z
166GPwxZcN9bKwlG9FgRg8wEObZygEra31RHhKj85JO0	SAN CLAUDIO 55 - 01/05/2026 - TRAMITACIÓN SUBVENCIONES	application/vnd.google-apps.document	2026-05-01T15:26:12.236Z	2026-05-01T15:20:44.383Z
1O3pN40Bj9O9osOa_I4P7wATO8zlCuieea35Mo_OVVRM	SAN CLAUDIO 55 - 01/05/2026 - PRY ASCENSOR	application/vnd.google-apps.document	2026-05-01T15:22:41.220Z	2026-05-01T15:19:26.371Z
1QtnCW2TVtrsrefW9XrTNqFLkdohJhDV5	CONCILIO 11 ALCOBENDAS 2026 INFORME DE VIABILIDAD .pdf	application/pdf	2026-04-29T13:01:49Z	2026-04-29T13:04:16.125Z
1VcFKFxInirWRQThUBYc8FYep-QIRWb-P447dSzcRofU	MENDÍVIL 64 MADRID - 29/04/2026 - PRY ASC+SUBV	application/vnd.google-apps.document	2026-04-29T12:32:08.762Z	2026-04-29T12:26:22.341Z
1lP28aqguP_sBHvSv8fWleBFPW6nUsTNf	Mendívil 64 Madrid INFORME DE VIABILIDAD  .pdf	application/pdf	2026-04-29T12:56:30Z	2026-04-29T12:57:49.142Z
1nh9_7mfkR60B5p40i52AXTnQde6aB9_C-Owogm7jMD4	SAN CLAUDIO 99 MADRID - 29/04/2026 - PRY ASC+CSS	application/vnd.google-apps.document	2026-04-29T10:40:22.484Z	2026-04-29T10:17:03.136Z
1VTOzfpmkkdk64GI6bTdeMveLqlfNk2zI9tZ_DIoyipY	SAN CLAUDIO 99 MADRID - 29/04/2026 - TRAM SUBV PROY PROP	application/vnd.google-apps.document	2026-04-29T10:53:28.648Z	2026-04-29T10:46:14.284Z
1sRzhvldpSPHLbF4CNofawErcz-owglKw0qa4gjuPTUc	CONCILIO 11 ALCOBENDAS - 27/04/2026 - PRY ASC	application/vnd.google-apps.document	2026-04-29T10:23:18.719Z	2026-04-28T14:06:21.213Z
1SxDACHW8pvlSlEkXKqSP_FNu6BuuSz2jhZ1gTsh-X7I	BARBERÁN Y COLLAR 17 ALCALÁ DE HENARES - 29/04/2024 - PRY RAMPA+ASC+SUBVEN	application/vnd.google-apps.document	2026-04-29T08:46:45.515Z	2026-04-29T08:45:05.917Z
1STX1QgqHZyfnum1ASTxK6mmRAcOvGCJLkmyVaGX2kzQ	BARBERÁN Y COLLAR 15 ALCALÁ DE HENARES - 29/04/2024 - PRY ASCENSOR + SUBVENCIONES	application/vnd.google-apps.document	2026-04-29T08:40:28.569Z	2026-04-29T08:38:52.691Z
13zSrT0tUx3aFwsOoZc2_jVu54btaVvFvo1dI3KGBcTQ	WITERICO 20 MADRID - 29/04/2026 - PLATAF INCLINADA + SUBVENCIONES	application/vnd.google-apps.document	2026-04-29T07:55:13.009Z	2026-04-29T07:51:56.757Z
1k4eiukccWZ9gUWekAslc_idWdO0Nj5ugK37H_iGLN2U	JOSE PAULETE 5 MADRID - 29/04/2026 - SATE + SUBVENCIONES	application/vnd.google-apps.document	2026-04-29T07:46:25.751Z	2026-04-29T07:41:09.238Z
1LvxkYppqoudSuNh2wddmV7rJT3VKPqR11EiFORR7UoE	BARBERÁN Y COLLAR 13 ALCALÁ DE HENARES - 29/04/2024 - PRY ASCENSOR + SUBVENCIONES	application/vnd.google-apps.document	2026-04-29T08:24:49.604Z	2026-04-29T08:22:13.353Z
1KinyaguwRyKJesfhFIsCfzTLuS0jFpPaV6DBDQuW2Rg	LLANOS DE ESCUDERO 6 MADRID - 28/04/2026 - AISLAMIENTO DE CUBIERTA	application/vnd.google-apps.document	2026-04-28T16:42:08.283Z	2026-04-28T16:34:41.095Z
1ysAEWZQuo2TNs3tkWFMmjmO_tjTj-ksQkxnhtXzLNEM	TAJUYA 6 MADRID - 24/04/2026 - PRY ASC + SUBV	application/vnd.google-apps.document	2026-04-27T10:54:19.585Z	2026-04-24T11:03:02.085Z
1uNR6MIIA2EECqW_kFOjku4g4pXkJcK9LKb2Hm4N6wuw	CALDERÓN DE LA BARCA 5 LEGANES - 27/04/2026 - IEE	application/vnd.google-apps.document	2026-04-27T11:14:57.106Z	2026-04-27T11:13:52.923Z
1TIa36a0OdeIZmFFSCVqzA1IdF-Wex5DvVH_qTVFg84g	ALCALÁ DE GUADAIRA 38 MADRID - 27/04/2026 - ASCENSOR + SUBVENCIONES	application/vnd.google-apps.document	2026-04-27T11:03:28.815Z	2026-04-27T11:00:53.203Z
1RXxFSvmD-uTRO4YSv4QDguRXUE9QnheCzCGvy1QJ8nI	SAN CLAUDIO 51 MADRID - 27/04/2026 - IEE	application/vnd.google-apps.document	2026-04-27T11:09:49.189Z	2026-04-27T11:08:54.228Z
1wh7CN01HU6hnlRYq-c_xzr5s-4u-1hHFoaJG7ik0zUE	HE JOSE PAULETE 5 MADRID - 25/04/2026 - INFORME TÉCNICO REPARACIONES, PRESUPUESTOS Y MEDICIONES DE TRABAJOS A EJECUTAR	application/vnd.google-apps.document	2026-04-25T21:07:11.381Z	2026-04-25T21:02:04.168Z
1SEoUn2bFOu6PuxNpYuOF7dYfBxtJmPJQ	IV ENTREARROYOS 74 MADRID.pdf	application/pdf	2026-04-25T20:54:37Z	2026-04-26T16:44:51.212Z
1ZFvjFttM6QtIIgYQAepHKUhNNN7Tre1Yd03lPxiwf4E	HE JOSE PAULETE 5 MADRID - 25/04/2026 - IEE	application/vnd.google-apps.document	2026-04-25T20:59:14.463Z	2026-04-25T20:57:47.712Z
1-Y7bc3qDqltUBTB67e3FkljYoccR1fF2SNBn9xzOOEI	HE MONCADA 102 MADRID - 25/04/2026 - PLATAFORMA INCLINADA	application/vnd.google-apps.document	2026-04-25T20:00:12.198Z	2026-04-25T19:56:12.507Z
1JYQ-li0qGV6_UgQFY9vXB5YBTlALIM8NBuNZir_Ingc	HE ENTREARROYOS 74 MADRID - 25/04/2026 - INSTALACIÓN ASCENSOR	application/vnd.google-apps.document	2026-04-25T20:27:33.848Z	2026-04-25T20:17:10.792Z
19cE2eC48o4p-wL45C9HXvMvzozwJG8uRo-9kGEfsmiI	HE ENTREARROYOS 74 MADRID - 25/04/2026 - SATE CUBIERTA Y FACHADA	application/vnd.google-apps.document	2026-04-25T20:24:05.058Z	2026-04-25T20:15:13.388Z
1ze34d__qQXRS4N97Tf_AilD8O9s0mnlMcB-lHxfPDGM	HE ENTREARROYOS 74 MADRID - 25/04/2026 - SUBVENCIONES SATE Y ASCENSOR	application/vnd.google-apps.document	2026-04-25T20:29:58.530Z	2026-04-25T20:17:49.212Z
1N5GPjQWqK9e1kVX7yAnqy1EczP9zDsSEzZOiWsJcr4U	HE MONCADA 101 MADRID - 25/04/2026 - PLATAFORMA INCLINADA	application/vnd.google-apps.document	2026-04-25T20:00:19.089Z	2026-04-25T19:48:38.289Z
18xVQ28sWJbFGPr1hpZrQ4l-kx5FH9gTH	IV URB.NUEVO GRIÑON 1 GRIÑÓN.pdf	application/pdf	2026-04-25T14:45:44Z	2026-04-26T16:50:57.570Z
1MJZT8AMgNv4fxUUT_8g0IJjQDnJCNLKF33wHQLEkf6w	URB.NUEVO GRIÑON 1 GRIÑON - 25/04/2026 - INSTALACIÓN ASCENSOR + SUBVENCIONES	application/vnd.google-apps.document	2026-04-25T14:32:48.019Z	2026-04-25T14:29:13.353Z
1xudvTDKmB3IrmQLFJADsl50FQ89bQRg-uO0OimoVWYU	SANCHEZ BARCAIZTEGUI 14 - 25/04/2026 - CAMBIO DE ASCENSOR	application/vnd.google-apps.document	2026-04-25T13:34:05.109Z	2026-04-25T13:30:32.377Z
1bgwUgg6hBxWFeTn-I-qc5BVM2AKdPBZO	IV SANCHEZ BARCAIZTEGUI 14 25_04_2026.pdf	application/pdf	2026-04-25T13:47:55Z	2026-04-26T16:55:00.217Z
1jAZBRjnw5wdttBEl7D0CUQMCzNA8Ez44peGbVUrL6AE	SANCHEZ BARCAIZTEGUI 14 - 25/04/2026 - TRAMITACIÓN DE SUBVENCIONES	application/vnd.google-apps.document	2026-04-25T13:51:23.585Z	2026-04-25T13:48:56.238Z
1dTsDO0wmj3bKprrJEhCmUeMJ8St1eC4U9JEe2gRSXQs	MATARÓ 13 MADRID - 25/04/2026 - INSTALACIÓN DE ASCENSOR	application/vnd.google-apps.document	2026-04-25T14:07:27.801Z	2026-04-25T13:56:40.554Z
13P50cI1A_AQ99_uLKXFph_AfiBpcI03csq_aZTEaJ9s	GOMEZNARRO 10 MADRID - 25/04/2026 - INSTALACIÓN DE ASCENSOR	application/vnd.google-apps.document	2026-04-25T14:13:16.890Z	2026-04-25T14:10:04.377Z
1gUjixms79HHNPoWFaCwBuEgnohelGCUeWBQXuoPU_0o	SERENA 23 MADRID - 25/04/2026 - ASCENSOR + SUBVENCIONES	application/vnd.google-apps.document	2026-04-25T12:46:10.759Z	2026-04-25T12:39:07.272Z
15jWzyk0ULxQZlXf4ZcpFXPOUI90XaV3JGv6nOfVezOs	JOSE PAULETE 20 - 25/04/2026 - ACCESIBILIDAD PLATAFORMA VERTICAL	application/vnd.google-apps.document	2026-04-25T13:09:49.875Z	2026-04-25T13:05:40.641Z
1UkJ4z0TkWrJdZzF4-e4br0loFqmzN7Kz	IV SERENA 23 MADRID 25_04_2026.pdf	application/pdf	2026-04-25T13:01:18Z	2026-04-26T16:57:07.339Z
19Delwge9xG2GZr_omPOu-7OHyuVBJ_ppji2srTpYUBA	JOSE PAULETE 20 - 25/04/2026 - TRAMITACIÓN SUBVENCIONES	application/vnd.google-apps.document	2026-04-25T13:26:12.279Z	2026-04-25T13:22:37.661Z
1TEvHI7IHZra9CF3df0t2boEmNvZRspR7	IV JOSE PAULETE 20 MADRID 25_04_2026.pdf	application/pdf	2026-04-25T13:21:10Z	2026-04-26T16:55:28.305Z
1Ql_hqyfqBnOA6fXFUhM7jB-w7-hu4DRljMhHYP3ol98	SAN ROBERTO 8 MADRID - 24/04/2026 - PRY DE DRENAJE PERIMETRAL EN VIA PUB Y PROP PRIV	application/vnd.google-apps.document	2026-04-24T11:52:28.831Z	2026-04-24T11:41:05.635Z
1bkU_IpnDKVLIR15zVzHPVM_fpG5kvu8cJPvEsvqtZBE	REAL VIEJA 5 SAN SEBASTIAN DE LOS REYES - 09/02/2026 - ASC	application/vnd.google-apps.document	2026-04-24T08:20:00.374Z	2026-02-09T14:30:42.766Z
1b23QM6y_mF3_yyejrB8E7p2lcZHyTYn4azAECfmtUW8	VALDECANILLAS 82 MADRID - 23/04/2026 - 19 TRASTEROS	application/vnd.google-apps.document	2026-04-23T16:50:36.217Z	2026-04-22T17:59:46Z
1ev8NDgjPNZjvQclORszXq1EExcJqMWJ_d3RBeDEhMNQ	PEÑA RUBIA 1 MADRID - 15/04/2026 - PRY ASC+SUBV	application/vnd.google-apps.document	2026-04-22T18:04:00.008Z	2026-04-15T07:45:29.450Z
11pGHrcT3WRtZFSkVvdr-fUCWRhOsKK6NaPyAjxjCZRc	CASABERMEJA 4 MADRID - 21/04/2026 - SATE + SUBVENCIONES	application/vnd.google-apps.document	2026-04-21T17:42:30.525Z	2026-04-21T17:24:40.589Z
1yAqZ64ZDRGIYZu8bqnvCjHz81mLOlyc_	IV PILAR 17. SSR OKOK.pdf	application/pdf	2026-04-21T09:45:14Z	2026-04-21T09:45:45.671Z
1hvYoBwskPf0yeSs3QkCu1mVP94KxzB41-hApIXZ_Ip0	HE PILAR 17 SSR -OK  24/04/2026 - ASCENSOR + SUBVENCIONES	application/vnd.google-apps.document	2026-04-21T09:33:51.260Z	2026-04-21T08:15:17.347Z
1UUoozwrNeAVlzWMWdZdsDA5PEzOlcdDy	IV PILAR 17 SSR .pdf	application/pdf	2026-04-21T08:34:27Z	2026-04-21T08:38:09.319Z
1uQIVvsFnKSwdRtxLChSiZmaW6j0ZP3mbo5Rn_UBjyhM	BALAGUER 4 MADRID - 20/04/2026 - SUBVENCIONES ACCESIBILIDAD	application/vnd.google-apps.document	2026-04-20T10:17:26.650Z	2026-04-20T10:09:51.196Z
1dEVRxwEwdzdh1_s60BGMhtUlokpPVUtu7sy4e1RmRHk	ALORA 25 MADRID - 17/04/2026 - SATE + SUBVENCIONES	application/vnd.google-apps.document	2026-04-20T07:50:51.318Z	2026-04-17T17:04:55.249Z
1fyKg3o_bXPnD58LqO9sO7YTw2suOwtEugsku_0Pfnvc	DOCTOR VALLEJO 39 MADRID - 23/07/2025 - PRY+SUBV	application/vnd.google-apps.document	2026-04-16T12:14:01.477Z	2025-07-23T10:59:37.380Z
1rb4G2Ee5xbsbV7xUAQSgYIRARFCdJTVfv6XPm9Nt1M8	PICO CEJOS 55 MADRID - 15/04/2026 - PRY SATE+SUBV	application/vnd.google-apps.document	2026-04-15T11:12:16.049Z	2026-04-15T06:59:51.458Z
1HMNYjFJoee3tIScJpD_IvbG6bcMnErTs	PEÑAS RUBIAS 1 MADRID 15-04-2026 INFORME DE VIABILIDAD .pdf	application/pdf	2026-04-15T10:20:02Z	2026-04-15T13:45:58.227Z
15Ar-45HHJnuFFcXUgtDZ_LTHeqdcpHr-m_-eBdZgofE	PICO VELETA 5 MADRID - 14/04/2026 - PRY ACC+SUBV	application/vnd.google-apps.document	2026-04-15T08:30:35.815Z	2026-04-14T11:02:18.673Z
1wjCdcfveKG19pxjttVScA4jVxBm-7c5icIxVbVGCjQk	CARABANCHEL 128 MADRID - 07/04/2026 - PRY ASC+SATE	application/vnd.google-apps.document	2026-04-15T07:12:53.912Z	2026-04-07T12:15:25.653Z
12Bkmugdd8BHn2I2P2HzLwlDvxks33KhQ_LbifSHABRc	CONDESA DE TEBA 10 MADRID - 14/04/2026 - satecaes	application/vnd.google-apps.document	2026-04-14T16:11:41.802Z	2026-04-14T16:06:30.073Z
1X9_XRG7HJhUOX7lYfdcttLMA34il0tUr6MrHv-oMaVQ	CONDESA DE TEBA 10 MADRID - 14/04/2026 - ascsub	application/vnd.google-apps.document	2026-04-14T16:02:18.820Z	2026-04-14T16:00:55.940Z
1rlvcpI8Th_yk0U3ITlhaJh7QeBdjwKNg-u52ZKg_OH0	CAVA BAJA 21 MADRID - 14/04/2026 - ASC	application/vnd.google-apps.document	2026-04-14T14:58:37.085Z	2026-04-14T14:54:10.349Z
1x_CXqCYlGfiCeMxv3lZaojL9RP-niRYf	PICO VELETA 5 MADRID 14-04-2026 INFORME DE VIABILIDAD.pdf	application/pdf	2026-04-14T12:11:30Z	2026-04-15T09:33:46.879Z
1VLn0Wiv6LcD-Kn1gZHiXpE0NG-XNTjxLTC13O1U6btQ	ENRIQUE FUENTES 27 MADRID - 14/04/2026 - SATE  SUBVENCIONES	application/vnd.google-apps.document	2026-04-14T11:37:18.102Z	2026-04-14T11:30:30.942Z
1ZV2NfZYJpSITGc5vYMggwrLD5HWJ_XYOfxelNjwzEnE	BRAVO MURILLO 177 MADRID - 13/04/2026 - SATE	application/vnd.google-apps.document	2026-04-13T14:37:58.693Z	2026-04-13T14:36:04.198Z
1-hMKMSU6Lbm1SLJGLUafdi6j157h_nNy1UwoQ50PPM4	BRAVO MURILLO 177 MADRID - 13/04/2026 - INSTALACIÓN ASCENSOR	application/vnd.google-apps.document	2026-04-13T14:48:06.068Z	2026-04-13T14:45:58.991Z
1K9Wz3wvyrfg84UXyqEb9oJYCSKYMo-ZMe7FSf9BIkVc	EMILIO GASTESI FERNANDEZ 40 MADRID - 13/04/2026 - SATE	application/vnd.google-apps.document	2026-04-13T15:09:28.915Z	2026-04-13T15:08:21.674Z
1-c3eImK-FHGgXMQ8AMxBsASeFXBCVysitDi1o6dPT9g	BRAVO MURILLO 177 MADRID - 13/04/2026 - SUBVENCIONES EFICIENCIA ENERGÉTICA	application/vnd.google-apps.document	2026-04-13T14:43:31.891Z	2026-04-13T14:41:11.661Z
1yYh2N8nBKnfJw2eH9Jq5-1D1bSVFYx8CAifBUWsau9E	EMILIO GASTESI FERNANDEZ 40 MADRID - 13/04/2026 - SUBVENCIONES EFICIENCIA ENERGÉTICA	application/vnd.google-apps.document	2026-04-13T15:15:27.047Z	2026-04-13T15:12:23.545Z
1nLQr0R0oi1CRnH141LDs9Rq8FFSjXvlJT4s3aflMJm8	LOPEZ GRASS 60 MADRID - 13/04/2026 - SATE + SUBVENCIONES	application/vnd.google-apps.document	2026-04-13T14:23:00.680Z	2026-04-13T14:19:51.509Z
1F_bmh3FQAmh8bwI3WdXTMW0Sir3lvc2V6Bjo0TYXi8k	CORREGIDOR ALONSO DE TOBAR 16 MADRID - 11/04/2026 - MODIFICACIÓN PARADAS ASCENSOR EXISTENTE	application/vnd.google-apps.document	2026-04-11T16:03:31.793Z	2026-04-11T15:59:41.681Z
1veK70YDDclIIb6LRsif3qn_QHkJgHV7NAUWDXe9uqG8	NECTAR 31 PORTAL 1,2 Y 3 - 11/04/2026 - TRAMITACIÓN DE SUBVENCIONES	application/vnd.google-apps.document	2026-04-11T15:48:37.064Z	2026-04-11T15:46:13.740Z
1bw-GJx3wYQxB4UUHP6XBB969F_QYU-cnRlpLPzQJzK0	CORREGIDOR ALONSO DE TOBAR 16 MADRID - 11/04/2026 - TRAMITACIÓN SUBVENCIONES	application/vnd.google-apps.document	2026-04-11T16:07:49.404Z	2026-04-11T16:06:04.649Z
1IXgoxc-jYtk4UfY5SOTbZbUzpXnAEM-feUWyN1lU5fw	AVDA SAN DIEGO 110 MADRID - 11/04/2026 - INSTALACIÓN DE ASCENSOR	application/vnd.google-apps.document	2026-04-11T14:41:12.038Z	2026-04-11T14:31:10.593Z
1ZIZzOVvyrZ9N1nA887u61YJCKCW66gEGQUPzA03nA78	AVDA SAN DIEGO 110 MADRID - 11/04/2026 - TRAMITACIÓN DE SUBVENCIONES	application/vnd.google-apps.document	2026-04-11T14:44:42.917Z	2026-04-11T14:32:47.725Z
14tb9Q8_7Oj5jENzIoVK2i_563m9SjeBPiGU2MTaNmE8	AVDA SAN DIEGO 110 MADRID - 11/04/2026 - SATE	application/vnd.google-apps.document	2026-04-11T14:38:28.372Z	2026-04-11T14:29:36.175Z
14ZnAGulPyc9r6cHocf0hSe-bqDi_rgBrSXxDvEwPWuY	NECTAR 31 PORTAL 1 - 11/04/2026 - TRAMITACIÓN SUBVENCIONES	application/vnd.google-apps.document	2026-04-11T14:58:29.129Z	2026-04-11T14:53:48.695Z
1jhgdllKbTddUI5utZwlHhhQb4aXouaCGi_hdBMuNnkk	NECTAR 31 PORTAL 2 - 11/04/2026 - TRAMITACIÓN DE SUBVENCIONES	application/vnd.google-apps.document	2026-04-11T14:59:44.634Z	2026-04-11T14:54:16.412Z
12vQf_87zQRhQEhEI6CFotsaDdebqDutD6WuLZlC7jao	NECTAR 31 PORTAL3 - 11/04/2026 - TRAMITACIÓN DE SUBVENCIONES	application/vnd.google-apps.document	2026-04-11T15:01:00.083Z	2026-04-11T14:54:50.964Z
1NjZ-Ouewjd8qO10JgZVv9Ou52afd7CBX2ADeRG7ZPcs	REGIONES 10 FUENLABRADA - 10/04/2026 - PLATVERTICA	application/vnd.google-apps.document	2026-04-10T14:17:31.486Z	2026-04-10T14:10:12.331Z
1sucv6NFj1SK-JfrSnBy_upT5VMtR3KH37eLUioJ7hkM	VIA LUSITANA 130 MADRID - 10/04/2026 - PRY  2 ASC Y ACC + CSS	application/vnd.google-apps.document	2026-04-10T09:50:11.433Z	2026-04-10T09:14:33.213Z
1tGoZnpH0HImHC_CKGJNJ2JbOSvjXhWVdsglnM6g27JI	ARGÜESO 7 MADRID - 10/04/2026 - PRY ACC +CSS	application/vnd.google-apps.document	2026-04-10T06:46:55.797Z	2026-04-10T06:39:13.959Z
12vGFcwCfEicBd-kYXl_7nRUxPsf7Rzo_oUKDPIDIY74	CASTILLA LA NUEVA 22 FUENLABRADA - 09/04/2026 - PRY ACC+CSS	application/vnd.google-apps.document	2026-04-09T13:20:12.062Z	2026-04-09T13:07:31.591Z
10zaxl0CMCUWFu8zT0WCeXd6jrYDQI5eMaKgNKOwzU7I	RAMON GOMEZ DE LA SERNA 45 MADRID - 09/04/2026 - SUSTICIONDUPLEXASCENSORES	application/vnd.google-apps.document	2026-04-09T12:02:39.156Z	2026-04-09T12:00:18.858Z
1RbfMhGvtoPurZlG9gh9prfvxTHvrVlFr5lNlKGIk9qs	CERRO CASTAÑAR 187  - 09/04/2026 - SUSTICIONASCENSOR	application/vnd.google-apps.document	2026-04-09T11:55:49.922Z	2026-04-09T11:51:58.670Z
1C2JM0fHWdX1eosHbUU9wAa-AJQSO8SO8TlajS7BLHSQ	MENORCA 40 MADRID - 09/04/2026 - PRY ACC+SUBV	application/vnd.google-apps.document	2026-04-09T10:01:55.396Z	2026-04-09T08:19:17.339Z
1rl61MExApx59tFOSmtR23hMUuzh0myweCrMKn4Xe8GE	VIRGEN DE ARANZAZU 27 MADRID - 08/04/2026 - SATE	application/vnd.google-apps.document	2026-04-08T14:57:00.645Z	2026-04-08T14:40:19.300Z
1aasOO5w3Z0dZn8veVi3ou886EGtlF4uDk65zt-pDWGU	EL PROVENCIO 31 MADRID - 08/04/2026 - PRY ASC	application/vnd.google-apps.document	2026-04-08T11:03:00.698Z	2026-04-08T10:37:48.383Z
1MoqhOTAQybAd2K2B5TLg0ufQ4Hfj39U8q10LQ5Nhmfo	GUADALETE 6 MADRID - 07/04/2026 - SUBV SATE PRY EXT	application/vnd.google-apps.document	2026-04-08T07:01:16.091Z	2026-04-07T09:50:28.084Z
1d5aoKsGbvifheFEN_MjDArSmTDjxl28g-X2nI9BgyIE	CAMPO DE LA PALOMA 34 MADRID - 07/04/2026 - IEE	application/vnd.google-apps.document	2026-04-07T14:47:53.333Z	2026-04-07T14:44:28.531Z
1tmjduj62QvyksJA1GH8f95SbdO_vERT99-uMhT_k9zU	ATHOS 32 MADRID - 07/04/2026 - ascsub	application/vnd.google-apps.document	2026-04-07T14:04:10.360Z	2026-04-07T14:01:22.869Z
1wKuvuih6oZVGIufWkr9HyXK_XIcSt8GOs_-qXZOwSz8	FERNANDEZ DE LOS RIOS 5 MADRID - 06/04/2026 - SUBV ACC PRY PROP	application/vnd.google-apps.document	2026-04-07T12:27:47.462Z	2026-04-06T08:14:14.154Z
1w6uOl3B_0dxut5IYyGWIEl4m6sM2Ivq4emhJNaA6VVk	ITALIA 35 FUENLABRADA - 07/04/2026 - CSS PARA OBRA DE ACCESIBILIDAD	application/vnd.google-apps.document	2026-04-07T11:54:29.663Z	2026-04-07T11:39:44.906Z
1QziNlOBTCvGt_Oix18F1Rz7NxMdM4CYtiQtIJUbwlzA	O'DONNELL 41 MADRID - 07/04/2026 - CONSULTAURB	application/vnd.google-apps.document	2026-04-07T11:44:03.459Z	2026-04-07T11:41:18.600Z
1WNf6mpP0Z257eP4LE_qof6uylv8jqqQ_jAdOiPTUD-g	LOS RIOJANOS 25 MADRID - 07/04/2026 - IEE	application/vnd.google-apps.document	2026-04-07T10:34:35.554Z	2026-04-07T10:32:19.475Z
14jMoOrVo4mvSZ2V4iqKmwIQ2epRRxqbERj70E93p6ns	MARTELL 40 MADRID - 07/04/2026 - SATE Y TRAMITACIÓN DE SUBVENCIONES	application/vnd.google-apps.document	2026-04-07T09:05:34.208Z	2026-04-07T08:59:19.005Z
1tS9M4Hjlx09KcMgayJ1DmsAIqM0GwYrcZ8JykpK_mZ8	MARTELL 28 - 07/04/2026 - TRAMITACIÓN SUBVENCIONES	application/vnd.google-apps.document	2026-04-07T08:38:52.935Z	2026-04-07T08:35:46.618Z
1UV-VcPhvcnZPa-3xSgeYYlEAIBOvXILx	Lorenzana 14 Madrid 06-04-2026 INFORME DE VIABILIDAD  .pdf	application/pdf	2026-04-06T11:14:44Z	2026-04-07T07:06:51.302Z
1qnVXNSzfmhFjCrs5vui_EUcjzGLnOsPycN26NdH9xaU	LORENZANA 14 MADRID - 26/03/2026 - PRY ASC+CSS	application/vnd.google-apps.document	2026-04-06T10:41:45.052Z	2026-03-26T11:28:28.757Z
1pXAVS3T-qP0Jzkzzh2EZ20L7hml3lu9a1zC7MlQVhK4	DISCOBOLO 67 MADRID - 25/03/2026 - PRY ASC IBERLEAND	application/vnd.google-apps.document	2026-04-06T08:58:28.806Z	2026-03-25T12:45:35.919Z
1ZUoK02MB1XEKgGeOaBwblmHhhETrV8kADB6YG7ChPWc	MAGDALENA 3 GETAFE - 31/03/2026 - MEMORIA	application/vnd.google-apps.document	2026-03-31T11:40:34.221Z	2026-03-31T11:38:07.819Z
1AVFmxTT6AXGQQRTwfjuQoP9LiO7rnq3BpMPK283rYv4	PIQUEÑAS 14 MADRID - 26/03/2026 - INSASC	application/vnd.google-apps.document	2026-03-27T14:57:29.755Z	2026-03-27T14:55:00.453Z
1hURUCQNBAd08V9dPIONpIm8Z_0IIoenXyDe6WZGSzho	PIQUEÑAS 14 MADRID - 27/03/2026 - SATECAES	application/vnd.google-apps.document	2026-03-27T15:10:46.038Z	2026-03-27T15:01:04.997Z
1BlpTjUxpCublBT_n32rBlKAnh7yhv4ZpZTeMQ5ePf08	TRAVESIA PALOMERAS 7 MADRID - 26/03/2026 - REHABILITACIÓN SIMPLE	application/vnd.google-apps.document	2026-03-26T17:34:11.398Z	2026-03-26T17:23:54.964Z
1TxphOGDBt4JfVtTV844o_qPZZJcfvC3kgeb-jmEripU	GARCIA LLAMAS 45 MADRID - 26/03/2026 - PROY ASCENS + SUBV	application/vnd.google-apps.document	2026-03-26T16:30:25.571Z	2026-03-26T16:26:53.804Z
1ViVr_lSvu0HvMcTFgFxWzm4ik3yZieYToS_B5HW43dI	TRAVESIA PALOMERAS 7 MADRID - 26/03/2026 - SATE	application/vnd.google-apps.document	2026-03-26T17:18:34.879Z	2026-03-26T16:59:54.806Z
1XYxlNZDU1ruNHhvdyqSvmvuxs6w2ZumG	INFORME DE VIABILIDAD GARCIA LLAMAS 45 MADRID .pdf	application/pdf	2026-03-26T16:49:02Z	2026-03-26T16:50:19.303Z
1_sMX9vsmnSlOOwKYqGhgQPg7PLQEFioRql-ImHWnrwM	FRANCISCO SILVELA 26 MADRID - 19/03/2026 - PRY ACC+SUBV	application/vnd.google-apps.document	2026-03-26T11:35:35.884Z	2026-03-19T12:30:44.561Z
1Qupwrv85HTvrcTo6OG4UGCMkuiOBG0-Wp3AkVQaoUPE	JORGE LUIS BORGES 5 GUADALAJARA - 12/03/2026 - PROY BAJADA COTA 0	application/vnd.google-apps.document	2026-03-25T14:26:15.163Z	2026-03-12T17:23:21.018Z
1Gn_CtwmOMXaaKBtXhhsz_YhKdXW-96TguHS37T4g4-U	GENERAL RICARDOS 238 MADRID - 26/12/2025 - PRY ASC + SUBV	application/vnd.google-apps.document	2026-03-25T12:36:44.925Z	2025-12-26T12:35:17.770Z
1iHFIrEfy1HXRmx-xBmuybdoF_VDUaxbc8R0YQzahZiU	MIGUEL DE UNAMUNO 27 FUENLABRADA - 25/03/2026 - PRY AISLAMIENTO CUBIERTA	application/vnd.google-apps.document	2026-03-25T12:00:24.739Z	2026-03-25T08:54:17.259Z
1meqOubVJG2P_gMCUlu9cPYboJE56McNBKILUgkzVhPM	MIGUEL DE UNAMUNO 27 FUENLABRADA - 25/03/2026 - PRY SATE+SUBV	application/vnd.google-apps.document	2026-03-25T09:37:36.537Z	2026-03-25T09:09:04.689Z
1O88mfg8NjRdCsOHPdzCD0-jnGtbLtvrJO3LQDA-SwjM	ZARAGOZA 7 FUENLABRADA - 25/03/2026 - PRY MEMORIA VALORADA	application/vnd.google-apps.document	2026-03-25T10:23:56.451Z	2026-03-25T10:18:23.668Z
17VK3L94k7Xh7CFhB-HIFv_FEnRLK5RcxdWtRjlyG8P0	AUSTRIA 5 GETAFE  - 19/03/2026 - PRY SATE	application/vnd.google-apps.document	2026-03-25T09:24:39.688Z	2026-03-19T07:54:01.457Z
1t0E3BnghqMBs1Vi1NNZTiuJQGU29Gl_AKRoSm_RNHjU	SEPULVEDA 101 MADRID - 24/03/2026 - PRY ACCES+SUBV	application/vnd.google-apps.document	2026-03-25T08:40:56.018Z	2026-03-24T14:29:37.238Z
1RZZ8VyMcBK7wXmOFVj18qI151WEFdY4H	SEPULVEDA 101 MADRID 25-03-2026  INFORME DE VIABILIDAD  .pdf	application/pdf	2026-03-25T08:12:14Z	2026-04-15T13:46:45.329Z
1CvEJagIocJeICJR5omGvXHzD6gmCadbNsvbOkV4Y_1E	ALEJANDRO MORAN 62 MADRID - 24/03/2026 - envolcaes	application/vnd.google-apps.document	2026-03-24T14:43:03.547Z	2026-03-24T14:33:15.722Z
1hUG8GWknlum5ZJefZvGmA2Zs1IxF6pmu	BERASTEGUI 30 MADRID 24-03-2026  INFORME DE VIABILIDAD  .pdf	application/pdf	2026-03-24T13:35:04Z	2026-04-15T13:48:47.120Z
1FS8kF600ILNa02bYD9AROK4mKI7CNaPrDoUKQg041RY	BERASTEGUI 30 MADRID - 24/03/2026 - PRY ASC+SUBV	application/vnd.google-apps.document	2026-03-24T11:02:51.986Z	2026-03-24T10:52:12.426Z
1W36J1NmMqk1AY0O9LZZ_iMJC5-2jNPyJ	FERNANDEZ DE LOS RIOS 5 MADRID 19-03-2026 INFORME DE VIABILIDAD .pdf	application/pdf	2026-03-24T09:56:42Z	2026-03-24T09:58:58.539Z
1GH-bGiam332314CSI0X1qQHtc0g27-zB	FRANCISCO SILVELA 26 MADRID 19-03-2026  INFORME DE VIABILIDAD .pdf	application/pdf	2026-03-24T10:15:28Z	2026-04-15T13:48:01.425Z
1VwAKtqMP6n3wecDoU5fTQHEAMjfKpfgJMiLQcRV58yc	HACIENDA DE PAVONES NUM 117 MADRID - 23/03/2026 - SUBV PRY PROP	application/vnd.google-apps.document	2026-03-24T09:21:13.119Z	2026-03-23T11:03:55.570Z
182N9LR_x77SuBfwJr_wds9uA93pTuT8KSoocoYWIx_0	FERNANDEZ DE LOS RIOS 5 MADRID - 19/03/2026 - PRY ACC	application/vnd.google-apps.document	2026-03-24T09:26:24.448Z	2026-03-19T11:50:14.215Z
1t2dq4WROr5_cfawCxLaOHHtlRZrQck2zIC7V3rsXcF8	VILLAMANIN 48 - 24/03/2026 - ENVOL	application/vnd.google-apps.document	2026-03-24T08:09:58.982Z	2026-03-24T07:47:54.482Z
1R0X96H0PHt7eNaizKnoLq_sfDHMoTeATeOZuvGsTjzg	RIO GENIL 10 MOSTOLES - 24/03/2026 - ASC	application/vnd.google-apps.document	2026-03-24T07:42:15.204Z	2026-03-24T07:40:07.345Z
150AZn5oiWMar_35NgdYOAXPYY1DrPIqD0k6fNVPsxJk	MODESTO ALONSO 8 MADRID - 24/03/2026 - CSS	application/vnd.google-apps.document	2026-03-24T06:39:17.411Z	2026-03-24T06:33:34.598Z
1qbXZNSlnITx-q89zD72hn53X-6SQv8rGcAtgWc7NTEk	PUERTO DE LA MORCUERA 22 - 23/03/2026 - IEE	application/vnd.google-apps.document	2026-03-23T15:59:19.993Z	2026-03-23T15:56:25.924Z
1UXz4QQogcegFPq59pPPeejU0wGcgrs1UcVhaBMAm01U	AV DOCTOR GARCIA TAPIA NUM 133-135-137 MADRID - 23/03/2026 - DR	application/vnd.google-apps.document	2026-03-23T12:59:42.801Z	2026-03-23T12:57:29.129Z
1aZBEvn5Kd7tA2fGxNCcI0xx-QzQRHzAg	PUERTO DE CANENCIA 10 MAJADAHONDA 19-03-2026 INFORME DE VIABILIDAD.pdf	application/pdf	2026-03-20T10:08:40Z	2026-03-20T10:10:54.499Z
1ixkWO-gy9pHvuXhtP41dmBEE7cR7IFR8x5BnHcL3vj0	PILAR 17 SAN SEBASTIAN DE LOS REYES - 20/03/2026 - PROY ASCE + SUBV	application/vnd.google-apps.document	2026-03-20T09:04:00.261Z	2026-03-20T09:00:06.989Z
1SphDgCMLHBtogRrp_29y4au8hlRIu0Jm	pilar 17 SSR INFORME DE VIABILIDAD .pdf	application/pdf	2026-03-20T09:17:19Z	2026-03-20T09:17:47.602Z
1m8ahn6lbDeH5_hVwI_iJcBC4NlSX8dFWRHWPLhzJRd0	CARONDELET 16 – CHALET 23 MADRID - 19/03/2026 - FOSO REDUCIDO	application/vnd.google-apps.document	2026-03-19T11:41:23.968Z	2026-03-19T11:39:16.693Z
1DQJLVMt0SbihGnAIg7DTLpfEr6gP5o4d	Nstra Señora de Loreto 1 INFORME DE VIABILIDAD .pdf	application/pdf	2026-03-19T11:44:28Z	2026-03-19T11:45:34.092Z
1u9OXKPYWIUo5S7-8zltyiJ-i59CiW5_ztiRGWJa-obo	AMOR DE DIOS 4 Y SANTA MARÍA 8 MADRID - 19/03/2026 - HUIDA REDUCIDA	application/vnd.google-apps.document	2026-03-19T11:44:16.336Z	2026-03-19T11:40:11.606Z
1hgOdBYF3L6Sw7JUucHKl-A6FanSVwm9Y-WkR9KwCO3c	NUESTRA SEÑORA DE LORETO 1 COSLADA - 19/03/2026 - PROY ASCE + SUBV	application/vnd.google-apps.document	2026-03-19T11:29:17.303Z	2026-03-19T11:22:52.978Z
1XSfthSgUbV0frGI_gbz6z0FR1my1HT52	PLAT.VERTICAL INFORME DE VIABILIDAD .pdf	application/pdf	2026-03-19T10:54:01Z	2026-03-19T11:06:00.571Z
1x5ctrOb69MQm8EIFbfIivqtSm1o_rY4mZvgc2DknPFY	BEGOÑA 2 COSLADA - 19/03/2026 - PROY ACCESIBILIDAD	application/vnd.google-apps.document	2026-03-19T10:41:17.360Z	2026-03-19T10:40:08.995Z
1QviSVXmaR14LlL9W-rWBAeqx5YQohg2Y	COTA 0 INFORME DE VIABILIDAD .pdf	application/pdf	2026-03-19T11:05:37Z	2026-03-19T11:06:00.474Z
1nLy6x3Vd9IHb9TjdWl5S4B2nGfTB6yJk0NMYgSPKrok	PUERTO DE CANENCIA 10 MAJADAHONDA - 19/03/2026 - PRY COTA 0+CSS	application/vnd.google-apps.document	2026-03-19T09:21:38.719Z	2026-03-19T08:54:57.880Z
1D2H1fsKs2-Z2wR6YXYY8tKOV39zomebjpcGgCD3JVk0	SIERRA DE ALBARRACIN 13 ALCORCON - 18/03/2026 - CSS	application/vnd.google-apps.document	2026-03-18T13:03:12.055Z	2026-03-18T13:00:02.037Z
1To9GkpvnYtZHHR9DfGxBrk8WtYEAFk-STKV9USmFoys	NUESTRA SEÑORA DE LA MACARENA 9 LEGANES - 18/03/2026 - CSS	application/vnd.google-apps.document	2026-03-18T12:40:51.745Z	2026-03-18T12:35:07.272Z
1S-zOrdTsjFRKdWLdI4I_R-dRaj6AH8AmazYr_XPBsyI	HERRERA 22 MADRID - 18/03/2026 - PROY  PARALIZACIÓN DE ORDEN DE EJECUCIÓN	application/vnd.google-apps.document	2026-03-18T11:26:14.599Z	2026-03-18T10:13:45.942Z
1z8UaOFLU_pKdXB6bg_OwHwVZU0SSxDtsqeigw_x0qr0	CINE 23 MADRID - 16/03/2026 - INSASC	application/vnd.google-apps.document	2026-03-16T15:16:13.655Z	2026-03-16T15:13:48.528Z
1NYGNTJVkebvTLADZql-aeF8-c6YbiJ2wLqSaA5U-p-Y	JUAN RAMON JIMENEZ 28 MADRID - 11/03/2026 - SUBV PRY PROP	application/vnd.google-apps.document	2026-03-16T11:58:10.416Z	2026-03-11T11:31:46.985Z
1Rb4aH7_OPN5xYlkVBvXF8k847Dd87vKJ9b8LIKnQnN8	CARLOS SOLE 44 MADRID - 16/03/2026 - IEE	application/vnd.google-apps.document	2026-03-16T09:39:57.948Z	2026-03-16T09:36:10.986Z
1WY92Sje8aYpmF-uSzCrzTI77Vqwt1em_8sUbBb4-tRY	ANTONIO DURAN TOVAR 2 MADRID - 16/03/2026 - PROY ASCE + SUBVE	application/vnd.google-apps.document	2026-03-16T08:47:24.926Z	2026-03-16T08:43:00.131Z
1xECCjk9zbERVrEs5YuM-aqSwj8384lrM	INF DE VIABILIDAD ANTONIO DURAN TOVAR 2.pdf	application/pdf	2026-03-16T09:02:46Z	2026-03-16T09:04:03.484Z
1RmtlggK3vchSyCKaxr9HUkRRFN7fU0VNZAHNmB9k9sI	PASEO DE LA RAMBLA 13 VALDEMORO - 16/03/2026 - PROY ASCENS + SUBVEN	application/vnd.google-apps.document	2026-03-16T09:12:31.888Z	2026-03-16T09:08:29.229Z
1nIMXQNbA5KxUe-oc4ivpsYVsPp2AeI_K	INF DE VIAB PASEO DE LA RAMBLA 13 VALDEMORO .pdf	application/pdf	2026-03-16T09:25:42Z	2026-03-16T09:26:11.439Z
1Vhb6hO3gzIOJ2sAkdDMnm3K1-uujehtpt2TMvf2HdN8	TURQUIA 22 FUENLABRADA - 16/03/2026 - CSS	application/vnd.google-apps.document	2026-03-16T07:23:08.175Z	2026-03-16T07:21:00.264Z
1HfXK4yXEGTeTWUtTTvgXEZoFQNrTI8BwPP41Heo0Dxs	ALBACETE 13 GETAFE - 13/03/2026 - INSASC	application/vnd.google-apps.document	2026-03-13T13:49:42.926Z	2026-03-13T13:47:51.422Z
1dBRCHiRVNLyEi4Xai2uwA3sehB3S9h7utSLJa-ZS928	PICOS DE OLITE 18 SAN SEBASTIAN DE LOS REYES - 13/03/2026 - INSASCSUB	application/vnd.google-apps.document	2026-03-13T14:12:28.673Z	2026-03-13T14:10:05.286Z
1TpQMwOB5c-_Eb4iOuPOzmwp9JZgjon3dLmugQuC8ifE	ITALIA 35 FUENLABRADA - 13/03/2026 - CSS	application/vnd.google-apps.document	2026-03-13T13:19:23.739Z	2026-03-13T13:16:45.680Z
18pIf0QQst3EWssKYG4UqDzcKRFbIbLB8FXWGhPpbaSo	Modificado ISAAC PERAL 5 MOSTOLES - 25/02/2026 - PRY SATE+SUBV	application/vnd.google-apps.document	2026-03-13T09:35:02.386Z	2026-03-11T13:33:55.085Z
1nQyjXcfktWO6BTbilpW411zVNgY2gljhb4qXOagHEJA	JUAN RAMON JIMENEZ 28 MADRID - 11/03/2026 - PRY MODF ASC	application/vnd.google-apps.document	2026-03-13T09:45:52.333Z	2026-03-11T11:32:17.024Z
1v0MLvq5bIT72HX-wqqMg4ppI6aCr-IHTxfPqN0xu1wY	MODIFICADO CASTELLON 15 MOSTOLES - 25/02/2026 - PRY SATE+SUBV	application/vnd.google-apps.document	2026-03-13T09:26:35.391Z	2026-03-11T13:30:27.476Z
1ZSYC77NSp6fUK7uygg5zyrlXfGP9nZRkBcmvLA4vyvI	Modificada -SIMON HERNANDEZ 43-45 MOSTOLES - 11/03/2026 - PRY SATE+SUBV	application/vnd.google-apps.document	2026-03-13T08:57:54.528Z	2026-03-11T10:18:14.671Z
1ocJurkge6ZHyVnP9aDs9UqSgNEdKJeBh	INFORME DE VIABILIDAD jorge luis borges 5 guada .pdf	application/pdf	2026-03-12T17:47:26Z	2026-03-12T17:48:06.330Z
1wibE4ddi7KJ4ERa2-v7kEN4LzLDbHPFAGawUf24qjzg	OLESA DE MONTSERRAT 34 MADRID - 12/03/2026 - INSASC	application/vnd.google-apps.document	2026-03-12T17:17:32.625Z	2026-03-12T17:14:35.424Z
1Fo5TfS_QhMD7-YySi8I3cDOUbPiL28-GEFXCooSGfLc	ALEJANDRO MORAN 62  - 12/03/2026 - INSASC	application/vnd.google-apps.document	2026-03-12T17:29:34.874Z	2026-03-12T17:11:07.533Z
1moYmC17pZP74jgm359E171ZI08-Yj-wC	INFORME DE VIABILIDAD LUCERO 10 . MADRID .pdf	application/pdf	2026-03-11T20:43:35Z	2026-03-11T20:44:16.202Z
1g_uQM9v7_CZjkn2ZR3yETpXobKgXk15hMtndZORp1Ug	LUCERO 10 MADRID - 11/03/2026 - PROY ASCENS + SUBV	application/vnd.google-apps.document	2026-03-11T20:13:14.312Z	2026-03-11T20:09:57.834Z
1M-LUNaNkmzQWxf-oggYjtKBW7fL1AcV7l6nufbeGtwE	ISAAC PERAL 8 GETAFE - 11/03/2026 - ASCENSOR	application/vnd.google-apps.document	2026-03-11T20:26:53.946Z	2026-03-11T20:07:57.233Z
1ePoJ224JKEW4AtH4_6aouv1gENNGZbk8xyWfO7bs9lk	NUESTRA SEÑORA DE LA MACARENA 9 LEGANES - 11/03/2026 - SUBV PRY PROP	application/vnd.google-apps.document	2026-03-11T13:50:40.467Z	2026-03-11T13:47:47.894Z
1Lyn44toYFhAijvCIUZUdPTge6N7d1may0kJ5Gu_q47M	SIMON HERNANDEZ 43-45 MOSTOLES - 25/02/2026 - PRY SATE+SUBV	application/vnd.google-apps.document	2026-03-11T10:08:53.743Z	2026-02-25T07:55:05.829Z
15byoSrQUgpmxBOfJcij6oDKE4qyCkqnJ	RAFAEL SANCHEZ FERLOSIO 17. SF HENARES INFORME DE VIABILIDAD .pdf	application/pdf	2026-03-11T09:32:41Z	2026-03-11T09:33:18.848Z
1aC8Tr7iFbF0I2VhE9eElnxgiqTlcgntk6TL7Jf9ZdwI	RAFAEL SANCHEZ FERLOSIO 17 SAN FERNANDO HENARES - 11/03/2026 - RAMPA ACCES	application/vnd.google-apps.document	2026-03-11T09:33:55.613Z	2026-03-11T08:59:49.144Z
1AKHlNHUcUGGpkcrzTaoIYlwj8-kmc9ww69ldA97ZiVs	CEBREROS 1 MADRID - 10/03/2026 - RENOV AYUNT 2026	application/vnd.google-apps.document	2026-03-10T13:24:17.279Z	2026-03-10T13:12:59.597Z
10xq8P6uNRY6mCUN-b5GWlb8d6WiGI697Z9houEJK40U	ILLESCAS 36 MADRID  - 10/03/2026 - PRY ACC +CSS	application/vnd.google-apps.document	2026-03-10T11:56:00.247Z	2026-03-10T10:45:18.337Z
1YnABe0DrOfEhi54ehTnM6dUivZkMtKG1	ILLESCAS 36 MADRID 10-03-2026 INFORME DE VIABILIDAD .pdf	application/pdf	2026-03-10T12:09:05Z	2026-03-10T12:09:45.914Z
1SPbp8LSwWI05FemBKkhUyJjYU6gSkdYliq6BzqHXP5g	ALAMEDA 4 MADRID - 10/03/2026 - INST2ASC	application/vnd.google-apps.document	2026-03-10T10:38:55.374Z	2026-03-10T10:34:51.310Z
1FvKhBQu2CGIJnJp2lxDt2hoCCBUg4qUk	INFORME DE VIABILIDAD TOMÁS BORRÁS 6 .pdf	application/pdf	2026-03-09T17:37:11Z	2026-03-09T17:37:45.868Z
1CyUHfeqxKFuwelX7AIt-H05RarNr24nZ7tGJeG1xsqc	GUARNICIONEROS 6 - 09/03/2026 - ASCENSOR + SUBVENCIÓN	application/vnd.google-apps.document	2026-03-09T16:50:31.645Z	2026-03-09T16:47:07.249Z
11u5cNhpKNNPaC_FkZtZxZ-WiRO863165-M38EvZ57X8	TOMAS BORRAS 6  - 09/03/2026 - ACC + SUBV	application/vnd.google-apps.document	2026-03-09T17:17:33.815Z	2026-03-09T17:11:40.268Z
1aT6PpmM04P-qGXzTHp6lK8Mo31fQmiKF	INFORME DE VIABILIDAD GUARNICIONEROS 6 .pdf	application/pdf	2026-03-09T17:03:41Z	2026-03-09T17:20:32.046Z
1xKdecdRprcIiAsc_lromAlJ8hdMzhP2hDcJ90YQL7BU	CAMINO VALDERRIBAS 110 MADRID - 09/03/2026 - ENVOLCAES	application/vnd.google-apps.document	2026-03-09T13:28:58.139Z	2026-03-09T12:49:48.066Z
1NdwIoKVoRo_7y7WT2R25OZ1cUDVgLVbfQ3QHzIo0nKY	MONCADA 101 - 09/03/2026 - PLATAF	application/vnd.google-apps.document	2026-03-09T12:41:08.822Z	2026-03-09T12:40:31.789Z
16PP-NzdjzCxn5jJFw-jSF0ayfmfBJ0ySVdEYzyfWT-4	CAROLINA BAEZA 7 MADRID - 09/03/2026 - SATE	application/vnd.google-apps.document	2026-03-08T08:02:10.391Z	2026-03-08T08:00:07.366Z
1PxxXToBsnm_o_kgOWY67A4nmLmV35sWPcEGHrVzufBo	ANSAR 54 MADRID - 09/03/2026 - SATE	application/vnd.google-apps.document	2026-03-08T07:37:18.112Z	2026-03-08T07:31:14.451Z
13ZTNr_WWPNS8qLA5TtjMNisoBcC-1EcNm4mvUmRrs_Q	PARQUE EUGENIA DE MONTIJO 8 MADRID - 09/03/2026 - SATECAES	application/vnd.google-apps.document	2026-03-08T07:51:40.408Z	2026-03-08T07:44:23.503Z
1t2Lh8dd75spE5NuvOAXUKf8ImH7wvafYrMq3b2lxiII	LAS PALMAS 43 MOSTOLES - 06/03/2026 - PRY ACCS	application/vnd.google-apps.document	2026-03-06T13:21:02.246Z	2026-01-12T08:40:39.087Z
1JgfxDXvsWtZtVoIhzqa-VnG97o5NiX6VTSZoZVaIEKk	FELIPE DIAZ 3 MADRID - 06/03/2026 - SATECAES	application/vnd.google-apps.document	2026-03-06T12:15:56.634Z	2026-03-06T12:10:39.851Z
17kfVzx5ufod8E_aotUcYd7Hu3DPjtfO04Dcu6GQq4B0	FELIPE DIAZ 3 MADRID - 06/03/2026 - SATE	application/vnd.google-apps.document	2026-03-06T12:08:28.654Z	2026-03-06T12:08:25.130Z
1i96IdxyAUUn5ZlDzxkhCjbXFxhD_9Tmh4GFX2MbEUds	VEREDA DE GANAPANES 31-33-35 MADRID - 17/11/2025 - SATE	application/vnd.google-apps.document	2026-03-05T16:04:07.060Z	2026-03-05T15:10:16.929Z
10gwHgFXsmCHB8o2UNrWm2s1XLiZBRIMNBJJ-pPTFLOQ	MEZQUITA 1 MADRID - 03/10/2025 - SATE ASCEN	application/vnd.google-apps.document	2026-03-05T12:30:27.897Z	2025-10-03T14:11:49.900Z
1W9yVMos9Y4uUH-FAfV3S2Nr-7afMea5maYb4MiCKn24	TENIENTE MUÑOZ DIAZ 27 MADRID - 05/03/2026 - PROY ASCEN + SUBV	application/vnd.google-apps.document	2026-03-05T12:42:27.689Z	2026-03-05T12:38:28.121Z
1JvGw6m_NZjGBsPnLpq-FrgbfZjn1T7qj	TENIENTE MUÑOZ DIAZ 27  INF. VIABILIDAD.pdf	application/pdf	2026-03-05T13:09:29Z	2026-03-05T13:12:02.860Z
1V9W4kMFl1R1tpwT6jk1q8xt3Y-MLw4SPE6CU7OelSRk	MEZQUITA 1 MADRID - 05/03/2026 - PRY ASCENS + SUBVE	application/vnd.google-apps.document	2026-03-05T11:59:57.367Z	2026-03-05T11:18:16.169Z
1MVE1UHrQOVlBXJ4M18bs91KPaW3nzDu1MzZK4hXFido	COVADONGA 18 LEGANES - 05/03/2026 - CSS	application/vnd.google-apps.document	2026-03-05T11:46:21.956Z	2026-03-05T11:41:29.818Z
1QbVvSaagUtGatPGQGpwo1EqMC08YmsnKjOPm9Y5cWCY	AMPARO 36 - 05/03/2026 - INSASC	application/vnd.google-apps.document	2026-03-05T11:09:24.572Z	2026-03-05T11:06:01.915Z
1FPN_qQHNTdtFq6QQLXV2mweyP7Rdow5lxTK_5Bk19EU	CAMARENA 230 MADRID - 04/03/2026 - INSASC	application/vnd.google-apps.document	2026-03-04T18:50:19.263Z	2026-03-04T18:48:08.193Z
1UTYrLmJe3F5M1jBnvO3VOF9_e4UMEei2UVAS9ZjkImg	ZULOAGA 7 PARLA - 04/02/2026 - ASC	application/vnd.google-apps.document	2026-03-04T19:04:48.621Z	2026-02-04T14:21:04.769Z
1WvAlK_oCOlfzqluC5esGHenjKr9_kDzdEJiVRe95FPo	CASIMIRO ESCUDERO 11 MADRID - 25/02/2026 - IEE	application/vnd.google-apps.document	2026-03-04T18:40:49.623Z	2026-03-04T18:39:43.113Z
1UyzOFmlXJqu4Vl2OFlgvFo8gjk-18viDuxvXOqAee6E	ZULOAGA 7 PARLA - 04/03/2026 - INSASC	application/vnd.google-apps.document	2026-03-04T19:07:16.563Z	2026-03-04T19:05:39.111Z
1P_myT8p1WrXQx6CRc71SQ1EaElITE4Zetj5B7yMeq7I	JACOBINIA 90 MADRID - 02/03/2026 - ASCSUB	application/vnd.google-apps.document	2026-03-04T17:04:42.682Z	2026-03-02T07:59:28.063Z
1s4uQ1M8wwB4G7xSHSEmBZMANPVq8ph1B8-twHfLkG3M	O'DONNELL 41 MADRID - 04/11/2025 - PRY ASC	application/vnd.google-apps.document	2026-03-04T15:35:25.365Z	2025-11-04T09:37:41.590Z
15F8sxzvbKGfWtbYVfDpUKH58p2DGUX_ECgrfCgd-rs0	SALAMANCA 7 MOSTOLES - 25/02/2026 - PRY CUBIERTA+SUBV	application/vnd.google-apps.document	2026-03-04T13:14:08.414Z	2026-03-04T13:06:55.656Z
1EYMNtbifMEiePr7rXEU_OcjaU-PBAsMXcBqjyc7XR98	SALAMANCA 1 MOSTOLES - 25/02/2026 - PRY REP CUBIERTA+SUBV	application/vnd.google-apps.document	2026-03-04T13:11:25.364Z	2026-02-25T07:38:54.601Z
16U--q3KgXez0uD8BNNDar8b3XWFc7zGPwho-NBQdAy8	EMPECINADO 23 MOSTOLES - 25/02/2026 - PRY REP CUBIERTA+SUBV	application/vnd.google-apps.document	2026-03-04T13:15:35.505Z	2026-02-25T07:39:11.637Z
1G_opO5kfXYFcyr1nucH5Piaaf8u54nRsk4F2UHY9tE4	SALAMANCA 3 MOSTOLES - 25/02/2026 - PRY CUBIERTA+SUBV	application/vnd.google-apps.document	2026-03-04T13:10:21.438Z	2026-03-04T13:06:23.774Z
1gU0RPcICM3dxpbxTH4EGs0G8fzyop_9aSsmVyZTxqhU	SALAMANCA 5 MOSTOLES - 25/02/2026 - PRY CUBIERTA+SUBV	application/vnd.google-apps.document	2026-03-04T13:12:48.917Z	2026-03-04T13:06:37.033Z
1wxQ_C55MSIrc7uUnIbMT4zlPWIOPb_CB8lDSzSgS38o	SIMON HERNANDEZ 44 MOSTOLES - 28/01/2026 NO VALE, SE REOFERTO - PRY SATE	application/vnd.google-apps.document	2026-03-04T12:27:45.229Z	2026-01-28T12:57:32.482Z
1nkcGq7t_nT0hK3g46ztow9GkDkZA_Pfg2S9YOwv7R9o	SIMON HERNANDEZ 44 MOSTOLES - 25/02/2026 - PRY SATE +SUBV-RECTIFICADO	application/vnd.google-apps.document	2026-03-04T12:28:34.755Z	2026-02-25T08:10:18.822Z
1BfM4T0nd813UV9Sqhbw2Kx7u9WnOczFRV-fr54qVoPE	PLAZA VALSAIN 3 Y 4  MADRID - 04/03/2026 - SUBV PRY PROP	application/vnd.google-apps.document	2026-03-04T09:22:33.007Z	2026-03-04T09:11:42.973Z
19V7po95ZPPR6nEwCzjMKMpxpip8k5G8x	ESPARTA 7  MOSTOLES 03-03-2026  INFORME DE VIABILIDAD .pdf	application/pdf	2026-03-03T14:18:32Z	2026-03-03T14:19:01.878Z
1G30U9VYnjbbhSUlHmyYi8Zve5ZaQ1x1y	ESPARTA 5  MOSTOLES 03-03-2026 INFORME DE VIABILIDAD .pdf	application/pdf	2026-03-03T14:16:50Z	2026-03-03T14:17:58.898Z
1exAvFjbVegxo8SjA1PFKPW3ZNJNqnX0c	Mariblanca 8 Móstoles 03-03-2026 INFORME DE VIABILIDAD .pdf	application/pdf	2026-03-03T12:41:56Z	2026-03-03T12:43:10.228Z
1wTyzAFXOKqY-x722CAFYQ4Gpf8NHMEAG3mQJePlgdZQ	ESPARTA 7  MOSTOLES - 03/03/2026 - PRY ACCS+SUBV	application/vnd.google-apps.document	2026-03-03T13:12:37.777Z	2026-03-03T13:09:44.961Z
1OsXwQoFoZ2TT_CokYsuTdMqHDvNvNmno3OqmmI_KtKA	ESPARTA 5  MOSTOLES - 03/03/2026 - PRY ACC+SUBV	application/vnd.google-apps.document	2026-03-03T13:08:00.661Z	2026-03-03T12:55:42.963Z
1fadCy7O5JeQW6LPQ_fArxS1o211o4tM3	MARIBLANCA 8 MOSTOLES - 03_03_2026 - PRY ASC+SUBV (2).pdf	application/pdf	2026-03-03T12:32:08Z	2026-03-03T12:42:54.479Z
1Y7XnpNxwwP3z6M2fgwVRD4qsCYVOA49QkhvSDF7AzKE	MARIBLANCA 8 MOSTOLES - 03/03/2026 - PRY ASC+SUBV	application/vnd.google-apps.document	2026-03-03T12:32:14.181Z	2026-03-03T12:18:33.807Z
1jg9PsJvyw9eabRJSpZwRWOF1SEw_CmN56VQwATzblZ4	RONDA DE TOLEDO 30 MADRID - 03/02/2026 - ACCESSUB	application/vnd.google-apps.document	2026-03-03T12:04:02.264Z	2026-02-03T11:52:25.337Z
1fRaBVVyvBNeuIQOfInlDGWGqmGs0iAHpjbZkDCY9TMw	ARROYO MEDIA LEGUA 30 MADRID - 25/02/2026 - PRY ASC+SATE+SUBV	application/vnd.google-apps.document	2026-03-03T09:11:22.525Z	2026-02-25T12:12:37.258Z
17CV00xVw9SLQP2Q1lI8DtNwFirIq40WvtCgR7Y_1dr4	MOSTOLES 3 PORTAL 7 FUENLABRADA - 03/03/2026 - CSS	application/vnd.google-apps.document	2026-03-03T06:51:17.277Z	2026-03-03T06:47:01.592Z
1zM5bQOtIHdLv_2_L8tcu_VKMs9l32k7b6aV0UH-wA2I	MIRASIERRA 1 FUENLABRADA - 02/03/2026 - ASCSUB	application/vnd.google-apps.document	2026-03-02T18:19:09.396Z	2026-03-02T18:18:28.766Z
1cbCMhMfShOUCvnIuD9VLfgDan_GV3ljgkU0TSbk2x9M	TENERIFE 8 MADRID - 02/03/2026 - INSASC	application/vnd.google-apps.document	2026-03-02T13:53:36.644Z	2026-03-02T13:50:15.752Z
16QzIRc0CfX9AY9DTCCmHRKzU53VmRR0fadq0z41ojfs	BLAS CARRERA 44 MADRID - 02/03/2026 - ASCSUB	application/vnd.google-apps.document	2026-03-02T12:39:57.662Z	2026-03-02T12:31:40.154Z
1i5nNmKXxeWR-XhyJ3NbMIaUC5jhnxkhrPNCKy9kkzNM	PELAYOS 2 FUENLABRADA - 02/03/2026 - SUBEXTERNA	application/vnd.google-apps.document	2026-03-02T12:38:34.768Z	2026-03-02T12:37:40.263Z
1bRFj7bUaBG3GEmrcWr33_iZyJtI_HGBfBoQUxKL3Sow	MOSTOLES 3 MORALEJA DE ENMEDIO - 02/03/2026 - SUBEXTERNA	application/vnd.google-apps.document	2026-03-02T12:41:55.204Z	2026-03-02T12:41:02.501Z
1t2ts3FCLFqZhBhvfusrMNfpzgstciXqc	Carlota O´neill 40 Madrid INFORME VIABILIDAD 02-03-2026.pdf	application/pdf	2026-03-02T10:53:01Z	2026-03-02T10:53:35.281Z
1KDxoAHW5vWajhrSHpJFt1LGu0SoH4655g6ReoEaZk2o	ARBOLEDA 1 ALCORCON - 04/12/2025 - PRY ASC+SUBV	application/vnd.google-apps.document	2026-03-02T10:53:17.244Z	2025-12-04T07:44:39.175Z
1NJMU16Xv09e7wxruHwgNWEEpdleArrgB	Copia de Carlota O´neill 40 Madrid INFORME VIABILIDAD 02-03-2026.pdf	application/pdf	2026-03-02T10:54:09.301Z	2026-03-02T10:54:09.301Z
1hcnfe5u_HSQN5nKibEFn8G27O73q90f_A5jYoNgNK0s	ARBOLEDA 1 ALCORCON - 02/03/2026 - ASCENDF	application/vnd.google-apps.document	2026-03-02T10:55:49.016Z	2026-03-02T10:55:02.947Z
1H-cTjiu5JnTsf4vbMS_JQOt33VuiEfrzxMDlr3iq7wM	CARLOTA O`NEILL 40 MADRID - 02/03/2026 - PRY ASCENS + ACCESIB + SUBV	application/vnd.google-apps.document	2026-03-02T10:00:40.373Z	2026-03-02T09:55:46.234Z
1na-5qLQARlsS3LKo1KABaJcwK3VOUbU5	INFORME DE VIABILIDAD PINTOR SOROLLA 3 .pdf	application/pdf	2026-03-02T10:19:25Z	2026-03-02T10:20:25.960Z
1Y_KJqoKb3E9rQexZD8CgdD7mgS5rHj5DKM5yT215bpE	PINTOR SOROLLA 3 MADRID - 02/03/2026 - PROY ASCEN + SUBVE	application/vnd.google-apps.document	2026-03-02T09:26:52.658Z	2026-03-02T09:21:38.377Z
1FkCiyidfBVl-_g9JG-ZQs1_bpSpHIK1tvdxy0D5eEdo	ISAAC PERAL 5 MOSTOLES - 25/02/2026 - PRY SATE+SUBV	application/vnd.google-apps.document	2026-02-27T11:46:18.283Z	2026-02-25T08:23:12.771Z
1uGjv2l0dH8NAxOceBJLUiOdDkFTe5wZqD8LKvCF87WA	CASTELLON 15 MOSTOLES - 25/02/2026 - PRY SATE+SUBV	application/vnd.google-apps.document	2026-02-27T10:59:24.098Z	2026-02-25T08:27:39.267Z
1YNkyT-6WcIUyjkXvpWZnIMTlfkbU5muMNGf0Zl0wJgM	RIO DUERO 12 LEGANES - 27/02/2026 - CSS	application/vnd.google-apps.document	2026-02-27T08:20:20.860Z	2026-02-27T08:18:17.770Z
1MmzCdi06WBTNpI6UwVUHKEyjQc2rd8KiCO4mDVYZJrg	AVDA ARAGON 1 SAN SEBASTIAN DE LOS REYES - 26/02/2026 - INSASC	application/vnd.google-apps.document	2026-02-26T13:53:05.665Z	2026-02-26T13:48:59.912Z
1RwH4sVEPFD0JDb94HBEPwH-oet_WGsnmqEGgc7-_jD4	VALMOJADO 169 MADRID - 26/02/2026 - PRY ASC	application/vnd.google-apps.document	2026-02-26T07:28:47.512Z	2026-02-26T07:22:05.941Z
1SXhYb76GJ9OmhwA3UOrPABXAh76RO0RMa2DrnbCVmaA	GETAFE 27 LEGANES - 25/02/2026 - INSASCSUB	application/vnd.google-apps.document	2026-02-25T15:18:07.511Z	2026-02-25T15:16:48.997Z
1yywsDy9szwT58_Ig-UOUbpjd5xuMbJeaOlg8kTepA8g	MANRESA 56 MADRID - 23/02/2026 - PRY SATE +SUBV ELECNOR	application/vnd.google-apps.document	2026-02-25T14:06:01.941Z	2026-02-24T14:18:39.409Z
1L2c5Zxptzlef8YvmnA3u_ac9MX8FyIL4PaBZfIJwAn4	CAMARENA 256 MADRID - 25/02/2026 - IEE	application/vnd.google-apps.document	2026-02-25T12:32:30.837Z	2026-02-25T12:30:22.834Z
1HXxlp6te7Ca7yzIiAlmX6PxBMuNd3ykkkpREJc39bNQ	 CAMARENA 134 MADRID - 25/02/2026 - IEE	application/vnd.google-apps.document	2026-02-25T12:32:53.058Z	2026-02-25T08:55:46.217Z
1D0Gx95VpCcxctdlUJbzd6eLkZeDDyzWPS7c27rA7e4w	ARROYO MEDIA LEGUA 30 MADRID - 25/02/2026 - PRY SATE+ASC+SUBV	application/vnd.google-apps.document	2026-02-25T12:14:45.323Z	2026-02-25T12:14:38.169Z
1UtRXx1n2jtlVJPBxFcDhpIXf9UW6aa84lBAB65Ii9so	VILLAMANIN 48 - 23/02/2026 - BAJADACOTA0	application/vnd.google-apps.document	2026-02-23T15:58:03.483Z	2026-02-23T15:53:19.265Z
19qzI65OcTaW5TDLnFxEi76VauEDM_Rq56YJw8lvAf9s	RIO DUERO 44 LEGANES - 23/02/2026 - INSASCSUB	application/vnd.google-apps.document	2026-02-23T15:00:04.938Z	2026-02-23T14:58:08.490Z
14stCQifr0QNx1HOVsML-HwO5S6F6Rdu4QZxZpQSSXXM	VALMOJADO 235 MADRID - 23/02/2026 - ASCSUB	application/vnd.google-apps.document	2026-02-23T12:44:02.948Z	2026-02-23T12:42:31.590Z
1GE-d_FzAtnbDvox59vmnGrT2i3cm2kd-fKUVA8ZVdM8	ANTONIO MORENO 18 MADRID - 23/02/2026 - SUBEXTER	application/vnd.google-apps.document	2026-02-23T12:55:28.775Z	2026-02-23T12:53:43.268Z
1AKNAWIfKKrrVk1BzVXKmMKo6atka_Pp8CDoUPljwVy8	SANTA EDUVIGIS 7 MADRID - 23/02/2026 - MODIF DE PROYECTO	application/vnd.google-apps.document	2026-02-23T13:14:02.712Z	2026-02-23T13:11:19.176Z
1RJMmT7DWrMcsnry5AZ_wotbCxqPxtm71BkXxN5eTbOU	GREGORIO IZQUIERDO 53 SSR - 23/02/2026 - PROY ASCENSOR + SUBV	application/vnd.google-apps.document	2026-02-23T10:33:50.166Z	2026-02-23T10:30:03.647Z
1cw-Le7zyuBn-4OjaMjbBl8PEecWAAijX	INFORME DE VIABILIDAD GREGORIO IZQUIERDO 53 SSR.pdf	application/pdf	2026-02-23T10:47:42Z	2026-02-23T10:48:15.772Z
1LalthZOpL4KLZi7JRIsXanCtpUcUuAPF	INFORME DE VIABILIDAD FERIAL 25 GUADALAJARA.pdf	application/pdf	2026-02-23T10:05:31Z	2026-02-23T10:06:01.260Z
11T5an92GOO-EuAJKzqFBi_IsUiLiBrjc	INFORME DE VIABILIDAD ADORATRICES 7 GUADALAJARA.pdf	application/pdf	2026-02-23T09:33:37Z	2026-02-23T09:34:42.854Z
1jnRADPtWqNN8oASyRbTZNEURzb6fxE-aGQM6ZNFSHu4	FERIAL 25 GUADALAJARA - 23/02/2026 - PROY 2 ASCENS + SUBVENC	application/vnd.google-apps.document	2026-02-23T09:46:46.978Z	2026-02-23T09:41:03.612Z
17u6-NXW22s95V_4a98EVy6VZxDKfd0X8aSwzme3HbSg	ADORATRICES 7 GUADALAJARA - 23/02/2026 - PROY ASCENS + SUBVENC	application/vnd.google-apps.document	2026-02-23T09:07:07.655Z	2026-02-23T09:01:47.251Z
1nzO60_t-_7FGx7jZfyFZIm-2KZjic6DkxH5ZCIne7Jg	BRAVO MURILLO 358 MADRID - 23/02/2026 - PRY MODF ASC Y ACCE+SUBV	application/vnd.google-apps.document	2026-02-23T07:31:05.226Z	2026-02-23T07:25:15.704Z
1_YJDdXBe3CilJHD6jjOpT_0KawSQXNMC	BRAVO MURILLO 358 MADRID - 23_02_2026 - PRY MODF ASC Y ACCE+SUBV.pdf	application/pdf	2026-02-23T07:31:12Z	2026-02-23T08:03:01.603Z
1HkNDmkLe2wdh6BExLvdJYnvaHDc7iTDF	BRAVO MURILLO 358 MADRID 23-02-2026 INFORME DE VIABILIDAD .pdf	application/pdf	2026-02-23T08:01:48Z	2026-02-23T08:03:20.810Z
1vFzX6OCMOLZjUq-X35iAXbFNhccd1fPB	CARLOS MARTIN ALVAREZ 102  MADRID ACABADO FINAL  .pdf	application/pdf	2026-02-20T12:47:43.483Z	2026-02-06T12:08:05.987Z
13g5jyBPsjbe2qkdQZza3t0IAnyBKjep7da2O82oDp5k	EZEQUIEL SOLANA 105 MADRID - 20/02/2026 - ascsub	application/vnd.google-apps.document	2026-02-20T12:45:05.632Z	2026-02-20T12:41:38.913Z
1C5kChBm_gljUvapV2Tu9v1fnubiD6Qu_7O3QS_t7cus	O'DONNELL 41 MADRID - 15/12/2025 - SUBV ACCES PRY PROPIO	application/vnd.google-apps.document	2026-02-20T11:30:04.719Z	2025-12-15T10:58:10.923Z
1xb2oVFe0yQ0W17157HoCiKCXz1e6-WA0Bq2PNlJATGg	PALENCIA 46 MADRID - 20/02/2026 - ENVOLCAES	application/vnd.google-apps.document	2026-02-20T12:24:58.741Z	2026-02-20T11:39:32.743Z
1wUZ-QVZyiXDB-dcUE2W1CoWc4AHIAEOy-Eb4l6xa_r0	CONDESA DE TEBA 21 MADRID - 10/12/2025 - INS ASCENSOR	application/vnd.google-apps.document	2026-02-20T11:43:31.743Z	2025-12-10T08:32:36.376Z
1PeOr91rDYi_NenYaLZzFrD36DORjNinFLg5UiUNgl_o	SANTA BARBARA 20 TORRELAGUNA - 20/02/2026 - PRY ASC+ SUBV	application/vnd.google-apps.document	2026-02-20T10:44:04.610Z	2026-02-20T09:05:34.533Z
1_iDFiPzplECsmCrgqlw_RFwOJGo2j6zCbBLZaPNuP1Y	AV DOCTOR GARCIA TAPIA NUM 133-135-137 MADRID - 20/02/2026 - DF Y CERTIF DE IDONIEDAD	application/vnd.google-apps.document	2026-02-20T09:48:44.869Z	2026-02-20T09:48:41.983Z
1Y9CO-tph_XdW-w1dcnFRwH_P-WElOk4QocEnPr10GJA	ALTAMIRANO 32 MADRID - 20/02/2026 - ACCESIBILIDAD PORTAL	application/vnd.google-apps.document	2026-02-20T10:17:12.569Z	2026-02-20T10:14:31.003Z
1xIebdOblfCWo9BFuB1354Km3bhLmtHqdV4bRPnVq_vk	ALTAMIRANO 32 MADRID - 20/02/2026 - ENVOLCAES	application/vnd.google-apps.document	2026-02-20T10:12:48.002Z	2026-02-20T09:59:59.916Z
1VDqkv9TE6uCVIVk_ZlSTMCdz7SQEg79CzgHkEmW6DPI	AV DOCTOR GARCIA TAPIA NUM 133-135-137 MADRID - 20/02/2026 - DF Y CERTIFICADO DE IDONIEDAD	application/vnd.google-apps.document	2026-02-20T09:51:16.989Z	2026-02-20T09:45:20.235Z
184hM2QgmyxpiEylTSi-4etO2SwEFEHnDgf8W_stbLUo	MORATALLA 8 MADRID - 19/02/2025 - sub	application/vnd.google-apps.document	2026-02-19T11:31:15.198Z	2026-02-19T11:23:42.842Z
1kcL_qsa4MWt8hNM7ynBmmaF0NG1-F5QyH9KqBiWh30w	MARIA GUERRERO 7 MADRID - 19/02/2025 - IEE	application/vnd.google-apps.document	2026-02-19T11:17:18.487Z	2026-02-19T11:16:25.161Z
1pO-sVtPUj13VeicCVejoGG2r7R4ZwLLHFcC7xAZ-eak	MORATALLA 8 MADRID - 19/02/2025 - IEE	application/vnd.google-apps.document	2026-02-19T11:08:15.732Z	2026-02-19T11:06:52.365Z
1B8u_VOMyJdqdZ06MyJNkFJ8L7eGUdhB-jE3IEb4l5Gc	CAMPO DE LA PALOMA 46 MADRID - 19/02/2025 - PROY ASCENSOR + SUBVEN	application/vnd.google-apps.document	2026-02-19T09:38:07.705Z	2026-02-19T09:31:15.275Z
17rDcmJj40J51nbJHiWfTd3bgJIFMQtCH	INFORME DE VIABILIDAD CAMPO de la PALOMA 46 MADRID.pdf	application/pdf	2026-02-19T10:15:50Z	2026-02-19T10:16:57.281Z
1aZVUG7KZjvAzdZAFjr0qNNE-jp8im-P1908zP5tSSC0	CAMINO DE VALDERRIBAS 96 MADRID - 19/06/2025 - PRY+SUBV-modif	application/vnd.google-apps.document	2026-02-19T08:01:56.491Z	2025-06-19T06:43:38.174Z
1rLvaRlumxb0Lv5VcCNGo7m1Qa3s8HvB1mbtv79uR3qg	PERPETUA DIAZ 7 MADRID - 18/02/2026 - IEE	application/vnd.google-apps.document	2026-02-18T18:56:43.131Z	2026-02-18T18:56:07.180Z
1k6F5MNdPFXbe3UiawP_H2Aq_PsP4FX87FBnJposmQMM	ZAMORA 21 FUENLABRADA - 18/02/2026 - ASCSUB	application/vnd.google-apps.document	2026-02-18T18:04:45.621Z	2026-02-18T18:03:58.018Z
1wMKH7Celea5iDYZTstWqEdVtQaKoUuF_Q8DpKet8wQM	ILLESCAS 70 MADRID - 18/02/2026 - DF, CSS Y SUBV	application/vnd.google-apps.document	2026-02-18T12:31:09.789Z	2026-02-18T12:06:38.515Z
1KN2oWNtrsRQntAIVw9OGWqjHOcfOUvFOWk301sQIQRs	PASTRANA 5B MADRID - 12/02/2026 - PRY ACC+SUBV-modf agreg CSS	application/vnd.google-apps.document	2026-02-18T06:23:12.414Z	2026-02-12T13:56:43.236Z
1cm2TDBMdqR1W34O2PQvqirjk0xo7K2RCijh6MkQG1M8	ABREVADERO 2 PORTAL 16 VILLAVICIOSA DE ODON - 17/02/2025 - ascensorsub	application/vnd.google-apps.document	2026-02-17T14:35:30.720Z	2026-02-17T14:32:01.402Z
1lQzszHUcRErl1Xx0AXwqv8zh1RhGlzKJzgIpIvzprb4	PEDRO UNANUE 22 MADRID - 16/02/2026 - INFORME	application/vnd.google-apps.document	2026-02-17T12:31:42.886Z	2026-02-16T10:34:42.030Z
1YpP4Qkbc4y316szr5OF3OiQw6WzfiPN5wslvqs1O4io	A MONTES DE TOLEDO 3 - 17/02/2025 - HOJA DE ENCARGO	application/vnd.google-apps.document	2026-02-17T10:34:31.226Z	2026-02-17T10:21:49.041Z
1QMFRPmCg_aY8JDxjoVLmuahYtojWoqs-	MONTE IGUELDO 123 MADRID INFORME DE VIABILIDAD 17-02-2026.pdf	application/pdf	2026-02-17T10:04:10Z	2026-02-17T10:05:59.909Z
19lnjNpz3II-kAscuIWTM9dkWS4-hLTL_ZwRumNpTs1c	AVDA MONTE IGUELDO 123 - 16/02/2026 - PROY ASCENS + SUBVE	application/vnd.google-apps.document	2026-02-17T09:19:01.487Z	2026-02-17T09:15:03.334Z
15kTuFcaLkU8L30rIezzbEhOTKdU9Snl124SO7vsutaQ	SAN ANDRES 1 LEGANES - 17/02/2026 - CSS	application/vnd.google-apps.document	2026-02-17T08:14:06.607Z	2026-02-17T07:58:54.637Z
1YNjX1W4R6kzHHe-Vcl0s6Od6tYyzjHJyzhYLl_W6XEc	AYAMONTE 2 A-B MADRID - 16/02/2026 - cub	application/vnd.google-apps.document	2026-02-16T13:48:10.241Z	2026-02-16T13:46:02.716Z
1xQ9da0evJK54LFtz6v5Ia8NnBuICWYqS4UaJMydcrqA	AYAMONTE 2 A-B MADRID - 16/02/2026 - SUBVENCIONES	application/vnd.google-apps.document	2026-02-16T13:52:09.959Z	2026-02-16T13:50:14.492Z
18JS372pgZQKzy0QoiYA_IHQjZUl7K683hatwI_tMA8U	ETNA 10 MADRID - 16/02/2026 - PRY SATE	application/vnd.google-apps.document	2026-02-16T11:49:23.495Z	2026-02-16T11:40:58.902Z
17cN5aSHtntXMSlThWuxUYQBxzZ-CSovfNvoEsnwfX70	CALLE HUERTA DE VILLAVERDE 42 MADRID - 16/02/2026 - PRY ASC+SUBV	application/vnd.google-apps.document	2026-02-16T11:29:50.389Z	2026-02-16T11:10:20.810Z
1sP0DVwUMTGApkD1NUVAQspJZQ_YrKHIsS1S8b6GO9b4	RAMON DE SANTILLAN 15 A-B MADRID - 16/02/2026 - PRY ELEV+SUBV	application/vnd.google-apps.document	2026-02-16T09:31:53.480Z	2026-02-16T09:22:07.285Z
1x7juMH0x8culJSJYML_xYf1dBMl90K9NXBIjWWYge90	VALMOJADO 163 MADRID - 16/02/2026 - IEE	application/vnd.google-apps.document	2026-02-16T07:14:59.648Z	2026-02-16T06:38:49.366Z
1-giZmjetlbWc55BD44AVWwXInzA3FwkIXWLcVKFr964	JULIAN BESTEIRO 15 G MADRID - 20/06/2025 - TRAMITACION SUBVENCIONES	application/vnd.google-apps.document	2026-02-13T14:10:12.392Z	2025-06-20T11:40:30.873Z
1W27dHX7zFluSWRlnm2vIBgd0CyJbOT7WEKtpLdcL-AQ	JULIAN BESTEIRO 15 G MADRID - 20/06/2025 - PROYECTO DE ACCESIBILIDAD	application/vnd.google-apps.document	2026-02-13T14:18:19.169Z	2025-06-20T12:33:57.421Z
10UzO5ky7IhJEfxvgrZb0HBkhMJyr9YQ-s6z6bl36LTA	PORTALEGRE 24 MADRID - 13/02/2026 - IEE	application/vnd.google-apps.document	2026-02-13T13:52:47.856Z	2026-02-13T13:40:29.555Z
1YaTr2vIjOSru8rMSlufGjjfpbDlYIZpT9I6NvtEc3LQ	PORTALEGRE 24 MADRID - 13/02/2026 - ENVOL	application/vnd.google-apps.document	2026-02-13T14:04:09.781Z	2026-02-13T13:54:29.092Z
1CxWN1j-FG1qw57PtFkqdKn6NefyIoZIHhDjaYQM-p1Y	GIRASOL 21 MADRID - 03/11/2025 - SATE CAES	application/vnd.google-apps.document	2026-02-13T10:54:54.382Z	2025-11-03T13:14:17.418Z
1MAU7Rt9yMOrjnwsu8N9znxH1tgg2M0eqH-9Pavxo1CA	SAN CLEMENTE 16 LEGANES  - 13/02/2026 - LEE +LPO	application/vnd.google-apps.document	2026-02-13T09:26:37.793Z	2026-02-13T07:57:51.257Z
1FTNWWFFxmJMdXFvLzQLmu2nkQNo01mMWc1R5xRmV7Is	AVDA DONOSTIARRA 18 MADRID - 13/02/2026 - CEE	application/vnd.google-apps.document	2026-02-13T08:10:18.845Z	2026-02-13T08:08:57.356Z
1cfK4v9wJ5eXcyowHx9Vswt_dxXKZ14a_	Datil, 7 - 2 06 25 INFORME VIABILIDAD.docx	application/vnd.openxmlformats-officedocument.wordprocessingml.document	2026-02-12T15:59:21.989Z	2025-06-02T09:22:37.877Z
13L0CN_phN58tpYrf4xhinYAyHUlASSH9	FERNANDO PESSOA 4 MADRID INFORME DE VIABILIDAD 12-02-2026.pdf	application/pdf	2026-02-12T11:48:00Z	2026-02-12T11:49:00.099Z
190VAl2XklC6Ye_GqsquSTjmoRzPc3c9_	VELEZ MALAGA 20 MADRID INFORME DE VIABILIDAD 12-02-2026.pdf	application/pdf	2026-02-12T11:28:00Z	2026-02-12T11:29:23.042Z
1yk5n-rkV8pdn_vXCz6GcJfvNYr5dxp61aq7CoxUZr0k	VELEZ MALAGA 20 MADRID - 12/02/2026 - PRY ASC + SUBVENC	application/vnd.google-apps.document	2026-02-12T11:09:46.512Z	2026-02-12T11:05:29.039Z
1pv1dxdKbRylKxZ5nwUU1XSrtu9Cx7Gvd1JWss0DJJZA	FERNANDO PESSOA 4 MADRID - 12/02/2026 - PRY CAMBIO ASC + ACCESI + COTA0	application/vnd.google-apps.document	2026-02-12T10:59:28.555Z	2026-02-12T10:45:05.642Z
1u22GQ-eWRLjDSasg6hzEE9EXJvQJcE1azMEzNN3FWgs	ALAMEDA 4 MADRID - 11/02/2026 - ASC	application/vnd.google-apps.document	2026-02-11T15:34:10.752Z	2026-02-11T15:28:11.794Z
1SS3NcEGfZI9UofmsAnB0aBa33yD8YwiZdFApvYz-nYU	DOCTOR ESQUERDO 169 - 11/02/2026 - ACCESIBILIDAD	application/vnd.google-apps.document	2026-02-11T14:36:43.745Z	2026-02-11T14:36:01.886Z
10tzvepNcXJqJ2SfLG0oXw6FVWeOhio0K65A3YXbfv-U	LOPEZ DE HOYOS 163 MADRID  - 11/02/2026 - ACCESIBLIDAD	application/vnd.google-apps.document	2026-02-11T15:22:33.755Z	2026-02-11T15:09:49.245Z
1V7xF8qX2vSP9gS2ml-RRZaT3jZ2QXyiXM_VkzYVLpEU	MAQUEDA 82 MADRID - 11/02/2026 - SUBV EXT	application/vnd.google-apps.document	2026-02-11T13:50:20.300Z	2026-02-11T12:16:58.790Z
1z7HGs49LuLhz4MLc5k3Mv1IV95dMjLnfM-d2tD9YpPM	MONTESA 27 MADRID - 23/06/2025 - CONSULTA URBANISTICA	application/vnd.google-apps.document	2026-02-11T13:11:41.051Z	2025-06-23T14:07:33.028Z
1QdFd_CtBRGRkR-gFz9rmCoO8tS7oBkeChD4K_H_rZRE	MONTESA 27 MADRID - 04/07/0225 - acces	application/vnd.google-apps.document	2026-02-11T13:15:25.313Z	2026-02-11T13:13:09.722Z
1B1izGtxdJVxoU1EhaixMfKurdXUEKoIJi-jo0xWSkM8	PICO DE LOS ARTILLEROS 44 MADRID - 11/02/2026 - INFORME PARA ACTUACIÓN DE MEJORA DE ACCESIBILIDAD	application/vnd.google-apps.document	2026-02-11T06:42:38.289Z	2026-02-11T06:41:08.334Z
1Yu7IS_D3tZyAkAg7UMAKxYRXWPqkm87XfEXePg4Cb2M	AV ANGELES 6 LEGANES - 11/02/2026 - SUBV PRY EXT	application/vnd.google-apps.document	2026-02-11T06:08:58.659Z	2026-02-11T06:05:29.299Z
1bBtPBN9jdlBXyEmtq2ZBDLtY9WqfD6YbHB0WRyC8ZDQ	SONSOLES 4 LEGANES - 11/02/2026 - SUBV PRY PROP	application/vnd.google-apps.document	2026-02-11T06:14:35.519Z	2026-02-11T06:12:57.617Z
1AJeRU-GozeWrJfe1cl0aSv27R8Wkh90cU8x0jxNxpsk	DELICIAS 7 FUENLABRADA- - 11/02/2026 - SUBV PRY PROP	application/vnd.google-apps.document	2026-02-11T06:20:44.124Z	2026-02-11T06:13:09.801Z
1sWH5w4RZiwfw6vV8RZNFrZvtHi5tH2ujGgDSEwt8Aug	GIRASOL 21 MADRID - 04/02/2026 - INFPERICIALCUBIERTA	application/vnd.google-apps.document	2026-02-10T18:40:25.563Z	2026-02-04T13:38:25.285Z
1SNFcVvdyRcdoP3nVCENA8hrluLb_x8uh3ID9YxamjFA	BETANCUNIA 4 MADRID - 10/02/2026 - SATECAES	application/vnd.google-apps.document	2026-02-10T17:15:23.392Z	2026-02-10T17:08:15.546Z
1dOp9hDuXEC3mz9-n7THvj-FwwSCxpmYPl-qvVw1UdxU	AYAMONTE 2 A-B MADRID - 10/02/2026 - ASC2	application/vnd.google-apps.document	2026-02-10T16:31:32.631Z	2026-02-10T16:29:29.425Z
1SLfiAtqtS61i2AyzfagwhamKeGz135oUeSynfMi3_xo	AYAMONTE 2 A-B MADRID - 10/02/2026 - SATECONCAES	application/vnd.google-apps.document	2026-02-10T16:42:24.460Z	2026-02-10T16:34:09.618Z
10Rr8eBT6Iiu7NYH0Y11tRz9YUO1ZrOncIsKQe5oSQHI	AVDA DE LA MANCHA 44 LEGANES - 10/02/2026 - ASC	application/vnd.google-apps.document	2026-02-10T17:29:01.807Z	2026-02-10T17:24:52.200Z
1XE5dIeFBbN-2uLPhdZtujM7URNd0yeNdPMuyzEpWuPU	ANGEL MUGICA, 35 MADRID - 10/02/2026 - sateconcesion	application/vnd.google-apps.document	2026-02-10T14:36:50.685Z	2026-02-10T14:25:58.319Z
1SnopyhtMq-AG6j2pWTYfPCOEPeyrWvpP8cFlhYjhkG8	ANGEL MUGICA, 35 MADRID - 10/02/2026 - INSASC	application/vnd.google-apps.document	2026-02-10T14:35:30.277Z	2026-02-10T14:32:12.477Z
1zXyIbxnep3RUPXni9OV-KZb8xmmyOQNSgvODGDMCBZ8	CUESTAS ALTAS 1 GETAFE - 10/02/2026 - SATECESIONCAES	application/vnd.google-apps.document	2026-02-10T15:24:26.915Z	2026-02-10T15:12:44.938Z
1nhv-7_cdwvFQFulb9-yuEAPboFAU7ahqSxIul5aEZT8	ANGEL MUGICA, 35 MADRID - 10/02/2026 - SUB	application/vnd.google-apps.document	2026-02-10T14:18:59.124Z	2026-02-10T14:07:44.921Z
1xoOeiIwbhHUjdK7GNFkXPCh1V4aq8qQibNcfC3yBBqk	SANTA CECILIA 7 QUART DE POBLET VALENCIA - 10/02/2026 - SUBV	application/vnd.google-apps.document	2026-02-10T11:35:58.841Z	2026-02-10T11:24:28.083Z
1lDClqQhpj80bs9NzxjTVHarc1ihDHUz3	C.PALOMARES 77 MADRID 10-02-2026 INFORME DE VIABILIDAD .pdf	application/pdf	2026-02-10T11:03:09Z	2026-02-10T11:03:35.051Z
1pfWpQg6Xa6Vrp_n5xDS1SwQL02kYSGzx	C.PALOMARES 75 MADRID 10-02-2026 INFORME DE VIABILIDAD .pdf	application/pdf	2026-02-10T11:00:30Z	2026-02-10T11:01:12.889Z
15eMRMsLQxrHELVAbhAuPNaFgvbh-ESAG	C.PALOMARES 79 MADRID 10-02-2026 INFORME DE VIABILIDAD .pdf	application/pdf	2026-02-10T11:07:51Z	2026-02-10T11:08:08.556Z
1tPjmOA6K5hiDelUVhiXGiM0t4YLEDxia	PASEO DE LOS FERROVIARIOS 9 MADRID 10-02-2026 INFORME DE VIABILIDAD .pdf	application/pdf	2026-02-10T11:11:11Z	2026-02-10T11:11:28.837Z
1yib07QXRtskyYqjTaxkhXJWnB_q_w8ZczuOvwN7yb7A	PALOMARES 75 MADRID - 08/02/2026 - PRY ASCENSOR + SUBV	application/vnd.google-apps.document	2026-02-10T09:32:46.173Z	2026-02-10T09:26:58.599Z
1-vlVkIfXH9DDE2bTenhyiNN3DU5KpiXl5ccy9yJlewU	PALOMARES 75 MADRID - 08/02/2026 - PRY SATE + SUBV	application/vnd.google-apps.document	2026-02-10T10:01:13.562Z	2026-02-10T09:28:35.622Z
1TkgvPFZlTdO72Ciih7hL__3D2l-pXvRAcanPY3pAkQg	 PALOMARES 77 MADRID - 08/02/2026 - PRY SATE + SUBV	application/vnd.google-apps.document	2026-02-10T10:00:08.416Z	2026-02-10T09:59:14.532Z
1s7fIZ0p8kdqg_MTB5r2E0MzuPUw_2C5yuGACips5pD0	 PALOMARES 77 MADRID - 08/02/2026 - PRY ASCENSOR + SUBV	application/vnd.google-apps.document	2026-02-10T10:04:52.077Z	2026-02-10T10:04:14.783Z
1Izxw6O8lR9nSuwDQQuOvF8d-L4R_4aUGf2MfniVvcKs	 PALOMARES 79 MADRID - 08/02/2026 - PRY ASCENSOR + SUBV	application/vnd.google-apps.document	2026-02-10T10:09:02.197Z	2026-02-10T10:08:23.851Z
11ZP2CCY8SwX4mXCcFZw8bgwJBNk2_Bo7OmttRUlTpUY	 PALOMARES 79 MADRID - 08/02/2026 - PRY SATE + SUBV	application/vnd.google-apps.document	2026-02-10T10:11:26.311Z	2026-02-10T10:10:17.480Z
1_v3eRPWTDKWAzHAex1GOtqNsSTa9cih8ehhqpDPZXIg	PASEO DE LOS FERROVIARIOS 9 MADRID - 08/02/2026 - PROY SATE + SUBV	application/vnd.google-apps.document	2026-02-10T10:20:09.054Z	2026-02-10T10:16:49.468Z
1ddRCF3wRw6LJSGRUbmz4minF_TRAj9aGWmKw_DmcwiE	PASEO DE LOS FERROVIARIOS 9 MADRID - 08/02/2026 - PRY ASCENS + SUBV	application/vnd.google-apps.document	2026-02-10T10:22:53.540Z	2026-02-10T10:16:10.331Z
1G-Es7PQigO2PN26nrTWFzZR4Zbv6oJidauiwT733SkM	EZEQUIEL SOLANA 105 MADRID - 09/02/2026 - ASCPROYEXTERNO	application/vnd.google-apps.document	2026-02-09T14:59:19.120Z	2026-02-09T14:48:54.250Z
1Jv6I_NjfKF5J3GxpcB7qO4-Vp8askcAxeLqMj5VMYZw	RAFAEL FINAT 17 - 11/07/2025 - LEGALIZACION PARKING	application/vnd.google-apps.document	2026-02-09T15:04:58.181Z	2025-07-11T10:27:13.806Z
12VT5hu_fiNK7bUtNFgMyOgBkY17lrSZE2wHgAOih2H8	ALFREDO ALEIX 20 MADRID - 22/01/2026 - SATECAES	application/vnd.google-apps.document	2026-02-09T13:06:46.334Z	2026-01-22T15:58:10.289Z
1DpJp8lQtDLUHOuZlgG04Km9ew1hBNwor	AV REY JUAN CARLOS I  72 - 74 LEGANES 28-01-2026 INFORME DE VIABILIDAD .pdf	application/pdf	2026-02-09T12:15:52Z	2026-02-09T12:16:58.516Z
1qZSKdxlVNYt0rHHS107EdcCzEaaj3YzNrA0llqotwq0	AV REY JUAN CARLOS I  72 - 74 LEGANES  - 28/01/2026 - PRY MOD ASC	application/vnd.google-apps.document	2026-02-09T12:09:44.019Z	2026-01-28T09:54:26.982Z
17-PqcnH90yc1ahl9R3MMfc1VlFoKdVPTaq3GskiEJZU	ALFREDO ALEIX 33 MADRID - 06/02/2026 - ENVOL	application/vnd.google-apps.document	2026-02-06T15:32:29.197Z	2026-02-06T14:59:59.433Z
1S0CGnusIOVQ7xxXYuxcFOWUP1X-xOIcoAh_C99EEmjI	NURIA 28-32 MADRID - 06/02/2026 - ACCE	application/vnd.google-apps.document	2026-02-06T14:38:03.033Z	2026-02-06T14:36:22.786Z
1OcxatE-zjorsicjX9s5apUC8CLv-Quc9OFp_Zcn-y6s	NURIA 28-32 MADRID - 06/02/2026 - ACCESIBILIDAD	application/vnd.google-apps.document	2026-02-06T14:47:28.469Z	2026-02-06T14:41:18.901Z
1_NGscsM-zDKiaPFdxg2DDLAsVPfZkg8GH2U5FAntWI0	NURIA 28-32 MADRID - 06/02/2026 - SUB	application/vnd.google-apps.document	2026-02-06T14:44:55.319Z	2026-02-06T14:43:35.625Z
1ICCUp7uzuQvLd-zDXKoI0zy_qwDu8md3ALhz5lybYmI	VILLA DE MARIN 28 MADRID - 06/02/2026 - SUBASCOTA0	application/vnd.google-apps.document	2026-02-06T13:38:57.574Z	2026-02-06T13:35:07.573Z
10Rgy5vJEe9NQrXZqjkLzhaS4Nl0GyC4I-dY-4zFVVyE	NUESTRA SEÑORA DE FATIMA 94 MADRID - 06/02/2026 - SUBASCACCE	application/vnd.google-apps.document	2026-02-06T14:03:57.958Z	2026-02-06T13:54:18.101Z
1yGNKv3_swrREIJmR7XiEmVCYbNSJ-cs1zdJSbhpasKk	AV EUROPA 20 ALCOBENDAS - 06/02/2026 - INFORME	application/vnd.google-apps.document	2026-02-06T12:42:22.649Z	2026-02-06T12:32:43.353Z
14u6JhU1AoZZ_fPivvXdlQGc1283GK9hN	CARLOS FUENTES 61 MADRID 06-02-2026 INFORME DE VIABILIDAD .pdf	application/pdf	2026-02-06T11:45:51Z	2026-02-06T11:46:49.880Z
1HeEwOtNKvM5vE91dzG6wJNS4VpQfBUjVOsjaK86cS-c	MIESES 2 LAS ROZAS - 06/02/2026 - PRY BAJADA COTA 0	application/vnd.google-apps.document	2026-02-06T12:26:51.172Z	2026-02-06T12:23:05.431Z
1vz10KOMIeJeG5E2v_-JJQV5OdlFY16wkRtnvRlef64s	CARLOS FUENTES 61 MADRID - 06/02/2026 - PROY ASCENS + SUBV	application/vnd.google-apps.document	2026-02-06T11:35:08.230Z	2026-02-06T11:30:49.400Z
1Xv1aRnDPMH2XehsnOA8Wqv7_FS9Sfe42	SEPULVEDA 49 , MADRID 06-02-2026 INFORME DE VIABILIDAD .pdf	application/pdf	2026-02-06T11:24:12Z	2026-02-06T11:25:13.367Z
1oYIeRnA99gBcqfWaYEtvRfweZNI2E1k8rkPsYXWSP64	SEPULVEDA 49 MADRID - 06/02/2026 - PRY ASC + SUBV	application/vnd.google-apps.document	2026-02-06T11:08:05.296Z	2026-02-06T10:59:07.989Z
1EtbjdfyaAkS2KFw_WNBoAj-bWOBh9j3j4rgc8XV89xU	MILAN 7 TORREJON DE ARDOZ - 06/02/2026 - PRY SUST ASC	application/vnd.google-apps.document	2026-02-06T10:15:52.736Z	2026-02-06T09:50:53.895Z
1_odftsvylhDW_EhxQMnq_nO9jykrHU1lGrz3efSvecM	LONDRES 15 TORREJON DE ARDOZ - 06/02/2026 - PRY SUST ASC	application/vnd.google-apps.document	2026-02-06T10:13:06.090Z	2026-02-06T09:51:39.798Z
1A1g_zNYTbXko3Cc_JOaB6VSSIYp2ILXB77jdbHSo7Mo	MILAN 9 TORREJON DE ARDOZ - 06/02/2026 - PRY SUST ASC	application/vnd.google-apps.document	2026-02-06T10:25:33.660Z	2026-02-06T09:51:10.778Z
1KLCIMyg1xTW98_9yoJ6TV38KyrpDHdM5F2qEH-bhfBY	MILAN 1 TORREJON DE ARDOZ - 06/02/2026 - PRY SUST ASC	application/vnd.google-apps.document	2026-02-06T10:14:33.539Z	2026-02-06T09:50:17.852Z
12mbfWwZoUr_8la-oUkEDRRrTD5vOLFxJQVS-RHhV8Mc	LONDRES 13 TORREJON DE ARDOZ - 06/02/2026 - PRY SUST ASC	application/vnd.google-apps.document	2026-02-06T10:12:16.951Z	2026-02-06T09:51:23.105Z
1maYQ8A3nJlr3NvugGNcYrv-9RJYxt99ijiXImF1qYO8	MILAN 3 TORREJON DE ARDOZ - 06/02/2026 - PRY SUST ASC	application/vnd.google-apps.document	2026-02-06T10:15:12.791Z	2026-02-06T09:50:34.779Z
134sBTwrw0noAUf3CILoyHuzFn1U76BRunLGueHF-vi4	PAULINO AGUADO 5 ALCOBENDAS - 06/02/2026 - PRY ASC + SUBV	application/vnd.google-apps.document	2026-02-06T09:04:49.763Z	2026-02-06T08:59:31.137Z
1RUYWIoFWbt7ySaPnDI4HVt6p9vilQ7-6	PAULINO AGUADO BAENA 5 ALCOBENDAS 06-02-2026 INFORME DE VIABILIDAD .pdf	application/pdf	2026-02-06T09:13:22Z	2026-02-06T09:13:56.072Z
1ZqhfwbJO-Mz0t7yoEULWaO5wbgPl4VUA	Embajadores 56 Madrid 05-02-2026  INFORME DE VIABILIDAD .pdf	application/pdf	2026-02-05T12:56:35Z	2026-02-05T12:57:15.830Z
1hi5QGL57X_cwR6ppYeqVWtQB8y2-ejjf	ALHELI 2 LEGANES INFORME DE VIABILIDAD  .pdf	application/pdf	2026-02-05T12:47:24Z	2026-02-05T12:47:37.745Z
1wuz0oNqJYXe64Ut8fAD_jlwq9ZSAPEFGVXXnarxOdtk	EMBAJADORES 56 MADRID - 01/01/1970 - PRY ELEV+CSS	application/vnd.google-apps.document	2026-02-05T12:43:17.442Z	2026-02-05T12:34:04.341Z
1TMs2wFiNTgxpBS81DnrrAcgwPe8uHHM7xccdRZKDupQ	LOS BELGAS 12 COLLADO VILLALBA - 04/02/2026 - PROYASC	application/vnd.google-apps.document	2026-02-04T14:43:38.901Z	2026-02-04T14:41:36.038Z
1tOHt6Zq51vZE1PAQu7UiOVL3-ryB8-WWUba4OJbDhms	AV BADAJOZ 18 MADRID - 04/02/2026 - PRY ASC EFFIC	application/vnd.google-apps.document	2026-02-04T11:00:16.532Z	2026-02-04T10:54:49.958Z
18dU_DfdehmAeA8Pl5MmjxhNhrDKdTDdn0KyDbXpQja8	JULIAN BAENA DE CASTRO 4 ALCOBENDAS - 03/02/2026 - Consulta urb	application/vnd.google-apps.document	2026-02-03T15:01:52.790Z	2026-02-03T14:57:57.697Z
1TOCOeGyTeS5GqTAMN9AtDNgFuHDDgkdho5Rj6z7jAJQ	OLIVERETA 7 VALENCIA - 03/02/2026 - ASCSUB	application/vnd.google-apps.document	2026-02-03T11:53:17.812Z	2026-02-03T10:36:12.734Z
1beRbTXBfFa52atSVAKLufSEWfd0nPAwiNAPIajYWpCc	ALHELI 2 LEGANES - 03/02/2026 - PROY ASC + SUBV	application/vnd.google-apps.document	2026-02-03T12:04:04.403Z	2026-02-03T10:53:12.759Z
1Osm0i1p_vgBFc1AUMs289m20h5JStDy-	Riocabado 10 Madrid  02-02-2026INFORME DE VIABILIDAD .pdf	application/pdf	2026-02-02T14:26:26Z	2026-02-02T14:27:11.849Z
11BvPG2TXPT-na3i3vdTtD1p8zmdIvXpBYABDtUWXgw4	RIOCABADO 10 MADRID - 30/01/2026 - PRY ASC + SUBV	application/vnd.google-apps.document	2026-02-02T14:05:42.064Z	2026-02-02T14:01:45.301Z
1UgeC7smjT3fVAmnLoGgSU_1r3s0pCbDWN5TjQKlsuNI	DOCTOR FLEMING 44 MADRID - 30/01/2026 - IEE	application/vnd.google-apps.document	2026-02-02T14:25:12.035Z	2026-02-02T14:22:20.136Z
1RmS1YuG62sh9NW2IQX5SxaoBuyJ6xFzoQsHjGiK_iMA	HIGUERAL 1 FUENLABRADA - 30/01/2026 - PROY ACC+CSS	application/vnd.google-apps.document	2026-01-30T13:34:57.454Z	2026-01-30T13:33:29.246Z
1a6f-Skw4e0mA_pN23XsYRvEal-UgAssRFSIkkTz4uRc	MARQUES DE CORBERA 24B MADRID - 30/01/2026 - PRY ASC+SUBV	application/vnd.google-apps.document	2026-01-30T12:14:47.768Z	2026-01-30T12:05:48.210Z
1v9SaFQrPJYNvBmrMK8QdvtDIZROIhcu48zF3avtdYBE	MARQUES DE CORBERA 28B MADRID - 30/01/2026 - PRY ASC+SUBV	application/vnd.google-apps.document	2026-01-30T12:13:16.598Z	2026-01-30T12:06:29.830Z
1zWXhMtiyC_ChsrYbwROimXM1RXo_U0W-CBqFim8udIc	ARROYO DE FONTARRÓN 381 MADRID - 23/01/2026 - PRY ASC+SATE+SUBV	application/vnd.google-apps.document	2026-01-29T10:33:53.941Z	2026-01-23T07:18:23.512Z
1l53sGFGFZRErkej-SyUX8n6RXPfYa70QkDRgZf01GJU	SIETE OJOS 6 ALCORCON  - 28/01/2026 - INFORME PERICIAL	application/vnd.google-apps.document	2026-01-28T15:43:39.769Z	2026-01-28T14:45:46.985Z
1fAF2IKFRW_x4-NmVIIelrAY2Dx50EiSTihWbkWvXiLE	GOMEZNARRO 233 MADRID - 28/01/2026 - CSSASC	application/vnd.google-apps.document	2026-01-28T16:03:16.442Z	2026-01-28T16:02:28.965Z
1A_9t6G_iP3ZVe4mRs5hfrCUHowmDUU6hojBwQN-3Ze0	PASEO DOCTOR SEVERO OCHOA  2 FUENLABRADA - 28/01/2026 - IEE	application/vnd.google-apps.document	2026-01-28T12:50:49.598Z	2026-01-28T12:49:59.092Z
1dYbPA3SzuzPUhRZGNrQSjiXa3XksK5nJPYTOgbbu4KE	CARLOS ARNICHES 25 MADRID - 28/01/2026 - CSS	application/vnd.google-apps.document	2026-01-28T11:26:37.778Z	2026-01-28T11:25:39.410Z
1QZBP1QmEESJVH-b9rLPia8iesZsvpEOT	Embajadores 3 Madrid 28-01-2026 INFORME DE VIABILIDAD .pdf	application/pdf	2026-01-28T08:11:08Z	2026-01-28T08:13:46.428Z
1Zw9P9vpRYUH62shMxbDQTojHSsnQUaRc3BkJHnVxvZ8	EMBAJADORES 3 MADRID - 27/01/2026 - PRY ASC+SUBV	application/vnd.google-apps.document	2026-01-28T07:29:09.751Z	2026-01-28T07:16:21.553Z
1tGKiy_YG6PpGKri9YnDwqYjFi16neo5qRmlfKK1AXJA	CONSTANCIA 41 MADRID - 27/01/2026 - ACCESIBILIDAD	application/vnd.google-apps.document	2026-01-27T14:08:31.176Z	2026-01-27T14:03:15.550Z
1YQB237NOb-wxaKTWVLnyCd2RHkONPn-rGWBKrgDjp4o	SAN LORENZO 16 LEGANES - 27/01/2026 - ENVOLVENTE	application/vnd.google-apps.document	2026-01-27T13:01:08.086Z	2026-01-27T12:59:52.089Z
1ZPauxnPuDUPA5n3G8nwGjOmMPu8z4cVUciy-IID-qPo	SEPULVEDA160 MADRID - 27/01/2026 - PRY ASC + SUBV	application/vnd.google-apps.document	2026-01-27T07:39:18.540Z	2026-01-27T07:33:46.566Z
1Xt4b8dqX6zjoPUjz1uMHrDu8LRwJ2dVN	Sepulveda160 Madrid 27-01-2026 INFORME DE VIABILIDAD .pdf	application/pdf	2026-01-27T07:58:23Z	2026-01-27T07:59:11.117Z
118eQwsG_7n8AGE0pr_f2hWDZIf8atl83	BELZUNEGUI  48 MADRID - 26_01_2026 - PRY ASC +SUBV.pdf	application/pdf	2026-01-26T13:15:16Z	2026-01-26T13:28:33.053Z
1HTpDKhLNUOUoaEymGM9ac9LMEXIEhB1FbSGah0Matjg	OCAÑA 48 MADRID - 26/01/2026 - IEE	application/vnd.google-apps.document	2026-01-26T12:53:17.016Z	2026-01-26T12:51:24.060Z
1xepLFbKeEGEPSXLDPBfjgQAlc5x0RdVGhELIPBYCZY4	OCAÑA 46 MADRID - 26/01/2026 - IEE	application/vnd.google-apps.document	2026-01-26T12:58:49.978Z	2026-01-26T12:57:00.744Z
1xqrvOTMg6stbpo49yMgAdqtIXW1wKF_78zd-ec63sXU	BELZUNEGUI  48 MADRID - 26/01/2026 - PRY ASC +SUBV	application/vnd.google-apps.document	2026-01-26T13:14:57.886Z	2026-01-26T13:08:33.318Z
1GR15BCxKv1jkKUNbj5HMH2IQJXzPC3XEjmF86xomrtc	PLAZA DE PARÍS 7 FUENLABRADA - 26/01/2026 - PROY ASC PENDIENTE DE PAGO	application/vnd.google-apps.document	2026-01-26T12:24:25.353Z	2026-01-26T12:23:22.397Z
1_rvCwpc8GL3G65Fc5-7QlO_vM0j29EUGoSIc17XJooc	CAÑADA 8 MADRID - 26/01/2026 - INFORME TÉCNICO DE SUBSANACIÓN DE DEFICIENCIAS	application/vnd.google-apps.document	2026-01-26T12:02:20.775Z	2026-01-26T12:00:30.713Z
1ToCJR3EEj9rWuzyxryBLvD7MQJ-84ZGHJYG4vKWjk0Y	INDEPENDENCIA 43 SAN SEBASTIAN DE LOS REYES - 26/01/2026 - PRY ASC+CSS	application/vnd.google-apps.document	2026-01-26T10:44:00.685Z	2026-01-26T10:40:16.127Z
1741MsHCNlbtiV57LkIJrdiMO76XXA99-bIvgIG_H9ps	ANTONIO SANCHA 40 MADRID - 26/01/2026 - PRY SATE- INFORMATIVO	application/vnd.google-apps.document	2026-01-26T08:11:27.773Z	2026-01-26T07:27:55.648Z
1o72z1hRcORZdXgvyNTUqhxtfbBFvVM2P4agWcuaWxiE	CAPITAN DAOIZ 2 TALAVERA DE LA REINA.TOLEDO - 26/01/2026 - PRY SATE FACHADA VENTILADA	application/vnd.google-apps.document	2026-01-26T07:16:15.834Z	2026-01-26T06:59:00.492Z
1fgfQakAaMh7qwjiYFxOjorvG2fK-aT4a8oHszXsNQ3c	JOAQUINA SANTANDER 33-35-37 TALAVERA DE LA REINA TOLEDO - 26/01/2026 - PRY SATE+SUBV	application/vnd.google-apps.document	2026-01-26T06:49:09.115Z	2026-01-26T06:39:25.541Z
1EmiSPSFIy2tN07kgX8ecAdES9Kc962UmXrg2PXoq9rI	CAMARENA 304 MADRID - 23/01/2026 - ASCSUB	application/vnd.google-apps.document	2026-01-23T15:36:36.086Z	2026-01-23T15:35:35.117Z
1kypgnJZLun_YIUJlBsC0zqiQjl1eFf2BwNzGgmHjyaA	CAMARENA 312 MADRID - 23/01/2026 - ASCSUB	application/vnd.google-apps.document	2026-01-23T15:40:33.740Z	2026-01-23T15:39:32.306Z
1gckfRd2u5Q5deTu1Zs8bdWrow6iYGLEuC1OYpkQnW74	POLVORANCA 26 LEGANES - 23/01/2026 - CONSASC	application/vnd.google-apps.document	2026-01-23T16:13:52.261Z	2026-01-23T16:12:46.491Z
1sH-eWPjpQy5kY3u9l26-wgtkBCwR_sGTwMPoEAaE_3Q	DOCTOR FLEMING 44 MADRID - 22/12/2025 - ENVOL	application/vnd.google-apps.document	2026-01-23T15:18:21.171Z	2025-12-22T08:45:27.556Z
1WNsoVQcK4JbB6Jf251U3X7mVRXVDLt42nIjxkR7Iomc	Callao 48 Fuenlabrada 29-09-2025 INFORME DE VIABILIDAD 	application/vnd.google-apps.document	2026-01-23T14:04:27.270Z	2026-01-23T14:04:23.244Z
14udkt0HJie4o8kKU9iwJACasYg6O5BBJ	CALLAO 27 FUENLABRADA23-01-2026 INFORME DE VIABILIDAD .pdf	application/pdf	2026-01-23T14:22:51Z	2026-01-23T14:23:19.731Z
1GCruilNHfi-yWn51XByqhVBXSJkoBCRH99FBPJ_phto	CALLAO 50 FUENLABRADA - 23/01/2026 - INSASC	application/vnd.google-apps.document	2026-01-23T14:00:01.529Z	2026-01-23T13:57:44.628Z
1AT9Ln-gEGzWztSbYF5f2J3GrkMgf9Cr4dizcWq2eQa8	CALLAO 27 FUENLABRADA - 23/01/2026 - PRY ASC +SUBV	application/vnd.google-apps.document	2026-01-23T14:17:07.705Z	2026-01-23T13:19:51.490Z
1Ha1sSXN7625GD_y4z1KOc_P4LsolLcdDhP8FjDzYdlE	CARDEÑOSA 34 MADRID - 05/06/2025 - PRY+SUB	application/vnd.google-apps.document	2026-01-23T13:05:42.180Z	2025-06-05T11:43:52.446Z
1Vwj5sWDUTWbf_C7TAltQVICTNir2om0x-uluYJgMbCU	CORREGIDOR JUAN FRANCISCO DE LUJAN 34 MADRID - 23/01/2026 - PRY SATE +SUBV	application/vnd.google-apps.document	2026-01-23T11:38:42.806Z	2026-01-23T11:33:57.738Z
135L2QUwuyUuB2vGZa6nog09xADV_PPCkYecr4beMFb4	ESTEBAN COLLANTES 26 MADRID - 24/11/2025 - RENV SUBV ACC	application/vnd.google-apps.document	2026-01-23T10:47:37.342Z	2025-11-24T14:10:06.267Z
1UFlEkwJX4I34TfzF5ybqfwITljfwryZDEUHFGl8s8OE	CORREGIDOR JUAN FRANCISCO DE LUJAN 34 MADRID - 22/01/2026 - PRY ASC+SUBV	application/vnd.google-apps.document	2026-01-22T11:53:40.601Z	2026-01-22T11:45:00.991Z
1_8w_iDkODqcplGaOnsQrzR_54XDByMxn	CORREGIDOR JUAN FRANCISCO DE LUJAN 34 MADRID 22-01-2026 INFORME DE VIABILIDAD .pdf	application/pdf	2026-01-22T12:27:02Z	2026-01-22T12:27:56.991Z
1uK7mdiKqo6oLfDlivsgUmPRN3pQAiocrogCtghs5QQA	BATALLA DE CLAVIJO 7 LEGANES - 22/01/2026 - LIBRO DEL EDIFICIO	application/vnd.google-apps.document	2026-01-22T09:25:11.391Z	2026-01-22T09:16:50.287Z
1gu_0c7EqPUut6D2nX7jfiQ2_dYz00RoqZEYirTE7bMM	VALDEVARNES 24 MADRID - 22/01/2026 - SUBV PRY PROP	application/vnd.google-apps.document	2026-01-22T07:55:26.566Z	2026-01-22T07:52:09.920Z
16qaksURGqwCfo77QOob8p5E43xGja60hxAOUMShKHv0	FELIPE CASTRO 5 MADRID - 22/01/2026 - CSS	application/vnd.google-apps.document	2026-01-22T07:45:15.072Z	2026-01-22T07:44:29.687Z
1gK4kJCnBvEcWtdbSGtoOdU-U8JOu3s84uo9T6XqQ10A	MALDONADO 33 MADRID - 22/01/2026 - INFORME FOSO REDUCIDO	application/vnd.google-apps.document	2026-01-22T08:08:57.337Z	2026-01-22T08:04:17.595Z
1jF0kMxhYJx7q6bzL74KkotUx9M9t6kAglr1w0YHtpms	NUESTRA SEÑORA DE GRACIA 9 MADRID - 20/01/2026 - ENV	application/vnd.google-apps.document	2026-01-21T18:35:21.126Z	2026-01-21T18:33:40.798Z
1ceIPIoGauQodjqLaU66SYkMj51NLdoKAonVstpXhQl8	JOAQUINA SANTANDER 39 TALAVERA DE LA REINA.TOLEDO - 21/01/2026 - PRY ACC+CSS	application/vnd.google-apps.document	2026-01-21T12:10:18.107Z	2026-01-21T11:56:51.548Z
1pW4qiMKKQwFKu5Byb08QWPmwyqxrZ5r-	JUAN RUIZ DE LUNA 27 TALAVERA DE LA REINA.TOLEDO 21-01-2026 INFORME DE VIABILIDAD .pdf	application/pdf	2026-01-21T07:22:51Z	2026-01-21T07:25:15.830Z
1sPrl-zlJ2sEAaDNGUa3TFFraTSX35Hp1_EUfICretdY	JUAN RUIZ DE LUNA 27 TALAVERA DE LA REINA.TOLEDO - 20/01/2026 - PRY ASC+SUBV	application/vnd.google-apps.document	2026-01-21T07:12:51.638Z	2026-01-21T07:10:10.115Z
1OsRCspkqceeGh3LOXi-8cqqm87k6NN8Y	Ángel De Alcazar 5 Talavera De La Reina. Toledo INFORME DE VIABILIDAD 21-01-2025.pdf	application/pdf	2026-01-21T06:57:49Z	2026-01-21T07:25:16.125Z
10IDIMVeAhubxDBpdmetYyKAHn5uRuYm5FQe0SnHnFmI	BRUNETE 2 GETAFE - 20/01/2026 - SUB	application/vnd.google-apps.document	2026-01-20T12:35:32.878Z	2026-01-20T12:34:35.819Z
1vwmQIhMx3w319k9GiQEdvvTR8HqY8MwYdKG2NuowPKU	BRUNETE 2 GETAFE - 20/01/2026 - ASC	application/vnd.google-apps.document	2026-01-20T12:32:30.346Z	2026-01-20T12:31:42.940Z
19JCCmAwipRCCHdKQVGQ9Z5evD0xuieg1	Ángel De Alcazar 10 Talavera De La Reina. Toledo  INFORME DE VIABILIDAD 21-01-2025.pdf	application/pdf	2026-01-20T12:46:00Z	2026-01-21T07:25:16.153Z
1-oGlf2lSY6b0FhEXpxIHQWNYc-mi-iLYLU9m6T9EHMU	HORTALEZA 54 MADRID - 20/01/2026 - ASCSUB	application/vnd.google-apps.document	2026-01-20T12:05:14.464Z	2026-01-20T12:02:13.852Z
1lL2B8UpzfQRQLHCCioEftlwolkM5GD6w9C0lI1rZ2Qo	prueba - 20/01/2020 - prueb	application/vnd.google-apps.document	2026-01-20T12:12:20.604Z	2026-01-20T12:12:17.431Z
12S1CkZjUUWXDvVBOc-Vff3wTTEXumtKxsZ_xZXW-SAw	ANGEL DE ALCAZAR 10 TALAVERA DE LA REINA TOLEDO - 20/01/2026 - PRY ASC+SUBV	application/vnd.google-apps.document	2026-01-20T11:24:04.737Z	2026-01-20T11:03:55.393Z
1HnyfFkwiDtAhUb1qQoNJ_Rl5EEgMwDfT9czJ2k86VXg	ANGEL DE ALCAZAR 5 TALAVERA DE LA REINA TOLEDO - 20/01/2026 - PRY ASC+SUBV	application/vnd.google-apps.document	2026-01-20T11:27:07.848Z	2026-01-20T11:04:16.897Z
1DvzsPRDbGTwnH1BVa87IvyV0ptGO4yobqEMX93gN_gQ	JULIO PALACIOS 2-4-6 MADRID - 20/01/2026 - INFO PERICIAL	application/vnd.google-apps.document	2026-01-20T10:38:22.691Z	2026-01-20T10:18:54.908Z
1cfSeTjoy4H9kLKX8COa8Gn6tkHCd63GqQOgC93AN1j0	LOS ÁNGELES 6 FUENLABRADA- - 20/01/2026 - IEE	application/vnd.google-apps.document	2026-01-20T06:54:55.633Z	2026-01-20T06:50:38.698Z
1dTE_-z_ksSgiC5_dLPO3mQpUlzlQIxnYdxXqpnOo5J8	RIO MIÑO 2 ALCALÁ DE HENARES - 19/01/2026 - PRY ACCES	application/vnd.google-apps.document	2026-01-19T14:22:08.100Z	2026-01-19T14:21:47.701Z
1dHv7sshRKJDGix96kcZ15rJuPhGTnQj6s3YKFb4R09k	PASEO DE LOS PONTONES 29 MADRID - 19/01/2026 - SUBV PRY PROP	application/vnd.google-apps.document	2026-01-19T12:48:33.646Z	2026-01-19T12:43:50.586Z
1-B_odDdX3eg9pKjCPQzStkeEqOsDn-vLaOHq4E6agHY	VALDECANILLAS  74 MADRID - 19/01/2026 - PRY TRASTEROS	application/vnd.google-apps.document	2026-01-19T11:43:08.545Z	2026-01-19T11:38:47.615Z
1BphLC-sLkLjGEZLzaD25V9CZxRSuwIzlrVoKDnmhLWc	POLVORANCA 26 LEGANES - 16/01/2026 - ASC	application/vnd.google-apps.document	2026-01-16T15:34:15.470Z	2026-01-16T15:17:51.401Z
1Y_3X6GysXvMSf3AwZxXsHWFpIN3fHj8V33IYggRhxyI	POLVORANCA 35 MADRID - 16/01/2026 - ENVASC	application/vnd.google-apps.document	2026-01-16T14:34:44.653Z	2026-01-16T14:32:16.099Z
1UwqKA25Xk8wGlGufAOTE9uPGq-eZhv-V_s1lvU7I1Gc	RIOCABADO 8 MADRID - 16/01/2026 - PRY ASC	application/vnd.google-apps.document	2026-01-16T10:40:49.941Z	2026-01-16T10:09:20.011Z
1Z0pRTpfvqJs-CF3rn-1D4Y2s7JJlbDZ3	AV LOS PRINCIPES DE ESPAÑA 19 COSLADA - 16_01_2026 - PROY ASC + SUBV.pdf	application/pdf	2026-01-16T09:34:22Z	2026-01-16T09:35:35.871Z
1sbpGkLc0TCcH6WFxgsq4Xgtq99Ims2_dIY2Qadhj6YU	AV LOS PRINCIPES DE ESPAÑA 17 Y 19 COSLADA . - 16/01/2026 - PRY ACC RAMPA	application/vnd.google-apps.document	2026-01-16T09:00:47.272Z	2026-01-16T08:27:24.546Z
1phZvPmxJOGDf4dpHQRyGT7rxGGrpK0M3l4HMGKdmKzg	AV LOS PRINCIPES DE ESPAÑA 17 COSLADA - 16/01/2026 - PROY ASC + SUBV	application/vnd.google-apps.document	2026-01-16T07:47:53.237Z	2026-01-16T07:41:39.292Z
1NSYgKdqWZVuCxdKytqf3s1gvXpb3FrgiFUfVQvf_a78	MARIA PEDRAZA 25 MADRID - 15/01/2026 - PRY SATE +SUBV	application/vnd.google-apps.document	2026-01-16T06:57:43.791Z	2026-01-16T06:56:14.468Z
1V-Zzt_X5tjpbYJg-wkxABijOcyGqha29q6PTCgp6z1I	RIBADUMIA 4 MADRID - 15/01/2026 - RENOV SUBV	application/vnd.google-apps.document	2026-01-16T07:29:33.542Z	2026-01-16T07:14:04.977Z
1hzLLXH9kWAkW5ZHy_WJMLtg7YMcmC1cy9aDLdEN4arw	ALZINA 11 MADRID - 14/01/2026 - SATECAES	application/vnd.google-apps.document	2026-01-14T16:48:02.713Z	2026-01-14T16:42:01.718Z
1KJprkWBerPe1_gqRfbNooTk-IH8Z3-s-9jKz71Da8dY	SANTA GENOVEVA 18-20 MADRID - 14/01/2026 - ENVOL	application/vnd.google-apps.document	2026-01-14T15:55:00.009Z	2026-01-14T15:52:17.220Z
1BMTrIkiVySral3YSZQqvvz_MMB9IDy3EMJAIsu1zpAo	SANTA PRISCA 2-4 MADRID - 14/01/2026 - ENVOL	application/vnd.google-apps.document	2026-01-14T15:50:49.074Z	2026-01-14T15:43:56.104Z
1-5vVlpk2Tm9RqLcpktnZa-hEX0nPGWlOMXLdfjk8xU8	SAN ROQUE 14 MADRID - 14/01/2026 - SUBACC	application/vnd.google-apps.document	2026-01-14T13:03:53.386Z	2026-01-14T12:58:27.894Z
10T82rRDHioEn0rMO7Z8_nk-tyMZZZbgbV_nd-2m5MHw	CANARIAS 44 MADRID - 14/01/2026 - SUB	application/vnd.google-apps.document	2026-01-14T13:20:43.141Z	2026-01-14T13:18:14.935Z
1tAggGlXVG54YqnkLGwWoFUMrxetBLlbdYv8haCXrNHk	SAN HERCULANO 2 MADRID - 13/01/2026 - ENV	application/vnd.google-apps.document	2026-01-13T15:50:37.806Z	2026-01-13T15:50:33.889Z
1IA7ynbOYHlAkgHxEeteinTRX_fqTZ4Y5hw7RxQn4lCA	SAN HERCULANO 2 MADRID - 13/01/2026 - ENV CAES	application/vnd.google-apps.document	2026-01-13T15:57:02.124Z	2026-01-13T15:50:55.011Z
1B9PP9xE1zjLrW1U4ubYPlfyC1wEaJn8oQHXmyFV1lpw	GUZMAN EL BUENO 75 MADRID - 13/01/2026 - ASC Y ACC	application/vnd.google-apps.document	2026-01-13T14:56:28.091Z	2026-01-13T14:54:03.574Z
1Quz1Zyl806_pyL1Ai1AT_HRnNl6UsBVpzpxRHow91Wo	RIO SEGURA 8 LEGANES - 13/01/2026 - ENV	application/vnd.google-apps.document	2026-01-13T12:30:35.744Z	2026-01-13T12:24:13.796Z
14wDQWDajBU4ls5-MayaLLuQMMTQQ5QT1r2VYulycw8Q	MARIANISTAS 5 MADRID - 13/01/2026 - ENVTERM	application/vnd.google-apps.document	2026-01-13T12:16:43.086Z	2026-01-13T12:04:52.583Z
11eOLBVZ8yEjt7Gp3c8tRNpBkpdmEKC9nNu62WPoac1E	CALLE RIO LLOBREGAT 9 MOSTOLES - 12/01/2026 - PRY ACCES	application/vnd.google-apps.document	2026-01-12T13:57:42.433Z	2026-01-12T08:07:58.292Z
1VYcoau0ANSvZE0U7jbBmluz7eCtNcj2RSr45WfS3tY8	AV PRESIDENTE CARMONA 5 ESC D MADRID - 08/01/2026 - CSS	application/vnd.google-apps.document	2026-01-09T07:35:28.211Z	2026-01-08T14:55:29.311Z
1jPBLdhOFSr1jWtfflc0RZ3NkLVZT_UeIV2cNScc7PaA	MARIA TERESA SAENZ DE HEREDIA 34 MADRID - 08/01/2026 - ASCSUB	application/vnd.google-apps.document	2026-01-08T15:19:44.685Z	2026-01-08T15:18:05.823Z
1qNzC_n-xE-FWD0V8ihPhdoGrE1IKUpz2QXpE5f9B7IU	MARQUES DE CORBERA 36C MADRID - 08/01/2026 - ascsub	application/vnd.google-apps.document	2026-01-08T13:45:52.904Z	2026-01-08T13:38:33.587Z
1FHhYVKi7tWPmOS5masDyNvU0LczuNfFfgwMbbWSNki8	AMPURDAN 22 LEGANES - 08/01/2026 - ACCE PORTAL	application/vnd.google-apps.document	2026-01-08T14:10:04.675Z	2026-01-08T12:37:01.243Z
1rDYLH3DvUp0-7Jzd1KEKYxlD4QYUmDhZFBOJRWKsmgw	MUSAS 17 MADRID - 08/01/2026 - PRY EFFIC	application/vnd.google-apps.document	2026-01-08T13:58:17.828Z	2026-01-08T12:56:05.351Z
10vKIMDcc2gycV25ySJCATrqM-FDD0rCpRba_A047xeo	GANAPANES 31-35 MADRID - 17/11/2025 - SATE+SUBV	application/vnd.google-apps.document	2026-01-08T10:17:34.276Z	2025-11-14T14:42:58.784Z
1bB3MBPQvJHIJ4qh6rgDUTyvDgHImuG-6kuFymM-_c0Y	VILLAGARCIA 10 MADRID - 07/01/2026 - SATE CAES	application/vnd.google-apps.document	2026-01-07T15:34:41.499Z	2026-01-07T15:27:55.811Z
1gRKzwl1XskSFqjs6hqsHVp2_Jnnw5vQlib0ZoDHU5j0	VILLAGARCIA 8 MADRID - 07/01/2026 - SATE CAES	application/vnd.google-apps.document	2026-01-07T15:33:42.475Z	2026-01-07T15:27:04.387Z
1w6TCj6OhJOQUXzlNxIX4xPdT7e83sn6sgwGPGk0oIAw	Datil, 7 Madrid - 02/06/2025 - PRY ASCENSOR	application/vnd.google-apps.document	2025-12-26T14:02:38.179Z	2025-06-02T08:21:08.769Z
19hr-im3WLtpcYNTXXKSqcXsRTLwIL1Iu	General Ricardos 238 Madrid 26-12-2025 Informe de Viabilidad.pdf	application/pdf	2025-12-26T13:38:14Z	2025-12-26T13:39:14.246Z
11Ljehf8t1oRbIEKxhzSDEw7QO7B8wbVJzMjjTkKXBlU	LOS PEÑASCALES 17 MADRID - 26/12/2025 - SUBV PRY PROP	application/vnd.google-apps.document	2025-12-26T11:38:56.105Z	2025-12-26T11:31:56.659Z
12TrQFO0Cng6VYn_bO3NaAB4eXSR7x_fvP18jCzuXXqk	GARAJE MEJICO S/N FUENLABRADA - 26/12/2025 - ASC	application/vnd.google-apps.document	2025-12-24T08:14:55.680Z	2025-12-24T08:13:37.186Z
1UUVFDc7FxFfhEOkbatJnkd8pGbW2jtEpTFRoXkeD9Zg	CARRETERA DE LLIRIA 10 BURJASOT VALENCIA - 23/12/2025 - CSS Y DF	application/vnd.google-apps.document	2025-12-23T14:15:51.771Z	2025-12-23T13:40:10.786Z
1qogD-COjYcMsmfTmrZ4gXt3eW6wVH7c7Y5Lu25Z21ko	ESPARTA 5-7 MOSTOLES  - 23/12/2025 - PRY ASC +SUBV	application/vnd.google-apps.document	2025-12-23T08:23:53.672Z	2025-12-23T07:52:16.127Z
1qlNeaWgn2qCskeuCHDknKMZVlE0MzH8eZEIZoUk8IP4	HIGUERAS 7 MADRID - 22/12/2025 - ASC	application/vnd.google-apps.document	2025-12-22T20:09:01.643Z	2025-12-22T20:04:24.456Z
1dhGTYLp_E45qO82BdwWtAbYbEnIUAcI7zsP6WjK77TI	MALAGA 8 ALCORCON - 19/12/2025 - ASC	application/vnd.google-apps.document	2025-12-22T20:18:44.614Z	2025-12-19T18:38:56.567Z
1bVpgqMiIJEXuH5FAK7aj-F3VpLexv7MfhIFD9PZh0gs	MALAGA 4 ALCORCON - 19/12/2025 - ASC	application/vnd.google-apps.document	2025-12-22T20:20:06.963Z	2025-12-22T20:19:11.584Z
1goPoYUaTQdT94q8HTUugAG23O8Uv64HdUsW9KUFvi6Q	NTRA SEÑORA DE GRACIA 13 - 22/12/2025 - envol	application/vnd.google-apps.document	2025-12-22T16:14:41.098Z	2025-12-22T15:59:23.781Z
1SHLxJT9r9sh78Z7SPk8_V48c33gT1oQQRWLCwXFztGw	PEÑABLANCA 3 MADRID - 22/12/2025 - asc	application/vnd.google-apps.document	2025-12-22T16:19:56.704Z	2025-12-22T16:19:31.563Z
1rVs7U4jaeCLjrA6TcY3NlGeznDXNdNZr	Av Irún 7 San Fernando De Henares 19-12-2025 INFORME DE VIABILIDAD .pdf	application/pdf	2025-12-22T12:03:27Z	2025-12-22T12:03:45.602Z
1PBT0QG0VflhKRUP1rhoz4NJMSt5APLIDYhzn5XPkwkA	AV IRÚN 7 SAN FERNANDO DE HENARES - 22/12/2025 - PRY ASC +SUBV	application/vnd.google-apps.document	2025-12-22T11:51:51.148Z	2025-12-22T11:39:49.910Z
1TwCojm9I0lD3i3317o6nIH3DGpvgajuldDP0_sIvj7o	VERGARA 18 SAN FERNANDO DE HENARES - 22/12/2025 - PRY ACCE+CSS	application/vnd.google-apps.document	2025-12-22T11:19:13.806Z	2025-12-22T10:53:25.965Z
1Ct77BxKN-Bd-JEarWZ_0MMSW6QaIdrLo	Vergara 18 San Fernando de Henares 22-12-2025 INFORME DE VIABILIDAD .pdf	application/pdf	2025-12-22T11:24:11Z	2025-12-22T11:25:09.568Z
1VE4xhR5TiOFMO0X-mcJNR0gD8li4tatGqrGz95_Bn7M	AVDA DONOSTIARRA 18 MADRID - 22/12/2025 - ENVOL	application/vnd.google-apps.document	2025-12-22T08:22:14.567Z	2025-12-22T08:22:10.700Z
1jUZm3pcwGVooQ93xdOpyUjDHvnNmzQpzKkRfXSVgZXU	AVDA DONOSTIARRA 18 MADRID - 22/12/2025 - ENVOL	application/vnd.google-apps.document	2025-12-22T08:29:52.573Z	2025-12-22T08:24:22.715Z
1K7iXSZWyl-G-VYBV1y854HfRtprEnCgLv0vKz5UZPQo	KERRIA 30 ALCOBENDAS - 22/12/2025 - PRY MODF 2 ASC	application/vnd.google-apps.document	2025-12-22T07:39:29.012Z	2025-12-22T07:37:55.211Z
1sRSzy8ojwJdpGmCimyBzqCx9WCmeMqi4XS2bE8oMA90	SALAS DE BARBADILLO 6 MADRID - 22/12/2025 - ASC	application/vnd.google-apps.document	2025-12-19T19:43:30.494Z	2025-12-19T19:38:04.847Z
11oPWqLNvP2SJTyuAlBCz4WI-LqVNNTRoiI6GVmpImVo	PABLO LAFARGUE 38 MADRID - 22/12/2025 - ASC	application/vnd.google-apps.document	2025-12-19T19:39:02.515Z	2025-12-19T19:38:23.084Z
1j5SnFLqEqsbekV4awqhhPIF0Ts55iOqGn0mHjrf7iOw	EZEQUIEL SOLANA 118 MADRID - 19/12/2025 - asc	application/vnd.google-apps.document	2025-12-19T18:56:25.230Z	2025-12-19T18:53:47.905Z
1OHPOWZUg3JkDgOJzOJwN5DIWSrXKKlyKXWhWSNSfFQ4	PEÑABLANCA 4 MADRID - 22/12/2025 - ASC	application/vnd.google-apps.document	2025-12-19T19:14:30.275Z	2025-12-19T19:13:04.565Z
1y_WuEuHpZ55YTlKQCAqk00Rv0uQKwHDKbQdvlM-vTp0	MIRASIERRA 8 FUENLABRADA - 19/12/2025 - ASC	application/vnd.google-apps.document	2025-12-19T18:25:26.973Z	2025-12-19T18:05:59.858Z
1_tzoRou4IM9krNy5Y5gVclfcGPa-QLeSFJ84--aqco4	SIERRA GADOR 50 MADRID - 23/09/2025 - PRY+SUBV	application/vnd.google-apps.document	2025-12-19T11:50:34.994Z	2025-09-23T13:05:38.514Z
1TpQXoNoYAE8FG4u0TIbvUx-phaQ7TrcGozdYcpZwMe4	ANTONIO DE LEYVA 13 MADRID - 19/12/2025 - ENVOL	application/vnd.google-apps.document	2025-12-18T22:40:50.435Z	2025-12-18T22:26:49.882Z
1ED7bGHk8pCiBnIAvg-5w14u9khs_PfcI54oEiR46EQQ	BETANZOS 26 ALCORCON - 15/12/2025 - envol term	application/vnd.google-apps.document	2025-12-18T22:58:50.380Z	2025-12-18T22:58:46.086Z
1YQt7Uj8KMFhBiUoVkBUjcP3WbDVxSXcBqQnX5Qx0SNo	BETANZOS 26 ALCORCON - 15/12/2025 - envol term	application/vnd.google-apps.document	2025-12-18T23:06:16.601Z	2025-12-18T22:59:11.229Z
10Xd3ELYmfb_th2Ma7sFDSa-_OubltW6xwag0rmNOiYk	BETANZOS 26 ALCORCON - 15/12/2025 - envol sat	application/vnd.google-apps.document	2025-12-18T23:15:12.145Z	2025-12-18T23:04:10.262Z
10WPGml9v978lIWdI7gQrBwge-qc561FV8IRzz5X4WQQ	PIZARRO 12 MADRID - 18/12/2025 - INS ASC	application/vnd.google-apps.document	2025-12-18T22:04:43.846Z	2025-12-18T22:00:23.175Z
1ptfNCFDobXxbZ7KozCLcAcJ__gBf41QppNsomqslQmc	DIEGO DE LEON 14 SAN SEBASTIAN DE LOS REYES - 18/12/2025 - PLAT ELEV	application/vnd.google-apps.document	2025-12-18T13:24:28.663Z	2025-12-18T13:23:45.884Z
1c628NkUhcq0D6uEks-mR98VSMaJ8DJWiQQ8IVMZQ_oY	FARO 4-6 MADRID  - 16/12/2025 - ENVOL	application/vnd.google-apps.document	2025-12-16T16:16:43.564Z	2025-12-16T15:59:27.420Z
1PFvZD3Yyk1QPCn5kcch1610rMOWFMQWr6MsNqG34E4s	AVDA ALBUFERA 134 MADRID - 16/12/2025 - ENVOL TER	application/vnd.google-apps.document	2025-12-16T14:02:56.408Z	2025-12-16T13:59:12.335Z
15CwwHX2rtDd1VUN3L38d3q3qiCvCe_XZCDF13vygMFA	AVDA ALBUFERA 134 MADRID - 16/12/2025 - ENV TERM	application/vnd.google-apps.document	2025-12-16T13:58:16.119Z	2025-12-16T13:54:59.813Z
1j5TYfQBOJeK6ufi2qDUHkJOY31SsgD7oGeOzOYH50Qk	PASEO DOCTOR SEVERO OCHOA 2 FUENLABRADA - 16/12/2025 - PRY ASC+SUBV	application/vnd.google-apps.document	2025-12-16T12:34:05.756Z	2025-12-16T12:21:00.413Z
1zdk47wQsCn0afMEYfYdXGyR3WcmMEF_k	Paseo Doctor Severo Ochoa 2 Fuenlabrada 16-12-2025 INFORME DE VIABILIDAD .pdf	application/pdf	2025-12-16T12:44:47Z	2025-12-16T12:45:39.073Z
1uXN2VDdgOWLjg--3_3y79LuvrGCZcXwNOThpuoZdV0I	CRUZ DE LUISA 11 FUENLABRADA- - 16/12/2025 - PROY ACCE	application/vnd.google-apps.document	2025-12-16T13:06:33.503Z	2025-12-16T13:01:07.581Z
1Ou0P13JshSevmrRqlsr2GoF5cFx2pxD4	Cruz De Luisa 11 Fuenlabrada 16-12-2025  INFORME DE VIABILIDAD .pdf	application/pdf	2025-12-16T13:25:07Z	2025-12-16T13:28:32.592Z
1a4tNoR6qT6dNWlcvw8hTvNs01IWkuqAS94ndIJaLExg	PLAZA ALCIRA 3 MADRID - 16/12/2025 - ENVOLVENTE TERMICA	application/vnd.google-apps.document	2025-12-16T12:20:48.682Z	2025-12-16T12:16:46.628Z
1qc-koVRlC-BdDbyVEtZI83NUPBLw1F1YgEQSKn9oXAQ	PATRIARCA SAN JOSE 11 MADRID - 28/10/2025 - PRY SATE+SUBV	application/vnd.google-apps.document	2025-12-16T08:44:05.337Z	2025-11-14T10:47:39.414Z
1l6POlYF1AN9FSstRKjmIoMb7KDX3nxD_cupCl7MCbCc	BETANZOS 26 ALCORCON - 15/12/2025 - SATE	application/vnd.google-apps.document	2025-12-15T14:14:47.544Z	2025-12-15T14:13:49.371Z
1UZKXis8rowH0jlMaXmdgQH_J9ATQzyscIFIqvutZZNs	CASTILLA LA NUEVA 37 FUENLABRADA - 15/12/2025 - ACCESIBILIDAD	application/vnd.google-apps.document	2025-12-15T13:37:55.006Z	2025-12-15T13:37:51.336Z
1bWla9xE6iRSbl6CXi0J1lagpWCvePRVlo6t3epSM1HY	BETANZOS 26 ALCORCON - 15/12/2025 - envol ter	application/vnd.google-apps.document	2025-12-15T14:19:17.815Z	2025-12-15T14:18:16.536Z
1s-1Pa66ka0jqOqLU58TidqnMQE7wzSQpiwhQd6mqiq0	CASTILLA LA NUEVA 37 FUENLABRADA - 15/12/2025 - ACCE RAMPA	application/vnd.google-apps.document	2025-12-15T13:41:32.602Z	2025-12-15T13:38:44.167Z
1LbarPhTPsMM8_D7Rbuhv241_6iX5hAs3wbh287eCSSA	CASTROSERNA 5 MADRID - 15/12/2025 - PRY+SUBV	application/vnd.google-apps.document	2025-12-15T10:09:57.865Z	2025-12-15T10:04:33.189Z
1ew0zgexa5roUa9d4K7nNr1tqMlHz_TZy1xBgqFqL4Zs	GARCIA DE PAREDES 44 MADRID - 29/10/2025 - ACCS+SUBV	application/vnd.google-apps.document	2025-12-15T08:44:32.456Z	2025-10-29T14:49:15.034Z
1GkLe8cNH19ZNDrxQMyf2wBGf2U1pzSdLAAsGGpS9EKM	ERASO 12 MADRID - 15/12/2025 - ASC	application/vnd.google-apps.document	2025-12-14T21:37:12.313Z	2025-12-14T21:35:44.311Z
1a3lJc3Df-bmsaePIgILKi6ixxVkqEWznJlXO82I_JNA	CORREDERA BAJA DE SAN PABLO 25 MADRID - 06/10/2025 - ASC	application/vnd.google-apps.document	2025-12-14T21:29:12.859Z	2025-10-06T15:32:04.831Z
13bv2g0Vtz9qPaH9UTUoQ9GFqqrGk1kqUJF5e5h6XOgI	PLAZA DEL PAULAR 4  MADRID - 25/11/2025 - PRY ASC +SUBV	application/vnd.google-apps.document	2025-12-12T11:35:46.558Z	2025-11-25T13:48:05.130Z
1KGrCCGNqqF_t7VPxzmQx3MlomYyQVxvrPQ4V_fjXPa0	CEIP ENRIQUE TIERNO GALVAN ALCALA DE HNRES - 11/12/2025 - ACCESIBILIDAD	application/vnd.google-apps.document	2025-12-11T18:33:24.837Z	2025-12-11T18:32:29.579Z
1W0QgoOZ-w_tLYoSZNh6np7rbJ934DIIs	Padre Claret 21 Madrid 11-12-2025 INFORME DE VIABILIDAD .pdf	application/pdf	2025-12-11T11:42:33Z	2025-12-11T11:43:11.600Z
1IMtJq3gRc_K3lD_tp6t1ZuSeRAt38D_ywlwokGC9jZ4	PADRE CLARET 21 MADRID - 11/12/2025 - PRY ASC+SUBV	application/vnd.google-apps.document	2025-12-11T11:25:32.120Z	2025-12-11T10:00:01.733Z
1zZjgtlEbty9k9v0rvNo-0J8sHgib1BUt	Cuchilleros 10 Madrid 11-12-2025 INFORME DE VIABILIDAD .pdf	application/pdf	2025-12-11T08:11:45Z	2025-12-11T11:27:02.235Z
1FD2ay02IxDp3UYs2ITv6yNdeXxBNIHt0FDPTc9XsIjI	CUCHILLEROS 10 MADRID - 11/12/2025 - PRY ASC+SUBV	application/vnd.google-apps.document	2025-12-11T07:47:32.644Z	2025-12-11T07:40:54.400Z
1Nc4Y6OYRjYwj-kJjL75vUOce62A2zJFTGQz5gB-wsJA	ZAMORA 6 FUENLABRADA - 11/12/2025 - PROY ASC	application/vnd.google-apps.document	2025-12-11T06:47:37.138Z	2025-12-11T06:43:30.661Z
1SVGSk_RiT1MDhjeVmuDOt2GWrFWAVVjdmkJ71EGpzEc	VIA LUSITANA 22 MADRID - 10/12/2025 - SATE	application/vnd.google-apps.document	2025-12-10T12:27:52.123Z	2025-12-10T12:22:51.467Z
1HaCFwOL65jl11Ya_kwCIqn5YckBJef1JEHmFbMJDbYU	CINE 15 MADRID - 10/12/2025 - PRY ASC	application/vnd.google-apps.document	2025-12-10T10:49:06.048Z	2025-12-10T10:43:43.811Z
1c5OL84iW6Gv2PJ5KX9I_awyyDKoDyt-G291QHEhqJVI	SALDAÑA 2 MADRID - 10/12/2025 - SATE CAES	application/vnd.google-apps.document	2025-12-10T11:19:54.005Z	2025-12-10T11:14:49.494Z
1jnLNLPGNlZ-_pnN-_aN0JA8e-9ZltjJj0jCFs8PeGuo	SALDAÑA 2 MADRID - 10/12/2025 - SATE CAES	application/vnd.google-apps.document	2025-12-10T11:12:57.285Z	2025-12-10T11:06:00.685Z
1TorwSMSFOpX8S1ds0kd4Hyo48KsTz0BQ	CINE 15 MADRID 10-12-2025 INFORME DE VIABILIDAD .pdf	application/pdf	2025-12-10T11:11:52Z	2025-12-10T11:13:27.953Z
1vXCBizWTMEY5CfqVzP4TGjkJsazfO96Nnq7l2MrH-zE	NARCISO SERRA 22 MADRID - 10/12/2025 - PLAT PORTAL	application/vnd.google-apps.document	2025-12-10T08:44:05.361Z	2025-12-10T08:43:41.749Z
1rVjdHnt-F_FQrEWJxFahfC58cOAOZYa7wlVeoEpZLcg	CESAR GONZALEZ RUANO 23 - 09/12/2025 - PLATA PORTAL	application/vnd.google-apps.document	2025-12-09T13:20:24.624Z	2025-12-09T13:16:34.809Z
1zcJAExZM7THrsQIyj-PPfJOZs1aO7YCmc67IjJWILeQ	CAMINO DE VALDERRIVAS 110 MADRID - 09/12/2025 - DF	application/vnd.google-apps.document	2025-12-09T10:29:53.584Z	2025-12-09T10:23:42.555Z
1chFmi1IBaK4EAqu-Bn9QDypXH6zxGmWe	Mayor 80 Alcorcón 9-12-2025 INFORME DE VIABILIDAD .pdf	application/pdf	2025-12-09T10:19:40Z	2025-12-09T10:21:53.788Z
1bBHjG6GEdg16Mn67thFTxBYnQrfTlwnzLCSGHX_noiA	MAYOR 80 ALCORCON - 09/12/2025 - PRY ASC+SUBV	application/vnd.google-apps.document	2025-12-09T08:42:23.515Z	2025-12-09T08:24:18.808Z
1XNTzuoEg4O6RLFQh87B0nLY1MNI4Cj4dXVpbeviqH18	GOMEZNARRO 247 - 09/12/2025 - INS ASC Y SUB	application/vnd.google-apps.document	2025-12-08T22:09:58.777Z	2025-12-08T22:08:28.465Z
1mN7wMgcNH3XDtWzv8diNE9kJiwa-z7SGmnuq7zkvmXM	SAN PABLO II AVILA - 04/12/2025 - CSS Y DR PARA OBRA DE SUSTITUCION DE ASCENSORES	application/vnd.google-apps.document	2025-12-04T11:56:46.323Z	2025-12-04T11:46:50.241Z
11A0yFqY_lvsi2x9g6197TDN97OfGfnYBUm-0rFoqoWI	PICO DE ARTILLEROS 56 MADRID - 03/12/2025 - envol termica	application/vnd.google-apps.document	2025-12-04T09:03:16.663Z	2025-12-03T14:45:34.506Z
1HX-RxKHa3UQj21j0l-j3wUMbYYt-52dOWPhnQDoiYUs	ARBOLEDA 1 ALCORCON - 04/12/2025 - IEE	application/vnd.google-apps.document	2025-12-04T07:49:29.051Z	2025-12-04T07:45:21.543Z
1SF8FrkHKt-DkyHW5tkl2p0HC6OU9URHjl7N7swfr3YY	CACERES 20 ALCORCON - 14/07/2025 - PRY+SUBV	application/vnd.google-apps.document	2025-12-03T15:18:30.830Z	2025-07-14T06:44:28.206Z
1SNikuxq72stpts1NbiHjRg2FAKD6S-zAcqlTbp844h8	DOLORES ARMENGOT 26 MADRID - 03/12/2025 - INS ASC	application/vnd.google-apps.document	2025-12-03T15:09:30.322Z	2025-12-03T15:07:50.441Z
1SO0iwaLAurjVFy_dbaIfwtNQIYSvdPwZ0_A5lf5VIys	RIOJA 19 LEGANES - 03/12/2025 - CSS	application/vnd.google-apps.document	2025-12-03T10:22:24.476Z	2025-12-03T10:21:10.416Z
1bkhpFJ1UYGeSluOxuPptNJu4emiPhL8K6qIs1P7EUYw	AV. MADRID 42 SAN MARTÍN DE VALDEIGLESIAS - 02/12/2025 - CSS	application/vnd.google-apps.document	2025-12-03T07:14:52.028Z	2025-12-02T11:17:54.459Z
104bdc-zwHVSJ_wh6rMiUU8-6Bd51I_4WUXFjkeDfAuM	AVDA DOCTOR FLEMING 14 LEGANES - 02/12/2025 - ENV TER SIN CAES	application/vnd.google-apps.document	2025-12-02T15:44:37.110Z	2025-12-02T15:41:42.396Z
1DI_usVQp9IrNfwvYTu2gVZCeAqUH95HLOcs7Jz8HsKk	VIRGEN DE LA OLIVA 30 MADRID - 02/12/2025 - PRY ASC+SUBV	application/vnd.google-apps.document	2025-12-02T08:51:20.553Z	2025-12-02T08:46:29.056Z
1tRhpu7DBIPse2s2y53Xbr3wVm6Ra2bil	German Pérez Carrasco 73 y 73 Bis Madrid 2-12-2025 INFORME DE VIABILIDAD .pdf	application/pdf	2025-12-02T07:50:42Z	2025-12-02T07:51:27.110Z
19ix3f_o4L_wCUfKVxjsobFH29s8rhdzIi-X8e8wEc1A	FERIA 10 MADRID - 01/12/2025 - ASC	application/vnd.google-apps.document	2025-12-01T16:06:55.134Z	2025-12-01T16:03:19.696Z
1OqvNlvrJG6HzN3b5XioCWUdOX8fXnT4BDhQ6dKfBGNY	SABADELL 217 MADRID - 01/12/2025 - PROY ASC	application/vnd.google-apps.document	2025-12-01T16:20:33.815Z	2025-12-01T16:19:08.168Z
1LV1KftsL9RO9dd2Oms3sArrXOOS4e5DCEOva2zDh6og	GERMAN PEREZ CARRASCO 73 Y 73 BIS MADRID - 01/12/2025 - PRY 2 ASC+SUBV	application/vnd.google-apps.document	2025-12-01T14:12:14.051Z	2025-12-01T14:06:52.266Z
1yV9P5CyA4Pi7sNJJP7DBgL_vBDYt3M0f2LDAUhPcg-E	PRINCIPE DE VERGARA 254 - 01/12/2025 - ACCES Y SUB	application/vnd.google-apps.document	2025-11-30T13:50:11.560Z	2025-11-30T13:47:04.262Z
1KLZHOJVDtXWmZXf9773oRj0e0aElF8fNT66vake1yCE	ANTONIO PRIETO 25 MADRID - 01/12/2025 - SATE CON CAES	application/vnd.google-apps.document	2025-11-30T14:22:51.416Z	2025-11-30T14:15:47.767Z
1T7dhfO88L5FDHwbdnE19eWbDIzKtgMABLdu8U9GaWoo	EPOCA 23 - 01/12/2025 - ASCEN	application/vnd.google-apps.document	2025-11-30T12:45:58.601Z	2025-11-30T12:40:04.261Z
1XCzpxhT4_sAHrqfk9AW0GNADX3tpekPpfzRxmL8YpFY	EPOCA 25 - 01/12/2025 - asc	application/vnd.google-apps.document	2025-11-30T12:48:06.200Z	2025-11-30T12:47:26.283Z
1_ixYamQQp5x0OQbqYJire7f7Kif0xw_Nj9Z7OZzfD3c	FLORENCIO LLORENTE 3 MADRID - 28/11/2025 - PRY ASC+SUBV	application/vnd.google-apps.document	2025-11-28T11:42:01.953Z	2025-11-28T11:35:12.360Z
12D1RvgFvQeXWZhYo5n5ktYdfgoNrZ3-K_fOrxgcMkWs	PARLA 20 GETAFE - 27/11/2025 - PRY SATE+SUBV	application/vnd.google-apps.document	2025-11-28T10:58:13.123Z	2025-11-27T08:39:56.142Z
1PDBQrmciwqriHQHJCsF5e7v59N4S0_WbnAS4XRqaEF8	SAN JUSTINIANO 1 LEGANES  - 13/06/2025 - PRY + SUBV 	application/vnd.google-apps.document	2025-11-28T09:52:17.549Z	2025-06-13T09:40:36.317Z
1QQO0IlRAlxepA4ZKAepxe8tmikLCPTbPtW1WNnBGKWw	FUENTECILLA 12 VILLAVICIOSA DE ODON - 28/11/2025 - PRY SATE+CUBIERTA +SUBV	application/vnd.google-apps.document	2025-11-28T09:27:37.453Z	2025-11-28T09:22:11.532Z
1KvxSBEd0cT-QKPHlhp-ucS9gLxZxE9eA6VuFBuqu3xc	CHIRIMOYA 21 MADRID - 27/11/2025 - SATE CON CAES	application/vnd.google-apps.document	2025-11-27T17:20:30.465Z	2025-11-27T17:15:18.047Z
16L3E9YOSEEAAutssfN-ybEdd4iDSQ0HG1C-1JfxwGnU	AV ESPAÑA 9 FUENLABRADA  - 27/11/2025 - PRY ACC RAMPA	application/vnd.google-apps.document	2025-11-27T14:01:05.879Z	2025-11-27T13:44:56.573Z
15LmcwRxKhZ8GutMBv_q9mTG_sGSKixBp2a_2rnyXFPw	AV ANGELES 6 GETAFE  - 02 06 2025 - PRY ASCENSOR	application/vnd.google-apps.document	2025-11-27T12:15:15.316Z	2025-06-02T06:46:06.631Z
1__jutvjY_frJVISODwCmTxEqqaFtYcqt	Carlos Martín Álvarez 102 Madrid 27-11-2025 INFORME DE VIABILIDAD .pdf	application/pdf	2025-11-27T10:50:38Z	2025-11-27T10:51:21.254Z
19DuyjL9f9lCrHmr_FU7IBrEn-ouJj2nrzEfsGaGe7II	CARLOS MARTÍN ALVAREZ 102 MADRID - 27/11/2025 - PRY ASC+SUBV	application/vnd.google-apps.document	2025-11-27T10:33:50.497Z	2025-11-27T10:30:21.946Z
1TFJ4w9T6ZmTBmScR_PgTc-Ak_yN2MjHYUNjBgbODmR0	SEGOVIA 49 MADRID - 26/11/2025 - INS ASCENSOR	application/vnd.google-apps.document	2025-11-27T09:18:47.300Z	2025-11-27T08:28:55.692Z
1p61Uxh0N8qZwVVv_q93rbTPYlB3pV48cbjHrHf8I638	POLVORANCA 39 MADRID - 26/11/2025 - ENV Y ASCENSOR	application/vnd.google-apps.document	2025-11-26T16:10:38.168Z	2025-11-26T16:09:05.315Z
1vHfxxzAM1L7YX9IsMG0639tnF_B9VjANnLSD8fbDepI	RIO MANZANARES 31 - 26/11/2025 - ACCESIBILIDAD PORTAL	application/vnd.google-apps.document	2025-11-26T14:18:33.118Z	2025-11-26T14:16:27.183Z
1-JBSTZjmyOL6AYSxX2jOowDxN5yhP2yCb8Jj55UThT8	RIO MANZANARES 31 LEGANES - 26/11/2025 - PLATAFORMA ELEVADORA	application/vnd.google-apps.document	2025-11-26T14:21:33.079Z	2025-11-26T14:21:06.528Z
1tONlC1zHB9nREPlS2LK3A2NSmWHeRFdRgk_bw_b7zCU	RIBEIRO 17 LEGANÉS - 26/11/2025 - RENV SUBV ACC	application/vnd.google-apps.document	2025-11-26T13:36:54.698Z	2025-11-26T13:30:45.714Z
1FNUEUQ4bz6A8iI_C9y6cz_w1AFXmFJtzhvVSjy7utXc	SAN FRANCISCO 15 LEGANÉS - 26/11/2025 - RENV SUBV ACC	application/vnd.google-apps.document	2025-11-26T13:44:54.613Z	2025-11-26T13:42:47.638Z
1hvce5JE5LZFpoUQuRyd-3aPEikIQH2NDiwWjqQ23nzc	RIO DUERO 32 LEGANÉS - 26/11/2025 - RENV SUBV ACC	application/vnd.google-apps.document	2025-11-26T13:29:15.475Z	2025-11-26T13:28:01.463Z
1y3wdgBoygWgTfHzsyC-bkhYea_vLR11QGNpZFrEuc0A	SAN FRANCISCO JAVIER 2 FUENLABRADA - 26/11/2025 - RENV SUBV ACC	application/vnd.google-apps.document	2025-11-26T13:09:09.757Z	2025-11-26T13:01:35.270Z
1iXAv65F1DPN87HJ_67najRl47COOqFnsE7F4xup7LjM	VALDEVARNÉS 16 MADRID - 26/11/2025 - RENV SUBV ACC	application/vnd.google-apps.document	2025-11-26T12:43:04.380Z	2025-11-26T12:37:40.148Z
1B7l-xNUje-xI6VF4CGppO-79u5S4N5r3qlLGsNk8IwA	LA VEGA 6 FUENLABRADA - 26/11/2025 - RENV SUBV ACC	application/vnd.google-apps.document	2025-11-26T12:51:38.884Z	2025-11-26T12:47:46.206Z
1CAC2AkpJmSm-q_EfaGhtwQkjaR2vT5jEob9mXfHifJI	MONTE PERDIDO 10 MADRID - 26/11/2025 - RENV SUBV ACC	application/vnd.google-apps.document	2025-11-26T12:24:30.922Z	2025-11-26T12:22:17.061Z
1k-Mey9RtjWlFeE9-0Qd7OQmGVGqR4EpDeBXTvkMiGPs	PABLO LAFARGUE 10 MADRID - 26/11/2025 - PRY RECRECIDO DE TERRAZA	application/vnd.google-apps.document	2025-11-26T11:07:34.064Z	2025-11-26T11:05:40.053Z
1Ol9um_kEwFaGDc9MEPOtw_ikV8uAmNKVVoGJK_OKvWE	PABLO LAFARGUE 10 MADRID - 25/11/2025 - PRY ASC+SUBV	application/vnd.google-apps.document	2025-11-26T11:03:50.221Z	2025-11-25T10:26:31.774Z
10xZLMj52m-WgKMUfSCYpyg64_63yCtdVBy3v5X8GHgg	PASEO DE LA HABANA 80 MADRID - 26/11/2025 - PRY ACC+SUBV	application/vnd.google-apps.document	2025-11-26T10:11:10.332Z	2025-11-26T10:05:34.698Z
1wZ5jbSniY_mOwWkKCNnBlYt5BjpgcUjH	PASEO DE FEDERICO GARCIA LORCA 16. MADRID 26-11-2025 INFORME DE VIABILIDAD .pdf	application/pdf	2025-11-26T07:33:20Z	2025-11-26T07:34:05.551Z
1pMVeI-Q79957je2rHoGObJev-09XyJmRQFG3fWofpc4	PASEO FEDERICO GARCIA LORCA 16 MADRID - 26/11/2025 - PRY ASC+SUBV	application/vnd.google-apps.document	2025-11-26T07:24:12.095Z	2025-11-26T07:21:34.401Z
1H0x_rjuEH4VFTPZFLqUcD7XyNVKpSOIJplL59blbxvQ	GOMEZ DE ARTECHE 38 MADRID - 25/11/2025 - sate ascensor	application/vnd.google-apps.document	2025-11-25T18:27:33.256Z	2025-11-25T17:18:52.815Z
13F_4vOe4wGvMKmq2Eesa8d6bSjJpeOv8fP69G9semKo	GLORIETA DE TAMARINDO 4 ARANJUEZ - 25/11/2025 - RENOV SUBV ACC	application/vnd.google-apps.document	2025-11-25T14:58:35.959Z	2025-11-25T14:55:36.622Z
1PoPh63yLqmGnf-RY0R24UeOz2gnqQSQkkp-I0p8qSSU	BRUNO AYLLON 3 MADRID - 29/09/2025 - RH PARCIAL	application/vnd.google-apps.document	2025-11-25T15:04:27.142Z	2025-09-29T16:38:01.554Z
1dcK6XTcMBk_vP5k6zIfQgNVrJ4oAZpuyckWaIpjZj6g	AVDA DOCTOR FEDERICO RUBIO Y GALI 19 - 25/11/2025 - ACCESIBILIDAD PORTAL	application/vnd.google-apps.document	2025-11-25T15:23:28.536Z	2025-11-25T15:22:01.880Z
1sTSb5AJHUPZ0BUX8C_9k_6OgKNOkAWRZD3WoYCPGMtc	AVDA ABRANTES 81 83 85 MADRID - 24/11/2025 - SATE CON CAES	application/vnd.google-apps.document	2025-11-24T14:31:53.346Z	2025-11-24T14:24:14.263Z
1duHOxMxEEeP0cHrFjPYXcEr09RTZMpJjXpOBqoiImTo	ARTICO 4 LEGANES - 13/11/2025 - LPO+LEE	application/vnd.google-apps.document	2025-11-24T12:51:52.163Z	2025-11-13T08:57:35.115Z
1VpBi53CZSfYJl40OLqUIkPq5WNzeoMFm_Eh5dR0lZEc	ILLESCAS 70 MADRID - 24/11/2025 - ILLESCAS 70 MADRID	application/vnd.google-apps.document	2025-11-24T09:09:46.380Z	2025-11-24T09:05:38.787Z
1Zv46kARJ2Z3plXi8UcCuSCG1-wPnIj0u7XHMlVLY0pw	PZA MANANTIALES 1 GUADALAJARA - 24/11/2025 - ACCESIBILIDAD PORTAL	application/vnd.google-apps.document	2025-11-24T07:50:52.832Z	2025-11-24T07:50:11.837Z
1eJx2CIOpdg8doBOKRo28jFAP0p_fdKf8MnXzV5i83Sk	TRES PECES 7 MADRID - 21/11/2025 - INS ASC	application/vnd.google-apps.document	2025-11-21T14:14:55.431Z	2025-11-21T14:14:34.226Z
1TUim1Mir4g0bAEseyV0PcHoZHyV8HlZ7bbNmaNLkX2Q	LOPEZ GRASS 11 MADRID - 21/11/2025 - INS ASC	application/vnd.google-apps.document	2025-11-21T13:57:48.505Z	2025-11-21T13:57:16.635Z
1dt1T7lwjp0J6wHVj47mH6lJCIlslNUr8aF2QV8zjOvY	LOPEZ GRASS 11 MADRID - 21/11/2025 - SUB	application/vnd.google-apps.document	2025-11-21T14:00:21.118Z	2025-11-21T13:59:11.826Z
1IEv1JTscPZQ0zySaWcfFV03D4UO2KkbcINoc_0ZXXoQ	TRES PECES 7 MADRID - 21/11/2025 - SUB	application/vnd.google-apps.document	2025-11-21T14:16:23.016Z	2025-11-21T14:15:45.301Z
1mxtTPLNDpowNmYAsLbDHtgoYKKf9EkyyRTmMBvtn5j4	AV. JUAN CARLOS I 10 AJALVIR - 21/11/2025 - RENV SUBV ACCS	application/vnd.google-apps.document	2025-11-21T11:50:53.407Z	2025-11-21T11:38:46.693Z
1q3glvPV3jXN1pCjlsFb5k_u8Ot4_7PkjojkXYZ1f9Lk	GOMEZNARRO 249 MADRID - 14/10/2025 - INS ASCEN	application/vnd.google-apps.document	2025-11-20T10:31:07.171Z	2025-10-14T17:00:05.447Z
1NnMsfvFgQqsbGpGa8FAynE_AVQdP8DjC150jlPSTN2Q	GOMEZNARRO 249 MADRID - 14/10/2025 - SUBV	application/vnd.google-apps.document	2025-11-20T10:27:08.846Z	2025-10-14T17:03:20.264Z
1V7XOJ_Msniorl5x7cMsm9V4dtpMx_z32-ourtosh2SY	CAMINO DE LAS CRUCES 27 MADRID - 19/11/2025 - INS ASCENSOR SATE SUB	application/vnd.google-apps.document	2025-11-19T18:35:09.910Z	2025-11-19T18:06:09.021Z
1YEnaJphMpkjUn8tWRYwEyvLM3FgKLBGD6IgJGLSnegU	CRTRA CANILLAS 108 MADRID - 19/11/2025 - SUB	application/vnd.google-apps.document	2025-11-19T17:46:00.913Z	2025-11-19T17:45:35.961Z
18tCGAq6WNH6QVjqQhuDRxEd5DCFlR5jq0o4KPV2izPk	CRTRA CANILLAS 108 MADRID - 19/11/2025 - INS ASCENSOR	application/vnd.google-apps.document	2025-11-19T17:43:59.635Z	2025-11-19T17:42:59.379Z
1zbP4yY3M2sICf12HtJ-r04HvztWT7Vef	RIO LLOBREGAT 1 MOSTOLES PRY SATE+SUBV +CAES.pdf	application/pdf	2025-11-19T13:50:35Z	2025-11-19T13:52:23.036Z
1uu8mqRdm_BeytbB99cWZcKVN4ESJ-i6AJVTlrlDQZLA	RUFINO BLANCO 20 MADRID - 19/11/2025 - SUBV ASC	application/vnd.google-apps.document	2025-11-19T11:10:16.267Z	2025-11-19T11:04:04.909Z
1PP4_ZQmH3PWqz-Pt9VJAogp-EWTdzBljlrgo8SiXVKM	RÍO LLOBREGAT 1 MÓSTOLES - 19/11/2025 - PRY SATE+SUBV CON CAES	application/vnd.google-apps.document	2025-11-19T11:25:58.664Z	2025-11-19T11:16:01.481Z
1sIuWCFrD7Z_0Kos9yTQITrv4kPievdojGeSzbK5o83k	FCO JAVIER SAUQUILLO 7 MOSTOLES - 17/11/2025 - accesibilidad portal	application/vnd.google-apps.document	2025-11-17T16:35:52.698Z	2025-11-17T16:33:55.362Z
1OB9cs1toP9C90Kr7EsODLDsIzv0dnxdqAF0O-CaQoqs	MONLEON 10 MADRID - 17/11/2025 - SUBV PRY EXT	application/vnd.google-apps.document	2025-11-17T12:14:21.796Z	2025-11-17T12:06:12.655Z
1BoVFGHQRJWZJQoozCaEQzpAzECBubl6kdDW6J0hjNHE	PATRIARCA SAN JOSE 11 MADRID - 28/10/2025 - PRY ASC+SUBV	application/vnd.google-apps.document	2025-11-14T10:46:03.239Z	2025-11-14T10:41:32.484Z
1pmGE18TUgPLwZSEnhZQrQQ7-NM-EZmojetDpRGC08rE	BADALONA 120 MADRID - 13/11/2025 - SATE+SUBV	application/vnd.google-apps.document	2025-11-13T11:54:15.882Z	2025-11-13T11:35:11.550Z
10uMu4KpLynn6OJZ_YXSEg2ZZ-nxCQMLjy1QHMJceFAE	ALONSO 41 MADRID - 12/11/2025 - RH PARCIAL	application/vnd.google-apps.document	2025-11-12T13:39:53.618Z	2025-11-12T12:59:50.695Z
1UFOg0f1VdsEVB7EF0Zdqbmbv_DCsJfK7hB7WImsLFRI	POLVORANCA 18 LEGANES - 12/11/2025 - LEX	application/vnd.google-apps.document	2025-11-12T09:19:56.214Z	2025-11-12T09:06:24.560Z
1NxvKRyA2xD_xZKzQIMT9Ljz1MYfi_ikbWJauRRKynio	CALLE CAMINO VIEJO DE LEGANES 237 - 07/11/2025 - INS ASCENSOR	application/vnd.google-apps.document	2025-11-10T08:40:06.769Z	2025-11-10T08:20:47.947Z
1KOgWuNEa8b0QS8rBq3TyBBgHmRPuGu0TCuIqRsc0HhU	HIGUERAS 7 MADRID - 07/11/2025 - ASC Y SATE	application/vnd.google-apps.document	2025-11-08T09:17:21.487Z	2025-11-08T08:57:54.737Z
1qdKaD9_349NtVlPeySvkFCtJWpoEJYSWhPzfU2_D-Q0	NAVALMORALES 17 MADRID - 07/11/2025 - SUB	application/vnd.google-apps.document	2025-11-07T15:05:00.779Z	2025-11-07T15:04:13.225Z
10SD70ybSPGZtdGzg2VfoXbk2LWKknqoTe0oaYl_Cu10	NAVALMORALES 17 MADRID - 07/11/2025 - PROY ASC	application/vnd.google-apps.document	2025-11-07T15:01:26.739Z	2025-11-07T15:00:42.252Z
17rxWNnLI_dkd8THk1-dWl1x6jdUMAbJb48KVX33XiP0	NUESTRA SEÑORA DE SOLEDAD 16 MADRID - 07/11/2025 - PROY SATE	application/vnd.google-apps.document	2025-11-07T14:12:43.564Z	2025-11-07T14:05:47.470Z
1HRhrB0LutPGhDQKG2oltjWQktgwUkKMRRbrqSCswYHs	NUESTRA SEÑORA DE SOLEDAD 16 MADRID - 07/11/2025 - SUB	application/vnd.google-apps.document	2025-11-07T13:43:00.793Z	2025-11-07T13:41:32.965Z
145JToFq3QHtR-Q6ZV8GlW0F_3Ghyj3JEokHL_ABtBj0	NUESTRA SEÑORA DE SOLEDAD 16 MADRID - 07/11/2025 - INS ASCENSOR	application/vnd.google-apps.document	2025-11-07T13:40:22.532Z	2025-11-07T13:39:39.517Z
1K2M7yYeX44U2JSA9Lh9aAIp2YxXD0OgArLmpQG-wY_k	VILLAMANIN 20 MADRID - 07/11/2025 - SUB	application/vnd.google-apps.document	2025-11-07T08:47:41.153Z	2025-11-07T08:46:06.356Z
1EUU5K-zQXZQdvOOUko0cpku9HS-v_cEx	Prudencio Álvaro 1 Madrid 7-11-2025 INFORME DE VIABILIDAD .pdf	application/pdf	2025-11-07T08:32:48Z	2025-11-07T08:34:45.548Z
1znDT2t8Ovb-uim47QLTYu7wRjgiJn8zPGA-JhtV0Id4	ALCALA 320 MADRID - 07/11/2025 - PRY+SUBV	application/vnd.google-apps.document	2025-11-07T09:13:37.736Z	2025-11-07T09:06:48.560Z
1AfHpoESTQEc6n8oUy6Qr69qEmWvMeuPAsyZwb1FK4Ec	SÁNCHEZ PRECIADO 40 MADRID - 07/11/2025 - PRY SATE CON CESION DE CAES	application/vnd.google-apps.document	2025-11-07T08:56:16.561Z	2025-11-07T08:38:50.447Z
1p2kU5TXIQxYT6xFQp7mGqYza-5WMLBKVkNQrExHFRcU	VILLAMANIN 20 MADRID - 07/11/2025 - ISN ASC	application/vnd.google-apps.document	2025-11-07T08:44:32.176Z	2025-11-07T08:43:33.991Z
1UaoA8Qtz7eP9-J_5LnHfkxm1cD-DwE2F7RJBqLZyaBM	AV MORATALAZ 21 MADRID - 06/11/2025 - IEE	application/vnd.google-apps.document	2025-11-07T08:03:33.119Z	2025-11-06T13:09:45.986Z
14MtcCrS3fUWrTDKDbzc-nj_4cuxXtA9mpYtteKRFgSM	PRUDENCIO ÁLVARO 1 MADRID - 07/11/2025 - PRY ASC+SUBV	application/vnd.google-apps.document	2025-11-07T08:24:24.126Z	2025-11-07T08:20:18.633Z
1urme_92JOD6rLQxXJlKSIYH0lRsSNDrYPvRZpkYqpSA	CASTELLON 1 MOSTOLES - 06/11/2025 - CSS	application/vnd.google-apps.document	2025-11-06T07:41:08.094Z	2025-11-06T07:38:20.478Z
1sDmX87IdllpsZ-7YhkyFb0E7u2WznlgtUgLeXPalB0k	PAULAR 5 FUENLABRADA - 05/11/2025 - IEE	application/vnd.google-apps.document	2025-11-05T09:44:45.161Z	2025-11-05T09:40:15.387Z
1Ok7Iy-YX0iWhVDi8NllwqNg2JYbEzLMR2f858qF0ZzU	BARBERÁN Y COLLAR 20  ALCALÁ DE HENARES - 04/11/2025 - PRY ASC+SUBV	application/vnd.google-apps.document	2025-11-04T13:42:49.232Z	2025-11-04T13:23:44.079Z
1KT5R_OqJIM0OWLdJCtttf3w3oF66xSvm	Barberán Y Collar 20  Alcalá De Henares 4-11-2025 INFORME DE VIABILIDAD .pdf	application/pdf	2025-11-04T13:49:58Z	2025-11-04T13:50:52.061Z
1RHZcx1w027kQq3VUEQsJtNhQl8Tp7qj8U7Z0aNNzye0	CUESTA BLANCA 2 FASE 1 BLOQUE CH ALCOBENDAS - 04/11/2025 - PRY ASC Y RAMP+SUBV	application/vnd.google-apps.document	2025-11-04T13:08:28.503Z	2025-11-04T12:33:25.638Z
1wekGLy0iug5SrxE6OOatFg5E_EarKT6w	CUESTA BLANCA 2 FASE 1 BLOQUE CH ALCOBENDAS 4-11-2025 INFORME DE VIABILIDAD .pdf	application/pdf	2025-11-04T13:01:12Z	2025-11-05T07:23:14.664Z
1zhIcShZzjSqVZVL4dfwhGXN9839sIy63XuXyI7SpCMY	CUESTA BLANCA 2 FASE 1 BLOQUE C ALCOBENDAS - 04/11/2025 - PRY ASC+SUBV	application/vnd.google-apps.document	2025-11-04T13:06:29.602Z	2025-11-04T12:34:32.638Z
1P01804O8RIhjOVIbLgTm0FYEWn3ESN7D	CUESTA BLANCA 2 FASE 1 BLOQUE C ALCOBENDAS 4-11-2025 INFORME DE VIABILIDAD  .pdf	application/pdf	2025-11-04T12:52:47Z	2025-11-05T07:23:14.626Z
1-PDzpNe-c8KsWYINKJu9b5TK3i1UYVAqs5fH58wQQ_M	VILLAGARCIA 10 MADRID - 04/11/2025 - TRAM SUB	application/vnd.google-apps.document	2025-11-04T11:18:14.225Z	2025-11-04T11:16:49.852Z
1YGmumbzn6Hcn2MUtGCwCAVLWMIFCYbyKpJzy9HVdtCI	VILLAGARCIA 10 MADRID - 04/11/2025 - INS ASCENSOR	application/vnd.google-apps.document	2025-11-04T11:15:29.960Z	2025-11-04T11:14:41.234Z
1qZrvQgG6zT9EoRgg5fBvQE6ErqRKshkw_3mYUhS0GTE	INFORME LOS PEÑASCALES 17 MADRID	application/vnd.google-apps.document	2025-11-04T09:45:53.657Z	2025-11-04T09:45:53.333Z
1NlaZ0tihJ2Y4jwJiwq4zvCwIw4JvJhcT	O'DONNELL 41 MADRID 04-11-2025 INFORME DE VIABILIDAD .pdf	application/pdf	2025-11-04T10:03:42Z	2025-11-04T10:27:06.048Z
1s-T1gC9NjqiBETWoEfsoRpxUY5UNFyuIm0CUZ-uDdiY	ALZINA 3 MADRID - 03/11/2025 - TRAM SUB	application/vnd.google-apps.document	2025-11-03T20:27:44.512Z	2025-11-03T20:27:08.116Z
1G0Go5kUQGuR4qGcbYDpv5M5wKhRZFsmBL0zxZ4ge4Yw	ALZINA 3 MADRID - 03/11/2025 - INS ASCENSOR	application/vnd.google-apps.document	2025-11-03T20:29:36.597Z	2025-11-03T20:29:12.855Z
1fRVYbVPn6hzP_kaqfwhbCxL93iNYfITaDClwIKUX_MM	CONCILIO 17 ALCOBENDAS - 03/11/2025 - PRY SATE+SUBV CON CAES	application/vnd.google-apps.document	2025-11-03T12:22:42.386Z	2025-11-03T10:05:55.658Z
1dEBrhTeQb9_Y-VAmfrpurAWRp_5AfO8NeSB_xcGeTgg	SIERRA DEL VALLE 44 MADRID - 03/11/2025 - SUBV EXT	application/vnd.google-apps.document	2025-11-03T08:07:57.097Z	2025-11-03T07:28:24.566Z
196Q6E1XuyhOqOJIDcWeg56l0CKqXYqGn4Hn9jQigqI8	LOS PEÑASCALES 17 MADRID - 31/10/2025 - PRY ELEV	application/vnd.google-apps.document	2025-10-31T14:00:43.648Z	2025-10-31T13:26:30.499Z
1v8kJhQ5dYZwC2M4W6PH-vk1R-6kycyXM_3Hr5y6i4UU	DELICIAS 7 FUENLABRADA - 31/10/2025 - PRY ASC	application/vnd.google-apps.document	2025-10-31T14:11:55.808Z	2025-10-31T14:07:14.572Z
1_JsAgFq_po5VAHBy_a9RsNWLyjlb2y97xMSbuNSXUxM	CARLOS V 47, 49  Y VIENA 2, 4 ,6 MOSTOLES - 31/10/2025 - CONSULTA URBANISTICA	application/vnd.google-apps.document	2025-10-31T14:21:02.592Z	2025-10-31T14:19:53.257Z
1UM4ItKEZ5rq8WtKIm212xC1MNm9YiipA	BADAJOZ 4 FUENLABRADA 31-10-2025 INFORME DE VIABILIDAD .pdf	application/pdf	2025-10-31T08:32:29Z	2025-10-31T08:33:28.159Z
1RL2usNRLQzfCkNz7dZegAi-UUBqtarN-w1qhg7WVlNQ	BADAJOZ 4 FUENLABRADA - 31/10/2025 - PRY ASC+SUBV	application/vnd.google-apps.document	2025-10-31T08:22:08.155Z	2025-10-31T08:17:51.974Z
1yCMCyFxSRAgbseyN5BtYu0rWb8A5Igv9H7zkC_eKMI0	GOMEZ DE ARTECHE 10 MADRID - 30/10/2025 - SATE + ASC	application/vnd.google-apps.document	2025-10-30T14:45:03.517Z	2025-10-30T14:44:59.086Z
1q9l54WJckQ4l7c51pZF-eQrBxFH1KcRR62zVDesmSe4	FOMENTO 19  - 30/10/2025 - INS ASCENSOR	application/vnd.google-apps.document	2025-10-30T15:07:30.649Z	2025-10-30T15:06:42.841Z
1935XlYd7UodczuTgfFve4Fb3xcAJhIYOjACDuUUePUM	FOMENTO 19 MADRID - 30/10/2025 - TRAM SUB	application/vnd.google-apps.document	2025-10-30T15:09:16.787Z	2025-10-30T15:08:54.202Z
1UqFr6S-t2pkxQ6mFM8qbRlKXPHPgk3CYtLkH7BZqyUo	ABELLA 7 MADRID - 30/10/2025 - ENV + ASCE	application/vnd.google-apps.document	2025-10-30T14:20:50.181Z	2025-10-30T14:01:55.439Z
1K3tVyWE_-dcYN3z2I-0imsbsyv-crl_Iv4iFe9clKb8	CARLOS ARNICHES 25 MADRID - 30/10/2025 - SUBV PRY PROP	application/vnd.google-apps.document	2025-10-30T14:00:06.540Z	2025-10-30T13:57:33.620Z
1e4nBmh_gDwsQ1Ae71OaKbmNwu2VoRxytzmx3Xxtuf5Q	CARRETAS 15 MADRID - 30/10/2025 - SUBV PRY PROP	application/vnd.google-apps.document	2025-10-30T13:54:10.676Z	2025-10-30T13:52:16.290Z
1fyCAcA45x8KoEYWmeh5bJzAgEQ_Ros98HHjjsveOCRA	GUTEMBERG 8 MADRID - 30/10/2025 - RH PARCIAL	application/vnd.google-apps.document	2025-10-30T13:06:41.083Z	2025-10-30T12:51:57.582Z
1yh0s-Q9dBnB0Uws6MwV3pCM45MUUPjkF04XQeKc1It0	SAN GREGORIO 4 LEGANES - 30/10/2025 - CSS	application/vnd.google-apps.document	2025-10-30T11:29:48.035Z	2025-10-30T11:28:16.412Z
1aolTyuy1xvpknczFnoC4u6Bx-RcCM9ZC	García De Paredes 44 Madrid 30-10-2025 INFORME DE VIABILIDAD .pdf	application/pdf	2025-10-30T07:36:01Z	2025-10-30T07:39:47.815Z
1wzC2yBnFS53RxN3dKcOJl5gJZ7pX_BTOoDsMrOgi4rk	VIENA 2, 4 ,6 MOSTOLES - 29/10/2025 - CONSULTA URBANISTICA VINCULANTE	application/vnd.google-apps.document	2025-10-29T13:45:40.181Z	2025-10-29T13:42:56.068Z
13wd67cjq68xS0VdM-zwdNeou4cBsvhQyu09EuEmuNsQ	AV CARLOS V 47- 49 MOSTOLES - 29/10/2025 - CONSULTA URBANISTICA VINCULANTE	application/vnd.google-apps.document	2025-10-29T13:51:44.600Z	2025-10-29T13:50:11.059Z
1U8bhW-ioJGNkOrelOtRPw197DXDC-rBnQ9dhjkb1Kjs	PATRIARCA SAN JOSE 11 MADRID - 28/10/2025 - PRY ASC+SATE+SUBV	application/vnd.google-apps.document	2025-10-29T10:32:52.180Z	2025-10-29T10:17:30.705Z
1wWjx413klJytqtu2E3iHF2xb0XiyIEHC	PATRIARCA SAN JOSE 11 MADRID 29-10-2025  INFORME DE VIABILIDAD .pdf	application/pdf	2025-10-29T10:45:38Z	2025-10-29T10:48:09.166Z
16gYd6Hm8fU_ihqM8kj8BjXNTe5zQRYw91cOqIou8JeY	ZAMORA 1,3 Y 5 FUENLABRADA - 28/10/2025 - CSS	application/vnd.google-apps.document	2025-10-28T12:54:20.273Z	2025-10-28T12:52:55.684Z
1sKZPKJ8VAbVo1K8ltSa8Az8NFmCHRkVswTvP94f4epQ	VICENTE QUESADA 3 MADRID - 28/10/2025 - TRAM SUB	application/vnd.google-apps.document	2025-10-28T11:46:08.279Z	2025-10-28T11:45:45.068Z
1YvDCxMusOaLYve-Z9f0P_hkdDTXoAYtNET1nTl6StHY	VICENTE QUESADA 3 MADRID - 28/10/2025 - INS ASC	application/vnd.google-apps.document	2025-10-28T11:47:58.395Z	2025-10-28T11:47:15.713Z
1V3GEQh3kyN7ExRF09rIlMyTSPwMr6HYKE4byIYF93aY	ESTACION 1 ALCORCON - 28/10/2025 - TRAM SUB	application/vnd.google-apps.document	2025-10-28T08:37:12.320Z	2025-10-28T08:36:50.506Z
1OhthG5gPXv7hu9BDNAEvFptnlQSFTgAUAzU4n1G-S10	ESTACION 1 ALCORCON - 28/10/2025 - INS ASCENSOR	application/vnd.google-apps.document	2025-10-28T08:57:11.970Z	2025-10-28T08:56:26.231Z
17q3dvTDjtgRMV7v_FoyvFk-DgLjrUQjv	ESTACION 1 ALCORCON ESTUDIO DE VIABILIDAD.docx	application/vnd.openxmlformats-officedocument.wordprocessingml.document	2025-10-28T09:14:06Z	2025-10-28T09:34:16.925Z
10wf1jq8Po4OPwlGjh-CwZsAT_a1VffUd	CASTILLO DE COCA 9 MADRID 27-10-2025 INFORME DE VIABILIDAD .pdf	application/pdf	2025-10-27T12:53:57Z	2025-10-27T12:57:46.437Z
1edLc59uOmp5aG5widCCkKSRLEleajJq1IOCRQarKzBQ	CASTILLO DE COCA 9 MADRID - 27/10/2025 - PRY ASC+SUBV	application/vnd.google-apps.document	2025-10-27T12:15:36.144Z	2025-10-27T12:11:12.520Z
1FDc1q8ji1GiR66B_iWZ7IXmhtYDs2RTVkBSvXNGLDW4	CARDENAL HERRERA ORIA 291 - 27/10/2025 - TRAM SUB	application/vnd.google-apps.document	2025-10-26T09:07:28.259Z	2025-10-26T09:05:07.480Z
1sK7xxbsYYTKgsObRFLMQNYAFK8Nx_qA1S15s3f12CaM	CARDENAL HERRERA ORIA 291 - 27/10/2025 - INS ASCENSOR	application/vnd.google-apps.document	2025-10-26T09:04:09.137Z	2025-10-26T09:01:06.423Z
14qogGlgL1TGJdXpWVqY0mlgZypfMomBpsRTUz-_DMmg	PATERNA 7 MADRID - 24/10/2025 - ASC + SATE	application/vnd.google-apps.document	2025-10-24T14:03:47.118Z	2025-10-24T13:59:04.632Z
1FYwAImpQBuF6jHeVF9l8mB5g_ErEzh-SuynNTOQqvD4	SEPULVEDA 33 MADRID - 24/10/2025 - DOC TECNICA PARA MEMORIA VALORADA	application/vnd.google-apps.document	2025-10-24T11:32:01.029Z	2025-10-24T11:22:39.898Z
1AdBUdx4U7bi61p7AVPENyFxIbDzxUINEJOEHN88Jry0	AV DE MORATALAZ 103 MADRID (VIVIENDA PORTERIA)- 24/10/2025 - CEE	application/vnd.google-apps.document	2025-10-24T12:19:06.988Z	2025-10-24T12:13:04.317Z
1xTjYwwtkqVjo4UT9tAcL51V5vsUEcLqr5glYJ5LyoA0	INFIESTO 3 MADRID - 22/10/2025 - IEE DIEGO ROJO	application/vnd.google-apps.document	2025-10-24T10:49:56.640Z	2025-10-24T06:46:24.434Z
163yJCIuoHEeZvgCeILMJcaLGTVcb8oAud5qKW5UWZuE	CASTILLO DE AREVALO 2  MADRID - 22/10/2025 - IEE DIEGO ROJO	application/vnd.google-apps.document	2025-10-24T10:34:56.082Z	2025-10-24T06:45:21.535Z
1BpLsXLGJnIfO_EHycZ2bTQX5tbNCXo6l0-IEz9VLLpk	CASTROPOL 17 MADRID - 22/10/2025 - IEE DIEGO ROJO	application/vnd.google-apps.document	2025-10-24T10:36:42.817Z	2025-10-24T06:44:46.033Z
1LnhqxhwyT2NbsCIDlLCbIw15FbNma3xzNZwQDZMzNtY	CASTILLO DE COCA 9 MADRID - 22/10/2025 - IEE DIEGO ROJO	application/vnd.google-apps.document	2025-10-24T10:41:12.968Z	2025-10-24T06:45:04.046Z
1leWAptzdVoGEAaHcnkji788ePG_A-NL80MAh96zVaos	AV DE HELLIN 4 MADRID - 22/10/2025 - IEE DIEGO ROJO	application/vnd.google-apps.document	2025-10-24T10:55:13.687Z	2025-10-24T06:47:08.344Z
1ZtWYXE3KWFMo8qblALwEATnwrfzuL5TtbNLSuAuqW0g	CASTILLO DE AREVALO 4 MADRID - 22/10/2025 - IEE DIEGO ROJO	application/vnd.google-apps.document	2025-10-24T10:43:26.999Z	2025-10-24T06:45:35.725Z
1aUGDHvvxyJKfrCTR6GnLj1FeEk_AN_70bmosOKUFfRc	EMILIO MUÑOZ 11 MADRID - 22/10/2025 - IEE DIEGO ROJO	application/vnd.google-apps.document	2025-10-24T10:45:23.479Z	2025-10-24T06:45:54.066Z
14YsCNi2xsF4NRCTeka7Oo1SGhej0WvB8aQ7Lpjx6kqw	VIRGEN DE LA OLIVA 2 PORTAL 4  MADRID - 22/10/2025 - IEE DIEGO ROJO	application/vnd.google-apps.document	2025-10-24T10:47:23.262Z	2025-10-24T06:46:06.073Z
1dFB7ot97IhtEme4gU8dT2Vu2rxsRo3kFFqhlrRMABuM	CANGAS DE ONIS 40 MADRID - 22/10/2025 - IEE DIEGO ROJO	application/vnd.google-apps.document	2025-10-24T10:52:19.571Z	2025-10-24T06:46:45.110Z
1MghJqvwAjOF-6-qT3cO7qJrv7Ljy6OjGuugaou8v7Ys	MARQUES DE CORBERA 22C MADRID - 24/10/2025 - PRY ASC+SUBV	application/vnd.google-apps.document	2025-10-24T11:10:36.677Z	2025-10-24T11:06:53.375Z
1KLRK7cQJeVNYGXiTIKyTFPnn7VTgbcd0l1wf_sQnU0k	CASTILLO DE OROPESA 11 MADRID - 22/10/2025 - IEE DIEGO ROJO	application/vnd.google-apps.document	2025-10-24T09:32:02.992Z	2025-10-24T06:44:34.314Z
1IkqXyhe9JhSOqPQtL1t29KZg7ZjwMXtV1mM8nsGEJ-A	CASTILLO DE OROPESA  9 MADRID - 22/10/2025 - IEE DIEGO ROJO	application/vnd.google-apps.document	2025-10-24T09:30:14.603Z	2025-10-24T06:44:11.817Z
1O9AEa93tO253E4YcsU2LdK1CTGnNmHDABItLzrWQ_eA	CASTILLO DE OROPESA 7 MADRID - 22/10/2025 - IEE DIEGO ROJO	application/vnd.google-apps.document	2025-10-24T09:28:11.397Z	2025-10-24T06:43:31.988Z
1q0MwktM99OcQSr4kPU9rrY7V2Ou-recIR7hP5qIAWTA	AMPOSTA 20 MADRID - 24/10/2025 - IEE DIEGO ROJO	application/vnd.google-apps.document	2025-10-24T07:45:41.667Z	2025-10-24T06:43:04.840Z
1M4bHjiLct2iWWcDzqenSjFZO87iIhQT4oxZ5vlmSMNg	NUESTRA SEÑORA DE SOLEDAD 20 MADRID - 23/10/2025 - INS ASC	application/vnd.google-apps.document	2025-10-23T12:49:26.738Z	2025-10-23T12:48:19.882Z
1gcl5mWIWwu5d32hsr6zGctf14ZPWILKaort6mnL2V78	NUESTRA SEÑORA DE SOLEDAD 20 MADRID - 23/10/2025 - TRAM SUB	application/vnd.google-apps.document	2025-10-23T12:43:46.912Z	2025-10-23T12:41:38.861Z
1priQBQmA9vh2vKVXDRqH3igla_iWJcXA	NTRA SEÑORA DE SOLEDAD 20 MADRID ESTUDIO DE VIABILIDAD.docx	application/vnd.openxmlformats-officedocument.wordprocessingml.document	2025-10-23T13:27:48Z	2025-10-26T08:14:16.107Z
1N5FuLTpRGku755tZnCETWSDjQ303sGRQtAZVAQjVyQg	SIERRA DE MOLINA 17 MADRID - 23/10/2025 - PRY+SUBV	application/vnd.google-apps.document	2025-10-23T12:00:06.682Z	2025-10-23T11:44:20.407Z
1POxymylyHYiTXDAW9s8m7BNbaBDSDMwe	SIERRA DE MOLINA 17 MADRID 23-10-2025 INFORME DE VIABILIDAD .pdf	application/pdf	2025-10-23T12:14:16Z	2025-10-23T12:15:02.113Z
18meVArpHeulhPqVw66wxQWTwZjT7cbThCCUZH9eyVa8	PZA DOS DE MAYO 3 MADRID - 23/10/2025 - INS ASCENSOR	application/vnd.google-apps.document	2025-10-23T11:17:26.401Z	2025-10-23T11:17:02.615Z
1WWVC1A3P2bxyVu-SET14C0o2UZHFdj5uQ-COgpIRTg8	PZA DOS DE MAYO 3 MADRID - 23/10/2025 - TRAM SUB	application/vnd.google-apps.document	2025-10-23T11:15:29.264Z	2025-10-23T11:14:17.966Z
1bYxS9iQYGlMzx2fyEzplZvjMwMR34fik7Y9OH7EZSHU	PASEO DR SEVERO OCHOA 10 FUENLABRADA - 23/10/2025 - SUBV PRY PROP	application/vnd.google-apps.document	2025-10-23T06:42:16.195Z	2025-10-23T06:33:28.694Z
1KDFQzOYEEz7EF0A_ZrIdbci3aqdcUfHsVe0-IQEawYA	COMUNIDAD DE MADRID 28 FUENLABRADA - 22/10/2025 - ACCESIBILIDAD Y SUB	application/vnd.google-apps.document	2025-10-22T13:50:56.889Z	2025-10-22T13:34:35.316Z
1TiduTkywrefqrErtacTCakxThyEasMFzz9lZro5NkRU	ISTURIZ 11 MADRID - 22/10/2025 - CSS	application/vnd.google-apps.document	2025-10-22T12:31:39.863Z	2025-10-22T12:22:31.984Z
1zHxnKFK65nLnNL-HRPe468a2w4JMmLVUS3pJCcWcF-8	RODRÍGUEZ LÁZARO 14 MADRID - 22/10/2025 - PRY+SUBV	application/vnd.google-apps.document	2025-10-22T09:57:45.813Z	2025-10-22T09:48:56.236Z
1l0IF5zXJNH5YXEyMLGSiNaP7hL8FIYbU	TRUJILLOS 5 MADRID 22-10-2025 INFORME DE VIABILIDAD .pdf	application/pdf	2025-10-22T09:33:37Z	2025-10-22T10:02:46.092Z
122OL7_typFpyH0t_Ar2QdoNnV3BekLGN4O5ertj28T4	TRUJILLOS 5 MADRID - 22/10/2025 - PRY+SUBV	application/vnd.google-apps.document	2025-10-22T09:18:53.611Z	2025-10-22T08:55:06.506Z
19novNHktFs8rWm9vh9imtK2pj9v9kvN_CDxvZ5tRebU	SOMONTIN 96 MADRID - 21/10/2025 - INS ASC	application/vnd.google-apps.document	2025-10-21T16:04:01.645Z	2025-10-21T15:54:19.278Z
19DO4CJA9o5GtDrVBLJpTlQAPNPct2q2hGqIkGRuS7xY	SOMONTIN 96 MADRID - 21/10/2025 - TRAM SUB	application/vnd.google-apps.document	2025-10-21T15:52:10.319Z	2025-10-21T15:50:32.017Z
19T0QqBh4TCc0ih2H2CV0j1bliSbHdFREGJhfeKJVLH0	LOPEZ DE HOYOS 342B - 20/10/2025 - INS ASCENSOR	application/vnd.google-apps.document	2025-10-20T17:14:58.824Z	2025-10-20T17:12:41.472Z
1uHoyJIzDTZw3r6TcPlpdzBaz1CFn2hITmxmCZCS5GHw	LOPEZ DE HOYOS 342B - 20/10/2025 - TRAM SUB	application/vnd.google-apps.document	2025-10-20T17:06:48.624Z	2025-10-20T17:05:53.257Z
1gWQYffF1n1cTZvrksNvk5h4srfSU6DRG775y7qzHgVw	CASTILLO DE SIMANCAS 7 MADRID - 20/10/2025 - TRAM SUB	application/vnd.google-apps.document	2025-10-20T13:02:23.693Z	2025-10-20T12:50:22.570Z
1f7RG9JlWl7oydPxiJVxxI2baqZA8ITJpkBDlFAwTZAc	CASTILLO DE SIMANCAS 7 MADRID - 20/10/2025 - RH PARCIAL	application/vnd.google-apps.document	2025-10-20T12:57:05.998Z	2025-10-20T12:48:13.367Z
1Mz0cmA1yvGU4WCO_Q2TPE9QkYp4TauQTO2uDRXkCPLY	CASTILLO DE SIMANCAS 7 MADRID - 20/10/2025 - RH PARCIAL	application/vnd.google-apps.document	2025-10-20T12:55:39.632Z	2025-10-20T12:55:35.434Z
1fJ8U3jlLk1SlVWSnZJ7BXxFAojNu_utcZDxude6yjDI	GUADALETE 13 MADRID - 20/10/2025 - PRY ASC+SUBV	application/vnd.google-apps.document	2025-10-20T11:04:50.857Z	2025-10-20T07:17:56.760Z
1xOC1EpgSWB4-GgF-L5vHvofg4N2ocTJY	Guadalete 13 Madrid INFORME DE VIABILIDAD 20-10-2025.pdf	application/pdf	2025-10-20T07:54:40Z	2025-10-20T08:05:04.083Z
1x97CtdqCrwpynBMHbMEaACR464_7qXKIKMDA1psoVjg	ALCALDE DE MÓSTOLES 9 MOSTOLES - 16/10/2025 - PRY MODIF ASC	application/vnd.google-apps.document	2025-10-16T13:34:55.287Z	2025-10-16T12:50:56.134Z
1DRJ4Fp0ftr3u26Zke-NB0_5l9mPwysnis9lrfmr98Sk	CANCION DEL OLVIDO 33 MADRID - 17/09/2025 - SATE+ASC CON CAES	application/vnd.google-apps.document	2025-10-16T06:20:38.492Z	2025-09-17T07:23:41.413Z
1Iirfq_cAlx8lVtTi13x75locA3K1IgJO32sjUGqPKWc	MERCADO 8 ALGETE - 14/10/2025 - TRAM SUBV	application/vnd.google-apps.document	2025-10-14T09:39:00.138Z	2025-10-14T09:36:09.840Z
1zKHAkRujI8xRDhclVOpKctAsPoFWO9oBpbxji0TsM6s	ERAS 9 FUENLABRADA - 14/10/2025 - DECLARACION RESPONSABLE	application/vnd.google-apps.document	2025-10-14T10:18:08.924Z	2025-10-14T10:11:43.458Z
1PchtdVEg1s6SAdwweRZA9qPfE8IbMB-d	BUENDIA 34 MADRID ESTUDIO DE VIABILIDAD.docx	application/vnd.openxmlformats-officedocument.wordprocessingml.document	2025-10-14T08:05:02Z	2025-10-14T16:41:15.238Z
1MIfREZ3uu3pK9XvPblcw9ftRECEygrqQFiNxDkzJupE	CARRERO JUAN RAMON 17 MADRID - 10/10/2025 - INSASCEN	application/vnd.google-apps.document	2025-10-10T14:47:11.947Z	2025-10-10T14:34:29.107Z
1dRtv0WI1nkq7vthaYmeaAev_H0wHI_jlbByZLGtLYLU	CARRERO JUAN RAMON 17 MADRID - 10/10/2025 - TRAMSUBVENCION	application/vnd.google-apps.document	2025-10-10T14:45:14.849Z	2025-10-10T14:44:19.409Z
1eoN4GCfEMq-bHcMznlVPNSC9SaFfyyJn-G7NgBd10No	CARDEÑOSA 57 MADRID - 10/10/2025 - PROY SATE	application/vnd.google-apps.document	2025-10-10T15:19:42.061Z	2025-10-10T15:07:55.917Z
15ME5UpJMFwz2Dnp3W8SYYi-HSIfJAhsDSh50zM9yFFM	BUENDIA 34 MADRID - 10/10/2025 - INS ASCEN	application/vnd.google-apps.document	2025-10-10T07:44:57.555Z	2025-10-10T07:44:29.020Z
1Ffcu3JWBDhWtd4yEDPDu8gTMbdTkspPA46Z3-qW6--c	BUENDIA 34 MADRID - 10/10/2025 - SUB	application/vnd.google-apps.document	2025-10-10T07:49:40.559Z	2025-10-10T07:47:43.240Z
1JWJ_zen-wGaMDWRnP4yV17vaZ_bxeiqIQGAl3Vv8Qvo	ALCARRIA 60 LEGANES - 09/10/2025 - PRY SATE	application/vnd.google-apps.document	2025-10-09T12:03:05.036Z	2025-10-09T11:58:03.453Z
1Uc5hkaLpKGws28IcAk-v8dnkUQWVKLipw3mHOYKwpUI	CENTENERA 1 MADRID - 09/10/2025 - SATE 	application/vnd.google-apps.document	2025-10-09T09:41:12.075Z	2025-10-09T06:13:12.640Z
1LoN4AF4jAXe_A5SBgIVjaF-6nCj4Ub-uyqL4WRPKDdE	CANDILEJAS 14 y 18 MADRID - 09/10/2025 - PRY ASC+CSS	application/vnd.google-apps.document	2025-10-09T07:47:44.686Z	2025-10-09T07:45:21.867Z
1eRtZ5QP1gR3UVgZDlgInnInexRGYLhbv	CANDILEJAS 14 y 18 MADRID - 09_10_2025 - PRY ASC+CSS.pdf	application/pdf	2025-10-09T07:47:52Z	2025-10-09T08:18:06.776Z
17qU0ilfHO0VjZTmLlXylX56de-oSoWbx	Candilejas 14 y 18 Madrid 09-10-2025 INFORME DE VIABILIDAD .pdf	application/pdf	2025-10-09T08:17:43Z	2025-10-09T08:18:25.791Z
1g3jsmhZ3MaALLR3JN6iinLt3xGd2XYL7pPxo0DwGAkM	ALGODRE 2 MADRID - 08/10/2025 - SATE CAES	application/vnd.google-apps.document	2025-10-08T14:31:57.397Z	2025-10-08T14:08:06.293Z
1h1ZtxTXbEuDZh2RuSpbe0SbszYN3gwfqwIn4LYy17cw	CAMINO DE LAS CRUCES 27 MADRID - 08/10/2025 - ASC	application/vnd.google-apps.document	2025-10-08T13:49:31.517Z	2025-10-08T13:49:10.475Z
1Fxt5uxzVx_nXNa7CXxldjKJ0mlpXVIBWZ8UUDjmVGVo	MARCELINO CASTILLO 13 - 08/10/2025 - ins asc	application/vnd.google-apps.document	2025-10-08T07:41:56.729Z	2025-10-08T07:40:34.947Z
1LB7P0pgVsPncKRYe9OzpK3Pj5f1O8f1DcnO1FDwKxv8	MARCELINO CASTILLO 13 - 08/10/2025 - subv	application/vnd.google-apps.document	2025-10-08T07:44:10.735Z	2025-10-08T07:43:40.832Z
1oZ64TgkTlMH72hqwucxWmuFW57gq5HEJKkgFOEVOGK4	SAMBARA 146 MADRID - 08/10/2025 - PRY ASC+SUBV	application/vnd.google-apps.document	2025-10-08T05:52:38.049Z	2025-10-08T05:50:28.620Z
1LkrznnIxjzo6pX5OjnUDK6WUmKpfAFjC	SAMBARA 146 MADRID - 08_10_2025 - PRY ASC+SUBV.pdf	application/pdf	2025-10-08T05:52:56Z	2025-10-08T06:25:21.933Z
1VMKHuXA5fHMqY9VBH9upvY1kVrIThKJi	Sambara 146 Madrid 8-10-2025 INFORME DE VIABILIDAD .pdf	application/pdf	2025-10-08T06:24:53Z	2025-10-08T06:25:39.764Z
1JFzB0XRUJdHemuNP0cJluT3Oy7BPzLSxpezOvfa_ERY	DE LA MADERA 46 MADRID - 07/10/2025 - SUBV	application/vnd.google-apps.document	2025-10-07T15:06:53.705Z	2025-10-07T15:05:26.970Z
1jhqWuxrJg-2ug_6vc0PSQuHy77V1D3oxsFFvCkbyQ3A	ANTONIO ARIAS 6 MADRID - 07/10/2025 - SUB ASCENSOR	application/vnd.google-apps.document	2025-10-07T14:43:02.873Z	2025-10-07T14:05:56.524Z
1IqZAkKh8d6fbNLUptvOj31ldnZPLTDSRsNM5KI7MPbI	GANAPANES 32-35 MADRID - 07/10/2025 - PRY SATE	application/vnd.google-apps.document	2025-10-07T12:07:34.692Z	2025-10-07T12:03:39.593Z
1TJnD5rKIghaSbtcfgOlrgnAW5xqiNIlr	HERMANDAD DONANTES DE SANGRE 7-10-2025 INFORME DE VIABILIDAD .pdf	application/pdf	2025-10-07T11:04:30Z	2025-10-07T12:08:31.359Z
1HTEH9n-wC-5qqINRam1kY5cS1jrPmny1NClSwBc8qBc	HERMANDAD DE DONANTES DE SANGRE 25 MADRID - 06/10/2025 - PRY RAMPA + MODF ASC	application/vnd.google-apps.document	2025-10-07T10:50:43.029Z	2025-10-07T10:41:18.623Z
151ATXhTnbZbAkCxNhKJNBUUo4A3MELmPecIf4ysxtno	HERMANDAD DE DONANTES DE SANGRE 25 MADRID - 06/10/2025 - PRY RAMPA	application/vnd.google-apps.document	2025-10-07T10:51:53.171Z	2025-10-07T10:41:51.520Z
115qsHEFyTesP-HnqGTU91eGbXLjenKrAU2oJnDI-pPQ	MOLINO DE VIENTO 10 MADRID - 06/10/2025 - TRA SUB	application/vnd.google-apps.document	2025-10-07T09:20:43.823Z	2025-10-07T09:15:28.230Z
15z3hzzqkZY6xxp-0SvQ7uGcctPxFzyZLz1n9dLbF2W4	CAROLINA BAEZA 15 MADRID - 06/10/2025 - SATE + ASC	application/vnd.google-apps.document	2025-10-06T20:10:25.645Z	2025-10-06T19:58:46.018Z
1wWs36Y4gzeppLesCsKs-7BaFjpBz2C7MP2ZId6yg8vA	CORREDERA BAJA DE SAN PABLO 25 MADRID - 06/10/2025 - sub	application/vnd.google-apps.document	2025-10-06T15:37:33.303Z	2025-10-06T15:35:57.487Z
1WYibf3tlfyLIBxZbicWzgBBVZWuV_obZAxs5YjSUE9M	BADALONA 112 MADRID - 06/10/2025 - PRY SATE+SUBV	application/vnd.google-apps.document	2025-10-06T08:04:45.064Z	2025-10-06T06:55:05.094Z
1Jbjzc_ZRdABEdWrGTqsXtTsThjzVGJPSseyyGMTrbP0	PORTALEGRE 58 MADRID - 06/10/2025 - ASC	application/vnd.google-apps.document	2025-10-05T21:45:28.509Z	2025-10-05T21:34:38.150Z
1N4NRGfgEDtMKUtVboU4OyEcbtHLx-GmVB2jdBTC60_M	VICENTE CARBALLAL 17 MADRID - 06/10/2025 - ASC	application/vnd.google-apps.document	2025-10-05T21:25:45.502Z	2025-10-05T21:05:12.389Z
1RItSnlubdF-n62DPwto9O0AkYFgmQvW1gOvUUUabsgc	VILLAGARCIA 10 MADRID - 26/09/2025 - PRY ASC+SATE	application/vnd.google-apps.document	2025-10-03T10:23:17.142Z	2025-09-26T07:04:11.292Z
1-P1qrif1H5nYbNlI-bcN2SpgqHlkH7bshqdKA09oBzU	VILLAGARCIA 8 MADRID - 26/09/2025 - PROY ASC + SATE EFFIC	application/vnd.google-apps.document	2025-10-03T07:45:09.316Z	2025-09-26T06:33:32.370Z
1yD2ga21H2zGL91qVhP0VQgL3j6iCMLDsZd3N1VF4o1o	RIO GUADALQUIVIR 10 LEGANES - 03/10/2025 - CSS	application/vnd.google-apps.document	2025-10-03T08:18:05.593Z	2025-10-03T08:13:12.373Z
1bGRQQyrFruuH4bwVP8MkPZBxwD_yX5ZhWcX7bbheHw8	ALCOCER 27 MADRID - 02/10/2025 - PRY EXT DF+SUBV	application/vnd.google-apps.document	2025-10-02T11:31:11.177Z	2025-10-02T11:16:16.552Z
1_NJL9-yvAsaPlchiaV6yF3EESnwMsKHsDBZxlPlEt68	VIRGEN DE ICIAR 17 ALCORCON - 02/10/2025 - NUEVA DR	application/vnd.google-apps.document	2025-10-02T10:31:11.207Z	2025-10-02T10:26:26.461Z
1y-tc7dLioI_sNgWpUr6Y7DbzTRs3DebWAs16z4DWBL8	CAMINO DE LOS VINATEROS 143 MADRID - 02/10/2025 - PRY ASC	application/vnd.google-apps.document	2025-10-02T10:48:19.454Z	2025-10-02T10:43:34.031Z
13xXiqLDUIZygDV7RmDq1MSXotqJfQLxJNRsY-3p-bcM	PLAZA DE BOGOTÁ 7 FUENLABRADA - 01/10/2025 - PRY ASC+SATE CON CAES	application/vnd.google-apps.document	2025-10-02T09:47:13.202Z	2025-10-01T07:34:18.403Z
1c2l9as5zd-Gh4xDQztnF92Kt6_bcC63KDgCtouFKquo	VALMOJADO 243 MADRID - 01/10/2025 - PRY + SUBV	application/vnd.google-apps.document	2025-10-01T06:33:51.602Z	2025-09-26T12:10:43.169Z
1br5rVGD9WJWpPdXxKa_doPzPgzH2Tls8fclDiQBFLA8	ISLA CRISTINA 1 ARROYOMOLINOS - 01/10/2025 - ESTUDIO TECNICO FAIN	application/vnd.google-apps.document	2025-10-01T06:51:48.478Z	2025-10-01T06:46:50.968Z
1DTzbotLTeADGGYML9y0iJRW2KXvGaIARhQy6HkNie-c	GOMEZNARRO 233 MADRID - 30/09/2025 - CSS Y DF	application/vnd.google-apps.document	2025-09-30T08:26:49.405Z	2025-09-30T07:47:01.117Z
1lNTXidwc0BzjEvnnUpLPhLZ_sdWgyV2EtzQrFMffspE	MANRESA 52 MADRID - 30/09/2025 - PRY ASC+SATE CESION	application/vnd.google-apps.document	2025-09-30T07:02:03.037Z	2025-09-30T06:39:34.356Z
1ZAoT_ze63849n1cnfyG65QhKd49MJvQxfzwXOfvCdyY	BRUNO AYLLON 3 MADRID - 29/09/2025 - RH PARCIAL	application/vnd.google-apps.document	2025-09-29T16:35:23.599Z	2025-09-29T16:33:16.274Z
1pHMt-sMsiSWlbcwGpOGzEaAlmzPubUga2R7rhXmmqAQ	PLAZA GEOLOGOS 1 MADRID - 09/09/2025 - INS ASCENSOR	application/vnd.google-apps.document	2025-09-29T13:58:46.461Z	2025-09-09T10:41:31.604Z
1TdxfMVSlCD9XSFogNUITqADnCcuvqmCmUVJ22DXi3KM	CALLAO 48 FUENLABRADA - 29/09/2025 - PRY ELEV+SUBV	application/vnd.google-apps.document	2025-09-29T13:54:06.384Z	2025-09-29T12:54:43.028Z
1jfqdAosOJPVH9YCQdaaAGd5v7H5jc9K5Mp0i6WSY1Jo	PLAZA GEOLOGOS 2 MADRID - 09/09/2025 - INS ASCENSOR	application/vnd.google-apps.document	2025-09-29T14:00:34.576Z	2025-09-09T10:52:43.316Z
1NHtV4A1newjGRId6HuIk1mhFpDUQsCHA	Callao 48 Fuenlabrada 29-09-2025 INFORME DE VIABILIDAD .pdf	application/pdf	2025-09-29T14:07:54Z	2025-09-29T14:08:53.793Z
1NGjFH6ADSjYRuluOd111PnI7_sSsIbGZeSzdQvfAbSE	FRANCISCO VIVANCOS 21 MADRID - 29/09/2025 - PRY SATE CON CESION CAES	application/vnd.google-apps.document	2025-09-29T11:17:06.117Z	2025-09-29T10:43:55.248Z
1JGtFx68iJWx1-mwbkqwOVBnTeJ5HlsvODKvbGgxoi0Y	LIMA 16-24 FUENLABRADA - 29/09/2025 - PRY SATE	application/vnd.google-apps.document	2025-09-29T06:52:12.544Z	2025-09-29T06:44:37.240Z
1bn2FUCml3tr0vXH42F71v8pRZ0kfjGCA	PILARICA 8 MADRID 26-09-2025 INFORME DE VIABILIDAD .pdf	application/pdf	2025-09-26T12:51:06Z	2025-09-26T12:57:59.710Z
1ijE4LCxqh7CiCU1T8dbPq2iP1-u7hgLyEpvR5v6bF8o	PILARICA 8 MADRID - 26/09/2025 - PRY ASC+SUBV	application/vnd.google-apps.document	2025-09-26T12:36:36.327Z	2025-09-26T12:32:21.368Z
1UsC793Zb9vTwKepRxf2tEHZjq731WaiIYu3EGPGfpyQ	CACERES 48 ALCORCON - 26/09/2025 - MEMORIA +CSS	application/vnd.google-apps.document	2025-09-26T07:37:17.609Z	2025-09-26T07:34:44.078Z
109Es3pmVlLlwG5DavAuqZ8Nl42n4HLw-rYdHM1hJLfU	FRANCISCO RODRÍGUEZ 7 MADRID - 25/09/2025 - PRY SATE + ASC Y PLAT EFFIC	application/vnd.google-apps.document	2025-09-26T06:25:02.134Z	2025-09-25T10:41:27.650Z
18kBD2sth_PJFD6Ei3BZ0HkIg39lpPViZz748yJTSm2s	ALAVA 12 FUENLABRADA - 25/09/2025 - CSS	application/vnd.google-apps.document	2025-09-25T11:57:12.208Z	2025-09-25T11:49:44.271Z
1MFC6ecF8H_2DpNiaHGmyxtcjINqI_MeF	SIERRA GADOR 50 MADRID 23-09-2025 INFORME DE VIABILIDAD .pdf	application/pdf	2025-09-23T13:13:42Z	2025-09-23T13:14:51.030Z
1xkMrxxBLPbZxSR3aXQr9TlxbWkYkzBIC	Mejorana 6 Madrid 23-09-2025 INFORME DE VIABILIDAD .pdf	application/pdf	2025-09-23T12:45:11Z	2025-09-23T12:46:17.368Z
1ZpLL1b7IoYuLLg4iEsqzcKqg9e2wvfh2wBQVb6U3DMI	MEJORANA 6 MADRID - 23/09/2025 - PRY ASC+SUBV	application/vnd.google-apps.document	2025-09-23T12:16:35.797Z	2025-09-23T12:10:07.534Z
1GNDXhcOOG-iYf4zHpLBWEhO8qBRn1l0q7Uptc0zYG2o	PARQUE COMERCIAL ALCORA PLAZA, CALLE EUROPA 22 ALCORCÓN- LOCAL - 23/09/2025 - CEE -ELECNOR	application/vnd.google-apps.document	2025-09-23T10:54:34.322Z	2025-09-23T10:24:42.339Z
1K146CvLJ2YQVzXcVYVMCMwDJ1nK6IF5A	TETUAN 34 19-09-2025 INFORME DE VIABILIDAD.docx	application/vnd.openxmlformats-officedocument.wordprocessingml.document	2025-09-22T08:53:17Z	2025-09-22T08:55:02.687Z
1QsKO71sU71lZIEc0BmRi2UwW6ebkGqcGdgZO8IldozI	PIEDRABUENA 18 MADRID - 19/09/2025 - SATE CON CESION CAES	application/vnd.google-apps.document	2025-09-19T09:34:16.658Z	2025-09-19T09:22:56.836Z
1hy2ukTodGxyPcUbYj0G4Vp0wD9hobvQEkcF1s8w_200	AV DE LA ILUSTRACIÓN 24. VELILLA DE SAN ANTONIO .MADRID - 19/09/2025 - PRY+CSS	application/vnd.google-apps.document	2025-09-19T06:42:52.814Z	2025-09-19T06:42:01.301Z
1OkAPcCM6LVQ1uePsJoGjewPJI_MQtoSvf7L4ozY_lK4	ANGEL HERNANDEZ 15 MADRID - 02/09/2025 - SUBVENCIONES	application/vnd.google-apps.document	2025-09-18T13:30:35.364Z	2025-09-02T11:40:16.291Z
1Tah8ARRAv_ESi3qBvUPKICp7ysArDNnAQz7uS5u1oik	MIGUEL DE UNAMUNO 20 FUENLABRADA - 18/09/2025 - PRY ASC+SUBV	application/vnd.google-apps.document	2025-09-18T11:39:23.297Z	2025-09-18T11:25:17.456Z
1orqCG_z1925Cdm1HQCptttn3crMtIeCf9GluICDCyMc	SAN CLAUDIO 117 MADRID - 17/09/2025 - SATE + SUBV CON CAES	application/vnd.google-apps.document	2025-09-18T12:19:22.146Z	2025-09-17T10:42:26.343Z
1Qj_4UrelOC3mtRLwNtU7woOqvNhwoom4Km1T0rObAXA	PAULAR 1 FUENLABRADA  - 17/09/2025 - SATE +SUBV	application/vnd.google-apps.document	2025-09-17T11:10:41.146Z	2025-09-17T11:02:40.945Z
18lzq9b5kbLRecNxvdBbmtxBKel4Vuq5yau4PbBL3PTs	TETUAN 34 MADRID - 15/09/2025 - SUBV	application/vnd.google-apps.document	2025-09-15T16:31:24.383Z	2025-09-15T16:29:23.767Z
1LkfkANAurzz9miIX8SvGEffKefz78OF5_GZBeyj4ZCM	CONDE DUQUE 48 MADRID - 15/09/2025 - ACCES Y SUB	application/vnd.google-apps.document	2025-09-15T16:12:45.402Z	2025-09-15T16:11:56.302Z
1xk0H7Os-v_KFM8x6rFkl9cLy4hm1ENor4_pHmje94a0	TETUAN 34 MADRID - 15/09/2025 - INS ASCENSOR	application/vnd.google-apps.document	2025-09-15T16:27:31.608Z	2025-09-15T16:27:04.401Z
12HnfAeURNgOv2DzMXoJ3Diw-V9BSFhJSYJBFffgNJtI	FRAY MELCHOR CANO 22, LEGANES - 15/09/2025 - CSS	application/vnd.google-apps.document	2025-09-15T12:23:41.708Z	2025-09-15T12:21:54.612Z
1Hhfr_PJ3gK7b2t3CQX_8qCKmUb2wXzGi2ZTOiCo_bRU	CAÑADA 6 MADRID - 12/09/2025 - MEMORIA TEC HUMEDADES	application/vnd.google-apps.document	2025-09-12T08:04:35.835Z	2025-09-12T07:55:25.409Z
1DSs6TEeVTJdDlbtVfBJTj-eg8wDULhwFDSO1T3JGblk	VALDECANILLAS 51 MADRID - 09/09/2025 - PRY RAMPA+SUBV	application/vnd.google-apps.document	2025-09-10T06:17:04.622Z	2025-09-09T13:55:19.509Z
1PlnG7npAc03rX_3p6D6fUXjTib-ZIGAajyFGvAr8HLs	PLAZA GEOLOGOS 2 MADRID - 09/09/2025 - INS ASCENSOR	application/vnd.google-apps.document	2025-09-09T10:49:01.872Z	2025-09-09T10:48:55.325Z
1J82F-EhAkNpAEUneWNUKWTkO4wrkOiCdwPFrAvEm190	PLAZA GEOLOGOS 2 MADRID - 09/09/2025 - SUBV	application/vnd.google-apps.document	2025-09-09T11:03:21.434Z	2025-09-09T10:58:09.561Z
1c1j486VwvQ6qiiPknvwR8ba4OnAq9kzCWicSFcBb92E	PLAZA GEOLOGOS 1 MADRID - 09/09/2025 - SUBV	application/vnd.google-apps.document	2025-09-09T10:56:51.221Z	2025-09-09T10:55:42.544Z
1fllaNHfgLQhQTYzmizuyn_TxtwAzeG2MDm9WNpO4bo4	BERASTEGUI 33 MADRID - 09/09/2025 - PRY ASC	application/vnd.google-apps.document	2025-09-09T07:55:25.102Z	2025-09-09T07:49:48.862Z
1jsJbiZ0EQDLhbh2jdDJ-KkQ36TWYNB3_LzwCHJDhue0	VELAZQUEZ 21-31 SAN LORENZO DEL ESCORIAL - 04/09/2025 - REHABILITACION PARCIAL	application/vnd.google-apps.document	2025-09-04T11:14:48.064Z	2025-09-04T09:43:43.303Z
1A8N6KCsN3UOadOeznPM2DnOdJVfKptIFmBAdadxfYDw	MIRADOR DEL PARDO 7 LAS ROZAS - 04/09/2025 - PRY SUST ASC	application/vnd.google-apps.document	2025-09-04T08:10:09.491Z	2025-07-31T13:48:36.313Z
1pj2uyIuPJ3dW-I8XBl1Wa8QkQuh6z2-hj88FccwPs28	CIFUENTES 4 ALCALA DE HENARES - 04/09/2025 - PRY SUST ASC	application/vnd.google-apps.document	2025-09-04T08:04:59.918Z	2025-07-31T09:44:13.627Z
17oRTSn8IClnCV6bkbbiDdmG46rcZKBFyqEmfur5jQu4	GUABAIRO 20 MADRID - 03/09/2025 - ACCESIBILIDAD Y SUBV	application/vnd.google-apps.document	2025-09-03T16:30:51.226Z	2025-09-03T16:28:50.222Z
1NUfhae5zQcRPL9mqSM8uF2eMnQNiTxN8EzuFJMkM868	GUABAIRO 20 MADRID - 03/09/2025 - ACCESIBILIDAD Y SUBV	application/vnd.google-apps.document	2025-09-03T16:26:19.485Z	2025-09-03T16:26:12.999Z
1GIK0qH2inu6_a-FBW6DpKLvqbrkKDOdUrVFRdRy_hkw	RONDA DE SEGOVIA 29 MADRID - 03/09/2025 - PRY + SUBV	application/vnd.google-apps.document	2025-09-03T08:30:44.857Z	2025-07-11T08:08:02.525Z
1GX8SUICTpeAgmKxp5fSxQiZVzxExBF6yxn4ryt1oDHw	ANTONIO LOPEZ 137 MADRID - 03/09/2025 - TRAM SUBVENCION	application/vnd.google-apps.document	2025-09-03T08:04:14.446Z	2025-09-03T08:01:53.707Z
1BAsPy_IYSKEWcfbuBDYyzNy_qQfTnKNMnbV7Je5Rus4	FRANCISCA DELGADO 7 ALCOBENDAS - 03/09/2025 - PRY SUST ASC	application/vnd.google-apps.document	2025-09-03T08:07:20.126Z	2025-07-31T09:45:08.389Z
1k2A5fnLJDxNLxIkVCjzoCnyjyI-OzSl7uhb5VSbNx-s	ANTONIO LOPEZ 137 MADRID - 03/09/2025 - REHABILITACION PARCIAL	application/vnd.google-apps.document	2025-09-03T08:23:31.733Z	2025-09-03T08:10:35.754Z
1Pe-zIGq-Da99Y9u3fYvBsSv9oFGIeg3HN1PGsv2KcMQ	CARDENAL SILICEO 29 MADRID - 02/09/2025 - ACCESIBILIDAD Y SUBVENCION	application/vnd.google-apps.document	2025-09-02T11:36:23.155Z	2025-09-02T11:36:13.106Z
17UzZQIgWXBPg2GUyzikIbhWgS6J_4xzvccSNSv4cK4s	ANGEL HERNANDEZ 15 MADRID - 02/09/2025 - SUBVENCIONES	application/vnd.google-apps.document	2025-09-02T11:39:22.843Z	2025-09-02T11:39:15.087Z
112OCpR8amiZ1yViOP-N31UsOP3N89ogNgr-kR5XtKB4	CARDENAL SILICEO 29 MADRID - 02/09/2025 - ACCESIBILIDAD Y SUBVENCION	application/vnd.google-apps.document	2025-09-02T11:54:52.591Z	2025-09-02T11:52:10.504Z
1T6jtKnOXPC49JtDyQ0NeWRv-33DDzlemvKXRkUOjZgI	ÁLVAREZ ABELLÁN 41 MADRID - 25/08/2025 - SATE+CUBIERTA	application/vnd.google-apps.document	2025-09-02T08:52:01.893Z	2025-08-18T08:00:44.338Z
1HNE_RjsITlW7IVQssih5I0xk0vA1CRq5v9iNHl-RI9A	MARQUES DE ZAFRA 38 BIS MADRID - 02/09/2025 - ACCES SUBVEN	application/vnd.google-apps.document	2025-09-02T07:35:27.682Z	2025-09-02T07:31:30.431Z
10zLtwveW29yuLZ72giHwMvN-Rk78F1ubMOqiSROKY1s	ALCALDE DE MÓSTOLES 9 MOSTOLES - 29/08/2025 - PRY REFORMA	application/vnd.google-apps.document	2025-08-29T11:52:21.739Z	2025-08-29T11:49:49.937Z
1ip-gIbRIYSNl7YUOsK-zXy4NdEx5-IXlpfx2r4amwms	MONTEJURRA 33 MADRID - 29/08/2025 - PRY SALVAESCALERAS	application/vnd.google-apps.document	2025-08-29T11:39:23.905Z	2025-08-29T11:37:05.014Z
1fxW96jZ8JqrQyo0JvQoZXjzG4kZxtqUu7_eoKrsxdoo	ESPIRITU SANTO 26 MADRID - 27/08/2025 - INS ASCENSOR	application/vnd.google-apps.document	2025-08-27T16:38:32.618Z	2025-08-27T16:36:07.806Z
15Snbh1PAC6gfUSOcbNk33GDjGUWhlc_qRhchwmaA1VE	ESPIRITU SANTO 26 MADRID - 27/08/2025 - TRAM SUBVENCIONES	application/vnd.google-apps.document	2025-08-27T16:32:33.440Z	2025-08-27T16:31:46.421Z
1iH8NBMoEpJyJ-5ZQcM_2vd7TdM3oNMZEfhVnFwuQGRw	ADOLFO SUAREZ 1 PIEDRAHITA AVILA - 27/08/2025 - TRAM SUBVENCIONES	application/vnd.google-apps.document	2025-08-27T16:02:33.796Z	2025-08-27T16:00:56.888Z
1qKehJrBKgqxCTp3gvTk1G4GCnOyzfJgj3sLG1pwpbfo	ADOLFO SUAREZ 1 PIEDRAHITA AVILA - 27/08/2025 - INSTALACION ASCENSOR	application/vnd.google-apps.document	2025-08-27T15:58:36.352Z	2025-08-27T15:56:53.368Z
1gFomOKgAPm94r4zCvRJKpsLf0_UVWfuR	VALDECANILLAS51 MADRID 27-08-2025 INFORME DE VIABILIDAD .pdf	application/pdf	2025-08-27T12:26:34Z	2025-08-27T12:37:55.970Z
1eFcvdKfLiuV28BaM9mGu2-VhrAjxPSiMbtm5wHrNrfQ	PZA JIMENEZ DIAZ 7 GETAFE - 26/08/2025 - PROY ASCENSOR	application/vnd.google-apps.document	2025-08-26T08:31:46.060Z	2025-08-26T08:31:10.575Z
1R_zGQDUqo6ZV8D3bcZzNOHHFDosOKrGOlFkQ7gus3cQ	PZA JIMENEZ DIAZ 7 GETAFE - 26/08/2025 - TRAM SUBV	application/vnd.google-apps.document	2025-08-26T08:37:03.958Z	2025-08-26T08:36:14.003Z
1QVIbiU1jUhU-utYfZOU8P6fhL1yFBw_m2OUuocZdGIg	VALDEVERDEJA 31 MADRID - 26/08/2025 - PRY+SUBV	application/vnd.google-apps.document	2025-08-26T06:49:18.687Z	2025-08-26T06:33:43.739Z
14jj3j8VqEwx6iwbxMXveJCbVBI1_tZRlvdXelw8okb0	BENIMAMET 59 MADRID - 25/08/2025 - IEE	application/vnd.google-apps.document	2025-08-25T12:19:55.825Z	2025-08-25T12:18:34.980Z
1FKKu8w8mhRcFlnVnTMNXd5hsedxB_qCpLN1eJb_VLU8	NAVALMORAL DE LA MATA 46 MADRID - 25/08/2025 - SATE	application/vnd.google-apps.document	2025-08-25T10:04:46.369Z	2025-08-22T12:20:04.223Z
1rdRhGGxm-xXNm4UNzOKfiCQ-AdIsQE56ooZGa9WWqBU	CORRAL DE CANTOS 19 MADRID - 25/08/2025 SATE +SUBV CON CAES	application/vnd.google-apps.document	2025-08-25T08:33:58.954Z	2025-08-20T12:24:12.221Z
1A5-cyrdxO2Tqa--0vLTVhCFsV-ORc1eS	BARBIERI 9 MADRID 20-08-2025 INFORME DE VIABILIDAD .pdf	application/pdf	2025-08-20T09:53:42Z	2025-08-20T09:55:17.192Z
1CPcWLSFS5QFQJNpwhOA9qN83IDnN8SfCZIC45pSF0kU	BARBIERI 9 MADRID - 20/08/2025 - PRY+SUBV	application/vnd.google-apps.document	2025-08-20T09:16:34.549Z	2025-08-20T09:09:35.347Z
1PxqLqYWGJMe-MqqxqvlgF9bMBMrPFzdkh8-ZI8Y1Uvo	SANDOVAL 21 MADRID - 20/08/2025 - PRY+CSS	application/vnd.google-apps.document	2025-08-20T07:35:37.674Z	2025-08-20T07:25:45.270Z
1eGc89Fo4ZfR5Da0D5yxjcxQlXI9mCCBs	SANDOVAL 21 MADRID - 20_08_2025 INFORME DE VIABILIDAD.pdf	application/pdf	2025-08-20T08:18:27Z	2025-08-20T08:20:51.196Z
1gTIjC8_3lUK9KZ68VFUjc9wi0UAOKQfJ5ksg7oj0beA	VILLAMANIN 37 MADRID - 20/08/2025 - CSS	application/vnd.google-apps.document	2025-08-20T07:08:56.200Z	2025-08-20T07:04:24.096Z
1twKzoJbHmmd-pdsIXSN4EafSvFmwV6mrsNHtg41ZQYc	AV ALBUFERA 250 MADRID - 19/08/2025 - PRY TECHO	application/vnd.google-apps.document	2025-08-19T13:46:52.250Z	2025-08-19T13:44:34.510Z
1ZGMah9znIjutOLBjM7Ue0xx1ZE94Wd4cPXtLqh4nUVs	NAVAS DEL REY 51 MADRID - 18/08/2025 - RENV SUBV	application/vnd.google-apps.document	2025-08-18T09:29:46.302Z	2025-08-18T09:23:26.526Z
1alFaZBWnjg2iCKyut5wMMpSivqZcNpdWZF5qARaq_eQ	JULIAN BESTEIRO 13-15 MADRID - 12/08/2025 - ANTEPROYECTO	application/vnd.google-apps.document	2025-08-12T14:18:41.871Z	2025-08-12T10:23:56.885Z
1PWK7OEP_P437sY8vqbXVquL7DIQ_AHdBUxWQ2jddUBk	HONTANILLAS, 2 SSR - 15/07/2025 - PROY ASCENSOR CONS VINCULANTE	application/vnd.google-apps.document	2025-08-12T10:10:52.768Z	2025-07-15T16:31:31.849Z
1i0zYOFJGt7B43RwRX6RJPlOjfuGXVf_uue34_vOAzjM	BOCANGEL 4 MADRID - 01/08/2025 - PROY ENVOLVENTE	application/vnd.google-apps.document	2025-08-01T17:00:43.773Z	2025-08-01T16:36:13.661Z
1i4ZPqr-YNg_UiRa30vpklJqHQHBr0h3cQZnpfXK4OlA	JULIAN BESTEIRO 15 G MADRID - 31/07/2025 - INFORME PERICIAL ASCENSOR	application/vnd.google-apps.document	2025-07-31T16:02:36.149Z	2025-07-31T16:00:08.570Z
1xPCbnIZ_N5bKKCophTbNDb6cNou7xNspBUnTjRyafwg	GRAN VIA 15  - 31/07/2025 - INS ASCENSOR	application/vnd.google-apps.document	2025-07-31T15:50:36.394Z	2025-07-31T15:46:36.515Z
1me3QHZ5eXED1JFs125Ni_8aH58xudbqNbN4BSlIc2NA	PADILLA 4 MOSTOLES - 31/07/2025 - DF+CSS	application/vnd.google-apps.document	2025-07-31T09:31:35.701Z	2025-07-31T09:30:15.778Z
1pSyJ3D4iT7C0yooU2vrWwjVOX_dRytY-hiRACSr-SGc	PASEO PONTONES 29 MADRID - 31/07/2025 - CSS FAIN	application/vnd.google-apps.document	2025-07-31T07:41:34.855Z	2025-07-31T07:38:06.398Z
1YWQ3AwIrGTjKA27K_EOlHLwx5NuQBi9A	VIRGEN DE ARANZAZU 27 MADRID  30-07-2025 INFORME DE VIABILIDAD .pdf	application/pdf	2025-07-30T14:18:03Z	2025-07-30T14:20:13.869Z
1a7a9pb0leZxTelim5ZdqMoJUQ2jn9r4fgBMPru8mdlo	RIO DUERO 65 LEGANES - 30/07/2025 - TRA SUBVENCION	application/vnd.google-apps.document	2025-07-30T11:59:31.448Z	2025-07-30T11:57:38.807Z
1mar-ETZU0dCTVROmeMcWRNA0izsuhn60JwJEdIeoC60	VIRGEN DE ARANZAZU 27 MADRID - 30/07/2025 - SATE + ACCESIB + CSS + SUBV CON CESION CAES	application/vnd.google-apps.document	2025-07-30T11:44:59.806Z	2025-07-30T10:52:22.290Z
1MtPXhAU2cYvsUOZCVEypDWhZKwHUu_E4soAoqHf-IVo	JESUS 40 ARANJUEZ - 30/07/2025 - PRY+CSS	application/vnd.google-apps.document	2025-07-30T11:27:02.157Z	2025-07-30T11:24:32.853Z
1zlrSA12IXI8fKx5xQeTy8kTCLwU2pAlcvJuutU_Poh0	DIVINO VALLES 7 MADRID - 30/07/2025 - TRA SUBVENCIONES	application/vnd.google-apps.document	2025-07-30T10:11:32.421Z	2025-07-30T10:10:42.728Z
1wAMaxAfmCFFrg8MQdlI1Kf062pZYInTfUNZhGYZXmRI	DIVINO VALLES 7 MADRID - 30/07/2025 - PROY ACCESIBILIDAD	application/vnd.google-apps.document	2025-07-30T10:16:13.607Z	2025-07-30T10:15:35.703Z
1X20OqwiVsv7fyw55yfRhKm5AmMW3LwmnbQhF4-JWMAU	MONFORTE DE LEMOS 169 MADRID - 28/07/2025 - TRA SUBVENCIONES	application/vnd.google-apps.document	2025-07-28T13:16:50.305Z	2025-07-28T09:12:05.338Z
1-Zmx3hC8rOrx56W-IEwXf7WI9icjKcoaYBZz-O57KY4	CORREGIDOR JOSE DE PASAMONTE 1 Y 6 MADRID - 28/07/2025 - SUBV PRY EXT SATE	application/vnd.google-apps.document	2025-07-28T10:31:12.298Z	2025-07-28T09:59:17.775Z
1SNqmsVkjX2Bo4DYGZ1T7GXz_3k6pOKRnHX_-a_yCS9s	PASEO DE SAN ANTONIO 3 FUENLABRADA - 28/07/2025 - SUBV	application/vnd.google-apps.document	2025-07-28T08:03:56.931Z	2025-07-28T08:00:09.833Z
1BmUEeS1Xy5hYdptp5IYhJ-lPqYmOdXI-	DOCTOR VALLEJO 39 MADRID 23-07-2025 INFORME DE VIABILIDAD .pdf	application/pdf	2025-07-23T11:30:44Z	2025-07-23T11:32:03.457Z
12u0bC4cOut5PUvHjbv9_Wt1xkzz1sN8eGDi9sCvLjf8	BRUNETE 10 GETAFE - 22/07/2025 - TRA SUBVENCION	application/vnd.google-apps.document	2025-07-22T11:13:37.995Z	2025-07-22T11:12:05.738Z
1J34jR7x5skIPgXoowQiO9Ans3Vw66g_Nns8c7S7g5Lo	BRUNETE 10 GETAFE - 22/07/2025 - PROY ASCENSOR	application/vnd.google-apps.document	2025-07-22T11:10:47.886Z	2025-07-22T11:06:46.935Z
1HkDaqE1jzbkhsII3QBr4T7LCVHMoAdwI99_vJd9lVsw	PSO CARES 1 FUENLABRADA - 21/07/2025 - PROY ASCENSOR	application/vnd.google-apps.document	2025-07-21T12:15:08.526Z	2025-07-21T12:13:42.276Z
1qI-wmlH06Pm0udaaKq8RvtEGqSlM-_Mjq0RVdiEs6rY	PSO CARES 1 FUENLABRADA - 21/07/2025 - TRA SUBVENCIONES	application/vnd.google-apps.document	2025-07-21T12:18:40.711Z	2025-07-21T12:17:37.498Z
1-5fXocJ076QziAQAeEA5Uu-DGaIHGt0ZKJF4qh7TIZs	PADILLA 56 MADRID - 21/07/2025 - ARREGLO FACHADA	application/vnd.google-apps.document	2025-07-21T12:10:36.445Z	2025-07-21T09:47:15.228Z
1raOPo7h-jjGeorFH_o6kV98quZbSpPe3	PADILLA 56 MADRID - COMPARATIVA COSTES MONOCAPA-SATE 21-07-2025.docx	application/vnd.openxmlformats-officedocument.wordprocessingml.document	2025-07-21T09:52:42.961Z	2025-07-21T09:52:42.917Z
1uHD8aTXkXQhGAvp9so8nj1S53q2tuQ_-wuG2kUAB1ps	HACIENDA PAVONES 222 MADRID - 18/07/2025 - SATE+ASC+SUBV	application/vnd.google-apps.document	2025-07-18T09:09:14.008Z	2025-07-18T09:04:26.183Z
1Jk4VRsUqpn8bt4YcU4inmiXvFW-3m3oQMjKZUkfwykM	HACIENDA PAVONES 151 MADRID - 14/07/2025 - SATE + ASC + SUBV	application/vnd.google-apps.document	2025-07-18T08:21:30.856Z	2025-07-18T08:17:56.489Z
1LL_eAiLy9oyyXY62CQG_mK-r0Sq6TmIE357W1u7-cFo	CAÑADA 8 MADRID - 14/07/2025 - SATE + SUBV + CESION CAES	application/vnd.google-apps.document	2025-07-18T08:22:55.438Z	2025-07-14T07:57:55.426Z
11Tp_tdfrwb_Nv6yUvMTxMC7kOi3ITbiuU58taZo7w5U	BATALLA DE TORRIJOS 23 MADRID - 17/07/2025 - CSS	application/vnd.google-apps.document	2025-07-17T07:25:25.616Z	2025-07-17T07:23:27.619Z
1mTWuzGqauuAF-lCntfwk-7oErAMx4p5o4xcdz5E5BMc	PASEO GRANADA 2 FUENLABRADA - 16/07/2025 - PRY+ SUBV	application/vnd.google-apps.document	2025-07-16T11:42:58.334Z	2025-07-16T11:25:10.594Z
1kwDFy1xzBVwpVM6NJhw1i85pqX744lmeuBt8sFAhi1I	PONTEVEDRA 1 MOSTOLES - 16/07/2025 - PRY+CSS	application/vnd.google-apps.document	2025-07-16T12:28:39.015Z	2025-07-16T12:23:18.078Z
1_8QZ0bUaeUm_fqXZ3srtHOQb2AtrFhf57L5_48TfJQY	HONTANILLAS, 2 SSR - 15/07/2025 - TRA SUBVENCIONES	application/vnd.google-apps.document	2025-07-15T16:36:36.754Z	2025-07-15T16:32:34.687Z
1M17lGBJvBI3AksiESDSLTccymoBix-nZMHdsU6usxeA	HACIENDA PAVONES 151 MADRID - 14/07/2025 - SATE + ASC+ CESION CAES	application/vnd.google-apps.document	2025-07-14T08:38:03.407Z	2025-07-14T08:01:53.557Z
1t9_czkdYvGgU_TWQeskf6sBs2K0rhc6E	NURIA 74  MADRID 14-07-2025 INFORME DE VIABILIDAD.docx	application/vnd.openxmlformats-officedocument.wordprocessingml.document	2025-07-14T08:28:56Z	2025-07-14T08:31:23.338Z
1aoxpw-1-OJY_rqtiBIXwjzXN2_ImydUJ	CACERES 20 ALCORCON 14-07-2025  INFORME DE VIABILIDAD .pdf	application/pdf	2025-07-14T07:22:18Z	2025-07-14T07:24:50.855Z
1lsVs3wy-xtsZeATEYcjwtCxPTYSa_rX9VdTCWQp5acY	MUELLE 6 ALCALA DE HENARES - 11/07/2025 - RENOV SUBV PRY PROPIO	application/vnd.google-apps.document	2025-07-11T08:57:08.602Z	2025-07-11T08:38:31.242Z
1y4GCp1FkrbS3cTdLQK_GDGoA_Hxf9I04Pa-4iIuN8l8	ALCALÁ DE GUADAIRA 38 MADRID - 10/07/2025 - PRY+SUBV	application/vnd.google-apps.document	2025-07-10T13:57:52.438Z	2025-07-10T13:50:08.157Z
1QP_yCkTonTC_76qmmepthfHw_aeMwZwj	ALCALÁ DE GUADAIRA 38 MADRID 10-07-2025 INFORME DE VIABILIDAD .pdf	application/pdf	2025-07-10T14:17:44Z	2025-07-10T14:21:53.627Z
16a_2o44KUZBu9WcT0iHkhtTO2BlIT0oK5E4hQp_ntic	VALLADOLID 1 FUENLABRADA - 10/07/2025 - PRY	application/vnd.google-apps.document	2025-07-10T12:21:30.555Z	2025-07-10T12:20:27.116Z
1kqy5dIO3echQkca7m_RUuzWC0q89zJUxqqX8IIf_qKM	SAN JUSTINIANO 1 LEGANES  - 10/07/2025 - CONSULTA URBANISTICA	application/vnd.google-apps.document	2025-07-10T11:42:35.815Z	2025-07-10T11:26:04.739Z
1G4pQEjx7K8qfyqBKKopTpscte971vca3uUSrw_S45o0	NUÑO GOMEZ 16 MADRID - 07/07/2025 - PRY+SUBV	application/vnd.google-apps.document	2025-07-10T11:49:23.132Z	2025-07-02T09:21:11.271Z
1shu0uAQgPjBNZx2g0XgbpIecLCCYD9OzyIWu2UxmdKU	VICENTE ALEIXANDRE 15 HUMANES DE MADRID 02-06-2025 SUBV EXT	application/vnd.google-apps.document	2025-07-10T07:22:19.018Z	2025-06-02T08:30:29.452Z
1HfTO83l7xRcEfk7CoctiYgoO7Krhroo99Q-dsHcGl74	COMERCIO 5 MADRID  04/07/2025 -INFORME DE VIABILIDAD	application/vnd.google-apps.document	2025-07-09T14:36:17.149Z	2025-07-09T11:35:21.392Z
1rjMGwTdvE9USz3XcXz-HT7KAodiL-80WAtG_WWbYt2s	SAN IGNACIO 6 ALCORCON - 09/07/2025 - PRY+CSS	application/vnd.google-apps.document	2025-07-09T14:44:17.698Z	2025-07-09T14:42:00.565Z
1C98sDWNHYG4EbozwFrdhCxs2QPfth_6PnekKh_U0_kA	C. MARDRID - 09/07/2025 - PROY ACCESIBILIDAD + SUB	application/vnd.google-apps.document	2025-07-09T12:30:45.179Z	2025-07-09T12:24:51.313Z
1kRj2I3afZlzut8eMAPwSmKpM3uapGJOsvKGR8R_ktVw	COMERCIO 5 MADRID - 04_07_2025 - PRY + SUBV	application/vnd.google-apps.document	2025-07-09T11:35:18.644Z	2025-07-09T11:35:14.954Z
1b7sy13jUtY2S2ISoZRgpLeru__K1pdPTlvyLmjkboQI	ALGODONALES 6 MADRID - 09/07/2025 - TRA SUBVENCIONES	application/vnd.google-apps.document	2025-07-09T11:56:11.376Z	2025-07-09T07:57:25.397Z
12r0dMQ9HiQzJ0DkfMcJeQ11-6yYfB77RjyHOZc47rdQ	HERMANOS MACHADO 41 MADRID - 24/06/2025 - PRY+SUBV	application/vnd.google-apps.document	2025-07-09T12:11:11.268Z	2025-06-24T06:12:00.658Z
1uxP8cwvFe6L1Jm1sxfQvcwwiNMj_uwURxRqPBLrNHaI	C. MADRID - 09/07/2025 - PROY ACCESIBILIDAD + SUBV	application/vnd.google-apps.document	2025-07-09T12:26:14.047Z	2025-07-09T12:26:09.438Z
1OMDDko4HVHqymnuvNhXCSpuWaK9oi-lZZyrRGzGVBtI	ALGODONALES 6 MADRID - 09/07/2025 - PROY REHABILITACION	application/vnd.google-apps.document	2025-07-09T07:55:20.286Z	2025-07-09T07:46:03.848Z
1q3UoiiOd3BCx7-wVDqJNSS7CV95A5FQ1MbZ9pkNSnU8	GALICIA 7 LEGANÉS - 08/07/2025 - SUBV	application/vnd.google-apps.document	2025-07-08T14:57:46.436Z	2025-07-08T14:53:27.600Z
1tUXL3LZTE68EYhYnKo-0RbISX2WbYY0hGGaCWwHOH3w	TORREGROSA 6 MADRID - 07/07/2025 - SUBV + GESTION CAES	application/vnd.google-apps.document	2025-07-08T09:13:18.152Z	2025-07-07T17:22:59.668Z
1FiBaIZwnVYL9Wv8q4tfjauIZQDG-dSVDg60l2TX-Xjs	PLAZA CASTAÑARES 2 MADRID - 07/07/2025 - PRY+ SUBV	application/vnd.google-apps.document	2025-07-07T11:10:54.277Z	2025-06-16T06:21:43.366Z
1QPZdhuWpT8Q2rhIPLVHQ9pFLoDRw7I2H	GONZALO BERCEO 55 MADRID 7-7-2025 INFORME DE VIABILIDAD.docx	application/vnd.openxmlformats-officedocument.wordprocessingml.document	2025-07-07T11:11:52.643Z	2025-07-07T11:08:21.211Z
11U-YUpQvssDmcQhUoW029Q1L0zgiGnFkEuAwQQ0YqrM	VERJA 27 MADRID - 07/07/2025 - PRY+ SUBV CON CONSULTA VINCULANTE	application/vnd.google-apps.document	2025-07-07T10:00:35.309Z	2025-07-07T09:41:46.673Z
1Agfz7ED1Nmg6ntOcfEBIze9H0Q0y0gt47vKQONhnk-E	GUADALETE 6 MADRID - 07/07/2025 - PROY ASCENSOR	application/vnd.google-apps.document	2025-07-07T09:23:50.567Z	2025-07-07T09:22:03.207Z
1nLKj4yObMfMq_RrbBw2aWuQSGTjkBaQQ9gZfJTLtXdY	GUADALETE 6 MADRID - 07/07/2025 - TRA SUBVENCIONES	application/vnd.google-apps.document	2025-07-07T09:27:39.567Z	2025-07-07T09:25:22.314Z
1y6tIVioGXWNKFxaCtTGKh8gLDxSZtjv1cpIFSKsXSKM	VIDRIERIA 3 MADRID - 07/07/2025 - PRY+SUBV	application/vnd.google-apps.document	2025-07-07T06:39:51.902Z	2025-07-02T09:21:46.055Z
1lgonn5hhFOOBwkBXfGEy8x6OdLa6bMPXS8ynUgGk5xM	FRAY JOSÉ CERDEIRIÑA 66 MADRID - 07/07/2025 - PRY+SUBV	application/vnd.google-apps.document	2025-07-07T06:45:59.002Z	2025-07-02T09:21:32.784Z
1U3Tp84CIoArbFI0pwq3ZJ07U_-jSAWRumm4v_EJegko	BALLESTA 12 MADRID - 04/04/0225 - TRA SUBVENCIONES	application/vnd.google-apps.document	2025-07-04T12:08:23.720Z	2025-07-04T11:59:03.901Z
11SIfe0TCaZPZzavhyLedpekQWg-G-kOoKX_Y8bPZn7Y	BALLESTA 12 MADRID - 04/04/0225 - PROY ASCENSOR	application/vnd.google-apps.document	2025-07-04T12:06:53.617Z	2025-07-04T12:03:47.148Z
1CV3hSyiMcrxA1YcExTd9W91p1OiqpLl44EgmDNN_2Rs	MONTESA 27 MADRID - 04/07/0225 - ACCESIBILIDAD PORTAL	application/vnd.google-apps.document	2025-07-04T12:29:16.207Z	2025-07-04T12:25:05.003Z
13hr8vXTwVVRc-yNlcRzq3DAuKTrtDmD92zSAZBglI6s	BRAVO MURILLO 41 Q ESC 17 MADRID - 04/07/2025 - TRA SUBVENCION	application/vnd.google-apps.document	2025-07-04T09:04:15.694Z	2025-07-04T09:02:01.935Z
1vYvGH0YEPZmIqxRBTphb8Gc9aqECll18Uxs3fkJP1v0	BRAVO MURILLO 41 Q ESC 17 MADRID - 04/07/2025 - ACCESIBILIDAD PORTAL	application/vnd.google-apps.document	2025-07-04T08:54:57.005Z	2025-07-04T08:54:50.344Z
1Uc_eufKa5qoPtZp3QqmaVC49lUULjVf9ZUAkJ_gC2uc	BRAVO MURILLO 41 Q ESC 17 MADRID - 04/07/2025 - ACCESIBILIDAD PORTAL	application/vnd.google-apps.document	2025-07-04T08:57:19.828Z	2025-07-04T08:57:14.655Z
113zueIWdd8jpdID8ywO3v3RLxKjTvpK8f9nqkSFfEP4	BRAVO MURILLO 41 Q ESC 17 MADRID - 04/07/2025 - ACCESIBILIDAD PORTAL	application/vnd.google-apps.document	2025-07-04T08:59:26.673Z	2025-07-04T08:58:21.713Z
12o_PWA89Qt50Q5NRGpbjGN3FLABawj6x	SOLDADO JOSE MARIA REY 41 PROY SATE CON CESION CAES 4-07-2025.docx	application/vnd.openxmlformats-officedocument.wordprocessingml.document	2025-07-04T07:27:50Z	2025-07-04T07:30:41.762Z
1YCRanwZpVBQjEQ195h3iF2_lL7YIUV82	CENTENO 27 MADRID - 03-07-2025 - PRY SATE Y ASC + SUBV CON CESION CAES.docx	application/vnd.openxmlformats-officedocument.wordprocessingml.document	2025-07-03T07:52:17.059Z	2025-07-01T18:22:03.699Z
1KLC_3y50OQelk2Dn2jDn5wpk8Dyuf4f0Wv3BhY_Mim0	BILBAO 1 ALCORCON - 02/07/2025 - IEE	application/vnd.google-apps.document	2025-07-02T12:31:44.252Z	2025-07-02T12:23:41.051Z
1AbfmFqaqNvyjjEKqCUzXrSCp-KiM4I0x7G4bahRhVKc	VIRGEN DE ICIAR 22 ALCORCON - 02/07/2025 - IEE	application/vnd.google-apps.document	2025-07-02T12:31:06.580Z	2025-07-02T12:24:00.594Z
1RHvuILTG_cFb9ogtYMeMDhHnCXWydv9R0ont3maYI2Y	PRINCESA 25 ALCORCON - 02/07/2025 - IEE	application/vnd.google-apps.document	2025-07-02T12:29:18.433Z	2025-07-02T12:24:15.246Z
1pHQMJj_ky6CKA0E8TxX0U5z1GivGxpAv_SHLNOcbIx0	AVILA 3 ALCORCON - 02/07/2025 - IEE	application/vnd.google-apps.document	2025-07-02T12:28:48.924Z	2025-07-02T12:24:31.408Z
1OIEqZD_cH5nuuNMvOsWE7kSAyywwBDddRlRC1cmiKP4	LUNA 12 ALCORCON - 02/07/2025 - IEE	application/vnd.google-apps.document	2025-07-02T12:28:25.643Z	2025-07-02T12:24:50.803Z
1IGwPwZ2PaCgeHzMGcZrbEe7VZnz0qTD086T6-KOlI2c	GONZALO DE BERCEO 55 MADRID - 02/07/2025 - PROY ASCENSOR	application/vnd.google-apps.document	2025-07-02T11:15:27.932Z	2025-07-02T11:14:01.188Z
1txxmhhugNqjSau-8LfaH52EWkI2UD3Omf9VO3hw-V7c	GONZALO DE BERCEO 55 MADRID - 02/07/2025 - TRA SUBVENCION	application/vnd.google-apps.document	2025-07-02T11:22:42.024Z	2025-07-02T11:20:32.965Z
12r0xcLFaPL3Krxz1P-sSArlbDep8tBSjs3ERJDEpXzs	GUADALETE 6 MADRID - 20/06/2025 - DF CSS SUBV CON CESION CAES	application/vnd.google-apps.document	2025-07-02T10:27:23.780Z	2025-06-20T09:30:37.566Z
1z5wFpuHpUeCTTQX5FF1uyvuZt5KhB5Zb	MONTESA 27 MADRID 2-7-2025 INFORME DE VIABILIDAD.docx	application/vnd.openxmlformats-officedocument.wordprocessingml.document	2025-07-02T08:45:15Z	2025-07-02T08:54:31.760Z
1-gzMx-2BcZAMA7e-bX2m_ww5OmVX8bcWoGzfN3zQtFE	HERNAN CORTES 13 ALCALA DE HENARES - 30/06/2025 - MODIFICACION DE PRY	application/vnd.google-apps.document	2025-06-30T11:11:50.891Z	2025-06-05T10:41:34.456Z
1pUw_OicKras-Ob0hHpSt7FxRrcw04zFrIKzUUgAmE4U	LLANOS DE ESCUDERO 8 MADRID - 27/06/2025 - PRY ROSERSESE	application/vnd.google-apps.document	2025-06-27T12:20:51.792Z	2025-06-27T12:10:13.266Z
1tXJ3jc4Zmhzqkugbfm-ln2sDMZNIC6bG	PLAZA LUCA DE TENA 11 MADRID SATE CON CESION CAES 26-06-2025.docx	application/vnd.openxmlformats-officedocument.wordprocessingml.document	2025-06-26T11:23:44.611Z	2025-06-26T08:22:25.083Z
1A7Dtpmi_sjMBjqvo0OR-KFIf7rUcH4tFVK-nah9keOM	MARCELO USERA 133 MADRID - 25/06/2025 - IEE	application/vnd.google-apps.document	2025-06-25T10:50:05.782Z	2025-06-25T10:38:27.154Z
1Rt-UpZ1t6L2FvYHIpuTHlp80NBYoVFWxZauV8HwtlJY	AZORIN 39 MOSTOLES - 25/06/2025 - D RESPONSABLE CUBIERTA	application/vnd.google-apps.document	2025-06-25T10:53:21.968Z	2025-06-25T10:52:17.758Z
1QqAn_EGYGae29kJNxx9zomr9VGWOViS24wiRHRZWEQ4	GUANCHA 1 MADRID - 25/06/2025 - PRY+SUBV	application/vnd.google-apps.document	2025-06-25T07:44:45.411Z	2025-06-25T05:57:08.389Z
1qZVjmNtViZw6E11qstjf-uHSA3spmHMy	INDIAS 16 LEGANES 25-06-2025 ESTUDIO DE COSTES.pdf	application/pdf	2025-06-25T07:03:31Z	2025-06-25T09:10:47.731Z
1a6Fi61Kp40xVo3Ppr22zO3EVyVdCAg4UWLnNuD1hyI8	NURIA, 74 MADRID - 24/06/2025 - PROY ASCENSOR	application/vnd.google-apps.document	2025-06-24T11:39:19.090Z	2025-06-24T11:38:48.708Z
1F4U3g4BWhN0trMUm5k8hIzuomhrhsJRPluOY9gMcpV0	CASTILLO DE AREVALO 21 MADRID - 24/06/2025 - PROY ASCENSOR	application/vnd.google-apps.document	2025-06-24T11:36:41.666Z	2025-06-24T11:35:22.835Z
1PmKpZRJgJO9qOmbJzBlRla3doy8PZCps	CAMINO CARMEN GANAPANES 31 33 Y 35 MADRID SATE CON CESION CAES 24-06-2025.docx	application/vnd.openxmlformats-officedocument.wordprocessingml.document	2025-06-24T12:07:42.705Z	2025-06-24T09:59:15.311Z
1f0QXSed2kr_-f7dSvp11-VlZVd1KoUu8LcqIvsKiLzE	PALMAS 43 MOSTOLES  - 24/06/2025 - PRY + SUBV	application/vnd.google-apps.document	2025-06-24T09:57:48.583Z	2025-06-24T05:53:58.920Z
1HrLGzIG02AKE09P3P_U5ZE9tfBMAR05A	PALMAS 43 MOSTOLES SATE CON CESION CAES 24-06-2025.docx	application/vnd.openxmlformats-officedocument.wordprocessingml.document	2025-06-24T09:13:14.697Z	2025-06-24T08:55:00.418Z
1umn-PYuGr2TndOzWS94mZI7xCKPfV64v	ILLESCAS 24 PROY SATE CON CESION CAES 24-06-2025  (1).docx	application/vnd.openxmlformats-officedocument.wordprocessingml.document	2025-06-24T07:48:29Z	2025-06-24T07:52:15.630Z
1wTMp-da-r_ZDKHvbLRaj5DSMR7nVyl1y	HERMANOS MACHADO 41 MADRID 24-06-2025 INFORME DE VIABILIDAD .pdf	application/pdf	2025-06-24T06:49:13Z	2025-06-24T06:49:49.005Z
12BGGU5vE_7uGrsbJzAoqiA77dC40FiPysdo-AMN_HFk	ARMENTEROS 21 MADRID - 23/06/2025 - TRAMITACIÓN DE SUBVENCIONES	application/vnd.google-apps.document	2025-06-23T17:01:57.786Z	2025-06-23T17:00:30.246Z
1Z0u3oM6M4G0WZCHps66NsJNOd5CN1irsHbUTNKdX9Fc	ARMENTEROS 21 MADRID - 23/06/2025 - PROYECTO DE ASCENSOR	application/vnd.google-apps.document	2025-06-23T17:12:16.253Z	2025-06-23T17:05:06.271Z
13iQ0hpLLkcu_bvxCB4RX5_LNLzTEELp3tbOprps6xh8	NURIA, 74 MADRID - 23/06/2025 - TRAMITACION SUVENCIÓN	application/vnd.google-apps.document	2025-06-23T12:39:00.720Z	2025-06-23T12:36:32.639Z
1WhUh8CVXp5FFmNEAqP45-wJt5_-uVwLm7LQFeI0iy24	CASTILLO DE AREVALO 21 MADRID - 23/06/2025 - TRAMITACION DE SUBVENCIONES	application/vnd.google-apps.document	2025-06-23T12:30:46.286Z	2025-06-23T12:24:51.450Z
1YDV8-EB6T9fnvSQcLMpYJ0qdKwRHEW_nzTHTplwiSL8	INMACULADA 6 LEGANES - 23/06/2025 - CSS	application/vnd.google-apps.document	2025-06-23T11:22:37.816Z	2025-06-23T11:18:37.170Z
1G7D1bDYcE86z0whlHi7MsoJfELxZflwQM3D5T7lcZPk	INFORME NUESTRA SEÑORA DE LA ALMUDENA 5 LEGANES 20-06-2025	application/vnd.google-apps.document	2025-06-23T09:38:37.632Z	2025-06-23T09:38:33.668Z
1eqj_vPvJ_x34LvKUc-cgLhzRvuj1xsPRsdKoPzbbNKk	CASTILLEJOS 23 FUENLABRADA - 23/06/2025 - RENOVACION SUBV	application/vnd.google-apps.document	2025-06-23T08:16:21.123Z	2025-06-23T08:09:05.812Z
1xQlFkrMn_zwihI0YjWBbtqURWjxVzUzD	GUADALETE 6 MADRID - 20_06_2025 - DF CSS SUBV CON CESION CAES.pdf	application/pdf	2025-06-20T09:51:01.943Z	2025-06-20T09:51:01.430Z
1KjFEEesCSlgzjyLFUOlyukbCLSiEcZ9h	AV UNIVERSIDAD 22 LEGANES 19-06-2025 INFORME DE VIABILIDAD .pdf	application/pdf	2025-06-20T08:16:35Z	2025-06-20T08:19:36.560Z
1KZBHhJjnWVK768EKOe0zXUGCQJ_8DdLi	MARCOS DE ORUETA 15 MADRID SATE CON CESION CAES 20-06-2025.docx	application/vnd.openxmlformats-officedocument.wordprocessingml.document	2025-06-20T08:20:49.833Z	2025-06-17T08:56:14.597Z
1Ls7th3jMfYW_UDXZTQTu0aukOpzB5wor	VELEZ BLANCO 46 MADRID SATE CON CESION CAES 20-06-2025.docx	application/vnd.openxmlformats-officedocument.wordprocessingml.document	2025-06-20T08:28:28.068Z	2025-06-20T08:23:28.225Z
1B7KNimq9EtvKdcyvPaTegIrjsiiUUSWAyb6yuWbnYXY	AV UNIVERSIDAD 22 LEGANES - 19/06/2025 - PRY+ SUBV	application/vnd.google-apps.document	2025-06-19T12:40:31.833Z	2025-06-19T12:32:08.152Z
12SM93gqrTMBQyNlLk3_RhcHV7hS6kal2oPw-A__W1Is	CORREGIDOR DIEGO CABEZA DE VACA 18 MADRID - 19/06/2025 - PRY+SUBV	application/vnd.google-apps.document	2025-06-19T08:46:26.440Z	2025-06-19T08:44:20.875Z
1fGuABTPhR-IcjJvJQhfudwvXKal3zOrEhbgegrOcUeY	RAIMUNDO FERNANDEZ VILLAVERDE 59 MADRID - 19/06/2025 - TRAMITACION DE SUBVENCIONES	application/vnd.google-apps.document	2025-06-19T08:52:14.070Z	2025-06-19T08:39:45.352Z
1Z20ITd4yo_0-JsNPvUEF2lL98ZQkgdwNZhC0dfURnKo	SUIZA 17 FUENLABRADA - 19/06/2025 - PERICIAL	application/vnd.google-apps.document	2025-06-19T08:00:24.463Z	2025-06-19T07:39:39.061Z
1xaYdnHia04djc1psTK4hi3mCMF-vM903L34j_7KE43k	PLAZA ALBUFERA 11 FUENLABRADA - 19/06/2025 - ACCESIBILIDAD PORTAL	application/vnd.google-apps.document	2025-06-19T08:21:33.605Z	2025-06-19T08:21:29.024Z
14ltpq_KpeyKKAWU1z3jaeUNqb_HfgGYc	CAMINO DE VALDERRIBAS 96 MADRID-19-06-2025- INFORME DE VIABILIDAD .pdf	application/pdf	2025-06-19T07:03:23Z	2025-06-19T07:03:54.834Z
1YkZOEudSozG-kZGNRUUSPhWwIJCuC82tjwwfJdWg0zQ	POLVORANCA 25 FUENLABRADA - 19/06/2025 - PRY+SUBV	application/vnd.google-apps.document	2025-06-19T05:48:03.765Z	2025-06-19T05:46:04.033Z
1npuwsqu6dRzHWp5T-77ColLhMA2Yq7at	POLVORANCA 25 FUENLABRADA-19-06-2025-INFORME DE VIABILIDAD .pdf	application/pdf	2025-06-19T05:58:34Z	2025-06-19T05:59:06.198Z
1c4prNcJHjZnKrPtdanv18QLhlYpDkJsl	MONSEÑOR OSCAR ROMERO 6 MADRID PERICIAL ASCENSOR DEMANDA COMUNIDAD 18-06-2025.docx	application/vnd.openxmlformats-officedocument.wordprocessingml.document	2025-06-18T14:18:07.747Z	2025-06-18T14:16:43.607Z
1vfrC_Hy3HhJqd25FrU9Ij57JU8f3y0W-	COLONIA ERILLAS 29 MADRID -18-06-2025-INFORME DE VIABILIDAD .pdf	application/pdf	2025-06-18T13:15:51Z	2025-06-18T13:16:29.013Z
1gE4wOWzIfp4S3CwQYJ5y_KsXItz7Km9d	BLASCO GARAY 14 PROY SATE CON CESION CAES 18-06-2025  (1).docx	application/vnd.openxmlformats-officedocument.wordprocessingml.document	2025-06-18T12:48:39Z	2025-06-18T12:49:33.025Z
1tJ5UURQpArVDBdaki1w_iy4yOkjxnLb48Eh5BsZsgQ0	COLONIA ERILLAS 29 MADRID - 18/06/2025 - PRY+SUBV	application/vnd.google-apps.document	2025-06-18T11:52:19.772Z	2025-06-18T11:27:58.881Z
1dc-lTwFQ5UYiOmn52U1F8XRYzucfO_0B	GALLO 22 MADRID PROY CON CESION CAES 22-05-2025 .docx	application/vnd.openxmlformats-officedocument.wordprocessingml.document	2025-06-18T11:17:07Z	2025-06-18T11:29:07.579Z
1aahveWLGcAZd90gneaUmSTiHH08Z8URkZIF33VyabU4	PUERTO DEL MONASTERIO 20 MADRID - 03/06/2025 - SUB CAM25 DEL BRIO	application/vnd.google-apps.document	2025-06-18T10:01:11.850Z	2025-06-03T11:25:07.109Z
1DsC8Sa-yTAjUR1B-TerC06FXiKvTVpyoQ7NIHa1F9QM	SAN DAMASO 4 MADRID - 18/06/2025-MODIFICACION DE CONDICIONES  - PRY+SUBV	application/vnd.google-apps.document	2025-06-18T06:52:41.194Z	2025-06-18T06:45:13.635Z
1dbGxCkyejLDgoosAHoRhR2YQz2YLLHS5hnZnlnq4p3M	POETA VILLAESPESA 2 PINTO - 18/06/2025 -PRESUPUESTO MODIFICADO- PRY + SUBV	application/vnd.google-apps.document	2025-06-18T06:08:30.698Z	2025-06-18T06:06:27.928Z
1_pWdCvEaz6aQQAontFA2_x9kER2e51U8	ARROYO FONTARRON 233 ESTUDIO DE VIABILIDAD .docx	application/vnd.openxmlformats-officedocument.wordprocessingml.document	2025-06-17T07:55:44Z	2025-06-17T08:00:54.776Z
1mhi5yVcGN8bjJLH2mk3woJ6Gpiqx3pCTY6JM5ObZlO8	FEDERICO GARCIA LORCA 42 PINTO - 17/06/2025 - ACCESIBILIDAD GARAJE	application/vnd.google-apps.document	2025-06-17T07:09:30.981Z	2025-06-17T07:08:57.760Z
1hdWMMI9VuPCnLjF1d7s-YV_va3p0s-1p_5BphCT2yjQ	FEDERICO GARCIA LORCA 42 PINTO - 17/06/2025 - TRAM SUBVENCION	application/vnd.google-apps.document	2025-06-17T07:19:59.519Z	2025-06-17T07:11:27.728Z
1Sg6p_Og8o5xFwjAMj5QwJX9NBSiLne1TabzsamDKHBs	POETA VILLAESPESA 2 PINTO - 17/06/2025 - PRY + SUBV	application/vnd.google-apps.document	2025-06-17T06:20:13.126Z	2025-06-17T06:17:09.297Z
12XEOWWVcVj3TF-U2bWOBOc6xOkxyhI_c	HERMENEGILDO BIELSA 27 MADRID 16-06-2025 INFORME DE VIABILIDAD .pdf	application/pdf	2025-06-16T09:40:34Z	2025-06-16T09:40:54.872Z
1cdbX_tovqsE0VD8tN1aCnPrexDH4BcNq	VILLAJOYOSA 67 MADRID - 13_06_2025 - PRY SATE Y ASC + SUBV CON CESION CAES (1).pdf	application/pdf	2025-06-16T09:56:20Z	2025-06-16T10:06:38.651Z
13pWBP0qyG1amUgFxdge2fRsT0FgYxKQOC1bzaubvMCI	HERMENEGILDO BIELSA 27 MADRID - 16/06/2025 - PRY+SUBV	application/vnd.google-apps.document	2025-06-16T09:03:28.478Z	2025-06-16T08:43:19.186Z
1gMPf9-z6uLfkKY4eWVLRBCYywotid8wgpwjsTQLLwLw	MARTELL 27 MADRID - 16/06/2025 - PRY + SUBV	application/vnd.google-apps.document	2025-06-16T07:02:35.335Z	2025-06-16T06:56:37.371Z
11Xog5aqrMXIWunHcFwksqbW7xm7zj6sk	MARTELL 27 MADRID - 16_06_2025 - PRY + SUBV.pdf	application/pdf	2025-06-16T07:04:23Z	2025-06-16T07:26:28.836Z
1z1xinxHzdfh1oEd6T29whIpAqKlS-mHU87naamfnYx8	CAÑADA 22 ALCORCON  - 16/06/2025 - PRY	application/vnd.google-apps.document	2025-06-16T06:08:05.130Z	2025-06-16T05:54:57.665Z
1WwWIxWqiEL2IxAY2sold8KaHgzWMUCa1gY1WYtaOkRA	PLAZA MONDARIZ 7 MADRID - 16/06/2025 - PRY	application/vnd.google-apps.document	2025-06-16T05:56:46.989Z	2025-06-16T05:55:43.460Z
1NvEhe5FmlkxdgU7sFTPHX3NoGeRfc9ATDtdkqc484kY	LAS SUERTES 60 COLLADO VILLALBA  - 13/06/2024 - PRY FAIN	application/vnd.google-apps.document	2025-06-13T13:15:03.332Z	2025-06-13T13:10:24.423Z
1FZ2iaOVPjviXUISfKp3bChhHlVFW7p5xBzb6BEskUfo	ARROYO FONTARRON 233 MADRID - 13/06/2025 - PROY ASCENSOR	application/vnd.google-apps.document	2025-06-13T11:09:17.949Z	2025-06-13T11:09:13.473Z
19cSwMORKBTkUZFhYiezdNg6aO7H2R5Jke_jpEcSwBZA	ARROYO FONTARRON 233 MADRID - 13/06/2025 - PROY ASCENSOR	application/vnd.google-apps.document	2025-06-13T11:13:27.858Z	2025-06-13T11:12:32.420Z
15DDpVUahK0AUbcdH5-jJGSXYHa1s0ID7PH5VHysTG4E	ARROYO FONTARRON 233 MADRID - 13/06/2024 - TRAM SUBVENCION	application/vnd.google-apps.document	2025-06-13T11:17:00.513Z	2025-06-13T11:15:32.854Z
17lyC9-EaHHixqqskJPHMXMN8KhaD41ag	VILLAJOYOSA 67 MADRID 13-06-2025 INFORME DE VIABILIDAD .pdf	application/pdf	2025-06-13T07:06:29Z	2025-06-13T07:07:44.297Z
14icGV5cY2sK1Vc1D_S46YD5ZNxrrSvDuSlyWb3NbgU0	TOLEDO 2 ALCORCON - 13/06/2025 - SUBV PRY PROPIO	application/vnd.google-apps.document	2025-06-13T05:55:26.019Z	2025-06-13T05:51:36.422Z
1ipmbnaouXfrF1JWRz5TNBF4HCDoIQ3lgK1HlO8DK3wI	ALHELÍ 6 LEGANES - 12/06/2025 - PRY+SUBV FAIN	application/vnd.google-apps.document	2025-06-12T13:49:07.231Z	2025-06-12T13:29:59.862Z
1PiwmdPIRFQdrfAiiKwYT2bxYf8qwVj23kJ3WQGEhp8Q	PLAZA DE LA ALBUFERA 11 FUENLABRADA - 12/06/2025 - CSS	application/vnd.google-apps.document	2025-06-12T11:11:52.784Z	2025-06-12T10:38:38.556Z
18oxbG0-EiS8_vZTTEGscu6if8Bg7Q40J340EVa0q42U	PELAYOS 11 FUENLABRADA - 12/06/2025 - SUBV PRY PROPIO	application/vnd.google-apps.document	2025-06-12T09:42:45.987Z	2025-06-12T09:40:09.436Z
14LG-DjRTc5xXNoJ-l4zJaC-1aAaABVofAaoCJT-3QbE	VIRGEN DE LA OLIVA 47 MADRID - 12/06/2025 - SUBV PRY EXT	application/vnd.google-apps.document	2025-06-12T08:34:40.092Z	2025-06-12T08:26:55.808Z
1JPCM0Y0ntwiTq1TtF6zZmu9AF5ElKESG	AVENIDA DE LA MANCHA 18 LEGANES - 12_06_2025 - SATE SIN CAES ROEN.pdf	application/pdf	2025-06-12T09:23:00.664Z	2025-06-12T09:23:00.205Z
1RwddoTT1bSgq0skLU3Md_-RoR6PrU3FG_q3fn7Jnz3k	AVENIDA DE LA MANCHA 18 LEGANES - 12/06/2025 - SATE SIN CAES ROEN	application/vnd.google-apps.document	2025-06-12T09:22:46.275Z	2025-06-12T09:21:23.222Z
1me8yvwiS6WBP8iuN2PAlCYG42wKdALVD	SAN DÁMASO 6 MADRID 11-06-2025 INFORME DE VIABILIDAD .pdf	application/pdf	2025-06-11T08:31:19Z	2025-06-11T08:31:41.305Z
1s1F21Zzuojj_ZI9bu25Lz-BPaLTZE8UA	PASEO DE SAN ILLAN 7 MADRID 11-06-2025 INFORME DE VIABILIDAD .pdf	application/pdf	2025-06-11T08:47:58Z	2025-06-11T08:48:27.049Z
12b34gGKgj6OeU3-dOUoriaxQbrjqbmWQ	PASEO DE SAN ILLAN 3 MADRID 11-06-2025 INFORME DE VIABILIDAD .pdf	application/pdf	2025-06-11T08:53:25Z	2025-06-11T08:53:56.600Z
1cwpfVMDy324q51chYmtxHz733-MdZg7SnZIhxLQoZN0	SAN ANDRES 20 FUENLABRADA - 11/06/2025 - PROY ASCENSOR	application/vnd.google-apps.document	2025-06-11T08:57:09.759Z	2025-06-11T07:50:53.454Z
1yEv3uD0IlsjuDqCbHT7tak_qzGlAkn386Ur4sDJWn18	SAN ANDRES 20 FUENLABRADA - 11/06/2025 - SUBV ACCESIBILIDAD	application/vnd.google-apps.document	2025-06-11T09:00:25.284Z	2025-06-11T08:59:31.504Z
1Ixm6sCO5tVGmQMaF5fX7iReR9x8STQvH	SAN DÁMASO 4 MADRID 11-06-2025 INFORME DE VIABILIDAD .pdf	application/pdf	2025-06-11T08:22:00Z	2025-06-11T08:23:41.168Z
19y_HnYhRkgZpXhsvWCYkqC-1ZwsgMrRCygExJdmzR_E	PASEO DE SAN ILLAN 3 MADRID - 11/06/2025 - PRY+SUBV	application/vnd.google-apps.document	2025-06-11T06:33:08.866Z	2025-06-11T06:08:16.885Z
14ldEZS1I8NG00zVWymMjfvh44gtaDxolRdMo79gvnko	SAN DAMASO 4 MADRID - 11/06/2025 - PRY+SUBV	application/vnd.google-apps.document	2025-06-11T06:23:42.449Z	2025-06-11T06:07:18.479Z
1AqjYrObUjRu_xQjZ7vA1GPyhmcz86lbYFn2svUIY1aI	SAN DAMASO 6 MADRID - 11/06/2025 - PRY+SUBV	application/vnd.google-apps.document	2025-06-11T06:17:27.639Z	2025-06-11T06:07:39.359Z
1gbFULrx24FxzqE3QKzRBvmXSDXYKzB0QnMYvDoDp_c0	PASEO DE SAN ILLAN 7 MADRID - 11/06/2025 - PRY+SUBV	application/vnd.google-apps.document	2025-06-11T06:28:47.182Z	2025-06-11T06:08:31.593Z
1Wyt5g2hUT64QTHi7dS3s8wj5A3TTsAZUCF29MDETpEM	GUADALAJARA 6 MOSTOLES - 10/06/2025 - SUBV RENOVACION	application/vnd.google-apps.document	2025-06-10T11:36:31.185Z	2025-06-10T10:22:03.430Z
1a6XKj3NwXHTzc1bn12UU32MBwp05JVwS5YRK_mbVYSc	HERMANOS TRUEBA 62 MADRID - 10/06/2025 - SUBV CAM 25 DEL BRIO	application/vnd.google-apps.document	2025-06-10T07:33:27.417Z	2025-06-10T06:59:00.501Z
1lvKFPC0g7gLcDQLM1emcSzawy77bAY8ol1PocVrPyVQ	DUQUE DE SESTO 22 MADRID - 10/06/2025 - SUBV	application/vnd.google-apps.document	2025-06-10T07:35:36.755Z	2025-06-10T07:30:18.179Z
12gdaugzIJCSM-agURibuxLi3oQ0S5TNE4qvNytoCwO4	VALDERROMÁN 18 MADRID - 10/06/2025 - SATE SIN CAES ROEN	application/vnd.google-apps.document	2025-06-10T08:27:34.871Z	2025-06-10T08:26:55.156Z
1iHHsK4tsi16bwJSXHcHFIqulFi_lpSxXgKzektS1ucc	GONZALO DE CESPEDES 21 MADRID - 10/06/2025 - SATE SIN CAES ROEN	application/vnd.google-apps.document	2025-06-10T08:24:41.599Z	2025-06-10T08:22:29.744Z
1cgVkt9GOQrTufIhBEXskuoVH3kRVaLg6NEo7Fm_eUaA	TRAVESÍA DE SANTIAGO ALIO 2 MADRID - 10/06/2025 - PRY+SUBV	application/vnd.google-apps.document	2025-06-10T06:35:57.745Z	2025-06-10T06:12:46.328Z
1mGi4XgtKoHMTvqhjxnjHJJfP9PJkXQV1	Travesía De Santiago Alio 2 Madrid.10-06-2025 INFORME DE VIABILIDAD .pdf	application/pdf	2025-06-10T06:47:46Z	2025-06-10T06:56:57.800Z
1-6Pi8sUH-b6bKpK6E0FlhiMUtj4TUFr-ay1r5qR5yjQ	ALBUFERA 250 MADRID - 09/06/2025 - SUBV CON CESION CAES	application/vnd.google-apps.document	2025-06-09T10:41:35.318Z	2025-06-09T10:23:51.350Z
1GMdcB_yDmUlPrIGu__JKBnVY-l3jCxuWPsDBAsmvlmY	MAGDALENA 26 MADRID - 06/06/2025 - TRA SUBVENCION	application/vnd.google-apps.document	2025-06-06T09:54:51.320Z	2025-06-06T09:51:39.109Z
1D6dIgjJjX_a6TDVYjQbKfwGZDiukEa6Z	JULIAN BESTEIRO 13 15 HOJA DE ENCARGO DE PROYECYO 27-05-2025 - 12 unidades.pdf	application/pdf	2025-06-06T09:24:42.824Z	2025-06-06T09:24:24.310Z
1gATgjRrZu7ivopgdopaxMVh9Gi5Q40ol	CARDEÑOSA 34 MADRID 05-06-2025 INFORME DE VIABILIDAD .pdf	application/pdf	2025-06-05T12:49:09Z	2025-06-05T12:50:42.057Z
1vpZ6HbkpUqZZmktDKIR6Dtv40SiI-ak-	VALENCIA DE DON JUAN 3 SAN SEBASTIÁN DE LOS REYES -INFORME DE VIABILIDAD-05-06-2025 .pdf	application/pdf	2025-06-05T11:34:38Z	2025-06-06T06:44:21.974Z
1M91UOz6U3L78CjrWCzNQ7yMJbi8Xv8fHapbMWPQ45q4	VALENCIA DE DON JUAN 3 SAN SEBASTIAN DE LOS REYES - 05/06/2025 - PRY+SUBV	application/vnd.google-apps.document	2025-06-05T10:58:10.776Z	2025-06-05T10:55:21.203Z
1b-VW_Ce0kd6uQbBMz82oZwr253shm3OW	GUANTE 8 LEGANES 05-06-2025 INFORME DE VIABILIDAD .pdf	application/pdf	2025-06-05T10:16:56Z	2025-06-05T10:17:41.365Z
1qz4eO_iFvJ7JrVmGBalcart92xWyk9J5vwWDv19UaMc	SANTA MARIA DE LA CABEZA 27 MADRID - 05/06/2025 - ACCESIBILIDAD PORTAL	application/vnd.google-apps.document	2025-06-05T09:49:59.431Z	2025-06-05T09:48:30.448Z
1Dv0_raA6mYX-fJhRGDo5lPnc4H2Ifu1_QrxZWaZVM3o	GUANTE 8 LEGANES - 05/06/2025 - PRY+SUBV	application/vnd.google-apps.document	2025-06-05T10:06:27.757Z	2025-06-05T09:17:04.050Z
1bRpGfFitud2OAvLr7LGWfVQZlAfORDolKRa7ZTUtz_Q	SANTA MARIA DE LA CABEZA 27 MADRID - 05/06/2025 - TRA SUBVENCION	application/vnd.google-apps.document	2025-06-05T09:19:31.265Z	2025-06-05T09:14:36.201Z
1E56H11B6qHg_igLXxuK06sOvJtAMYfBv7MKedDX6nnY	JULIAN BESTEIRO 13 15 MADRID - 05/06/2025 - TRA SUBVENCION	application/vnd.google-apps.document	2025-06-05T07:52:00.109Z	2025-06-05T07:45:00.395Z
1z6Avtbd4fHp9UVjQYuLuVnzjeaZmXRsJAAaKGynLmdM	GARCIA LLAMAS 8 MADRID - 05/06/2025 - SUBV CAM 25 DEL BRIO	application/vnd.google-apps.document	2025-06-05T06:54:18.272Z	2025-06-05T06:19:04.225Z
1xRs5wTtKPla4IgImNCAMGl4zoKgDSWN9JfcbpM78yh8	ALCALA DE GUADAIRA 41 MADRID - 03/06/2025 - SUBV DEL BRIO CAM 25	application/vnd.google-apps.document	2025-06-05T06:53:44.738Z	2025-06-03T09:02:10.311Z
1fM8HPe3PVKbgaU6BLi-y8zZ7evVWx9XWYLSwlaQJcXY	IMAGEN 32 MADRID - 03/06/2025 - SUB CAM25 DEL BRIO	application/vnd.google-apps.document	2025-06-04T10:16:08.411Z	2025-06-03T11:24:23.649Z
1K_QVJsC1kTW-VB_IHAgv0nIItBIi13HyaiNFq3M6x9w	CERRO BLANCO 1 MADRID - 02 06 2025 - PRY ASCENSOR	application/vnd.google-apps.document	2025-06-04T10:09:47.444Z	2025-06-02T05:59:30.003Z
1Yb4aGYYw3EOBqbBXfGJBqz0ge2nNarVTpYg-5M1yBH0	GUZMAN EL BUENO MADRID - 30/05/2025 - ACCESIBILIDAD	application/vnd.google-apps.document	2025-06-04T10:09:26.796Z	2025-05-30T11:22:08.328Z
1_D-1tnq_a6jSsbqwfj1OHGdUZXGz5VCYMQdzr1c4RNA	SEPULVEDA 26 MADRID - 02/06/2025 - ASCENSOR	application/vnd.google-apps.document	2025-06-04T10:09:56.198Z	2025-06-02T06:35:03.599Z
1_34d8f3A1Gd2XdWxi5iBB6fDcVul8INY0aUQwUUzQus	CASABERMEJA 2 MADRID - 03/06/2025 - SUBV CAM 25 DEL BRIO	application/vnd.google-apps.document	2025-06-04T10:14:35.103Z	2025-06-03T11:40:10.322Z
1jfO8m31_KmBe8T-y_OpHIRiUal6x-K9WK6-NURIWszM	CAZORLA 79 MADRID- 03/06/2025 - SUB DEL BRIO CAM 25	application/vnd.google-apps.document	2025-06-04T10:12:34.286Z	2025-06-03T10:54:19.708Z
19N_Av2tvtdiitWAgrQhAzPYbgV6-SnQtF3neA505lUo	CAMINO DE LA SUERTE 12 MADRID - 03/06/2025 - SUB DEL BRIO CAM 25	application/vnd.google-apps.document	2025-06-04T10:16:57.756Z	2025-06-03T10:54:34.224Z
1RqMAyAqdl-j7McTaIYOLBM8jw0jvAnMuiV65_6BZvq8	SAN CLAUDIO 82 MADRID - 03/06/2025 - SUB DEL BRIO CAM 25	application/vnd.google-apps.document	2025-06-04T10:12:58.112Z	2025-06-03T10:54:00.252Z
1hIC8czobjlo1gO45NjfvaPV3zvHO9rBxSeDLlXrFGPU	LOPEZ GRASS 42 MADRID - 03/06/2025 - SUB CAM25 DEL BRIO	application/vnd.google-apps.document	2025-06-04T10:13:06.573Z	2025-06-03T11:23:26.090Z
1shy5199ECw-V4VkyypvOqQ5EFHWF06xl3QyYeThygPU	SIERRA DE MOLINA 11 MADRID - 03/06/2025 - SUBV CAM 25 DEL BRIO	application/vnd.google-apps.document	2025-06-04T10:14:08.119Z	2025-06-03T11:42:07.734Z
1Kh3tKg-z87enLh-Cn7G3PFwz7s0JLFN-Co7QpmxqjvA	ALBALATE DEL ARZOBISPO 5 MADRID - 03/06/2025 - SUBV CAM 25 DEL BRIO	application/vnd.google-apps.document	2025-06-04T10:13:58.787Z	2025-06-03T11:42:18.813Z
1O_MEvwHXdUNOWqvBfcw4SwFjvB9UYHXIq-nXqErIUc4	PEDRO LABORDE 58 MADRID   - 03/06/2025 - SUBV CAM 25 DEL BRIO	application/vnd.google-apps.document	2025-06-04T10:13:41.919Z	2025-06-03T11:42:45.430Z
1hHFYMx47G9nmfmxPalEWv-1WaFj6r6tJ28K7-MqNIUQ	SIERRA DEL VALLE 52 MADRID - 03/06/2025 - SUBV CAM 25 DEL BRIO	application/vnd.google-apps.document	2025-06-04T10:13:51.357Z	2025-06-03T11:42:32.297Z
1MCp8VsobpcUA0e4_NdUxOB498J4mseC3o8pelZe4Ey4	CARLOS MARTIN ALVAREZ 104 MADRID - 03/06/2025 - SUBV CAM 25 DEL BRIO	application/vnd.google-apps.document	2025-06-04T10:14:18.859Z	2025-06-03T11:41:55.311Z
1TCjDVQyOGCoQCVjr_f1KCxIlRxy1UaPB64NDiM2txhE	SIERRA MOLINA 13 MADRID - 03/06/2025 - SUBV CAM 25 DEL BRIO	application/vnd.google-apps.document	2025-06-04T10:14:28.127Z	2025-06-03T11:41:43.034Z
1nGzpnVyuFWpcwr8K3MsOckzCrkldgd_HcRzNQVqazSA	PUERTO BONAIGUA 34 MADRID - 03/06/2025 - SUBV CAM 25 DEL BRIO	application/vnd.google-apps.document	2025-06-04T10:14:44.168Z	2025-06-03T11:39:31.548Z
1coBpFGhKNCew5Qnu1DBYRl1Q-5ymTjyfmG3jsOIb9ig	ALFREDO CASTRO CAMBA 24 MADRID  - 03/06/2025 - SUB CAM25 DEL BRIO	application/vnd.google-apps.document	2025-06-04T10:15:10.569Z	2025-06-03T11:24:51.258Z
1sCUkIbjFxrcqInpiNCFpC7CxRSvmEIl2P0LbTE714tw	BELLIDO 2 MADRID  - 03/06/2025 - SUB CAM25 DEL BRIO	application/vnd.google-apps.document	2025-06-04T10:15:59.014Z	2025-06-03T11:24:37.086Z
1tVOn-n6ghTy2BsyiCMjh03w3r5-o7dbO	JARAMA, 1 SS REYES VIABILIDAD.docx	application/vnd.openxmlformats-officedocument.wordprocessingml.document	2025-06-04T08:07:28Z	2025-06-04T08:10:30.609Z
11RKJdomFjIzqXfbCaeAu9A3NyWwrMHSZEbsiSTsuluE	Jarama, 1 San Sebastian de los Reyes - 03/06/2025 - PRY	application/vnd.google-apps.document	2025-06-03T14:04:01.811Z	2025-06-03T12:37:33.823Z
1ygT2zzP6OjccXmdqrGpif8YSXSzLPgY--k2Uj1Psma8	Alberto Aguilera, 68 Madrid - 03/06/2025 - tra subvencion	application/vnd.google-apps.document	2025-06-03T11:53:50.728Z	2025-06-03T11:51:32.137Z
1fREOa53Q1ElcwnaZVtZXeMuAuccOEgLz2it2J21Mt2s	Amaniel, 34 - 03/06/2025 - TRA SUBVENCIONES	application/vnd.google-apps.document	2025-06-03T11:58:18.727Z	2025-06-03T11:57:05.338Z
1tvTFojbHu_ndBMcYgAGNo1CT63lwXH7R	SAN GERMAN, 49 INFORME DE VIABILIDAD.docx	application/vnd.openxmlformats-officedocument.wordprocessingml.document	2025-06-03T11:02:53Z	2025-06-03T11:30:00.693Z
1KG5WAn6BZOa5WD20mDRZwTbuXZUBRb_5bjOiOsmhIQo	VENANCIO MARTIN 48 MADRID - 03/06/2025 - SUBV DEL BRIO CAM 25	application/vnd.google-apps.document	2025-06-03T10:35:10.738Z	2025-06-03T08:53:46.711Z
1Zfqso1Ib-ygY_jQKtSv82NMxcQ0JJXWAd6GIyizT2lU	SERENA 15 MADRID - 03/06/2025 - SUBV DEL BRIO CAM 25	application/vnd.google-apps.document	2025-06-03T10:44:23.843Z	2025-06-03T09:04:25.196Z
1on1OcTITahedADqQFtwRIau-2DyM8AeuMlS4iHez9wE	San German, 49 Madrid - 03/06/2025 - instalación de ascensor	application/vnd.google-apps.document	2025-06-03T07:42:59.014Z	2025-06-03T07:40:23.444Z
17vMHUQQaTfv7-djHkiN_k8JZjbzs11Xg-nktSJ5uIA0	ALEMANIA 6 FUENLABRADA - 02/06/2025 - CSS FAIN	application/vnd.google-apps.document	2025-06-02T13:03:36.648Z	2025-06-02T12:58:23.994Z
1-o7CPo7JQj8UXKJjPhbeV-mGb87ofHHL9lRAMFDo3kg	CAMINO DE LOS VINATEROS 138 MADRID- 02/06/2025 - INFORME FIN DE OBRA CORNISA	application/vnd.google-apps.document	2025-06-02T10:56:30.310Z	2025-06-02T10:42:25.056Z
1pi0cp8A-S6d2_hn9BFaeFPAYkBtZeoaD8btir4fbJJc	IBIZA 3 MADRID - 02/06/2025 - ASCENSOR SUSTITUCION.FAIN	application/vnd.google-apps.document	2025-06-02T09:29:54.071Z	2025-06-02T09:22:27.011Z
1OEf0NvlVdQwd2r_f9xs-v_REDotlOvkqVtpmspJIrBc	Pinguino, 9 Madrid - 30 05 2025 - SUBVENCION	application/vnd.google-apps.document	2025-06-02T07:14:03.870Z	2025-05-30T12:15:53.728Z
1HzeXuscDJxznVnq4cpHAJCSWnjZNCDdq	GUZMAN EL BUENO 98 MADRID 30-05-2025 - INFORME DE VIABILIDAD.pdf	application/pdf	2025-06-02T07:15:35.797Z	2025-05-30T07:57:03.655Z
1cOnhoUJ9Y9xFeV8i0Xn1MzrFAvdLnFAunSHqceSl3Mk	Pinguino, 9 Madrid - 30 05 2025 - PRY	application/vnd.google-apps.document	2025-06-02T07:13:27.351Z	2025-05-30T11:06:45.792Z
1Q-VJ7h4eYRLNlBBpf0Z5mVswmx8A4ZgQNSiUSn9ViTY	Pinguino, 9 Madrid - 30 05 2025 - PRY ACCESIBILIDAD	application/vnd.google-apps.document	2025-06-02T07:13:43.647Z	2025-05-30T11:09:06.390Z
1GycOrxRZJlHNO3JkZkDMzrgcm90Ge1jTxkHHSH8Kh5M	IBIZA 3 MADRID - 30 05 2025 - PRY FAIN	application/vnd.google-apps.document	2025-06-02T07:14:28.697Z	2025-05-30T09:34:17.484Z
1_Cb7QiFgmwpI2deqDxTtE0HyFfCAJdoL	GUZMAN EL BUENO 98 MADRID SUBV 30-05-2025.pdf	application/pdf	2025-06-02T05:41:21Z	2025-06-02T05:42:11.652Z
1QBxW2ba_9Lsb4xIj2aWYR6Rq87amHPIu	CERRO BLANCO 1 MADRID INFORME DE VIABILIDAD 02-06-2025 .pdf	application/pdf	2025-06-02T05:56:04Z	2025-06-02T05:56:47.431Z
