2025-04-08	722376	PRESUPUESTOS FIRMADOS/VILLAVICIOSA DE ODON 2 FUENLABRADA PRY 02-08-2024.pdf
2023-10-25	300290	PRESUPUESTOS FIRMADOS/urb puente blanca majadahonda/factura 3/Factura 1-000076 THYSSENKRUPP - AV ESPAÑA 35-8 MAJADAHONDA CFO.pdf
2023-10-25	300146	PRESUPUESTOS FIRMADOS/urb puente blanca majadahonda/factura 3/Factura 1-000075 THYSSENKRUPP - AV ESPAÑA 35-7 MAJADAHONDA CFO.pdf
2023-09-29	298191	PRESUPUESTOS FIRMADOS/urb puente blanca majadahonda/factura 3/Factura 1-000065 THYSSENKRUPP - NORIAS 20 MAJADAHONDA CFO.pdf
2023-09-29	297826	PRESUPUESTOS FIRMADOS/urb puente blanca majadahonda/factura 3/Factura 1-000066 THYSSENKRUPP - NORIAS 22 MAJADAHONDA CFO.pdf
2023-10-25	299820	PRESUPUESTOS FIRMADOS/urb puente blanca majadahonda/factura 3/Factura 1-000074 THYSSENKRUPP - AV ESPAÑA 35-4 MAJADAHONDA CFO.pdf
2026-10-06	246	PRESUPUESTOS FIRMADOS/urb puente blanca majadahonda/factura 3/desktop.ini
2023-09-19	177679	PRESUPUESTOS FIRMADOS/urb puente blanca majadahonda/contrato firmado/DANIEL DE SOTO - AVDA ESPAÑA, 35-2 - 86434.pdf
2023-09-19	177708	PRESUPUESTOS FIRMADOS/urb puente blanca majadahonda/contrato firmado/DANIEL DE SOTO - AVDA ESPAÑA, 35-6 - 86432.pdf
2023-09-19	177760	PRESUPUESTOS FIRMADOS/urb puente blanca majadahonda/contrato firmado/DANIEL DE SOTO - NORIAS, 26 - 86427.pdf
2023-09-19	177727	PRESUPUESTOS FIRMADOS/urb puente blanca majadahonda/contrato firmado/DANIEL DE SOTO - NORIAS, 20 - 86430.pdf
2023-09-19	177692	PRESUPUESTOS FIRMADOS/urb puente blanca majadahonda/contrato firmado/DANIEL DE SOTO - AVDA ESPAÑA, 35-8 - 86422.pdf
2023-09-19	177738	PRESUPUESTOS FIRMADOS/urb puente blanca majadahonda/contrato firmado/DANIEL DE SOTO - NORIAS, 24 - 86428.pdf
2023-09-19	177686	PRESUPUESTOS FIRMADOS/urb puente blanca majadahonda/contrato firmado/DANIEL DE SOTO - AVDA ESPAÑA, 35-4 - 86424.pdf
2023-09-19	177684	PRESUPUESTOS FIRMADOS/urb puente blanca majadahonda/contrato firmado/DANIEL DE SOTO - AVDA ESPAÑA, 35-7 - 86433.pdf
2023-09-19	177732	PRESUPUESTOS FIRMADOS/urb puente blanca majadahonda/contrato firmado/DANIEL DE SOTO - NORIAS, 22 - 86429.pdf
2023-09-19	177664	PRESUPUESTOS FIRMADOS/urb puente blanca majadahonda/contrato firmado/DANIEL DE SOTO - SANTA BRIGIDA, 1-4 - 86425.pdf
2023-09-19	177677	PRESUPUESTOS FIRMADOS/urb puente blanca majadahonda/contrato firmado/DANIEL DE SOTO - SANTA BRIGIDA, 1-5 - 86423.pdf
2023-09-19	177652	PRESUPUESTOS FIRMADOS/urb puente blanca majadahonda/contrato firmado/DANIEL DE SOTO - SANTA BRIGIDA, 1-2 - 86426.pdf
2026-10-06	246	PRESUPUESTOS FIRMADOS/urb puente blanca majadahonda/contrato firmado/desktop.ini
2023-09-19	107893	PRESUPUESTOS FIRMADOS/urb puente blanca majadahonda/factura 1/32THYSSEN av españa 35.1 majadahonda.pdf
2023-09-19	108288	PRESUPUESTOS FIRMADOS/urb puente blanca majadahonda/factura 1/33THYSSEN av españa 35.2 majadahonda.pdf
2023-09-19	107874	PRESUPUESTOS FIRMADOS/urb puente blanca majadahonda/factura 1/34THYSSEN av españa 35.4 majadahonda.pdf
2023-09-19	108400	PRESUPUESTOS FIRMADOS/urb puente blanca majadahonda/factura 1/35THYSSEN av españa 35.6 majadahonda.pdf
2023-09-19	108384	PRESUPUESTOS FIRMADOS/urb puente blanca majadahonda/factura 1/36THYSSEN av españa 35.7 majadahonda.pdf
2023-09-19	108456	PRESUPUESTOS FIRMADOS/urb puente blanca majadahonda/factura 1/37THYSSEN av españa 35.8 majadahonda.pdf
2023-09-19	108721	PRESUPUESTOS FIRMADOS/urb puente blanca majadahonda/factura 1/38THYSSEN las norias 20 majadahonda.pdf
2023-09-19	107907	PRESUPUESTOS FIRMADOS/urb puente blanca majadahonda/factura 1/39THYSSEN las norias 22 majadahonda.pdf
2023-09-19	107472	PRESUPUESTOS FIRMADOS/urb puente blanca majadahonda/factura 1/40THYSSEN las norias 24 majadahonda.pdf
2023-09-19	107535	PRESUPUESTOS FIRMADOS/urb puente blanca majadahonda/factura 1/41THYSSEN las norias 26 majadahonda.pdf
2023-09-19	108224	PRESUPUESTOS FIRMADOS/urb puente blanca majadahonda/factura 1/43THYSSEN santa brigida 1-4 majadahonda.pdf
2023-09-19	107969	PRESUPUESTOS FIRMADOS/urb puente blanca majadahonda/factura 1/44THYSSEN santa brigida 1-5 majadahonda.pdf
2023-09-22	108015	PRESUPUESTOS FIRMADOS/urb puente blanca majadahonda/factura 1/42THYSSEN santa brigida 1-2 majadahonda.pdf
2026-10-06	246	PRESUPUESTOS FIRMADOS/urb puente blanca majadahonda/factura 1/desktop.ini
2020-11-11	300611	PRESUPUESTOS FIRMADOS/urb puente blanca majadahonda/factura 2/000054.Calle Santa Brigida 1-4 Majadahonda.pdf
2020-11-11	300612	PRESUPUESTOS FIRMADOS/urb puente blanca majadahonda/factura 2/000055.Calle Santa Brígida 1-2 Majadahonda.pdf
2020-11-11	302155	PRESUPUESTOS FIRMADOS/urb puente blanca majadahonda/factura 2/000056.Calle  Las Norias 26 Majadahonda.pdf
2020-11-11	300615	PRESUPUESTOS FIRMADOS/urb puente blanca majadahonda/factura 2/000057.Calle Santa Brígida 1-5 Majadahonda.pdf
2020-11-11	301749	PRESUPUESTOS FIRMADOS/urb puente blanca majadahonda/factura 2/000058.Av España 35-6  Majadahonda.pdf
2020-11-11	301931	PRESUPUESTOS FIRMADOS/urb puente blanca majadahonda/factura 2/000059.Calle  Las Norias 22 Majadahonda.pdf
2020-11-11	301616	PRESUPUESTOS FIRMADOS/urb puente blanca majadahonda/factura 2/000060.Av España 35-1  Majadahonda.pdf
2021-03-12	295866	PRESUPUESTOS FIRMADOS/urb puente blanca majadahonda/factura 2/000017. Av españa35.2 majadahonda.pdf
2021-03-12	297701	PRESUPUESTOS FIRMADOS/urb puente blanca majadahonda/factura 2/000018.av españa 35.8.pdf
2021-03-12	297740	PRESUPUESTOS FIRMADOS/urb puente blanca majadahonda/factura 2/000019.av españa 35.7.pdf
2021-03-12	297257	PRESUPUESTOS FIRMADOS/urb puente blanca majadahonda/factura 2/000020.Las norias 20 .pdf
2023-09-29	298795	PRESUPUESTOS FIRMADOS/urb puente blanca majadahonda/factura 2/Factura 1-000063 THYSSENKRUPP - NORIAS 24 MAJADAHONDA LIC.pdf
2023-09-29	299508	PRESUPUESTOS FIRMADOS/urb puente blanca majadahonda/factura 2/Factura 1-000064 THYSSENKRUPP - AV ESPAÑA 35-4 MAJADAHONDA LIC.pdf
2026-10-06	246	PRESUPUESTOS FIRMADOS/urb puente blanca majadahonda/factura 2/desktop.ini
2026-10-06	246	PRESUPUESTOS FIRMADOS/urb puente blanca majadahonda/desktop.ini
2025-04-23	831029	PRESUPUESTOS FIRMADOS/MARCELINO ROA VAZQUEZ 45 MADRID PRY CSS Y SUBV 22-04-2025.pdf
2024-11-21	352292	PRESUPUESTOS FIRMADOS/VILLALON 1 FUENLABRADA - SUBVENCIONES PRY EXTERNO 20-11-2024.pdf
2025-04-23	583029	PRESUPUESTOS FIRMADOS/SANTA CRUZ DE MARCENADO 1 ESCALERA E MADRID subida parada y modif maquinaria 22-04-2025.pdf
2025-04-23	591337	PRESUPUESTOS FIRMADOS/SANTA CRUZ DE MARCENADO 1 ESCALERA D MADRID subida parada y modif maquinaria 22-04-2025.pdf
2025-04-23	144872	PRESUPUESTOS FIRMADOS/NAZARET 14 FUENLABRADA HOJA DE ENCARGO ACCESALIA FIRMADA.pdf
2025-04-23	144872	PRESUPUESTOS FIRMADOS/NAZARET 14 FUENLABRADA ASCENSOR DF Y CSS 23-04-2025.pdf
2022-11-03	207922	PRESUPUESTOS FIRMADOS/HOJA DE ENCARGO pz floras 5 leganes SUBVENCION.pdf
2023-01-10	703049	PRESUPUESTOS FIRMADOS/CEFERINO RODRIGUEZ 17 MADRID INFORME.pdf
2025-05-30	213142	PRESUPUESTOS FIRMADOS/RAFAEL CALVO 9 MADRID PROYECTO 4 ASCENSORES 11-07-2022.pdf
2023-12-05	73054	PRESUPUESTOS FIRMADOS/FAISANES 15 ARANJUEZ proyecto fain.pdf
2025-08-22	32730	PRESUPUESTOS FIRMADOS/PASEO SAN ANTONIO 3 FUENLABRADA 12-01-2022.pdf
2022-11-02	326081	PRESUPUESTOS FIRMADOS/PARVILLAS ALTAS 27 MADRID SUBV.pdf
2024-05-13	414671	PRESUPUESTOS FIRMADOS/SAN ANDRES 2 FUENLABRADA 03-08-2022 ASCENSOR Y SUBVENCION (1).pdf
2024-03-06	41386	PRESUPUESTOS FIRMADOS/VALVERDE 36 MADRID PRY - cancelado no lo hacemos .pdf
2024-05-14	328143	PRESUPUESTOS FIRMADOS/HOJA DE ENCARGO TOLEDO 2 ALCORCON 10-11-2022.pdf
2022-11-02	313330	PRESUPUESTOS FIRMADOS/VIRGEN DEL CAMINO 4 LEGANES SUBV.pdf
2022-11-10	475982	PRESUPUESTOS FIRMADOS/GERMAN PEREZ CARRASCO 54 MADRID SUBV.pdf
2024-06-11	789006	PRESUPUESTOS FIRMADOS/islas británicas 26 FUENLABRADA (2).pdf
2022-11-30	233354	PRESUPUESTOS FIRMADOS/ANGELES 14 FUENLABRADA SUBV.pdf
2023-10-30	470517	PRESUPUESTOS FIRMADOS/san vicente 10 leganes subvenciones 30-10-2023.pdf
2025-08-20	499262	PRESUPUESTOS FIRMADOS/PELAYOS 11 FUENLABRADA 13-01-2022.pdf
2025-08-22	51497	PRESUPUESTOS FIRMADOS/PASEO SAN ANTONIO 3 FUENLABRADA CSS 04-10-2024.pdf
2022-05-18	194337	PRESUPUESTOS FIRMADOS/AVDA REGIONES 6 fuenlabrada proyecto.pdf
2023-11-28	452066	PRESUPUESTOS FIRMADOS/ESCRIBANOS 5 MADRID SATE NEXT GEN PRG 3 Y 5 .pdf
2022-11-03	221741	PRESUPUESTOS FIRMADOS/MUELLE 6 ALCALA SUBV.pdf
2024-11-13	337971	PRESUPUESTOS FIRMADOS/FRAY MELCHOR CANO 22 LEGANES firmada 27-09-2022.pdf
2023-09-11	272456	PRESUPUESTOS FIRMADOS/NAVAS DEL REY 51 MADRID next gen pgr 3 y 5.pdf
2023-08-22	66915	PRESUPUESTOS FIRMADOS/HOJA ENCARGO PALERMO 7 TORREJON SUBV.docx
2022-11-02	304259	PRESUPUESTOS FIRMADOS/HOJA DE ENCARGO BADALONA 48 MADRID SUBVENCION.pdf
2023-10-27	337587	PRESUPUESTOS FIRMADOS/calderon de la barca 6 leganes sate y programa 5 firmado falta num cuenta.pdf
2023-04-19	510900	PRESUPUESTOS FIRMADOS/ITALIA 11 FUENLABRADA  FIRMADO.pdf
2025-02-28	261210	PRESUPUESTOS FIRMADOS/SAN ANDRES 1 LEGANES ASCENSOR 02-01-2023.pdf
2022-07-07	560833	PRESUPUESTOS FIRMADOS/PLAZA PARVILLAS 1 MADRID ascensor .pdf
2022-10-28	287099	PRESUPUESTOS FIRMADOS/HOJA DE ENCARGO rodrigo de triana 5 leganes SUBVENCION fijo_signed.pdf
2023-05-29	967308	PRESUPUESTOS FIRMADOS/SAN DACIO, 36.pdf
2025-12-15	377605	PRESUPUESTOS FIRMADOS/PABLO CASALS 26 PARLA CODIGOS DE PEDIDO PRY Y CSS 02-01-2023.pdf
2025-07-15	178620	PRESUPUESTOS FIRMADOS/CARLOS ARNICHES 25 MADRID ASCENSOR 23-10-2023.pdf
2024-10-11	995545	PRESUPUESTOS FIRMADOS/HUNGRIA 4 FUENLABRADA 17-04-2023.pdf
2026-06-15	206620	PRESUPUESTOS FIRMADOS/HOJA DE ENCARGO FIRMADA TENERIFE 8 MADRID sate next gen.pdf
2022-05-25	699245	PRESUPUESTOS FIRMADOS/HILADOS 12  PROYECTO PLATAFORMA.pdf
2023-10-30	349114	PRESUPUESTOS FIRMADOS/calderon de la barca 6 leganes sate y programa 5 firmado.pdf
2023-06-05	502772	PRESUPUESTOS FIRMADOS/HOJA DE ENCARGO CARLOS V 42 MOSTOLES (1) (1) (1).pdf
2023-10-23	331096	PRESUPUESTOS FIRMADOS/HOJA DE ENCARGO general ricardos 92 madrid SOLO DO_signed_f.pdf
2023-08-17	481199	PRESUPUESTOS FIRMADOS/TORRUBIA 4 LEGANES SUBV.pdf
2023-01-02	279094	PRESUPUESTOS FIRMADOS/HOJA DE ENCARGO SAN ANDRES 1 LEGANES CSS (2).pdf
2025-02-27	1495137	PRESUPUESTOS FIRMADOS/ILIADA 19 MADRID ASCENSOR Y SUBVENCIONES 27-02-2025.pdf
2025-07-15	158346	PRESUPUESTOS FIRMADOS/RIO MANZANARES 26 LEGANÉS CODIGOS DE PEDIDO ARQUITECTO 30-10-2023.pdf
2022-12-14	574081	PRESUPUESTOS FIRMADOS/HOJA DE ENCARGO AVENIDA AMERICA 13 MADRID.pdf
2026-08-24	66043	PRESUPUESTOS FIRMADOS/HOJA DE ENCARGO BECQUER 19 MOSTOLES-SUBVENCIONES.pdf
2025-04-03	1225087	PRESUPUESTOS FIRMADOS/HUMERA 16 FUENLABRADA FAIN BAJADA A COTA CERO 17-02-2025.pdf
2022-11-04	422285	PRESUPUESTOS FIRMADOS/HOJA ENCARGO IEE IGLESIA 16 PORTAL 4 ALCORCON.pdf
2025-04-10	74916	PRESUPUESTOS FIRMADOS/AGUILAS 74 MADRID 19-07-2023.pdf
2024-07-22	625114	PRESUPUESTOS FIRMADOS/HOJA DE ENCARGO PLAZA DOS DE MAYO 5 MOSTOLES SUBV 15-12-2022.pdf
2023-01-18	68420	PRESUPUESTOS FIRMADOS/TRAMITACION SUBVENCION STA MARIA LA BLANCA 5 ALCORCON.pdf
2023-10-19	375271	PRESUPUESTOS FIRMADOS/odonnell 47 madrid pry y css aceptado fain.pdf
2025-06-12	167779	PRESUPUESTOS FIRMADOS/ENCISO 1 MADRID css 16-10-2023.pdf
2023-08-16	712801	PRESUPUESTOS FIRMADOS/CALLAO 35 FUENLABRADA NEXT GEN.pdf
2024-04-24	64198	PRESUPUESTOS FIRMADOS/AV PROVINCIAS 16 FUENLABRADA SUBV.pdf
2025-03-19	427842	PRESUPUESTOS FIRMADOS/RIO DUERO 71 LEGANES SATE 14-08-2023.pdf
2025-02-28	500764	PRESUPUESTOS FIRMADOS/SAN ANDRES 1 LEGANES SUBVENCION 02-01-2023.pdf
2025-12-15	399609	PRESUPUESTOS FIRMADOS/BELEN 7 FUENLABRADA 14-06-2023.pdf
2023-01-03	223965	PRESUPUESTOS FIRMADOS/DOCTORA DE ALCALA 5 ALCALA SUBV.pdf
2026-05-12	383321	PRESUPUESTOS FIRMADOS/MOSTOLES 3 PORTAL 2 FUENLABRADA 17-12-2021.pdf
2025-01-23	528123	PRESUPUESTOS FIRMADOS/Encarnacion del Pino 2 Madrid - cega SUBVENCION 17-01-2025.PDF
2025-02-24	203141	PRESUPUESTOS FIRMADOS/ANGEL BARAJAS 4 POZUELO ASCENSOR pry css df subvenciones_firmada 24-02-2025.pdf
2025-01-23	533566	PRESUPUESTOS FIRMADOS/domingo parraga 62 madrid - cega SUBVENCION 17-01-2025.PDF
2025-07-08	61662	PRESUPUESTOS FIRMADOS/ERAS 9 FUENLABRADA SUBV 17-01-2023.pdf
2023-01-20	1354058	PRESUPUESTOS FIRMADOS/BRUNETE 11 GETAFE PRY Y SUBV.pdf
2025-03-07	193	PRESUPUESTOS FIRMADOS/VIRGEN DE LA OLIVA 49 MADRID SUBVENCIONES exito ASC Y SATE 13-02-2025.pdf (convertido).gdoc
2025-03-27	565003	PRESUPUESTOS FIRMADOS/ANGELES 12 FUENLABRADA SUBV 09-12-2022.pdf
2023-08-22	67877	PRESUPUESTOS FIRMADOS/HOJA DE ENCARGO PALERMO 7 TORREJON PRY.docx
2023-10-30	185829	PRESUPUESTOS FIRMADOS/marques de corbera 36b madrid 08-10-2021 Gmail - HONORARIOS.pdf
2025-05-30	2176373	PRESUPUESTOS FIRMADOS/CASTILLA LA VIEJA 8 FUENLABRADA SATE_30-03-2023.pdf
2024-10-24	371702	PRESUPUESTOS FIRMADOS/EZEQUIEL SOLANA 97 MADRID IEE.pdf
2025-03-07	193	PRESUPUESTOS FIRMADOS/madrid 79 humanes ASCENSOR 14-06-2023.gdoc
2023-12-26	252931	PRESUPUESTOS FIRMADOS/HACIENDA DE PAVONES 117 MADRID - sust puertas asc.docx.pdf
2022-11-04	481802	PRESUPUESTOS FIRMADOS/SAN FRANCISCO 15 LEGANES SUBV.pdf
2023-08-14	57601	PRESUPUESTOS FIRMADOS/PENSAMIENTO 5 LEGANES.pdf
2023-05-29	1244174	PRESUPUESTOS FIRMADOS/SAN ROQUE, 18 GUADALAJAR.pdf
2023-01-18	68928	PRESUPUESTOS FIRMADOS/TRAMITACION SUBVENCION IGLESIA 22 ALCORCON.pdf
2023-04-12	1481120	PRESUPUESTOS FIRMADOS/LIMA 5 FUENLABRADA.pdf
2025-03-07	193	PRESUPUESTOS FIRMADOS/castillo de ucles 53 madrid caes firmado 11-02-2025.gdoc
2022-07-11	481802	PRESUPUESTOS FIRMADOS/san francisco 15 leganes.pdf
2024-07-22	429232	PRESUPUESTOS FIRMADOS/HOJA DE ENCARGO PLAZA DOS DE MAYO 5 MOSTOLES 15-12-2022.pdf
2021-12-17	43982	PRESUPUESTOS FIRMADOS/SAN ANDRES 1 FUENLABRADA.pdf
2025-03-07	193	PRESUPUESTOS FIRMADOS/GUADARRAMA 26 MADRID subvencion 25-05-2022.pdf (convertido).gdoc
2024-10-24	370388	PRESUPUESTOS FIRMADOS/HOJA ENCARGO REINA 5 MADRID SUBV.pdf
2025-01-10	378869	PRESUPUESTOS FIRMADOS/TRV SAN ONOFRE 4 SS REYES SUBV.pdf
2025-03-07	193	PRESUPUESTOS FIRMADOS/BATALLA DE TORRIJOS 23 MADRID_Subvencion 13-12-2024.gdoc
2023-05-29	984905	PRESUPUESTOS FIRMADOS/NARVÁEZ, 33 (1).pdf
2022-02-21	450481	PRESUPUESTOS FIRMADOS/Manresa 25-27 subvenciones 18-02-2022.pdf
2022-10-27	197853	PRESUPUESTOS FIRMADOS/HOJA DE ENCARGO N S ESPERANZA 3 LEGANES_signed.pdf
2021-12-15	48080	PRESUPUESTOS FIRMADOS/POLVORANCA 23 FUENLABRADA.pdf
2025-01-21	80918	PRESUPUESTOS FIRMADOS/PABLO SERRANO 9 MADRID ACCESIBILIDAD 20-01-2025.pdf
2023-08-22	541921	PRESUPUESTOS FIRMADOS/RIOJA 19 LEGANES PRY FIRMADO.pdf
2025-04-10	231414	PRESUPUESTOS FIRMADOS/FERIA 8 MADRID SATE + ASC NEXT GEN 10-07-2023.pdf
2023-06-05	677635	PRESUPUESTOS FIRMADOS/MONTEVIDEO 2 MOSTOLES.pdf
2023-04-18	587205	PRESUPUESTOS FIRMADOS/RIO GUADALQUIVIR 10 LEGANES.docx
2023-10-25	152673	PRESUPUESTOS FIRMADOS/BURGOS 6 MÓSTOLES CODIGOS DE PEDIDO ARQUITECTO.pdf
2022-12-19	87939	PRESUPUESTOS FIRMADOS/ALCARRIA 62 LEGANES CEE.pdf
2023-04-21	689914	PRESUPUESTOS FIRMADOS/HOJA DE ENCARGO AV CARLOS V 32 MOSTOLES.pdf
2022-02-21	477370	PRESUPUESTOS FIRMADOS/Manresa 25-27 proyecto 18-02-2022.pdf
2024-09-18	51815	PRESUPUESTOS FIRMADOS/ALEMANIA 11 FUENLABRADA 07-04-2022.pdf
2026-06-03	275212	PRESUPUESTOS FIRMADOS/BALEARES 34 MOSTOLES 28-03-2023.pdf
2022-11-03	123352	PRESUPUESTOS FIRMADOS/HUERTA DEL BAYO 13 MADRID.jpg
2022-03-16	426825	PRESUPUESTOS FIRMADOS/SEMINARIO 24 LEGANES.pdf
2025-05-06	525271	PRESUPUESTOS FIRMADOS/PLAZA DE LA FLOR 6 LEGANES SUBV 14-08-2023.pdf
2022-02-15	283285	PRESUPUESTOS FIRMADOS/HUERTA DE VILLAVERDE 9 MADRID arquitectura.pdf
2025-01-23	527737	PRESUPUESTOS FIRMADOS/marquesa de silvela 11 MADRID - cega SUBVENCION 17-01-2025.PDF
2025-10-09	694937	PRESUPUESTOS FIRMADOS/CASTELLON 1 MOSTOLES SATE 18-04-2023.pdf
2023-08-31	709163	PRESUPUESTOS FIRMADOS/AV DEL MONTE 89 URB SANTO DOMINGO ALGETE.pdf
2022-10-28	301296	PRESUPUESTOS FIRMADOS/HOJA ENCARGO SUBVENCIÓN RIO DUERO 12 LEGANES.pdf
2025-01-23	526262	PRESUPUESTOS FIRMADOS/Av Rafaela Ybarra 33 MADRID - cega SUBVENCION 17-01-2025.PDF
2022-08-03	175521	PRESUPUESTOS FIRMADOS/general ricardos 92 SUBVENCION.docx.pdf
2023-04-27	660050	PRESUPUESTOS FIRMADOS/Callao 31 FUENLABRADA.pdf
2024-12-23	79051	PRESUPUESTOS FIRMADOS/VENANCIO MARTIN 48 MADRID.pdf
2025-04-30	480609	PRESUPUESTOS FIRMADOS/ESCUELAS PIAS 1 ALCALA DF Y CSS 24-02-2025.pdf
2025-07-17	167456	PRESUPUESTOS FIRMADOS/GALICIA 8 PINTO - ARQUITECTURA + CSS + SUBVENCION 17-02-2022.pdf
2024-06-25	31555	PRESUPUESTOS FIRMADOS/PAULAR 5 FUENLABRADA 15-07-2022.pdf
2023-01-18	68928	PRESUPUESTOS FIRMADOS/TRAMITACION SUBVENCION IGLESIA 22.pdf
2023-04-20	77587	PRESUPUESTOS FIRMADOS/HOJA DE ENCARGO HABANA 41 FUENLABRADA (1).docx
2022-12-14	454280	PRESUPUESTOS FIRMADOS/HOJA DE ENCARGO SATE AMPURDAN 12 LEGANES.pdf
2025-06-26	460797	PRESUPUESTOS FIRMADOS/CASTILLEJOS 23 FUENLABRADA SUBV 19-12-2022.pdf
2022-10-24	126477	PRESUPUESTOS FIRMADOS/HAYA 2 FUENLABRADA.jpeg
2022-11-04	430493	PRESUPUESTOS FIRMADOS/HOJA ENCARGO IEE IGLESIA 16 PORTAL 1 ALCORCON.pdf
2023-07-12	347861	PRESUPUESTOS FIRMADOS/GIBRALTAR 4 6 Y 8 GETAFE NEXT GEN.pdf
2023-06-10	69785	PRESUPUESTOS FIRMADOS/AV ONU 76 MOSTOLES SATE NEXT 3 Y 5 FIRMADO.pdf
2025-01-10	293525	PRESUPUESTOS FIRMADOS/TRV SAN ONOFRE4 SS REYES PRY.pdf
2023-05-31	689808	PRESUPUESTOS FIRMADOS/HOJA DE ENCARGO PINTOR VELAZQUEZ 65 MOSTOLES C SUB.pdf
2023-11-28	57644	PRESUPUESTOS FIRMADOS/DOS DE MAYO 71 MOSTOLES ASC FAIN.pdf
2022-12-21	52489	PRESUPUESTOS FIRMADOS/ASCENSOR VALENCIA 10.pdf
2023-01-11	118748	PRESUPUESTOS FIRMADOS/SAN ANDRES 1 FUENLABRADA SUBVENCION FIRMADA (1).pdf
2025-09-11	333330	PRESUPUESTOS FIRMADOS/PINTOR VELAZQUEZ 65 MOSTOLES SATE 13-01-2023.pdf
2023-07-19	835747	PRESUPUESTOS FIRMADOS/AUSTRIA 8 FUENLABRADA.pdf
2024-08-27	103377	PRESUPUESTOS FIRMADOS/MIGUEL DE LA ROCA 18 MADRID pry df y css 21-09-2022.pdf
2025-02-21	135602	PRESUPUESTOS FIRMADOS/CASTILLA 7 MADRID ASCENSOR Y SUBV 21-02-2025.pdf
2022-07-11	120631	PRESUPUESTOS FIRMADOS/entre arroyos 56 madrid NVR FIRMADA.pdf
2023-12-26	550615	PRESUPUESTOS FIRMADOS/NUESTRA SEÑORA DE LAS ANGUSTIAS 17 LEGANES.pdf
2022-12-16	74095	PRESUPUESTOS FIRMADOS/IEEs ALBUFERA 250 MADRID.jpeg
2019-09-25	384152	PRESUPUESTOS FIRMADOS/quilichao 6 madrid codigos de pedido 2019.pdf
2022-02-10	332063	PRESUPUESTOS FIRMADOS/AV ESPAÑA 33 GETAFE PROYECTO + DO + CSS.pdf
2022-02-11	289327	PRESUPUESTOS FIRMADOS/SAN CLEMENTE 2 LEGANES SUBVENCION.pdf
2022-02-11	35687	PRESUPUESTOS FIRMADOS/Trujillo 3 Alcorcon poceria octubre 2021 SIMP_FUE_0121101512530.pdf
2025-05-13	226562	PRESUPUESTOS FIRMADOS/Huerta de Villaverde 9 Madrid subvencion firmado 10-02-22.pdf
2022-02-15	438490	PRESUPUESTOS FIRMADOS/HUMERA 2 FUENLABRADA.pdf
2022-02-21	391335	PRESUPUESTOS FIRMADOS/MONTEJURRA 25 MADRID - sate + cubierta + css + subv.pdf
2025-09-17	321227	PRESUPUESTOS FIRMADOS/ENCOMIENDA DE PALACIOS 49 MADRID subvencion + iee 24-02-2022.pdf
2022-02-25	756346	PRESUPUESTOS FIRMADOS/MANRESA 56 MADRID subvenciones.pdf
2022-03-01	508462	PRESUPUESTOS FIRMADOS/burgos 6 mostoles subvenciones.pdf
2022-03-16	752042	PRESUPUESTOS FIRMADOS/nazaret 32bis fuenlabrada firmado.pdf
2022-03-16	787633	PRESUPUESTOS FIRMADOS/angeles 7 fuenlabrada firmado.pdf
2022-03-16	730924	PRESUPUESTOS FIRMADOS/estados 4 fuenlabrada firmado.pdf
2022-03-16	807644	PRESUPUESTOS FIRMADOS/andalucia 6 fuenlabrada firmado.pdf
2022-03-31	339247	PRESUPUESTOS FIRMADOS/cadalso de los vidrios 2 subvencion.pdf
2022-05-06	297616	PRESUPUESTOS FIRMADOS/rio ebro 4 leganes subvencion.pdf
2022-05-09	359722	PRESUPUESTOS FIRMADOS/mar menor 24 madrid proyecto.pdf
2022-05-13	139782	PRESUPUESTOS FIRMADOS/cebreros 1 madrid firmado subvencion.pdf
2022-05-17	128341	PRESUPUESTOS FIRMADOS/palencia 12 fuenlabrada rampa firmado.pdf
2022-05-17	1404319	PRESUPUESTOS FIRMADOS/gt tamarindo 4 aranjuez SUBVENCION (1).pdf
2025-06-16	163604	PRESUPUESTOS FIRMADOS/CAMINO DE LAS CRUCES 28 MADRID PRY CSS Y SUBV A EXITO 18-05-2022.PDF
2022-05-23	378827	PRESUPUESTOS FIRMADOS/avenida de los estados 18 fuenlabrada sate.pdf
2022-05-24	139075	PRESUPUESTOS FIRMADOS/Paseo Granada 3 Fuenlabrada mail confirmación 24-05-2022.pdf
2022-05-25	227099	PRESUPUESTOS FIRMADOS/manresa 17-19 madrid subv.pdf
2022-05-27	94708	PRESUPUESTOS FIRMADOS/RIO MANZANARES 22 LEGANES SATE Y SUBV.pdf
2022-05-31	264996	PRESUPUESTOS FIRMADOS/ribeiro 17 leganes CSS firmado.pdf
2022-06-03	586287	PRESUPUESTOS FIRMADOS/albaida 76 madrid CFO firmado.pdf
2022-06-13	937626	PRESUPUESTOS FIRMADOS/LEPANTO 9 28200 san lorenzo del escorial.pdf
2022-06-27	725772	PRESUPUESTOS FIRMADOS/AVDA ALBUFERA 250 MADRID 9 SATES  9 ASC.pdf
2022-06-28	360336	PRESUPUESTOS FIRMADOS/malaga 22 fuenlabrada MEMORIA VALORADA.pdf
2022-06-28	359718	PRESUPUESTOS FIRMADOS/malaga 28 fuenlabrada MEMORIA VALORADA.pdf
2022-07-01	323197	PRESUPUESTOS FIRMADOS/av andes 13 fuenlabrada SUBVENCION-firmado.pdf
2022-07-11	1784102	PRESUPUESTOS FIRMADOS/llanos de escudero 37 subvencion.pdf
2022-08-02	313181	PRESUPUESTOS FIRMADOS/FRANCIA 50 FUENLABRADA HOJA DE ENCARGO.pdf
2022-08-03	582618	PRESUPUESTOS FIRMADOS/AV CARABANCHEL ALTO 16 MADRID SUBVENCION - para oct 2022.pdf
2022-08-26	370585	PRESUPUESTOS FIRMADOS/fatima 8 fuenlabrada memoria valorada.pdf
2022-08-26	380485	PRESUPUESTOS FIRMADOS/fuentebella 8 parla memoria valorada.pdf
2022-09-07	250065	PRESUPUESTOS FIRMADOS/Abejuela 17 madrid PROYECTO y CSS (1).pdf
2022-09-08	80928	PRESUPUESTOS FIRMADOS/alazores 11 madrid subvencion.pdf
2022-09-15	507837	PRESUPUESTOS FIRMADOS/mar menor 24 subvencion.pdf
2022-09-22	592156	PRESUPUESTOS FIRMADOS/manresa 17-19 madrid direccion obra.pdf
2022-09-28	93123	PRESUPUESTOS FIRMADOS/san cesareo 2 leganes CSS.pdf
2022-09-29	648070	PRESUPUESTOS FIRMADOS/riojanos 4 madrid subvencion.pdf
2022-10-14	223313	PRESUPUESTOS FIRMADOS/RIO DUERO 12 LEGANES PRY.pdf
2022-10-19	362175	PRESUPUESTOS FIRMADOS/marques de la valdavia 76 alcobendas SATE + CSS.pdf
2022-10-19	385525	PRESUPUESTOS FIRMADOS/marques de la valdavia 76 alcobendas SUBVENCION.pdf
2025-06-02	219002	PRESUPUESTOS FIRMADOS/tenerife 8 madrid sate + css + subvencion 26-10-2022.pdf
2022-10-27	287099	PRESUPUESTOS FIRMADOS/rodrigo de triana 5 leganes SUBVENCION fijo_signed.pdf
2022-10-27	209312	PRESUPUESTOS FIRMADOS/HOJA DE ENCARGO SAN VALERIANO 1 LEGANES SUBVENCION_signed.pdf
2026-09-23	208707	PRESUPUESTOS FIRMADOS/SAN NICOLAS 7 LEGANES SUBVENCION_signed 27-10-2022.pdf
2022-10-28	301296	PRESUPUESTOS FIRMADOS/RIO DUERO 12 leganes subvencion.pdf
2025-11-14	88823	PRESUPUESTOS FIRMADOS/pablo casals 26 parla subvenciones 02-11-2022.pdf
2022-11-15	109924	PRESUPUESTOS FIRMADOS/nardos 2 fuenlabrada subvencion.pdf
2025-09-08	119385	PRESUPUESTOS FIRMADOS/plaza nicaragua 3 fuenlabrada proyecto y subvencion 15-11-2022.pdf
2022-11-15	338849	PRESUPUESTOS FIRMADOS/los urquiza 10 madrid proyecto y css.pdf
2022-11-15	172907	PRESUPUESTOS FIRMADOS/mostoles 3 portal 8 fuenlabrada CSS.pdf
2022-11-24	200445	PRESUPUESTOS FIRMADOS/holanda 10 fuenlabrada proyecto y do.pdf
2023-01-04	684339	PRESUPUESTOS FIRMADOS/OVIEDO 9 MOSTOLES - SUBVENCION.pdf
2025-12-11	65054	PRESUPUESTOS FIRMADOS/PEZ 11 MADRID SUBVENCION 11-01-2023.pdf
2023-01-12	333330	PRESUPUESTOS FIRMADOS/PINTOR VELAZQUEZ 65 MOSTOLES PROYECTO + CSS + SUBVENCION.pdf
2023-01-19	68430	PRESUPUESTOS FIRMADOS/TRAMITACION SUBVENCION SANTA MARIA LA BLANCA 3 ALCORCON.pdf
2023-01-20	280482	PRESUPUESTOS FIRMADOS/cañada toledana 2 griñon pry.pdf
2023-01-20	1354058	PRESUPUESTOS FIRMADOS/brunete 11 getafe pry + subvencion.pdf
2023-01-20	249339	PRESUPUESTOS FIRMADOS/CAÑADA TOLEDANA 2 GRIÑON subv.pdf
2023-01-24	282559	PRESUPUESTOS FIRMADOS/av estados 18 fuenlabrada css.pdf
2023-01-27	200203	PRESUPUESTOS FIRMADOS/cartagena 4 portal 4 alcala de henares subvenciones.pdf
2023-02-01	52489	PRESUPUESTOS FIRMADOS/valencia 10 getafe proyecto y css.pdf
2023-02-02	243452	PRESUPUESTOS FIRMADOS/SANDALIO LOPEZ 19 MADRID SATE FACHADA LATERAL.pdf
2023-02-06	278427	PRESUPUESTOS FIRMADOS/MADRID 38-40 HUMANES PROYECTO Y CSS.pdf
2023-03-06	370108	PRESUPUESTOS FIRMADOS/ITALIA 35 FUENLABRADA - pry y subvencion 26-02-2023.pdf
2023-03-06	349840	PRESUPUESTOS FIRMADOS/italia 35 fuenlabrada - antigua 22-12-2022.pdf
2023-03-13	1281591	PRESUPUESTOS FIRMADOS/españoleto 5 mostoles.pdf
2023-03-13	129892	PRESUPUESTOS FIRMADOS/madrid 2 colmenar viejo fain.docx (2).pdf
2023-03-17	1472306	PRESUPUESTOS FIRMADOS/ALCARRIA 9 LEGANES.pdf
2023-03-24	75402	PRESUPUESTOS FIRMADOS/AV ESPAÑA 33 GETAFE SUBVENCIONES.pdf
2023-03-27	173122	PRESUPUESTOS FIRMADOS/MANRESA 56 MADRID mail 27-03-2023 aprobación proyecto de ejecucion.pdf
2026-09-29	984905	PRESUPUESTOS FIRMADOS/NARVÁEZ 33 MADRID 19-03-2023.pdf
2023-03-29	967308	PRESUPUESTOS FIRMADOS/SAN DACIO 36 MADRID.pdf
2023-04-12	447057	PRESUPUESTOS FIRMADOS/callao 35 fuenlabrada ciego y cee.pdf
2023-04-18	587205	PRESUPUESTOS FIRMADOS/RIO GUADALQUIVIR 10 LEGANES firmado.docx
2023-04-20	74927	PRESUPUESTOS FIRMADOS/HABANA 41 FUENLABRADA (1).docx
2023-05-16	171643	PRESUPUESTOS FIRMADOS/padilla 4 mostoles proyecto - ojo se cobra a fain.pdf
2023-05-22	115310	PRESUPUESTOS FIRMADOS/ILIADA 39 MADRID.pdf
2023-05-23	471466	PRESUPUESTOS FIRMADOS/VILLAMANIN 37 MADRID firmado.pdf
2023-05-23	725010	PRESUPUESTOS FIRMADOS/Montevideo 2 mostoles firmado.pdf
2023-05-23	402508	PRESUPUESTOS FIRMADOS/belen 7 fuenlabrada firmada.pdf
2023-05-29	502772	PRESUPUESTOS FIRMADOS/AV CARLOS V 42 MOSTOLES 29-05-2023.pdf
2023-05-30	932068	PRESUPUESTOS FIRMADOS/HOJA DE ENCARGO ITALIA 35 FUENLABRADA v2 firmada.pdf
2023-05-31	689808	PRESUPUESTOS FIRMADOS/PINTOR VELAZQUEZ 65 MOSTOLES C SUB 2.pdf
2025-05-28	355382	PRESUPUESTOS FIRMADOS/AV PROVINCIAS 10 FUENLABRADA subvencion fuenlabrada 01-06-2023.pdf
2025-06-16	582311	PRESUPUESTOS FIRMADOS/CAMINO DE LAS CRUCES 28 MADRID SUBV A EXITO 05-06-2023.pdf
2023-06-12	178436	PRESUPUESTOS FIRMADOS/MARQUES DE LA VALDAVIA 76 ALCOBENDAS.pdf
2023-06-13	415672	PRESUPUESTOS FIRMADOS/torrejon 9 fuenlabrada.pdf
2023-06-13	353313	PRESUPUESTOS FIRMADOS/infantas 13 aranjuez plataforma coinsa.pdf
2023-06-14	53686	PRESUPUESTOS FIRMADOS/virgen de iciar 15 alcorcon schindler bajada a cota cero.pdf
2023-06-14	69785	PRESUPUESTOS FIRMADOS/AVENIDA DE LA ONU 76 MOSTOLES NEXT GENERATION.pdf
2023-06-19	831989	PRESUPUESTOS FIRMADOS/oriente 3 san sebastian de los reyes subvencion.pdf
2023-06-19	1379037	PRESUPUESTOS FIRMADOS/francisco javier sauquillo 22 fuenlabrada subv.pdf
2023-06-29	137107	PRESUPUESTOS FIRMADOS/av andes 11 fuenlabrada proy+css+subvenciones.pdf
2023-07-26	47561	PRESUPUESTOS FIRMADOS/av aragon 14 getafe mejora accesibilidad.pdf
2023-07-27	1092631	PRESUPUESTOS FIRMADOS/RIO MANZANARES 22 LEGANES programa 5.pdf
2023-07-27	185095	PRESUPUESTOS FIRMADOS/VALENCIA DE DON JUAN 4 MADRID colegio lorenzo luzuriaga_signed.pdf
2023-08-16	162747	PRESUPUESTOS FIRMADOS/SANTA TERESA 2 ALCALA DE HENARES CODIGOS DE PEDIDO ARQUITECTO.pdf
2023-08-16	265379	PRESUPUESTOS FIRMADOS/padilla 8 mostoles SUBVENCION.pdf
2023-08-17	160692	PRESUPUESTOS FIRMADOS/ORIENTE 3 SAN SEBASTIAN DE LOS REYES CODIGOS DE PEDIDO ARQUITECTO.pdf
2023-08-17	169987	PRESUPUESTOS FIRMADOS/SANTA VIRGILIA 20 MADRID CODIGOS DE PEDIDO ARQUITECTO.pdf
2023-08-17	160556	PRESUPUESTOS FIRMADOS/PADILLA 8 MÓSTOLES CODIGOS DE PEDIDO ARQUITECTO.pdf
2023-08-17	3342377	PRESUPUESTOS FIRMADOS/av cardenal herrera oria 283 madrid sate.pdf
2023-08-21	207970	PRESUPUESTOS FIRMADOS/gibraltar 4-6-8 getafe sate y next gen elecnor.pdf
2023-08-24	134639	PRESUPUESTOS FIRMADOS/IGLESIA 16 PORTAL 1 ALCORCON CODIGOS DE PEDIDO ARQUITECTO.pdf
2023-08-24	172189	PRESUPUESTOS FIRMADOS/IGLESIA 16 PORTAL 4 ALCORCON CODIGOS DE PEDIDO ARQUITECTO.pdf
2025-05-12	185285	PRESUPUESTOS FIRMADOS/JUAN SEBASTIAN ELCANO 4 ALCALA DE HENARES CODIGOS DE PEDIDO ARQUITECTO.pdf
2023-08-29	72815	PRESUPUESTOS FIRMADOS/SANTA VIRGILIA 20 MADRID ASCENSOR SUBVENCIONES.pdf
2023-09-01	171510	PRESUPUESTOS FIRMADOS/madrid 79 humanes SUBVENCION fijo pry propio.pdf
2023-09-04	169574	PRESUPUESTOS FIRMADOS/AV PROVINCIAS 10 FUENLABRADA CODIGOS DE PEDIDO ARQUITECTO.pdf
2023-09-06	167779	PRESUPUESTOS FIRMADOS/EMIGDIO DE LA RIVA 29 SALAMANCA CODIGOS DE PEDIDO ARQUITECTO deflexiones.pdf
2023-09-11	257018	PRESUPUESTOS FIRMADOS/orquidea 5 alcala de henares next gen.pdf
2023-09-12	228990	PRESUPUESTOS FIRMADOS/armenteros 28 madrid renovacion subvenciones.pdf
2023-09-12	600397	PRESUPUESTOS FIRMADOS/fatima 6 fuenlabrada SUBV_firmada.pdf
2023-09-12	162139	PRESUPUESTOS FIRMADOS/BELGRADO 2 TORREJON DE ARDOZ CODIGOS DE PEDIDO ARQUITECTO.pdf
2023-09-13	182727	PRESUPUESTOS FIRMADOS/VARGAS MACHUCA 1 ALCALA DE HENARES CODIGOS DE PEDIDO.pdf
2023-09-13	159057	PRESUPUESTOS FIRMADOS/vargas machuca 1 alcala nuevos codigos de pedido.pdf
2023-09-14	1543236	PRESUPUESTOS FIRMADOS/helsinki 7 mostoles sate y next gen firmada.pdf
2023-09-18	3514765	PRESUPUESTOS FIRMADOS/zamora 1 3 5 fuenlabrada (230718)  Contrato (Arquitectura Misión Completa + Next Gen) IBERDROLA_v.04 (1).pdf
2023-09-20	192691	PRESUPUESTOS FIRMADOS/ZAMORA 1 3 5 FUENLABRADA codigos facturacion iberdrola.pdf
2023-09-26	171413	PRESUPUESTOS FIRMADOS/SANTA TERESA 8 ALCALA DE HENARES CSS CODIGOS DE PEDIDO.pdf
2023-10-02	52999	PRESUPUESTOS FIRMADOS/AV ANGELES 6 GETAFE FIRMADO.pdf
2023-10-02	62209	PRESUPUESTOS FIRMADOS/NUM CUENTA MERITXELL PARAYRE AV MONTE 89 URB SANTO DOMINGO ALGETE.pdf
2023-10-03	184772	PRESUPUESTOS FIRMADOS/oriente 6 fuenlabrada ascensor.pdf
2023-10-09	588726	PRESUPUESTOS FIRMADOS/HOJA DE ENCARGO FUENTEBELLA 28 PARLA_signed.pdf
2023-10-11	228840	PRESUPUESTOS FIRMADOS/CODIGOS DE PEDIDO BUENOS AIRES 15 GETAFE.pdf
2023-10-16	574300	PRESUPUESTOS FIRMADOS/rio guadalquivir 3 parla firmado.pdf
2023-10-16	175521	PRESUPUESTOS FIRMADOS/general ricardos 92 madrid SUBVENCION firmado.pdf
2025-05-30	387408	PRESUPUESTOS FIRMADOS/AVENIDA QUINTA 26 MADRID - SUBVENCION 16-10-2023.pdf
2023-10-18	2531824	PRESUPUESTOS FIRMADOS/av betanzos 60 madrid - fermin caballero 75 torre 1 - IBERDROLA.pdf
2023-10-18	394898	PRESUPUESTOS FIRMADOS/fain oswaldo consultas a coste cero.pdf
2023-10-19	302743	PRESUPUESTOS FIRMADOS/cebreros 1 madrid subvencion renovacion 18-10-2023.pdf
2023-10-31	199223	PRESUPUESTOS FIRMADOS/propuesta zamora 1 3 5 fuenlabrada accesalia-naturalhome_f.pdf
2023-10-31	158701	PRESUPUESTOS FIRMADOS/av mar mediterraneo 79 valdemoro codigos pedido fain.pdf
2023-11-06	358371	PRESUPUESTOS FIRMADOS/LIMA 5 FUENLABRADA CSS.pdf
2023-11-13	519270	PRESUPUESTOS FIRMADOS/alberto conti 6 mostoles.pdf
2023-11-13	208928	PRESUPUESTOS FIRMADOS/ENCOMIENDA DE PALACIOS 49 MADRID CODIGOS DE PEDIDO ARQUITECTO.pdf
2023-11-16	405030	PRESUPUESTOS FIRMADOS/JUAN RAMON JIMENEZ 2 MADRID PASO DE 12 A 6 ASCENSORES Y SUBV.pdf
2023-11-21	198771	PRESUPUESTOS FIRMADOS/HOJA DE ENCARGO callao 31 fuenlabrada CSS (1).pdf
2023-11-21	198771	PRESUPUESTOS FIRMADOS/HOJA DE ENCARGO callao 35 fuenlabrada CSS (1).pdf
2023-11-21	2701637	PRESUPUESTOS FIRMADOS/(230725)  Contrato (Arquitectura Proyecto + Libro del Edificio IBERDROLA ACCESALIA r.01_f revSSJJ_firmado Smart Clima (1).pdf
2023-11-21	244030	PRESUPUESTOS FIRMADOS/HOJA DE ENCARGO SANTIAGO RAMON Y CAJAL 9 HUMANES.pdf
2023-11-22	200414	PRESUPUESTOS FIRMADOS/HOJA DE ENCARGO habana 41 fuenlabrada CSS.pdf
2023-11-23	1149975	PRESUPUESTOS FIRMADOS/anulado  MARTIN DE LOS HEROS 38 MADRID - RENOVACION subvencion conservacion.pdf
2023-11-27	504317	PRESUPUESTOS FIRMADOS/CALVARIO 1 AZUQUECA ASCENSOR CSS Y SUBVENCIONES modificado.pdf
2023-11-28	443766	PRESUPUESTOS FIRMADOS/PASEO GRANADA 2 FUENLABRADA sate y next gen siguiente tanda.pdf
2023-11-28	435639	PRESUPUESTOS FIRMADOS/MODESTO ALONSO 8 MADRID_subvencion.pdf
2023-11-28	302041	PRESUPUESTOS FIRMADOS/MODESTO ALONSO 8 MADRID_proyecto.pdf
2023-11-30	147493	PRESUPUESTOS FIRMADOS/GERMAN PEREZ CARRASCO, 54 MADRID CODIGOS DE PEDIDO ARQUITECTO.pdf
2023-12-04	147639	PRESUPUESTOS FIRMADOS/Buena madre 9 Pinto.pdf
2025-06-05	328848	PRESUPUESTOS FIRMADOS/faisanes 15 aranjuez subvenciones 05-12-2023.pdf
2023-12-11	717170	PRESUPUESTOS FIRMADOS/NUEVA 6 ALCALA DE HENARES solo subvenciones accesibilidad.pdf
2023-12-12	51600	PRESUPUESTOS FIRMADOS/fuenlabrada 15 alcorcon css.pdf
2023-12-12	234429	PRESUPUESTOS FIRMADOS/FAISANES 15 ARANJUEZ - CÓDIGOS DE PEDIDO.pdf
2025-05-29	339661	PRESUPUESTOS FIRMADOS/AV PROVINCIAS 10 FUENLABRADA SUBVENCIONES CAM 14-12-2023.pdf
2025-05-28	367817	PRESUPUESTOS FIRMADOS/AV PROVINCIAS 10 FUENLABRADA MODIFICACION SUBVENCIONES FUENLABRADA 14-12-2023.pdf
2023-12-14	1419122	PRESUPUESTOS FIRMADOS/ZAMORA 25 FUENLABRADA - PRY Y SUBVENCIONES.pdf
2023-12-14	240023	PRESUPUESTOS FIRMADOS/manresa 56 madrid SUBVENCION fijo pry propio.pdf
2023-12-19	186531	PRESUPUESTOS FIRMADOS/Pedido 3 Accesalia - SAN ROQUE 18 GUADALAJARA AE22120.pdf
2023-12-19	139009	PRESUPUESTOS FIRMADOS/GOBERNADOR, 8 CODIGOS DE PEDIDO ARQUITECTO.pdf
2023-12-20	263774	PRESUPUESTOS FIRMADOS/maldonado 4 mostoles sate y next gen.pdf
2023-12-20	75914	PRESUPUESTOS FIRMADOS/joaquin ibarra 37 madrid subvenciones 18-12-2023.pdf
2023-12-21	141687	PRESUPUESTOS FIRMADOS/hacienda de pavones 117 madrid SUST PUERTAS ASC orden de compra schindler.pdf
2023-12-21	1219116	PRESUPUESTOS FIRMADOS/cañada 8 alcorcon subvenciones 20-12-2023 (1).pdf
2023-12-26	243933	PRESUPUESTOS FIRMADOS/mancomunidad av viñagrande y Los Castillos firmado.pdf
2023-12-26	1829951	PRESUPUESTOS FIRMADOS/HOJA DE ENCARGO IGLESIA 16 PORTAL 1 ALCORCON solo CSS fain.pdf
2023-12-26	1829953	PRESUPUESTOS FIRMADOS/HOJA DE ENCARGO IGLESIA 16 PORTAL 4 ALCORCON solo CSS fain.pdf
2023-12-27	284090	PRESUPUESTOS FIRMADOS/LLANOS DE ESCUDERO 37 Y LUIS RUIZ 88 MADRID ELECNOR.pdf
2023-12-28	442202	PRESUPUESTOS FIRMADOS/fuenlabrada 15 alcorcon subvenciones.pdf
2024-01-10	77504	PRESUPUESTOS FIRMADOS/nardos 2 fuenlabrada proyecto.pdf
2024-01-11	1226514	PRESUPUESTOS FIRMADOS/corral de cantos 19 madrid subvenciones renovacion.pdf
2024-01-11	388300	PRESUPUESTOS FIRMADOS/rio guadalquivir 12 leganes pry y css.pdf
2024-01-11	459135	PRESUPUESTOS FIRMADOS/rio guadalquivir 12 leganes subvenciones.pdf
2024-01-12	140302	PRESUPUESTOS FIRMADOS/sierra de albarracin 13 alcorcon sate y next gen subvenciones.pdf
2024-01-12	399602	PRESUPUESTOS FIRMADOS/JEROMIN 23 LEGANES subvenciones 22-11-2023.pdf
2025-07-17	350308	PRESUPUESTOS FIRMADOS/av dos de mayo 71 mostoles - códigos de pedido 10-01-2024.pdf
2024-01-15	266876	PRESUPUESTOS FIRMADOS/SANTA VIRGILIA 24 MADRID codigos de pedido.pdf
2024-01-15	187063	PRESUPUESTOS FIRMADOS/MM viñagrande y los castillos alcorcon envoltermia/Pedido 4 Accesalia VÑ5.pdf
2024-01-15	187066	PRESUPUESTOS FIRMADOS/MM viñagrande y los castillos alcorcon envoltermia/Pedido 6 Accesalia VÑ9.pdf
2024-01-15	187065	PRESUPUESTOS FIRMADOS/MM viñagrande y los castillos alcorcon envoltermia/Pedido 3 Accesalia VÑ3.pdf
2024-01-15	187067	PRESUPUESTOS FIRMADOS/MM viñagrande y los castillos alcorcon envoltermia/Pedido 5 Accesalia VÑ7.pdf
2024-01-15	187068	PRESUPUESTOS FIRMADOS/MM viñagrande y los castillos alcorcon envoltermia/Pedido 2 Accesalia VÑ1.pdf
2024-01-15	187066	PRESUPUESTOS FIRMADOS/MM viñagrande y los castillos alcorcon envoltermia/Pedido 7 Accesalia VÑ13.pdf
2024-01-15	187095	PRESUPUESTOS FIRMADOS/MM viñagrande y los castillos alcorcon envoltermia/Pedido 1 Accesalia C32.pdf
2024-01-15	187071	PRESUPUESTOS FIRMADOS/MM viñagrande y los castillos alcorcon envoltermia/Pedido 8 Accesalia VÑ17.pdf
2024-01-15	187074	PRESUPUESTOS FIRMADOS/MM viñagrande y los castillos alcorcon envoltermia/Pedido 9 Accesalia VÑ29.pdf
2024-01-16	193	PRESUPUESTOS FIRMADOS/MM viñagrande y los castillos alcorcon envoltermia/pago a 90 dias por confirming envoltermia.gdoc
2026-10-06	246	PRESUPUESTOS FIRMADOS/MM viñagrande y los castillos alcorcon envoltermia/desktop.ini
2024-01-17	2161163	PRESUPUESTOS FIRMADOS/odonnell 47 madrid SUBVENCION fijo pry propio FIRMADO 17-01-2024.pdf
2024-01-19	717451	PRESUPUESTOS FIRMADOS/santa virgilia 24 madrid subvenciones.pdf
2025-08-29	270678	PRESUPUESTOS FIRMADOS/JEROMIN 23 LEGANES 15-01-2024 CODIGOS DE PEDIDO ARQUITECTO.pdf
2024-01-22	60699	PRESUPUESTOS FIRMADOS/HELSINKI 7 MOSTOLES CSS FIRMADO.pdf
2024-01-22	552868	PRESUPUESTOS FIRMADOS/TORREJON 9 FUENLABRADA - anulada - ENCARGO SUBVENCION (2).pdf
2024-01-24	328094	PRESUPUESTOS FIRMADOS/PABLO SERRANO 9 MADRID envolvente y ng.pdf
2024-01-29	107251	PRESUPUESTOS FIRMADOS/marinalavandeira2honorarios (1).pdf
2024-01-29	145633	PRESUPUESTOS FIRMADOS/DANIEL DE SOTO - MARINA LAVANDEIRA, 2 - 83489 (1).pdf
2024-01-29	116653	PRESUPUESTOS FIRMADOS/MARINA LAVANDEIRA, 2 - 83489 - nº pedido 0280527118 (1).pdf
2024-01-29	265247	PRESUPUESTOS FIRMADOS/DANIEL DE SOTO - MARINA LAVANDEIRA, 2 - 83489 - ANEXO 1.pdf
2024-01-30	691073	PRESUPUESTOS FIRMADOS/via complutense 24 y diego de torres 8 alcala subvenciones.pdf
2024-01-30	80556	PRESUPUESTOS FIRMADOS/camarena 200 madrid ascensor pry y subvenciones.pdf
2024-01-30	147866	PRESUPUESTOS FIRMADOS/san anton 70 parla sate testeros y css.pdf
2024-01-30	62921	PRESUPUESTOS FIRMADOS/MENDIGUCHIA CARRICHE 27 LEGANES CODIGOS DE PEDIDO.JPG
2024-01-31	239329	PRESUPUESTOS FIRMADOS/huerta del bayo 13 madrid subvenciones.pdf
2024-01-31	1118747	PRESUPUESTOS FIRMADOS/DELICIAS 1 FUENLABRADA PRY ASC Y SUBVENCIONES.pdf
2024-02-01	1349146	PRESUPUESTOS FIRMADOS/seminario 24 LEGANES solo CSS FIRMADO.pdf
2024-02-01	270573	PRESUPUESTOS FIRMADOS/BALEARES 8 LEGANES CODIGOS DE PEDIDO ARQUITECTO.pdf
2024-02-02	468058	PRESUPUESTOS FIRMADOS/cuesta de la virgen 6 mostoles subvenciones 02-02-2024.pdf
2024-02-09	332215	PRESUPUESTOS FIRMADOS/jose maria pereda 43 madrid proyecto css y subvenciones.pdf
2025-05-06	1344163	PRESUPUESTOS FIRMADOS/plaza de la flor 6 leganes CSS 12-02-2024.pdf
2024-02-12	72797	PRESUPUESTOS FIRMADOS/valencia 10 getafe subvenciones 12-02-2024.pdf
2024-02-12	69887	PRESUPUESTOS FIRMADOS/aragon 14 getafe subvenciones 12-02-2024.pdf
2024-02-12	72294	PRESUPUESTOS FIRMADOS/angeles 6 getafe subvenciones 12-02-2024.pdf
2024-02-13	566841	PRESUPUESTOS FIRMADOS/no vale - pradolonguillo 6 madrid SUBVENCION fijo pry externo falta num cuenta.pdf
2024-02-13	416791	PRESUPUESTOS FIRMADOS/no vale - andalucia 9 9b 11 valdemoro subvenciones 12-02-2024 plataformas.PDF
2024-02-14	208134	PRESUPUESTOS FIRMADOS/ALBUFERA 250 MADRID  IEE FIRMADO corregido.pdf
2024-02-14	206021	PRESUPUESTOS FIRMADOS/AV ALBUFERA 250 MADRID proyecto firmado corregido.pdf
2024-02-14	270272	PRESUPUESTOS FIRMADOS/CUESTA DE LA VIRGEN 6 MOSTOLES CODIGOS DE PEDIDO ARQUITECTO.pdf
2024-02-14	222816	PRESUPUESTOS FIRMADOS/padilla 4 mostoles subvenciones 08-09-2023.pdf
2024-02-14	76954	PRESUPUESTOS FIRMADOS/ENCISO 1 MADRID ASCENSOR nueva solucion 01-02-2024.pdf
2024-02-14	239605	PRESUPUESTOS FIRMADOS/aceuchal 18 madrid PRY+CSS 12-02-2024.pdf
2024-02-14	49226	PRESUPUESTOS FIRMADOS/villa de talence 2 alcala ascensor 13-02-2024.pdf
2024-02-14	929861	PRESUPUESTOS FIRMADOS/ALFONSO XII 4 MOSTOLES ASCENSOR 16-01-2024.pdf
2024-02-14	195822	PRESUPUESTOS FIRMADOS/VALENTINA GARCIA LOPEZ, 1 AJALVIR CODIGOS DE PEDIDO ARQUITECTO 09-03-2022.pdf
2024-02-14	195810	PRESUPUESTOS FIRMADOS/VALENTINA GARCIA LOPEZ, 3 AJALVIR CODIGOS DE PEDIDO ARQUITECTO 09-03-2022.pdf
2024-02-14	608413	PRESUPUESTOS FIRMADOS/LUIS VIVES 11 ALCALA pry y css fain 25-04-2023.pdf
2024-02-14	187510	PRESUPUESTOS FIRMADOS/MUELLE, 6 ALCALÁ DE HENARES CODIGOS DE PEDIDO ARQUITECTO 09-03-2022.pdf
2024-02-14	201288	PRESUPUESTOS FIRMADOS/CIUDADES 1 PARLA CODIGOS DE PEDIDO ARQUITECTO 31-01-2022.pdf
2024-02-16	1894886	PRESUPUESTOS FIRMADOS/castilla la nueva 40 fuenlabrada RAMPA PRY+DF.pdf
2024-02-21	438403	PRESUPUESTOS FIRMADOS/palermo 7 torrejon 13-07-2023 pry css y subv.pdf
2024-02-23	701394	PRESUPUESTOS FIRMADOS/CASTILLA LA VIEJA 8 FUENLABRADA SATE Y NEXT GEN.pdf
2024-02-27	130159	PRESUPUESTOS FIRMADOS/virgen de iciar 17 alcorcon sate y ng 27-02-2024.pdf
2024-02-27	319324	PRESUPUESTOS FIRMADOS/FAISANES 25 ARANJUEZ CODIGOS DE PEDIDO.pdf
2024-02-27	79536	PRESUPUESTOS FIRMADOS/virgen de iciar 15 esc 4 alcorcon IEE 08-02-2024.pdf
2024-02-28	118298	PRESUPUESTOS FIRMADOS/sierra de contraviesa 38-40 madrid 07-11-2023 next generation.pdf
2024-02-28	79375	PRESUPUESTOS FIRMADOS/nuestra señora de los angeles 4 leganes sate y ng 28-02-2024.pdf
2024-02-28	209706	PRESUPUESTOS FIRMADOS/RECONQUISTA 6 PORTAL G TOLEDO asc fain 27-02-2024.pdf
2024-02-29	197566	PRESUPUESTOS FIRMADOS/FLORIDA 32 ARANJUEZ SUBVENCIONES 28-02-2024.pdf
2024-02-29	193	PRESUPUESTOS FIRMADOS/COBRE 18 TORREJON DE ARDOZ SATE Y NG.gdoc
2024-03-01	161675	PRESUPUESTOS FIRMADOS/nuestra señora de los angeles, 12 y 14 fuenlabrada mail 15-07-2022.pdf
2024-03-01	572678	PRESUPUESTOS FIRMADOS/ampurdan 12 leganes CSS..pdf
2024-03-04	192480	PRESUPUESTOS FIRMADOS/HUERTA DE CASTAÑEDA 13 MADRID ascensor.pdf
2024-03-04	144735	PRESUPUESTOS FIRMADOS/pelayos 11 fuenlabrada css codigos de pedido.pdf
2024-03-05	204546	PRESUPUESTOS FIRMADOS/RIBADUMIA 4 MADRID CODIGOS PEDIDO REHACER PROYECTO 04-03-2024.pdf
2024-03-05	575197	PRESUPUESTOS FIRMADOS/ANGELES 14 FUENLABRADA CSS firmado copia 2.pdf
2024-03-05	133314	PRESUPUESTOS FIRMADOS/guadalajara 3 alcorcon asc y rampa PRY+CSS 01-12-2023.pdf
2024-03-06	442687	PRESUPUESTOS FIRMADOS/MOSTOLES 3 PORTAL 7 FUENLABRADA SATE Y NG.pdf
2024-03-12	343890	PRESUPUESTOS FIRMADOS/santo domingo de guzman 5 colmenar PROYECTO, DO y CSS fain.docx_signed.pdf
2024-03-13	488421	PRESUPUESTOS FIRMADOS/faisanes 25 aranjuez subvenciones 29-02-2024.pdf
2024-03-14	914045	PRESUPUESTOS FIRMADOS/argentina 20 fuenlabrada sate ng y subvenciones 14-03-2024.pdf
2024-03-19	333373	PRESUPUESTOS FIRMADOS/andalucia 10 fuenlabrada css 15-03-2024.pdf
2024-03-20	178464	PRESUPUESTOS FIRMADOS/CARRETAS 15 MADRID SOLO DF 20-03-2024.pdf
2024-03-20	328768	PRESUPUESTOS FIRMADOS/nuestra señora de la macarena 9 leganes proyecto ascensor 23-01-2024.pdf
2024-03-21	609715	PRESUPUESTOS FIRMADOS/pradolonguillo 6 madrid SUBVENCION fijo pry externo 1.pdf
2024-03-21	1993880	PRESUPUESTOS FIRMADOS/reconquista 6 portal g toledo SUBVENCION 20-03-2024.pdf
2024-04-01	63620	PRESUPUESTOS FIRMADOS/polvoranca 23 fuenlabrada 02-11-2022 subvenciones.pdf
2024-04-02	200934	PRESUPUESTOS FIRMADOS/FLORIDA 32 ARANJUEZ - CODIGOS DE PEDIDO 02-04-2024.pdf
2024-04-04	239243	PRESUPUESTOS FIRMADOS/HERNAN CORTES 13 ALCALA SATE NG Y ASC 04-04-2024.pdf
2024-04-04	62956	PRESUPUESTOS FIRMADOS/ampurdan 10 leganes sate ng 22-03-2024.pdf
2024-04-04	63686	PRESUPUESTOS FIRMADOS/ERAS 9 FUENLABRADA PROYECTO Y CSS 07-03-2022.pdf
2024-04-04	439918	PRESUPUESTOS FIRMADOS/torrejon 9 fuenlabrada subvenciones 26-03-2024.pdf
2024-04-04	408489	PRESUPUESTOS FIRMADOS/TORREJON 9 FUENLABRADA PRY 13-06-2023.pdf
2025-06-26	209687	PRESUPUESTOS FIRMADOS/CASTILLEJOS 23 FUENLABRADA CODIGOS DE PEDIDO 04-04-2024.pdf
2024-04-09	191869	PRESUPUESTOS FIRMADOS/FATIMA 6 FUENLABRADA CODIGOS DE PEDIDO ARQUITECTO 11-04-2023.pdf
2024-04-09	503251	PRESUPUESTOS FIRMADOS/PLAZA HERNAN CORTES 6 LEGANES SOLO IEE 25-03-2024.pdf
2024-04-09	1144160	PRESUPUESTOS FIRMADOS/encomienda de palacios 318 madrid subvenciones 02-04-2024.pdf
2024-04-10	380751	PRESUPUESTOS FIRMADOS/MOSTOLES 3 PORTAL 2 FUENLABRADA subvenciones accesibilidad 09-04-2024 .pdf
2024-04-10	226958	PRESUPUESTOS FIRMADOS/FATIMA 6 FUENLABRADA CSS CODIGOS DE PEDIDO.pdf
2024-04-10	238704	PRESUPUESTOS FIRMADOS/pedro fernandez labrada 3 escalera 2 madrid PRY+CSS (1) (1).pdf
2024-04-16	175945	PRESUPUESTOS FIRMADOS/JOAQUIN IBARRA 37 MADRID CODIGOS DE PEDIDO ARQUITECTO.pdf
2024-04-25	346993	PRESUPUESTOS FIRMADOS/av zarauz 29 san fernando de henares plataforma 24-04-2024.pdf
2024-04-25	344979	PRESUPUESTOS FIRMADOS/montejurra 31 madrid plataforma 24-04-2024.pdf
2024-04-26	78844	PRESUPUESTOS FIRMADOS/Enciso 1 Madrid STATUS SUBVENCIONES 26-04-2024.pdf
2024-05-07	243198	PRESUPUESTOS FIRMADOS/austria 8 fuenlabrada css.pdf
2024-05-09	128143	PRESUPUESTOS FIRMADOS/cuesta de las perdices 33 y 37 aranjuez codigos de pedido.pdf
2024-05-13	249505	PRESUPUESTOS FIRMADOS/avenida sierra 5 san sebastian de los reyes ascensor PRY+CSS.pdf
2024-05-13	1085716	PRESUPUESTOS FIRMADOS/AV CARDENAL HERRERA ORIA 283 MADRID FIRMADO.pdf
2024-05-14	59875	PRESUPUESTOS FIRMADOS/HUERTA DE CASTAÑEDA 26 MADRID PRY ASCENSOR.pdf
2024-05-14	189237	PRESUPUESTOS FIRMADOS/CAÑADA 46 MADRID CODIGOS DE PEDIDO ARQUITECTO.pdf
2024-05-14	68331	PRESUPUESTOS FIRMADOS/PRINCESA 12 ALCORCON SOLO IEE 14-05-2024.pdf
2024-05-14	67192	PRESUPUESTOS FIRMADOS/JABONERIA 36 ALCORCON SOLO IEE 14-05-2024.pdf
2024-05-16	286329	PRESUPUESTOS FIRMADOS/ETRURIA 26-28 LUCANO 65 MADRID RENOVACION SUBVENCIONES 16-05-2024.pdf
2024-05-17	631927	PRESUPUESTOS FIRMADOS/VILLASANDINO 10 MADRID PROYECTO Y SUBVENCIONES FIRMADO 17-05-2024.pdf
2024-05-17	325841	PRESUPUESTOS FIRMADOS/AMPURDAN 7 LEGANES SATE NG 17-05-2024.pdf
2024-05-17	373589	PRESUPUESTOS FIRMADOS/TURQUIA 22 FUENLABRADA SATE NG 17-05-2024.pdf
2024-05-20	387459	PRESUPUESTOS FIRMADOS/PALOMARES 75 77 79 MADRID GARAJES FIRMADO 16-05-2024.pdf
2024-05-20	218155	PRESUPUESTOS FIRMADOS/REAL 7 SAN SEBASTIAN DE LOS REYES schindler firmado 20-05-2024.pdf
2024-05-27	80027	PRESUPUESTOS FIRMADOS/valdemorillo 1 getafe subvenciones 27-05-2024.pdf
2024-05-27	65367	PRESUPUESTOS FIRMADOS/valdemorillo 1 getafe proyecto 27-05-2024.pdf
2024-05-27	496806	PRESUPUESTOS FIRMADOS/PARVILLAS ALTAS 12 MADRID RENOVACION SUBV 21-05-2024.pdf
2024-05-28	247859	PRESUPUESTOS FIRMADOS/EL GRECO 12 MEJORADA ascensor PRY+CSS 28-05-2024.pdf
2024-05-28	1073999	PRESUPUESTOS FIRMADOS/velez blanco 46 madrid CSS DF y subvenciones 28-05-2024.pdf
2024-05-28	309538	PRESUPUESTOS FIRMADOS/ALAVA 6 FUENLABRADA.pdf
2024-05-30	79839	PRESUPUESTOS FIRMADOS/ISTURIZ 11 MADRID BAJADA Y SUST 2 ASCENSORES 29-05-2024.pdf
2024-05-30	244676	PRESUPUESTOS FIRMADOS/san jose 9 fuenlabrada - sate 21-11-2022.pdf
2024-05-30	133615	PRESUPUESTOS FIRMADOS/Lago tiberiades 8 parla codigos pedido 23-07-2021.pdf
2024-05-31	2434471	PRESUPUESTOS FIRMADOS/AV AVIACION 91 AL 101 MADRID PLATAFORMAS.pdf
2024-06-03	161433	PRESUPUESTOS FIRMADOS/CARTAGENA 4 portal 4 ALCALÁ DE HENARES CODIGOS DE PEDIDO ARQUITECTO 02-11-2022.pdf
2024-06-04	572749	PRESUPUESTOS FIRMADOS/rabat 10 madrid ampliacion pericial 26-04-2024.pdf
2024-06-05	443450	PRESUPUESTOS FIRMADOS/ALVARO DE BAZAN 4 ALCALA SUBVENCIONES 30-06-2023_signed.pdf
2024-06-05	462316	PRESUPUESTOS FIRMADOS/COBRE 18 TORREJON DE ARDOZ 10-07-2023.pdf
2024-06-05	802285	PRESUPUESTOS FIRMADOS/ARMENTEROS 28 MADRID PEDIDO FAIN 16-09-2021.pdf
2024-06-05	236689	PRESUPUESTOS FIRMADOS/torrejon 12 torrejon de ardoz ascensor PRY+CSS.pdf
2024-06-07	378467	PRESUPUESTOS FIRMADOS/FELIPE CASTRO 5 MADRID ASC Y SUBV 06-06-2024.pdf
2024-06-07	56538	PRESUPUESTOS FIRMADOS/RIO TIETAR 1 ALCALA DE HENARES MEMORIA VALORADA 30-05-2024.pdf
2024-06-10	229055	PRESUPUESTOS FIRMADOS/HOJA ENCARGO andalucia 6 fuenlabrada CAMBIO TRAMITADOR NEXT GEN_signed.pdf
2024-06-10	229109	PRESUPUESTOS FIRMADOS/HOJA ENCARGO av estados 4 fuenlabrada CAMBIO TRAMITADOR NEXT GEN_signed.pdf
2024-06-10	229060	PRESUPUESTOS FIRMADOS/HOJA ENCARGO angeles 7 fuenlabrada CAMBIO TRAMITADOR NEXT GEN_signed.pdf
2024-06-10	229063	PRESUPUESTOS FIRMADOS/HOJA ENCARGO nazaret 32bis fuenlabrada CAMBIO TRAMITADOR NEXT GEN_signed.pdf
2024-06-11	555779	PRESUPUESTOS FIRMADOS/SAN GREGORIO 4 LEGANES PRY Y SUBVENCION 07-06-2024.pdf
2024-06-11	385783	PRESUPUESTOS FIRMADOS/chucuri 12 madrid didepro sate 10-06-2024 EN PAUSA.pdf
2024-06-11	160274	PRESUPUESTOS FIRMADOS/PUERTO DE ALAZORES 11 MADRID RENOV SUBV 11-06-2024.pdf
2024-06-12	1043648	PRESUPUESTOS FIRMADOS/COBRE 18 TORREJON DE ARDOZ 10-07-2023_v2.pdf
2024-06-13	112532	PRESUPUESTOS FIRMADOS/CALDERON DE LA BARCA 8 LEGANES SATE NG 12-06-2024.pdf
2024-06-14	43271	PRESUPUESTOS FIRMADOS/av aviacion 91-93-95-97-99-101 madrid subvenciones 13-06-2024.pdf
2024-06-18	358691	PRESUPUESTOS FIRMADOS/andalucia 6 fuenlabrada 18-06-2024.pdf
2024-06-18	352579	PRESUPUESTOS FIRMADOS/av estados 4 fuenlabrada 18-06-2024.pdf
2024-06-18	363395	PRESUPUESTOS FIRMADOS/angeles 7 fuenlabrada 18-06-2024.pdf
2024-06-18	201702	PRESUPUESTOS FIRMADOS/PERICIAL rabat 10 madrid 18-10-2023.pdf
2024-06-18	209880	PRESUPUESTOS FIRMADOS/RIO GUADALQUIVIR 3 PARLA solo CSS SATE_signed.pdf
2024-06-18	219522	PRESUPUESTOS FIRMADOS/pico de artilleros 39 madrid SOLO PRY 18-06-2024.pdf
2024-06-25	789006	PRESUPUESTOS FIRMADOS/islas britanicas 26 FUENLABRADA 31-01-2023.pdf
2024-06-25	650131	PRESUPUESTOS FIRMADOS/Islas Britanicas 26 Fuenlabrada subvenciones 08-06-2023.pdf
2024-06-25	179185	PRESUPUESTOS FIRMADOS/PUERTO DE ALAZORES 11 MADRID CODIGOS DE PEDIDO ARQUITECTO 04-10-2022.pdf
2024-06-25	159064	PRESUPUESTOS FIRMADOS/ENCOMIENDA DE PALACIOS 49 MADRID CODIGOS DE PEDIDO ARQUITECTO 04-04-2022.pdf
2024-06-25	152574	PRESUPUESTOS FIRMADOS/ETRURIA 26-28 Y LUCANO 65 MADRID CODIGOS DE PEDIDO ARQUITECTO 1 14-04-2021.pdf
2024-06-25	153059	PRESUPUESTOS FIRMADOS/ETRURIA, 26-28 Y LUCANO, 65 MADRID CODIGOS DE PEDIDO 3.pdf
2024-06-25	152809	PRESUPUESTOS FIRMADOS/ETRURIA, 26-28 Y LUCANO, 65 MADRID CODIGOS DE PEDIDO ARQUITECTO 2.pdf
2024-06-26	82696	PRESUPUESTOS FIRMADOS/azcona 5 eraso 6 ardemans 9 madrid plataformas 26-06-2024.pdf
2024-06-28	338427	PRESUPUESTOS FIRMADOS/CANARIAS 8 FUENLABRADA ACCESIBILIDAD 28-06-2024.pdf
2024-06-28	57092	PRESUPUESTOS FIRMADOS/PLAZA PARIS 6 FUENLABRADA PROYECTO Y CSS 28-11-2023.pdf
2024-06-28	73663	PRESUPUESTOS FIRMADOS/PLAZA PARIS 6 FUENLABRADA SUBVENCIONES 28-11-2023.pdf
2024-07-01	456282	PRESUPUESTOS FIRMADOS/san clemente 2 leganes codigos pedido arquitecto 23-06-2022.pdf
2024-07-01	1244174	PRESUPUESTOS FIRMADOS/SAN ROQUE 18 GUADALAJARA 29-03-2023.pdf
2024-07-01	229131	PRESUPUESTOS FIRMADOS/HOJA DE ENCARGO san roque 18 guadalajara NEXT GEN PRG 3 Y 5 15-12-2023.pdf
2024-07-02	2105048	PRESUPUESTOS FIRMADOS/castilla 13 pinto sate ng y caes firmado 28-06-2024.pdf
2024-07-05	158898	PRESUPUESTOS FIRMADOS/COVADONGA 18 LEGANES SATE NG 05-07-2024.pdf
2024-07-08	704207	PRESUPUESTOS FIRMADOS/SAAVEDRA FAJARDO 2 LEGANES SATE NG 08-07-2024.pdf
2024-07-12	444981	PRESUPUESTOS FIRMADOS/MONTEJURRA 25 MADRID SUBVENCIONES 12-07-2024.pdf
2024-07-15	135151	PRESUPUESTOS FIRMADOS/GALICIA 2 LEGANES CODIGOS DE PEDIDO ARQUITECTO 13-04-2021.pdf
2024-07-16	193730	PRESUPUESTOS FIRMADOS/SAN ANDRES 1 FUENLABRADA CSS CODIGOS PEDIDO 16-07-2024.pdf
2024-07-17	127138	PRESUPUESTOS FIRMADOS/BARRIONUEVO 6 LEGANES SOLO CONSULTA ASCENSOR 17-07-2024.pdf
2024-07-17	645023	PRESUPUESTOS FIRMADOS/RIBOTA 11 MADRID MV CUBIERTA 16-07-2024.pdf
2024-07-19	361060	PRESUPUESTOS FIRMADOS/COVADONGA 22 LEGANES subvencion firmada 24-07-2023.pdf
2024-07-19	837361	PRESUPUESTOS FIRMADOS/paseo olimpo 16 fuenlabrada firmado 19-07-2024.pdf
2024-07-19	336967	PRESUPUESTOS FIRMADOS/FRANCIA 50 FUENLABRADA RENOV SUBVENCIONES 19-07-2024.pdf
2024-07-22	137657	PRESUPUESTOS FIRMADOS/GALICIA 2 LEGANES IEE 20-07-2020.pdf
2024-07-22	866829	PRESUPUESTOS FIRMADOS/FRANCIA 7 FUENLABRADA RAMPA Y SUBVENCIONES 22-07-2024.pdf
2024-07-23	474488	PRESUPUESTOS FIRMADOS/animas 3 leganes solo iee 22-07-2024.pdf
2024-07-23	72890	PRESUPUESTOS FIRMADOS/blas cabrera 137 madrid bajada a cota cero 23-07-2024.pdf
2024-07-23	73428	PRESUPUESTOS FIRMADOS/camarena 157-159 madrid bajada a cota cero 23-07-2024.pdf
2024-07-29	476096	PRESUPUESTOS FIRMADOS/DOMINGO PARRAGA 62 MADRID ASCENSOR 29-07-2024.PDF
2024-07-29	185774	PRESUPUESTOS FIRMADOS/EZEQUIEL SOLANA 97 MADRID iberlean 29-07-2024.pdf
2024-07-29	475512	PRESUPUESTOS FIRMADOS/AV RAFAELA YBARRA 33 MADRID ASCENSOR Y PLATAFORMA 29-07-2024.pdf
2024-07-30	588766	PRESUPUESTOS FIRMADOS/LEGANES 14 FUENLABRADA PRY Y SUBVENCIONES 26-07-2024.pdf
2024-07-30	417718	PRESUPUESTOS FIRMADOS/BLAS CABRERA 137 MADRID SUBVENCIONES 30-07-2024.pdf
2024-07-31	66439	PRESUPUESTOS FIRMADOS/garcia llamas 43 madrid 31-07-2024.pdf
2024-07-31	615896	PRESUPUESTOS FIRMADOS/san jose 9 fuenlabrada css 31-07-2024.pdf
2024-08-20	788614	PRESUPUESTOS FIRMADOS/NUESTRA SEÑORA DE LA MACARENA 7 LEGANES SATE Y SUBV Y CAES 08-08-2024.pdf
2024-08-20	434476	PRESUPUESTOS FIRMADOS/QUINTANA 9 MADRID MODIF ASC AÑADIR PARADA 02-08-2024.PDF
2024-08-21	424417	PRESUPUESTOS FIRMADOS/MARQUESA DE SILVELA 11 MADRID ASCENSOR 20-08-2024.PDF
2024-08-21	577556	PRESUPUESTOS FIRMADOS/HOJA DE ENCARGO SAHARA 83 MADRID 01-02-2023 no firmado pero válido.docx
2024-08-27	134905	PRESUPUESTOS FIRMADOS/MIGUEL DE LA ROCA 18 MADRID SUBVENCIONES 04-06-2021 NO FIRMADO PERO VALIDO.pdf
2024-08-27	159135	PRESUPUESTOS FIRMADOS/NUESTRA SEÑORA ESPERANZA 3 LEGANES CODIGOS PEDIDO 01-07-2022.pdf
2024-08-28	217667	PRESUPUESTOS FIRMADOS/INFANTAS 9 ALCORCON SCHINDLER PRY DF Y CSS 28-08-2024.pdf
2024-08-28	157531	PRESUPUESTOS FIRMADOS/GLORIETA DE TAMARINDO 4 ARANJUEZ CODIGOS DE PEDIDO 28-04-2022.pdf
2024-08-28	159639	PRESUPUESTOS FIRMADOS/VIRGEN DE LAS NIEVES 40 ARANJUEZ CODIGOS DE PEDIDO 28-04-2022.pdf
2024-08-28	131083	PRESUPUESTOS FIRMADOS/AERONAVE 33 MADRID CODIGOS DE PEDIDO 05-10-2020.pdf
2024-08-28	196741	PRESUPUESTOS FIRMADOS/EMILIO CASTELAR 4 ALCALA DE HENARES 20-09-2021 1000 EUR.pdf
2024-08-28	120662	PRESUPUESTOS FIRMADOS/FRAY JUAN GIL 3 ALCALA DE HENARES SOLICITUD 10-01-2022.pdf
2024-08-28	102242	PRESUPUESTOS FIRMADOS/VIRGEN DEL VAL 47 ALCALA MEMORIA 11-05-2022.pdf
2024-08-28	52020	PRESUPUESTOS FIRMADOS/VIRGEN DEL VAL 47 ALCALA SCHINDLER ORDEN DE COMPRA 1 01-09-2022.pdf
2024-08-28	52020	PRESUPUESTOS FIRMADOS/VIRGEN DEL VAL 47 ALCALA SCHINDLER ORDEN DE COMPRA 2 01-09-2022.pdf
2024-08-29	265736	PRESUPUESTOS FIRMADOS/SANTA TERESA 8 ALCALA ADJUDICACION PROYECTO 24-12-2020.pdf
2024-08-29	191677	PRESUPUESTOS FIRMADOS/BELGRADO 3 TORREJON DE ARDOZ CODIGOS DE ARQUITECTO 15-07-2021.pdf
2024-08-29	137898	PRESUPUESTOS FIRMADOS/LIBERTAD 3 SAN FERNANDO DE HENARES CODIGOS PEDIDO 03-09-2020.pdf
2024-09-06	685366	PRESUPUESTOS FIRMADOS/iliada 39 madrid SUBVENCION fijo pry propio_Firmado 05-09-2024.pdf
2024-09-06	31682	PRESUPUESTOS FIRMADOS/iliada 39 madrid subvencion elecnor orden de compra 05-09-2024.pdf
2024-09-09	158272	PRESUPUESTOS FIRMADOS/AV CARABANCHEL ALTO 16 MADRID CODIGOS DE PEDIDO 02-09-2022.pdf
2024-09-09	173892	PRESUPUESTOS FIRMADOS/HOJA DE ENCARGO esteban collantes 26 madrid solo CSS (2).pdf
2024-09-09	157023	PRESUPUESTOS FIRMADOS/PLAZA PARIS 5 FUENLABRADA CODIGOS DE PEDIDO 05-04-2022.pdf
2024-09-09	150004	PRESUPUESTOS FIRMADOS/VIRGEN DEL CAMINO 4 LEGANÉS CODIGOS DE PEDIDO 03-12-2021.pdf
2024-09-10	21915	PRESUPUESTOS FIRMADOS/LATON 8 ARGANDA TETRAPAK ORDEN DE COMPRA 07-08-2024.pdf
2024-09-11	161216	PRESUPUESTOS FIRMADOS/BADAJOZ 20 ALCORCÓN CODIGOS DE ARQUITECTO 16-07-2021.pdf
2024-09-12	1144009	PRESUPUESTOS FIRMADOS/PLAZA PARVILLAS 1 MADRID ascensor + subv 18-05-2022.pdf
2024-09-12	161225	PRESUPUESTOS FIRMADOS/ITALIA 11 FUENLABRADA CSS 12-09-2024.pdf
2024-09-12	98696	PRESUPUESTOS FIRMADOS/MONSEÑOR OSCAR ROMERO 6 MADRID 12-09-2024.pdf
2024-09-13	175017	PRESUPUESTOS FIRMADOS/laton 8 arganda tetrapak informe refuerzo estructura torre 21-08-2024.pdf
2024-09-18	276196	PRESUPUESTOS FIRMADOS/ALEMANIA 6 FUENLABRADA FAIN 16-09-2024.pdf
2024-09-18	233274	PRESUPUESTOS FIRMADOS/ALEMANIA 11 FUENLABRADA CODIGOS DE PEDIDO CSS 08-05-2023.pdf
2024-09-25	236723	PRESUPUESTOS FIRMADOS/LAGO CONSTANZA 34 MADRID PRY+CSS+SUBV FIRMADO elecnor 25-09-2024.pdf
2024-09-30	310734	PRESUPUESTOS FIRMADOS/AV MADRID 42 SAN MARTIN DE VALDEIGLESIAS PRY_signed.pdf
2024-09-30	129240	PRESUPUESTOS FIRMADOS/BELVIS DE LA JARA 7 MADRID 30-09-2024.pdf
2024-09-30	225501	PRESUPUESTOS FIRMADOS/MOSTOLES 3 PORTAL 4  PROYECTO ASCENSOR 26-09-2024.pdf
2024-10-01	343380	PRESUPUESTOS FIRMADOS/alemania 6 fuenlabrada codigos de pedido 01-10-2024.pdf
2024-10-01	158129	PRESUPUESTOS FIRMADOS/PADILLA 4 MOSTOLES CODIGOS DE PEDIDO ARQUITECTO 14-02-2023.pdf
2024-10-02	217101	PRESUPUESTOS FIRMADOS/HOJA DE ENCARGO marques de corbera 36b madrid ANTIGUO PROYECTO DO + CSS no firmado pero valido.docx
2024-10-07	31594	PRESUPUESTOS FIRMADOS/sahara 83 madrid pedido fac 219-2024 elecnor Pedido_2024_219612.pdf
2024-10-08	157382	PRESUPUESTOS FIRMADOS/GUADARRAMA 26 MADRID CODIGOS DE PEDIDO ARQUITECTO 05-04-2022.pdf
2024-10-11	292890	PRESUPUESTOS FIRMADOS/paseo san illan 5 ascensor css y subvencion 14-09-2022.pdf
2024-10-11	227506	PRESUPUESTOS FIRMADOS/BADALONA 48 MADRID SUBVENCIONES RENOV 11-10-2024.pdf
2024-10-11	385345	PRESUPUESTOS FIRMADOS/madrid 38-40 humanes subvenciones 30-09-2024.pdf
2024-10-11	81621	PRESUPUESTOS FIRMADOS/SANTA BARBARA 20 TORRELAGUNA 11-10-2024.pdf
2024-10-14	2477413	PRESUPUESTOS FIRMADOS/MARIBLANCA 10 ARANJUEZ ascensor PRY+CSS 14-10-2024.pdf
2024-10-14	246314	PRESUPUESTOS FIRMADOS/ETNA 14 MADRID ascensor PRY+CSS 14-10-2024.pdf
2024-10-16	310833	PRESUPUESTOS FIRMADOS/ARGENTINA 20 FUENLABRADA CSS 15-10-2024.pdf
2024-10-17	225158	PRESUPUESTOS FIRMADOS/manresa 56 madrid renov subvenciones 15-10-2024.pdf
2024-10-17	156818	PRESUPUESTOS FIRMADOS/MANRESA 56 MADRID CODIGOS DE PEDIDO ARQUITECTO 29-09-2022.pdf
2024-10-17	152130	PRESUPUESTOS FIRMADOS/MANRESA 56 MADRID CODIGOS DE PEDIDO ARQUITECTO 18-04-2023.pdf
2024-10-18	470987	PRESUPUESTOS FIRMADOS/encomienda de palacios 49 madrid subvenciones 18-10-2024.pdf
2024-10-21	259941	PRESUPUESTOS FIRMADOS/belen 7 fuenlabrada css 21-10-2024.pdf
2024-10-21	230985	PRESUPUESTOS FIRMADOS/plaza Dos de Mayo 5 Mostoles css 21-10-2024.pdf
2024-10-21	57104	PRESUPUESTOS FIRMADOS/moral 2 alcala de henares plataforma schindler 21-10-2024.pdf
2024-10-28	293158	PRESUPUESTOS FIRMADOS/VALDERROBRES 37 MADRID SUBVENCIONES 28-10-2024.pdf
2024-10-28	289252	PRESUPUESTOS FIRMADOS/valdesangil 14 a 24 madrid subvenciones a exito pry externo 28-10-2024.pdf
2024-10-28	58303	PRESUPUESTOS FIRMADOS/maldonado 4 mostoles css 28-10-2024.pdf
2024-10-29	576282	PRESUPUESTOS FIRMADOS/VALDERROBRES 37 MADRID 29-10-2024.pdf
2024-10-31	68155	PRESUPUESTOS FIRMADOS/HUERTA DE CASTAÑEDA 13 MADRID IEE 30-10-2024.pdf
2024-10-31	248496	PRESUPUESTOS FIRMADOS/HOJA ENCARGO nuestra señora valvanera 106 madrid SUBVENCION ACCESIBILIDAD fdo.pdf
2024-10-31	288411	PRESUPUESTOS FIRMADOS/HOJA DE ENCARGO nuestra señora valvanera 106 madrid ASCENSOR + CSS fdo schindler.pdf
2024-10-31	316818	PRESUPUESTOS FIRMADOS/CAÑADA TOLEDANA 2 GRIÑON CSS 31-10-2024.pdf
2024-11-05	309647	PRESUPUESTOS FIRMADOS/general ricardos 92 madrid RENOVACION SUBV 05-11-2024.pdf
2024-11-05	483115	PRESUPUESTOS FIRMADOS/FERNANDEZ DE LOS RIOS 38 MADRID INFORME ESTRUCTURAL 05-11-2024.pdf
2024-11-06	184508	PRESUPUESTOS FIRMADOS/ALVARO BAZAN 4 ALCALA CODIGOS PEDIDO 10-07-2023.pdf
2024-11-06	416611	PRESUPUESTOS FIRMADOS/VILLAMANIN 37 MADRID RENOVACION SUBVENCIONES 06-11-2024 (2).pdf
2024-11-07	206542	PRESUPUESTOS FIRMADOS/nueva 2 boadilla del monte solo CSS 07-11-2024.pdf
2024-11-08	17098	PRESUPUESTOS FIRMADOS/OC PROYECTO 4543046613 CAMARENA 157-159.pdf
2024-11-08	17070	PRESUPUESTOS FIRMADOS/OC PROYECTO 4543046873 CAMARENA 157-159.pdf
2024-11-08	218661	PRESUPUESTOS FIRMADOS/TORRECILLA DEL LEAL 21 MADRID SUBVENCIONES 08-11-2024.pdf
2025-05-19	393846	PRESUPUESTOS FIRMADOS/VALDERROBRES 37 MADRID - codigos de pedido FAIN 3500 SIN CSS 11-11-2024.pdf
2024-11-12	39151	PRESUPUESTOS FIRMADOS/santa virgilia 20 madrid renov subv 11-11-2024.pdf
2024-11-13	804185	PRESUPUESTOS FIRMADOS/corral de cantos 19 madrid SATE 21-03-2022.pdf
2024-11-13	166984	PRESUPUESTOS FIRMADOS/CORRAL DE CANTOS 19 MADRID CODIGOS DE PEDIDO 28-10-2021.pdf
2024-11-13	156937	PRESUPUESTOS FIRMADOS/FUENTEBELLA 45 PARLA CODIGOS DE PEDIDO ARQUITECTO 19-05-2022.pdf
2024-11-13	54116	PRESUPUESTOS FIRMADOS/plaza concordia 1 alcobendas schindler bajada a cota cero 14-06-2023.pdf
2024-11-14	254558	PRESUPUESTOS FIRMADOS/DOS DE MAYO 5 MOSTOLES CSS CODIGOS DE PEDIDO 14-11-2024.pdf
2024-11-15	202584	PRESUPUESTOS FIRMADOS/Gandhi 21 madrid - Proyecto - mail con administrador 10-02-2023.pdf
2024-11-15	448119	PRESUPUESTOS FIRMADOS/av dos de mayo 73 mostoles subvenciones 15-11-2024.pdf
2024-11-18	247875	PRESUPUESTOS FIRMADOS/VALDERROBRES 37 MADRID CODIGOS DE PEDIDO 11-11-2024 ojo css es aparte.pdf
2024-11-21	77839	PRESUPUESTOS FIRMADOS/solsona 7 madrid pry df css e iee 21-11-2024.pdf
2024-11-21	209368	PRESUPUESTOS FIRMADOS/PARVILLAS ALTAS 27 MADRID CODIGOS DE PEDIDO ARQUITECTO 02-09-2022.pdf
2024-11-22	547022	PRESUPUESTOS FIRMADOS/RAFAEL FINAT 38 MADRID - FAIN 20-07-2023.pdf
2024-11-22	222602	PRESUPUESTOS FIRMADOS/ETRURIA, 26-28 Y LUCANO 65 MADRID codigos pedido cfo 22-11-2024.pdf
2024-11-22	350071	PRESUPUESTOS FIRMADOS/BUENOS AIRES 15 GETAFE 11-10-2023.pdf
2024-11-25	1654314	PRESUPUESTOS FIRMADOS/SANTA EDUVIGIS 7 MADRID PRY Y SUBVENCIONES 19-11-2024.pdf
2025-06-12	26100	PRESUPUESTOS FIRMADOS/schindler infantas 9 alcorcon oc schindler pry df y css.pdf
2024-11-25	735776	PRESUPUESTOS FIRMADOS/avila 3 alcorcon pry 25-11-2024.pdf
2024-11-25	320096	PRESUPUESTOS FIRMADOS/santa tecla 46 madrid subvenciones 04-05-2023.pdf
2024-11-25	25931	PRESUPUESTOS FIRMADOS/schindler ricardo ortiz 96 madrid orden de compra 25-11-2024.pdf
2024-11-26	447154	PRESUPUESTOS FIRMADOS/marques de la valdavia 76 alcobendas css 26-11-2024.jpg
2024-11-26	182498	PRESUPUESTOS FIRMADOS/TRAVESIA ISABEL II PARLA CSS 14-09-2023 CODIGOS DE PEDIDO.pdf
2024-11-26	380153	PRESUPUESTOS FIRMADOS/natalio tortuero 6 azuqueca de henares proyecto y subvencion 28-11-2022.pdf
2024-11-27	82424	PRESUPUESTOS FIRMADOS/PUERTO DE LA MORCUERA 11 MADRID - SUBV A EXITO 27-11-2024.pdf
2024-11-27	115536	PRESUPUESTOS FIRMADOS/PUERTO DE LA MORCUERA 11 MADRID PRY 6 ASC 27-11-2024.pdf
2024-12-02	411777	PRESUPUESTOS FIRMADOS/ARCOS DE JALON 68 MADRID CEGA 27-11-2024.PDF
2024-12-02	398332	PRESUPUESTOS FIRMADOS/Godella 237 madrid CEGA 29-11-2024.PDF
2024-12-03	57705	PRESUPUESTOS FIRMADOS/ricardo ortiz 96 madrid schindler 03-12-2024.pdf
2024-12-05	660476	PRESUPUESTOS FIRMADOS/ISABEL DE FARNESIO 6 BLOQUE 3 boadilla del monte 05-12-2024.pdf
2024-12-09	225084	PRESUPUESTOS FIRMADOS/HOJA DE ENCARGO CONSTITUCION 65 ALCOBENDAS 14-12-2021 no firmado pero valido.docx
2024-12-11	26150	PRESUPUESTOS FIRMADOS/schindler moral 2 alcala orden de compra.pdf
2024-12-11	177369	PRESUPUESTOS FIRMADOS/avelino fernandez de la poza 11 madrid PRY Y SUBV 11-12-2024.pdf
2024-12-11	408635	PRESUPUESTOS FIRMADOS/Encarnación del Pino 2 Madrid CEGA 11-12-2024.PDF
2024-12-13	185408	PRESUPUESTOS FIRMADOS/avelino fernandez de la poza 11 madrid PRY Y SUBV 11-12-2024 con pago fraccionado.pdf
2024-12-13	26205	PRESUPUESTOS FIRMADOS/av nuestra sra valvanera 106 madrid 1a m orden compra schindler purchaseOrder_3100424203_1731484681784.pdf
2024-12-13	26205	PRESUPUESTOS FIRMADOS/av nuestra sra valvanera 106 madrid 2a m orden compra schindler purchaseOrder_3100424204_1731484684004.pdf
2024-12-13	63123	PRESUPUESTOS FIRMADOS/arroyo de la media legua 27 madrid asc schindler 13-12-2024.pdf
2024-12-13	602603	PRESUPUESTOS FIRMADOS/VIRGEN DE ARANZAZU 23 MADRID PRY Y SUBV 13-12-2024 con addenda subv.pdf
2024-12-16	1348840	PRESUPUESTOS FIRMADOS/ALCALA DE GUADAIRA 41 MADRID PRY ASC 13-12-2024.pdf
2024-12-17	52785	PRESUPUESTOS FIRMADOS/av nuestra sra valvanera 106 madrid schindler orden compra subv 3100424188 .pdf
2024-12-17	52785	PRESUPUESTOS FIRMADOS/av nuestra sra valvanera 106 madrid schindler orden compra subv 3100424187 .pdf
2024-12-18	234707	PRESUPUESTOS FIRMADOS/BATALLA DE TORRIJOS 23 MADRID_Proyecto 13-12-2024.pdf
2024-12-18	274294	PRESUPUESTOS FIRMADOS/BATALLA DE TORRIJOS 23 MADRID_Subvencion 13-12-2024.pdf
2024-12-18	246428	PRESUPUESTOS FIRMADOS/HOJA ENCARGO CL DIARIO LA NACION 18 MADRID SUBVENCION ACCESIBILIDAD FDO SCHINDLER.pdf
2024-12-18	247919	PRESUPUESTOS FIRMADOS/HOJA ENCARGO CL DIARIO LA NACION 20 MADRID SUBVENCION ACCESIBILIDAD FDO.pdf
2025-12-11	212147	PRESUPUESTOS FIRMADOS/PUERTO DE MONASTERIO 20 MADRID CODIGOS DE PEDIDO ARQUITECTO 08-05-2023.pdf
2024-12-19	291151	PRESUPUESTOS FIRMADOS/moral 2 alcala de henares subvenciones 19-12-2024.pdf
2024-12-20	256873	PRESUPUESTOS FIRMADOS/FELIPE CASTRO 6 MADRID PROYECTO 20-12-2024.pdf
2024-12-20	265978	PRESUPUESTOS FIRMADOS/FELIPE CASTRO 6 MADRID SUBVENCION 20-12-2024.pdf
2025-01-02	209399	PRESUPUESTOS FIRMADOS/HOJA DE ENCARGO AV DR MARTIN VEGUE 22 LEGANES SUBVENCION_signed.pdf
2025-01-02	52785	PRESUPUESTOS FIRMADOS/schindler OC arroyo de la media legua 27 madrid.pdf
2025-01-03	148075	PRESUPUESTOS FIRMADOS/GINZO DE LIMIA 55 MADRID calculo estructural 03-01-2025.pdf
2025-01-07	164952	PRESUPUESTOS FIRMADOS/GINZO DE LIMIA 55 MADRID CODIGOS DE PEDIDO.pdf
2025-01-07	342168	PRESUPUESTOS FIRMADOS/GINZO DE LIMIA 55 MADRID INSTRUCCIONES FAIN FACTURAS A 04-01-2025.pdf
2025-01-07	1464255	PRESUPUESTOS FIRMADOS/CONDES DE BARCELONA 6 MADRID SUBVENCIONES 03-01-2025.pdf
2025-01-07	1445265	PRESUPUESTOS FIRMADOS/ALTAMIRANO 48 MADRID SUBVENCIONES 03-01-2025.pdf
2025-01-10	515953	PRESUPUESTOS FIRMADOS/BRUNETE 3 FUENLABRADA PRY 23-12-2024.pdf
2025-01-10	482007	PRESUPUESTOS FIRMADOS/BRUNETE 3 FUENLABRADA SUBV A EXITO 23-12-2024.pdf
2025-01-10	91879	PRESUPUESTOS FIRMADOS/JOSUE LILLO 5 MADRID 17-12-2024 (2).pdf
2025-01-13	79051	PRESUPUESTOS FIRMADOS/venancio martin 48 madrid 23-12-2024.pdf
2025-01-16	246855	PRESUPUESTOS FIRMADOS/paular 5 fuenlabrada css codigos de pedido.pdf
2025-01-16	1226191	PRESUPUESTOS FIRMADOS/CASTILLA LA NUEVA 33 FUENLABRADA 13-01-2025.pdf
2025-01-16	285153	PRESUPUESTOS FIRMADOS/COVADONGA 22 LEGANES -  RENOVACION SUBVENCIONES 15-01-2025.pdf
2025-01-23	52020	PRESUPUESTOS FIRMADOS/OC schindler diario la nacion 18-20 madrid SUBVENCIONES.pdf
2025-01-23	528534	PRESUPUESTOS FIRMADOS/ARCOS DE JALON 68 MADRID - cega SUBVENCION 17-01-2025.PDF
2025-01-23	524462	PRESUPUESTOS FIRMADOS/GODELLA 237 MADRID - cega SUBVENCION 17-01-2025.PDF
2025-01-24	74826	PRESUPUESTOS FIRMADOS/ARROYO 1 TORREJON DE ARDOZ ACCESIBILIDAD 24-01-2025.pdf
2025-01-27	1498424	PRESUPUESTOS FIRMADOS/altea 7 madrid sin cuenta 08-01-2024.pdf
2025-01-28	209936	PRESUPUESTOS FIRMADOS/ESTADOS 1 FUENLABRADA CODIGOS DE PEDIDO ARQUITECTO 05-04-2022.pdf
2025-01-28	259085	PRESUPUESTOS FIRMADOS/REINA 5 MADRID CODIGOS DE PEDIDO ARQUITECTO 15-12-2022.pdf
2025-01-29	205011	PRESUPUESTOS FIRMADOS/plaza villa de talence 2 alcala de henares solo CSS 28-01-2025.pdf
2025-01-29	209495	PRESUPUESTOS FIRMADOS/RIOJANOS 4 MADRID CODIGOS DE PEDIDO ARQUITECTO 04-10-2022.pdf
2025-01-29	338683	PRESUPUESTOS FIRMADOS/MARTELL 28 MADRID ASCENSOR 29-01-2025.pdf
2025-01-30	137485	PRESUPUESTOS FIRMADOS/duque de sesto 22 madrid pry y css 30-01-2025.pdf
2025-01-30	127822	PRESUPUESTOS FIRMADOS/CASTILLO DE UCLES 53 MADRID SATE 30-01-2025.pdf
2025-01-30	656154	PRESUPUESTOS FIRMADOS/GERMAN PEREZ CARRASCO 54 MADRID RENOV SUBV 30-01-2025.PDF
2025-01-30	25960	PRESUPUESTOS FIRMADOS/villa de talence 2 alcala ascensor OC schindler 30-04-2024.pdf
2025-02-06	1372336	PRESUPUESTOS FIRMADOS/PEIRONCELY 40 MADRID SUBV CUBIERTA 30-01-2025.pdf
2025-02-06	190025	PRESUPUESTOS FIRMADOS/PUERTO DE LA BONAIGUA 46 MADRID PRY Y SUBV 06-02-2025.pdf
2025-02-07	914331	PRESUPUESTOS FIRMADOS/FRANCIA 5 FUENLABRADA ACCESIBILIDAD Y SUBV 07-02-2025.pdf
2025-02-10	62525	PRESUPUESTOS FIRMADOS/arroyo de la media legua 27 madrid subvencion a exito 10-02-2025.pdf
2025-02-10	193	PRESUPUESTOS FIRMADOS/arroyo de la media legua 27 madrid subvencion a exito 10-02-2025.gdoc
2025-02-10	442712	PRESUPUESTOS FIRMADOS/AV PROVINCIAS 14 FUENLABRADA SATE SUBV A EXITO Y CAES 06-02-2025.pdf
2025-02-11	129016	PRESUPUESTOS FIRMADOS/castillo de ucles 53 madrid caes firmado 11-02-2025.pdf
2025-02-12	372178	PRESUPUESTOS FIRMADOS/no vale ESCUELAS PIAS 1 ALCALA DF Y CSS PRY EXTERNO 27-11-2024.pdf
2025-02-13	243155	PRESUPUESTOS FIRMADOS/VIRGEN DE LA OLIVA 49 MADRID SUBVENCIONES exito ASC Y SATE 13-02-2025.pdf
2025-02-13	171442	PRESUPUESTOS FIRMADOS/VALDECANILLAS 5 MADRID SUBVENCIONES 13-02-2025.pdf
2025-02-19	690001	PRESUPUESTOS FIRMADOS/av marques de corbera 30b madrid pry y subv 18-02-2025.pdf
2025-02-21	176472	PRESUPUESTOS FIRMADOS/PICO DE ARTILLEROS 39 MADRID HOJA DE ENCARGO SATE + SUBV 20-02-2025.pdf
2025-02-21	366836	PRESUPUESTOS FIRMADOS/AVDA DE LA MANCHA 15 LEGANES SATE 20-02-2025.pdf
2025-02-26	1328864	PRESUPUESTOS FIRMADOS/CARDENAL HERRERA ORIA 283 MADRID ASCENSOR CODIGOS DE PEDIDO ARQUITECTO 17-08-2023.pdf
2025-02-27	200944	PRESUPUESTOS FIRMADOS/GUADARRAMA 26 MADRID subvencion 25-05-2022.pdf
2025-02-27	308928	PRESUPUESTOS FIRMADOS/madrid 79 humanes ASCENSOR 14-06-2023.pdf
2025-02-27	157840	PRESUPUESTOS FIRMADOS/CADALSO DE LOS VIDRIOS, 2 - cardenal herrera oria 260 madrid MADRID CODIGOS DE PEDIDO ARQUITECTO 09-09-2022.pdf
2025-03-03	183641	PRESUPUESTOS FIRMADOS/COVADONGA 22 LEGANÉS CODIGOS DE PEDIDO ARQUITECTO 04-07-2023.pdf
2025-03-06	138089	PRESUPUESTOS FIRMADOS/AV COLMENAR VIEJO 18 SAN SEBASTIAN DE LOS REYES PRY Y SUBV 27-01-2025.PDF
2025-03-07	205389	PRESUPUESTOS FIRMADOS/BADALONA 48 MADRID CODIGOS DE PEDIDO ARQUITECTO 18-10-2023.pdf
2025-03-10	203725	PRESUPUESTOS FIRMADOS/RIO TORMES 1 MOSTOLES HE DF+CSS 07-03-2025 (1).pdf
2025-03-12	184250	PRESUPUESTOS FIRMADOS/SAN LUCIANO 7 MADRID HE ELEVADOR IBERLEAN 11-03-2025 (1).pdf
2025-05-26	77614	PRESUPUESTOS FIRMADOS/VALDEVARNES 4 MADRID ASCENSOR Y SUBVENCIONES (no iee) SCHINDLER 11-03-2025.pdf
2025-03-13	3028784	PRESUPUESTOS FIRMADOS/SANTA CRUZ DE MARCENADO 1 ESC C MADRID HE BAJADA ASC Y MODIF FOSO 13-03-2025.pdf
2025-03-13	52020	PRESUPUESTOS FIRMADOS/miraflores 12 alcobendas pry ascensor schindler oc 13-03-2025.pdf
2025-03-13	378180	PRESUPUESTOS FIRMADOS/miraflores 12 alcobendas ASCENSOR CSS Y SUBV 29-01-2025.pdf
2025-03-13	1285414	PRESUPUESTOS FIRMADOS/CACERES 30 ALCORCON SALVAESCALERAS FAIN 13-03-2025.pdf
2025-03-14	323535	PRESUPUESTOS FIRMADOS/AV PROVINCIAS 46 FUENLABRADA TRAMITACION DR 12-03-2025.pdf
2025-03-17	135008	PRESUPUESTOS FIRMADOS/severo ochoa 10 fuenlabrada ascensor fain 18-02-2025.pdf
2025-03-17	301050	PRESUPUESTOS FIRMADOS/SALVADOR DALI 6 PINTO RAMPA Y REMODELACION PORTAL 07-03-2025.pdf
2025-03-18	325572	PRESUPUESTOS FIRMADOS/CALVARIO 1 AZUQUECA MODIF PROYECTO 14-03-2025.pdf
2025-03-18	248796	PRESUPUESTOS FIRMADOS/AV CASTILLA 2-4-6 ALCALA DE HENARES SUBVENCION ACCESIBILIDAD 18-03-2025.pdf
2025-03-18	301923	PRESUPUESTOS FIRMADOS/av castilla 2-4-6 alcala accesib 3 ascensores 18-03-2025.pdf
2025-03-18	245622	PRESUPUESTOS FIRMADOS/SAN VICENTE 10 LEGANES CODIGOS DE PEDIDO ARQUITECTO 08-10-2020.pdf
2025-03-19	167707	PRESUPUESTOS FIRMADOS/NUESTRA SEÑORA DEL VILLAR 7 MADRID pry y subvenciones 27-10-2021.pdf
2025-03-19	488559	PRESUPUESTOS FIRMADOS/cañada 8 alcorcon tke 08-11-2017 (2).pdf
2025-03-20	477844	PRESUPUESTOS FIRMADOS/CASTILLA 20 LEGANES ASCENSOR CONSULTA Y LIC 19-03-2025.pdf
2026-01-09	184844	PRESUPUESTOS FIRMADOS/AV PRESIDENTE CARMONA 5D MADRID 21-03-2025  pry y df_FIRMADO(1).pdf
2025-03-26	520302	PRESUPUESTOS FIRMADOS/SAN LUCIANO 7 MADRID SOLO IEE 26-03-2025.pdf
2025-03-27	172651	PRESUPUESTOS FIRMADOS/ANGELES 12 FUENLABRADA CSS 08-03-2024.PDF
2025-05-29	927485	PRESUPUESTOS FIRMADOS/VIRGEN DE LA OLIVA 49 MADRID SATE Y ASCENSOR 17-01-2025.pdf
2025-03-28	84581	PRESUPUESTOS FIRMADOS/SANTA VIRGILIA 24 MADRID RENOV SUBV 28-03-2025.pdf
2025-03-28	356610	PRESUPUESTOS FIRMADOS/AV DEL OESTE 1-3 ALCORCON bajada a cota cero 26-03-2025.pdf
2025-04-01	113755	PRESUPUESTOS FIRMADOS/REAL VIEJA 8 SAN SEBASTIAN DE LOS REYES ASCENSOR Y SUBV 01-04-2025.pdf
2025-04-02	1634782	PRESUPUESTOS FIRMADOS/JUAN ANTONIO MAROTO 1 MADRID ASC Y SATE CON SUBV Y CAES 02-04-2025.pdf
2025-04-04	423004	PRESUPUESTOS FIRMADOS/plaza paular 1 madrid SUBVENCION ACCESIBILIDAD 01-04-2025.pdf
2025-04-04	217843	PRESUPUESTOS FIRMADOS/PLAZA PAULAR 1 MADRID solo DF Y CSS_signed 01-04-2025.pdf
2025-04-04	511295	PRESUPUESTOS FIRMADOS/plaza paular 2 madrid SUBVENCION ACCESIBILIDAD 01-04-2025.pdf
2025-04-04	216724	PRESUPUESTOS FIRMADOS/PLAZA PAULAR 2 MADRID solo DF Y CSS_signed 01-04-2025.pdf
2025-04-04	781863	PRESUPUESTOS FIRMADOS/PLAZA PAULAR 1 MADRID he ASCENSOR 01-04-2025.pdf
2025-04-04	768188	PRESUPUESTOS FIRMADOS/PLAZA PAULAR 2 MADRID he ASCENSOR 01-04-2025.pdf
2025-04-04	98120	PRESUPUESTOS FIRMADOS/BELVIS DE LA JARA 7 MADRID SUBVENCIONES 04-04-2025.pdf
2025-04-04	481738	PRESUPUESTOS FIRMADOS/VALDECANILLAS 5 MADRID DF Y CSS 16-01-2025.pdf
2025-04-08	180029	PRESUPUESTOS FIRMADOS/TORRECILLA DEL LEAL 21 MADRID ASCENSOR 11-10-2023.pdf
2025-04-08	833728	PRESUPUESTOS FIRMADOS/VILLAVICIOSA DE ODON 2 FUENLABRADA SUBV 02-08-2024.pdf
2025-04-09	1483024	PRESUPUESTOS FIRMADOS/PASEO DE PONTONES 29 MADRID ELEVADOR FAIN noelia morente 04-04-2025.pdf
2025-04-10	77442	PRESUPUESTOS FIRMADOS/FERIA 8 MADRID RENOV SUBV 08-04-2025.pdf
2025-04-10	290160	PRESUPUESTOS FIRMADOS/ALFONSO XII 18 MOSTOLES HE RAMPA FIRMADO 02-04-2025.docx (1).pdf
2025-04-11	310405	PRESUPUESTOS FIRMADOS/ALFONSO XII 16 MOSTOLES ASCENSOR Y SUBV 10-04-2025.pdf
2025-04-29	390233	PRESUPUESTOS FIRMADOS/JARAMA 24 ALCOBENDAS SUBVENCION 25-04-2025.pdf
2025-04-29	287805	PRESUPUESTOS FIRMADOS/JARAMA 24 ALCOBENDAS ASCENSOR 25-04-2025.pdf
2024-01-15	245678	PRESUPUESTOS FIRMADOS/HOJA ENCARGO MANCOMUNIDAD LOS CASTILLOS Y VIÑAGRANDE ALCORCON NEXT GEN CORREGIDA.pdf
2024-01-17	148937	PRESUPUESTOS FIRMADOS/HOJA ENCARGO modelo NEXT GENERATION desglose individual no enviado.pdf
2024-08-29	243933	PRESUPUESTOS FIRMADOS/mancomunidad av viñagrande y Los Castillos firmado (1).pdf
2025-04-01	480809	PRESUPUESTOS FIRMADOS/HOJA DE ENCARGO PLAZA PAULAR 1 MADRID.pdf
2025-04-01	511295	PRESUPUESTOS FIRMADOS/HOJA ENCARGO plaza del paular 2 madrid SUBVENCION ACCESIBILIDAD.docx.pdf
2025-04-01	467135	PRESUPUESTOS FIRMADOS/HOJA DE ENCARGO PLAZA PAULAR 2 MADRID.pdf
2025-05-07	79135	PRESUPUESTOS FIRMADOS/000033 PPTO SUBV calle Gomeznarro 233 madrid.pdf
2025-05-07	283254	PRESUPUESTOS FIRMADOS/PEZ 11 MADRID CODIGOS PEDIDO ARQUITECTO 02-09-2022.pdf
2025-05-12	274705	PRESUPUESTOS FIRMADOS/SAN MAXIMILIANO 23 MADRID CODIGOS DE PEDIDO ARQUITECTO 31-08-2021.pdf
2025-05-12	274705	PRESUPUESTOS FIRMADOS/SAN MAXIMILIANO 23 MADRID CODIGOS DE PEDIDO ARQUITECTO 31-08-2021 (1).pdf
2025-05-14	284261	PRESUPUESTOS FIRMADOS/AV ESPAÑA 27 GETAFE CODIGOS DE PEDIDO ARQUITECTO 19-05-2022.pdf
2025-05-19	76020	PRESUPUESTOS FIRMADOS/PEZ 11 MADRID RENOVACION SUBV 19-05-2025.pdf
2025-05-21	372378	PRESUPUESTOS FIRMADOS/PASEO SAN ANTONIO 4 FUENLABRADA SATE CON CAES 21-05-2025.pdf
2025-05-21	52275	PRESUPUESTOS FIRMADOS/miraflores 12 alcobendas schindler oc subvenciones 21-05-2025.pdf
2025-05-22	6530500	PRESUPUESTOS FIRMADOS/ELFO 76 MADRID SATE CON CAES 22-05-2025.pdf
2025-05-26	52275	PRESUPUESTOS FIRMADOS/VALDEVARNES 4 MADRID OC SCHINDLER 23-05-2025.pdf
2025-05-27	222220	PRESUPUESTOS FIRMADOS/VALDEVARNES 4 MADRID IEE 26-05-2025.pdf
2025-05-28	215549	PRESUPUESTOS FIRMADOS/VALDEVARNES 24 MADRID SOLO IEE 28-05-2025.pdf
2025-05-28	52275	PRESUPUESTOS FIRMADOS/CAMARENA 75 MADRID SCHINDLER OC 28-05-2025.pdf
2025-05-29	430890	PRESUPUESTOS FIRMADOS/CAMARENA 75 MADRID ASCENSOR SCHINDLER 28-05-2025.pdf
2025-05-29	106690	PRESUPUESTOS FIRMADOS/ODONNELL 35 MADRID PLATAFORMA Y ASCENSOR CSS SUBV 29-05-2025.pdf
2025-05-30	321109	PRESUPUESTOS FIRMADOS/CANARIAS 8 FUENLABRADA SUBV ACCESIB 29-05-2025.pdf
2025-05-30	283923	PRESUPUESTOS FIRMADOS/AV QUINTA 26 MADRID FAIN CODIGOS PEDIDO ARQUITECTO 28-06-2022.pdf
2025-06-02	312427	PRESUPUESTOS FIRMADOS/SANTA TECLA 46 MADRID CODIGOS DE PEDIDO ARQUITECTO fain 18-10-2022.pdf
2025-06-02	1273075	PRESUPUESTOS FIRMADOS/ALEMANIA 6 FUENLABRADA CSS 02-06-2025.docx.pdf
2025-06-02	214147	PRESUPUESTOS FIRMADOS/infantas 9 alcorcon SUBVENCION fijo pry propio 02-06-2025.pdf
2025-06-04	290627	PRESUPUESTOS FIRMADOS/CAMINO DE LOS VINATEROS 138 MADRID informe pericial 03-06-2025.pdf
2025-06-05	154665	PRESUPUESTOS FIRMADOS/ENCOMIENDA DE PALACIOS 320 MADRID ascensor PRY+CSS 04-06-2025.pdf
2025-06-05	154205	PRESUPUESTOS FIRMADOS/SIENA 55 MADRID ascensor PRY+CSS 04-06-2025.pdf
2025-06-05	205031	PRESUPUESTOS FIRMADOS/FRANCIA 7 FUENLABRADA CSS 05-06-2025.pdf
2025-06-05	52275	PRESUPUESTOS FIRMADOS/odonnell 35 madrid schindler oc 02-06-2025.pdf
2025-06-09	1027139	PRESUPUESTOS FIRMADOS/PASEO SANTA MARIA DE LA CABEZA 27 MADRID ACCESIBILIDAD PRY DF CSS Y SUBV 06-06-2025.pdf
2025-06-10	83689	PRESUPUESTOS FIRMADOS/ARROYO 1 TORREJON DE ARDOZ SUBVENCIONES 10-06-2025.pdf
2025-06-10	67547	PRESUPUESTOS FIRMADOS/CAÑADA 46 MADRID SUBVENCIONES RENOVACION 10-06-2025.pdf
2025-06-11	198233	PRESUPUESTOS FIRMADOS/DUQUE DE SESTO 22 MADRID SUBVENCIONES 10-06-2025.pdf
2025-06-12	81380	PRESUPUESTOS FIRMADOS/ENCISO 1 MADRID RENOV SUBVENCIONES 11-06-2025.pdf
2025-06-13	460967	PRESUPUESTOS FIRMADOS/VIRGEN DE LA OLIVA 47 MADRID SUBV PROY EXTERNO 12-06-2025.pdf
2025-06-13	137633	PRESUPUESTOS FIRMADOS/IMAGEN 32 MADRID SUBV EXTERNA 11-06-2025.pdf
2025-06-16	297431	PRESUPUESTOS FIRMADOS/LICENCIADO VIDRIERA 5 MADRID PRY DF CSS 12-06-2025.pdf
2025-06-16	78102	PRESUPUESTOS FIRMADOS/LICENCIADO VIDRIERA 5 MADRID SUBVENCIONES 12-06-2025.pdf
2025-06-16	95858	PRESUPUESTOS FIRMADOS/LICENCIADO VIDRIERA 5 MADRID ESTUDIO VIABILIDAD Y COSTES FIRMADO 12-06-2025.pdf
2025-06-18	730544	PRESUPUESTOS FIRMADOS/ALBERTO AGUILERA 68 MADRID SUBV EXTERNA A EXITO 17-06-2025.pdf
2025-06-18	745475	PRESUPUESTOS FIRMADOS/AMANIEL 34 MADRID SUBV EXTERNA A EXITO 17-06-2025.pdf
2025-06-17	1259850	PRESUPUESTOS FIRMADOS/PLATINO 36 MADRID SATE DF CSS SUBV con CAES 13-06-2025.pdf
2025-06-19	1848095	PRESUPUESTOS FIRMADOS/AV MARQUES DE CORBERA 32B MADRID PRY ASC CSS Y SUBV 19-06-2025.pdf
2025-06-20	1118841	PRESUPUESTOS FIRMADOS/ALHELI 6 LEGANES ASC DF CSS SUBV 19-06-2025.pdf
2025-06-23	744412	PRESUPUESTOS FIRMADOS/JARAMA 1 SS REYES PRY ASCENSOR DF Y SUBV 19-06-2025.pdf
2025-06-26	130161	PRESUPUESTOS FIRMADOS/ALBALATE DEL ARZOBISPO 5 MADRID SUBV 23-06-2025.pdf
2025-06-26	143107	PRESUPUESTOS FIRMADOS/ALFREDO CASTRO CAMBA 24 MADRID SUBV EXTERNO 23-06-2025.pdf
2025-06-26	326547	PRESUPUESTOS FIRMADOS/CORREGIDOR DIEGO CABEZA DE VACA 18 MADRID - ANULADO 26-06-25 - ASC DF CSS SUBVENCIONES 19-06-2025.pdf
2025-06-23	763757	PRESUPUESTOS FIRMADOS/SAN BASILIO 9 MADRID ASCENSOR Y SUBV 13-05-2025.pdf
2025-06-26	1445688	PRESUPUESTOS FIRMADOS/CASTILLEJOS 23 FUENLABRADA - 23-06-2025 - RENOVACION SUBV.pdf
2025-06-26	264038	PRESUPUESTOS FIRMADOS/POETA VILLAESPESA 2 PINTO asc df css subv 23-06-2025.pdf
2025-06-30	246832	PRESUPUESTOS FIRMADOS/RAFAEL CALVO 9 MADRID SUBVENCIONES GRATIS 30-06-2025.pdf
2025-06-30	140182	PRESUPUESTOS FIRMADOS/PEDRO LABORDE 58 MADRID SUBV EXTERNA 26-06-2025.pdf
2025-06-27	276108	PRESUPUESTOS FIRMADOS/PZ INMACULADA 6 LEGANES CSS 26-06-2025.pdf
2026-10-06	193	PRESUPUESTOS FIRMADOS/Encargos Firmados.gsheet
2025-07-01	253838	PRESUPUESTOS FIRMADOS/HERMANOS MACHADO 41 MADRID ACCESIB Y SUBV 30-06-2025.pdf
2025-07-01	381191	PRESUPUESTOS FIRMADOS/LLANOS DE ESCUDERO 8 MADRID ASCENSOR ROSERSESE 30-06-2025.pdf
2025-07-02	738316	PRESUPUESTOS FIRMADOS/RIO ARAGON 6 LEGANES SATE 02-07-2025.pdf
2025-07-03	131751	PRESUPUESTOS FIRMADOS/SIERRA DEL VALLE 52 MADRID SUBV EXTERNA 27-06-2025.pdf
2025-07-03	1622066	PRESUPUESTOS FIRMADOS/SONSOLES 4 LEGANES SATE Y CUBIERTA CEE 03-07-2025.pdf
2025-09-19	531632	PRESUPUESTOS FIRMADOS/SAN DAMASO 4 MADRID ASC Y SUBV 30-06-2025.pdf
2025-07-03	213537	PRESUPUESTOS FIRMADOS/ERAS 9 MADRID SUBVENCIONES GRATIS 03-07-2025.pdf
2025-07-03	140324	PRESUPUESTOS FIRMADOS/CASABERMEJA 2 MADRID SUBVENCION EXTERNA 30-06-2025.pdf
2025-07-04	423636	PRESUPUESTOS FIRMADOS/CENTENO 27 MADRID PRY SATE Y ASC + SUBV CON CESION CAES 04-07-2025.pdf
2025-07-07	133881	PRESUPUESTOS FIRMADOS/CARLOS MARTIN ALVAREZ 104 MADRID SUBV EXTERNA 07-07-2025.pdf
2025-07-07	139582	PRESUPUESTOS FIRMADOS/SIERRA DE MOLINA 11 MADRID SUBV EXTERNA 07-07-2025.pdf
2025-07-08	405138	PRESUPUESTOS FIRMADOS/HERNAN CORTES 13 ALCALA DE HENARES modif proyecto 30-06-2025.pdf
2025-07-08	210874	PRESUPUESTOS FIRMADOS/GALICIA 7 LEGANES ascensor FAIN 01-07-2025.pdf
2025-07-08	2301241	PRESUPUESTOS FIRMADOS/GUADALETE 6 MADRID DF CSS SUBV SATE CON CAES A EXITO 07-07-2025.pdf
2025-08-28	1585280	PRESUPUESTOS FIRMADOS/ANULADO VICENTE ALEIXANDRE 15 HUMANES DE MADRID SUBVENCIONES externo 24-06-2025.pdf
2025-07-10	405207	PRESUPUESTOS FIRMADOS/AV ALBUFERA 250 MADRID proyecto firmado corregido con nuevo num cuenta julio 2025.pdf
2025-07-11	1306234	PRESUPUESTOS FIRMADOS/BILBAO 1 ALCORCON SOLO IEE 07-07-2025.pdf
2025-07-10	145550	PRESUPUESTOS FIRMADOS/VIRGEN DE ICIAR 22 ALCORCON SOLO IEE 07-07-2025.pdf
2025-07-10	149067	PRESUPUESTOS FIRMADOS/AVILA 3 ALCORCON SOLO IEE 07-07-2025.pdf
2025-07-10	52275	PRESUPUESTOS FIRMADOS/POETA VILLAESPESA 2 PINTO SCHINDLER OC PRY Y SUBV.pdf
2025-07-10	146437	PRESUPUESTOS FIRMADOS/PRINCESA 25 ALCORCON SOLO IEE 07-07-2025.pdf
2025-07-10	234139	PRESUPUESTOS FIRMADOS/CAÑADA 22 ALCORCON ACCESIB PRY DF Y CSS 07-07-2025.pdf
2025-07-11	507302	PRESUPUESTOS FIRMADOS/VIDRIERIA 3 MADRID CEGA ASCENSOR Y SUBV 11-07-2025.PDF
2025-07-11	294682	PRESUPUESTOS FIRMADOS/SAN IGNACIO 6 ALCORCON ROSERSESE ASC Y CSS 11-07-2025.pdf
2025-07-11	460376	PRESUPUESTOS FIRMADOS/FRAY JOSE CERDEIRIÑA 66 MADRID CEGA ASCENSOR Y SUBV 11-07-2025.PDF
2025-07-11	487786	PRESUPUESTOS FIRMADOS/NUÑO GOMEZ 16 MADRID CEGA ASCENSOR Y SUBV 11-07-2025.PDF
2025-07-11	708581	PRESUPUESTOS FIRMADOS/PINGUINO 9 MADRID SAACO BROTHERS ASCENSOR CSS Y DF 11-07-2025.pdf
2025-07-11	3860205	PRESUPUESTOS FIRMADOS/GUANCHA 1 MADRID ASC DF CSS Y SUBV 08-07-2025.pdf
2025-07-15	433898	PRESUPUESTOS FIRMADOS/TORRECILLA DEL LEAL 21 MADRID CSS 14-07-2025.pdf
2025-07-15	128103	PRESUPUESTOS FIRMADOS/LOPEZ GRASS 42 MADRID SUBV EXTERNA 15-07-2025.pdf
2025-07-16	421952	PRESUPUESTOS FIRMADOS/MUELLE 6 ALCALA DE HENARES renov subv 16-07-2025.pdf
2025-07-17	441374	PRESUPUESTOS FIRMADOS/PONTEVEDRA 1 MOSTOLES rosersese asc df y css 16-07-2025.pdf
2025-07-17	285114	PRESUPUESTOS FIRMADOS/GALICIA 8 PINTO CODIGOS PEDIDO ARQUITECTO 08-06-2022.pdf
2025-07-23	1425497	PRESUPUESTOS FIRMADOS/PLAZA CASTAÑARES 2 MADRID ASC Y SUBV 08-07-2025.pdf
2025-07-22	316574	PRESUPUESTOS FIRMADOS/GONZALO CESPEDES 21 MADRID SATE 18-07-2025.pdf
2025-07-22	271370	PRESUPUESTOS FIRMADOS/RIBADUMIA 4 MADRID CODIGOS PEDIDO ASCENSOR 26-11-2020.pdf
2025-07-30	287358	PRESUPUESTOS FIRMADOS/PELAYOS 11 FUENLABRADA - SUBVENCION 28-07-2025.pdf
2025-07-30	320824	PRESUPUESTOS FIRMADOS/HACIENDA PAVONES 222 MADRID SATE+ASC+SUBV 24-07-2025 cobrar en octubre.pdf
2025-09-01	3967081	PRESUPUESTOS FIRMADOS/(250717)  Contrato SAN ROQUE 18 GUADALAJARA (Arquitectura Misión Completa + Next Gen) IBERDROLA_v.02_f.pdf
2025-07-29	363847	PRESUPUESTOS FIRMADOS/HONTANILLAS 2 SAN SEBASTIAN DE LOS REYES CONSULTA SCHINDLER 18-07-2025.pdf
2025-07-30	1721420	PRESUPUESTOS FIRMADOS/AV MANCHA 18 LEGANES SATE ROEN SIN DATOS FACTURACION 28-07-2025.pdf
2025-07-29	2427802	PRESUPUESTOS FIRMADOS/HACIENDA PAVONES 151 MADRID SATE + ASC + SUBV 24-07-2025.pdf
2025-07-29	332275	PRESUPUESTOS FIRMADOS/CAÑADA 8 MADRID SATE + SUBV + CESION CAES 24-07-2025.pdf
2025-07-31	294465	PRESUPUESTOS FIRMADOS/COLIBRI, 5 GETAFE CODIGOS DE PEDIDO ARQUITECTO 09-02-2022.pdf
2025-08-21	1330330	PRESUPUESTOS FIRMADOS/PASEO PONTONES 29 MADRID CSS FAIN 04-08-2025.pdf
2025-08-21	220034	PRESUPUESTOS FIRMADOS/VILLAMANIN 37 MADRID CSS 21-08-2025.pdf
2025-08-21	544916	PRESUPUESTOS FIRMADOS/MEJICO 39 COSLADA SATE SUBV Y CAES 31-07-2025.pdf
2025-08-22	262876	PRESUPUESTOS FIRMADOS/VALDEVERJA 31 MADRID CODIGOS DE PEDIDO 06-08-2025.pdf
2025-08-22	261701	PRESUPUESTOS FIRMADOS/GALICIA 7 LEGANES CODIGOS DE PEDIDO FAIN 01-07-2025.pdf
2025-08-22	326806	PRESUPUESTOS FIRMADOS/CP PASEO SAN ANTONIO 3 FUENLABRADA SUBVENCIONES 28-07-2025.pdf
2025-08-29	701632	PRESUPUESTOS FIRMADOS/PASEO GRANADA 2 FUENLABRADA bajada a cota cero 29-07-2025.pdf
2025-09-05	271857	PRESUPUESTOS FIRMADOS/MONTEJURRA 33 MADRID PRY SALVAESCALERAS_signed 01-09-2025.pdf
2025-09-08	379565	PRESUPUESTOS FIRMADOS/JESUS 40 ARANJUEZ PRY+CSS 31-07-2025.pdf
2025-09-10	1757744	PRESUPUESTOS FIRMADOS/RIO DUERO 65 LEGANES - SUBV EXTERNA 09-09-2025.pdf
2025-09-15	306851	PRESUPUESTOS FIRMADOS/BATALLA DE TORRIJOS 23 MADRID CSS 12-09-2025.pdf
2025-09-15	341434	PRESUPUESTOS FIRMADOS/BERASTEGUI 33 MADRID ascensor 09-09-2025.pdf
2025-09-15	341434	PRESUPUESTOS FIRMADOS/BERASTEGUI 33 MADRID - PRY ASC- 9-09-2025.pdf
2025-09-16	344350	PRESUPUESTOS FIRMADOS/FRAY MELCHOR CANO 22 LEGANES FAIN CSS 15-09-2025.pdf
2025-09-17	585082	PRESUPUESTOS FIRMADOS/VALDEVERDEJA 31 MADRID PRY + CSS FAIN bajada a cota cero 26-08-2025.pdf
2025-09-17	531234	PRESUPUESTOS FIRMADOS/VALDEVERDEJA 31 MADRID SUBVENCIONES FAIN 26-08-2025.pdf
2025-09-19	262495	PRESUPUESTOS FIRMADOS/BENIMAMET 59 SOLO IEE - CP BENIMAMET 59 - 29-08-2025.pdf
2025-09-19	230112	PRESUPUESTOS FIRMADOS/PINGUINO 9 MADRID SUBVENCIONES 18-09-2025.pdf
2025-09-22	2474313	PRESUPUESTOS FIRMADOS/VALDECANILLAS 51 MADRID PRY - RAMPA 19-09-2025.pdf
2025-09-22	132281	PRESUPUESTOS FIRMADOS/MIRADOR DEL PARDO 7 LAS ROZAS - ASCENSORES 04-09-2025.pdf
2025-09-22	136110	PRESUPUESTOS FIRMADOS/FRANCISCA DELGADO 7 ALCOBENDAS - SUSTITUCION 7 ASCENSORES 03-09-2025.pdf
2025-09-22	185952	PRESUPUESTOS FIRMADOS/RONDA DE SEGOVIA 29 MADRID PRY COTA CERO + SUBV 03-09-2025.pdf
2025-09-22	480399	PRESUPUESTOS FIRMADOS/PLAZA LUCA DE TENA 11 MADRID PRY - SATE (CON CESION CAES)- ACCESIB - LE - IEE - SUBV - 18-09-2025.pdf
2025-09-22	133294	PRESUPUESTOS FIRMADOS/RIO CIFUENTES 4 ALCALA DE HENARES - PRY + ASCENSORES 04-09-2025.pdf
2025-09-22	136951	PRESUPUESTOS FIRMADOS/ELECNOR - LAGO CONSTANZA 34 MADRID + LLANOS DE ESCUDERO 37 MADRID.pdf
2025-09-23	142290	PRESUPUESTOS FIRMADOS/schindler - mirador del pardo 7 las rozas oc.pdf
2025-09-23	1041896	PRESUPUESTOS FIRMADOS/LONGARES 8B MADRID GARAJE ACCESIBILIDAD + CSS - 19-09-2025.pdf
2025-09-23	142290	PRESUPUESTOS FIRMADOS/MIRADOR DEL PARDO 7 LAS ROZAS OC 4547421595 SCHINDLER.pdf
2025-09-26	86235	PRESUPUESTOS FIRMADOS/ALAVA 12 FUENLABRADA CSS CP ALAVA 12 26-06-2025.pdf
2025-09-29	91161	PRESUPUESTOS FIRMADOS/FRAY MELCHOR CANO 22 LEGANES CSS FAIN CODIGOS PEDIDOS 26-09-2025 .pdf
2025-10-02	374930	PRESUPUESTOS FIRMADOS/ISLA CRISTINA 1 ARROYOMOLINOS SUST DE VIGA 02-10-2025.pdf
2025-10-03	429459	PRESUPUESTOS FIRMADOS/RIO GUADALQUIVIR 10 LEGANES - 03_10_2025 - CSS 03-10-2025.pdf
2025-10-06	304147	PRESUPUESTOS FIRMADOS/FRANCISCO JAVIER SAUQUILLO 22 FUENLABRADA PRY + ASC CODIGOS DE PEDIDO.pdf
2025-10-06	403758	PRESUPUESTOS FIRMADOS/VICENTE CAMARON 1 MADRID PRY + ASC 06-10-2025.pdf
2025-10-06	388123	PRESUPUESTOS FIRMADOS/VICENTE CAMARON 1 MADRID SUBV 06-10-2025.pdf
2025-11-06	427867	PRESUPUESTOS FIRMADOS/VIRGEN DE ICIAR 17 ALCORCON cubierta y escalera emergencia 06-10-2025.pdf
2025-10-06	486981	PRESUPUESTOS FIRMADOS/VILLAVICIOSA DE ODON 2 FUENLABRADA correos con patrimonio fuenlabrada.pdf
2025-10-08	373936	PRESUPUESTOS FIRMADOS/IBIZA 3 MADRID PRY + ASCENSOR 08-10-2025.pdf
2025-10-10	338956	PRESUPUESTOS FIRMADOS/FLORIDA 32 ARANJUEZ - CODIGOS DE PEDIDO desglose 02-04-2025.pdf
2025-10-10	96682	PRESUPUESTOS FIRMADOS/IBIZA 3 MADRID PRY ASC FAIN CODIGOS FACTURACION.pdf
2025-10-13	211680	PRESUPUESTOS FIRMADOS/REPULLES Y VARGAS 7 MADRID SUB 10-10-2025.pdf
2025-10-16	4369599	PRESUPUESTOS FIRMADOS/CANCION DEL OLVIDO 33 MADRID PRY SATE+ASC+SUBV CP 15-10-2025.pdf
2025-10-15	194313	PRESUPUESTOS FIRMADOS/JUAN TORNERO 62 HE ELEVADOR IBERLEAN 15-10-2025.docx.pdf
2025-10-28	52530	PRESUPUESTOS FIRMADOS/SCHINDLER - VALDEVARNES 24 MADRID OC.pdf
2025-10-20	581084	PRESUPUESTOS FIRMADOS/BRAVO MURILLO 41 Q ESC 17 MADRID PRY ACCESIBILIDAD.pdf
2025-10-22	197312	PRESUPUESTOS FIRMADOS/DELICIAS 7 FUENLABRADA CODIGOS DE PEDIDO 20-10-2025.pdf
2025-10-22	624585	PRESUPUESTOS FIRMADOS/BRAVO MURILLO 41Q ESC 17 MADRID - SUBV EN PAUSA.pdf
2025-10-24	255364	PRESUPUESTOS FIRMADOS/TORRUBIA 4 LEGANÉS FAIN CODIGOS DE PEDIDO.pdf
2025-10-27	69049	PRESUPUESTOS FIRMADOS/ISTURIZ 11 MADRID CSS 24-10-2025.pdf
2025-10-28	79075	PRESUPUESTOS FIRMADOS/VALDEVARNES 24 MADRID ACCESIBILIDAD 22-10-2025.pdf
2025-10-28	95370	PRESUPUESTOS FIRMADOS/SCHINDLER - RONDA DE SEGOVIA 29 MADRID OC.pdf
2025-10-29	97550	PRESUPUESTOS FIRMADOS/PIEDRAHITA 2 MADRID ASC 28-10-2025.pdf
2025-10-29	95370	PRESUPUESTOS FIRMADOS/SCHINDLER - RIO CIFUENTES 4 ALCALA DE HENARES OC.pdf
2025-10-29	144075	PRESUPUESTOS FIRMADOS/SCHINDLER - FRANCISCA DELGADO 7 ALCOBENDAS OC.pdf
2025-10-29	371662	PRESUPUESTOS FIRMADOS/PLAZA PARIS 7 FUENLABRADA SIN CODIGOS DE PEDIDO 15-06-2021.pdf
2025-10-30	4118490	PRESUPUESTOS FIRMADOS/PAULAR 1 FUENLABRADA SATE+CUBIERTA 29-10-2025.pdf
2025-10-31	1198101	PRESUPUESTOS FIRMADOS/CARLOS ARNICHES 25 SUBV 30-10-2025.pdf
2025-10-31	417018	PRESUPUESTOS FIRMADOS/SAN GREGORIO 4 LEGANES CSS 30-10-2025.pdf
2025-10-30	52530	PRESUPUESTOS FIRMADOS/SCHINDLER - REPULLES Y VARGAS ASC OC.pdf
2025-11-03	52275	PRESUPUESTOS FIRMADOS/SCHINDLER - REPULLES Y VARGAS SUBV OC.pdf
2025-11-03	236464	PRESUPUESTOS FIRMADOS/REPULLES Y VARGAS 7 MADRID ASCENSOR 10-10-2025.pdf
2025-11-03	197312	PRESUPUESTOS FIRMADOS/DELICIAS 7 FUENLABRADA CODIGOS DE PEDIDO FAIN.pdf
2025-11-03	211103	PRESUPUESTOS FIRMADOS/DELICIAS 7 FUENLABRADA - 31_10_2025 - PRY ASC.pdf
2025-11-03	291951	PRESUPUESTOS FIRMADOS/ZAMORA 1 3 5 FUENLABRADA CSS.pdf
2025-11-03	1161112	PRESUPUESTOS FIRMADOS/CARRETAS 15 MADRID SUBV 30-10-2025.pdf
2025-11-06	814502	PRESUPUESTOS FIRMADOS/CASTELLON 1 MOSTOLES CSS 06-11-2025.pdf
2025-11-21	95091	PRESUPUESTOS FIRMADOS/VENANCIO MARTIN 48 MADRID SUBV 06-11-2025.pdf
2025-11-06	348829	PRESUPUESTOS FIRMADOS/ESTANISLAO FIGUERAS 8 MADRID - IEE 05-11-2025.pdf
2025-11-06	151822	PRESUPUESTOS FIRMADOS/SAN ROQUE 18 GUADALAJARA - CODIGO PEDIDO IBERDROLA.pdf
2025-11-11	806935	PRESUPUESTOS FIRMADOS/BARBIERI 9 MADRID PRY ASCENSOR + SUBV.pdf
2025-11-11	152606	PRESUPUESTOS FIRMADOS/FAIN ISLA CRISTINA 1 ARROYOMOLINOS CODIGO DE PEDIDOS.pdf
2025-11-11	831571	PRESUPUESTOS FIRMADOS/AV MORATALAZ 21 MADRID SOLO IEE.pdf
2025-11-12	302515	PRESUPUESTOS FIRMADOS/ARMENTEROS 21 MADRID - ASC 11-11-2025 - PROYECTO DE ASCENSOR - Firmado.pdf
2025-11-12	236513	PRESUPUESTOS FIRMADOS/ARMENTEROS 21 MADRID - SUBV 11-11-2025.pdf
2025-11-12	294548	PRESUPUESTOS FIRMADOS/COLIBRI 5 GETAFE CODIGOS PEDIDO 09-02-2022.pdf
2025-11-27	922937	PRESUPUESTOS FIRMADOS/SANTA EDUVIGIS 9 MADRID ASC 16-10-2025.pdf
2025-11-13	213371	PRESUPUESTOS FIRMADOS/PLAZA DE LA INMACULADA 6 LEGANES SUV 13-11-2025.pdf
2025-11-17	52020	PRESUPUESTOS FIRMADOS/SCHINDLER HONTANILAS 2 SAN SEBASTIAN DE LOS REYES PRY OC.pdf
2025-11-17	52020	PRESUPUESTOS FIRMADOS/SCHINDLER HONTANILLAS 2 SAN SEBASTIAN DE LOS REYES SUBV OC.pdf
2025-11-17	328810	PRESUPUESTOS FIRMADOS/HONTANILLAS 2 SAN SEBASTIAN DE LOS REYES SUBV.pdf
2025-11-20	638063	PRESUPUESTOS FIRMADOS/ALGODRE 2 MADRID SATE 20-11-2025.pdf
2025-11-21	90674	PRESUPUESTOS FIRMADOS/GOMEZNARRO 249 MADRID SUBV.pdf
2025-11-21	168619	PRESUPUESTOS FIRMADOS/GOMEZNARRO 249 MADRID PRY ASC.pdf
2025-11-28	145011	PRESUPUESTOS FIRMADOS/BRUNO AYLLON 3 MADRID REHABILITACION PARCIAL 08-10-2025.pdf
2025-12-01	377977	PRESUPUESTOS FIRMADOS/OTIS ANGELES 6 GETAFE PRY ASC.pdf
2025-12-03	1176475	PRESUPUESTOS FIRMADOS/SAN JUSTINIANO 1 LEGANES ASCENSOR 03-12-2025.pdf
2025-12-09	866338	PRESUPUESTOS FIRMADOS/AV MADRID 42 SAN MARTÍN DE VALDEIGLESIAS - CSS 04-12-2025.pdf
2025-12-09	378192	PRESUPUESTOS FIRMADOS/BALLESTA 12 MADRID PRY ASC 04-12-2025.pdf
2025-12-09	517433	PRESUPUESTOS FIRMADOS/CACERES 20 ALCORCON PRY ASC 03-12-2025.pdf
2025-12-09	313553	PRESUPUESTOS FIRMADOS/SEGOVIA 49 MADRID PRY ASC 03-12-2025.pdf
2025-12-09	613572	PRESUPUESTOS FIRMADOS/ALCARRIA 60 LEGANES PRY SATE 09-12-2025.pdf
2025-12-11	218202	PRESUPUESTOS FIRMADOS/MARTELL 27 MADRID PRY ASC 11-12-2025.pdf
2025-12-16	9740	PRESUPUESTOS FIRMADOS/PREFACTURA EFFIC NOVIEMBRE-EDF-EF-051225-095437-RL_107625.xlsx
2025-12-15	316940	PRESUPUESTOS FIRMADOS/GARCIA PAREDES 44 MADRID PRY ASC 15-12-2025.pdf
2025-12-18	308703	PRESUPUESTOS FIRMADOS/SANCHEZ PRECIADO 40 MADRID SATE 18-12-2025.pdf
2025-12-17	508250	PRESUPUESTOS FIRMADOS/AV ESPAÑA 9 FUENLABRADA.pdf
2025-12-22	2619562	PRESUPUESTOS FIRMADOS/AV DR FLEMING 14 LEGANES SATE + SUBV 22-12-2025.pdf
2025-12-23	1245965	PRESUPUESTOS FIRMADOS/SAN NICOLAS 19 LEGANES ASCENSOR Y SUBV 31-10-2025.pdf
2025-12-23	161695	PRESUPUESTOS FIRMADOS/CASTILLA LA NUEVA 37BIS FUENLABRADA ACCESIBILIDAD 23-12-2025.pdf
2026-02-16	972518	PRESUPUESTOS FIRMADOS/DATIL 7 MADRID PRY ASC - 26-12-2025 - PRY ASCENSOR.pdf
2025-12-30	284071	PRESUPUESTOS FIRMADOS/CARRETERA DE LLIRIA 10 BURJASOT VALENCIA - 23_12_2025 - CSS Y DF.pdf
2026-01-08	168073	PRESUPUESTOS FIRMADOS/LOS PEÑASCALES 17 MADRID PRY ASC 26-12-2025.pdf
2026-01-08	1454731	PRESUPUESTOS FIRMADOS/RUFINO BLANCO 20 MADRID PRY ASC 07-01-2026.pdf
2026-01-09	247778	PRESUPUESTOS FIRMADOS/AV PRESIDENTE CARMONA 5 ESC D MADRID - 08-01-2026 CSS.pdf
2026-01-14	3617310	PRESUPUESTOS FIRMADOS/PARLA 20 GETAFE PRY SATE + ACCES 13-01-2026.pdf
2026-01-15	632708	PRESUPUESTOS FIRMADOS/ISTURIZ 11 MADRID PRY SATE 15-01-2026.pdf
2026-01-16	621522	PRESUPUESTOS FIRMADOS/CASTILLO DE SIMANCAS 7 MADRID REHAB PARC - 16-01-2026.pdf
2026-01-16	586611	PRESUPUESTOS FIRMADOS/CASTILLO DE SIMANCAS 7 MADRID SUBV .pdf
2026-01-20	564955	PRESUPUESTOS FIRMADOS/RIBADUMIA 4 MADRID RENOV SUBV 20-01-2026.pdf
2026-01-22	457036	PRESUPUESTOS FIRMADOS/BATALLA DE CLAVIJO 7 LEGANES - PRY LIBRO DEL EDF.pdf
2026-01-29	443499	PRESUPUESTOS FIRMADOS/JULIO PALACIOS 2-4-6 MADRID - INF PERICIAL - 23-01-2026.pdf
2026-01-26	140335	PRESUPUESTOS FIRMADOS/MALDONADO 33 MADRID INF FOSO REDUCIDO - 22-01-2026.pdf
2026-01-28	338204	PRESUPUESTOS FIRMADOS/NUESTRA SEÑORA DE GRACIA 13 MADRID PRY SATE 27-01-2026.pdf
2026-01-28	627527	PRESUPUESTOS FIRMADOS/SAN ROQUE 14 MADRID - SUBV - 28-01-2026.pdf
2026-01-29	260026	PRESUPUESTOS FIRMADOS/CAÑADA 8 MADRID - 26_01_2026 -ENCARGO.pdf
2026-01-29	242315	PRESUPUESTOS FIRMADOS/INDEPENDENCIA 43 SAN SEBASTIAN DE LOS REYES - PRY ASC - 27-01-2026.pdf
2026-02-02	486408	PRESUPUESTOS FIRMADOS/PASEO DE LOS PONTONES 29 MADRID SUBV 02-02-2026.pdf
2026-02-02	104398	PRESUPUESTOS FIRMADOS/ERAS 9 FUENLABRADA - DR.pdf
2026-02-02	162589	PRESUPUESTOS FIRMADOS/PLAZA DE PARÍS 7 FUENLABRADA - 26_01_2026 - PROY ASC PENDIENTE DE PAGO.pdf
2026-02-02	830861	PRESUPUESTOS FIRMADOS/CARLOS ARNICHES 25 MADRID CSS 02-02-2026.pdf
2026-02-02	359832	PRESUPUESTOS FIRMADOS/ARROYO DE FONTARRON 381 MADRID PRY SATE + ASC + SUBV 02-02-2026.pdf
2026-02-11	633863	PRESUPUESTOS FIRMADOS/POLVORANCA 18 LEGANES LEE 11-02-2026.pdf
2026-02-11	236811	PRESUPUESTOS FIRMADOS/GOMEZNARRO 233 MADRID CSS-DF 09-02-2026.pdf
2026-02-11	52275	PRESUPUESTOS FIRMADOS/GOMEZNARRO 233 MADRID OC SCHINDLER.pdf
2026-02-10	182641	PRESUPUESTOS FIRMADOS/MIESES 2 LAS ROZAS - BAJADA A COTA 0 -10-02-2026.pdf
2026-02-09	257869	PRESUPUESTOS FIRMADOS/ALFREDO ALEIX 20 MADRID SATE 09-02-2026.pdf
2026-02-09	358837	PRESUPUESTOS FIRMADOS/BRUNETE 10 GETAFE ASCENSOR - 09-02-2026.pdf
2026-02-09	2598270	PRESUPUESTOS FIRMADOS/FARO 4-6 MADRID SATE 09-02-2026.pdf
2026-02-09	125377	PRESUPUESTOS FIRMADOS/AV EUROPA 20 ALCOBENDAS INF SUST ASC 09-02-2026.pdf
2026-02-09	200199	PRESUPUESTOS FIRMADOS/LONDRES 15 TORREJON DE ARDOZ 09-02-2026.pdf
2026-02-09	204501	PRESUPUESTOS FIRMADOS/LONDRES 13 TORREJON DE ARDOZ ASC 09-02-2026.pdf
2026-02-09	203413	PRESUPUESTOS FIRMADOS/MILAN 9 TORREJON DE ARDOZ ASC 09-02-2026.pdf
2026-02-09	200102	PRESUPUESTOS FIRMADOS/MILAN 7 TORREJON DE ARDOZ ASC 09-02-2026.pdf
2026-02-09	203938	PRESUPUESTOS FIRMADOS/MILAN 3 TORREJON DE ARDOZ ASC 09-02-2026.pdf
2026-02-09	201511	PRESUPUESTOS FIRMADOS/MILAN 1 TORREJON DE ARDOZ ASC 09-02-2026.pdf
2026-02-09	225490	PRESUPUESTOS FIRMADOS/SAN CLAUDIO 117 MADRID SATE 09-02-2026.pdf
2026-02-06	193	PRESUPUESTOS FIRMADOS/SANTA EDUVIGIS 5 MADRID ASC 05-02-2025.gdoc
2026-02-06	360485	PRESUPUESTOS FIRMADOS/FELIPE CASTRO 5 MADRID CSS 22-01-2026.pdf
2026-02-05	55838	PRESUPUESTOS FIRMADOS/SANTA EDUVIGIS 5 MADRID ASC 05-02-2025.pdf
2026-02-05	512481	PRESUPUESTOS FIRMADOS/NUESTRA SEÑORA DE SOLEDAD 16 SATE + SUBV 05-02-2026.pdf
2026-02-03	296723	PRESUPUESTOS FIRMADOS/NUESTRA SEÑORA DE SOLEDAD 20 MADRID SUBV 03-02-2026.pdf
2026-02-03	566662	PRESUPUESTOS FIRMADOS/NUESTRA SEÑORA DE SOLEDAD 20 MADRID PRY ASC 03-02-2026.pdf
2026-05-19	3636606	PRESUPUESTOS FIRMADOS/AV MARQUES DE CORBERA 24B MADRID PRY ASC + SUBV 04-02-2026 (SIN EFECTO).pdf
2026-02-04	845908	PRESUPUESTOS FIRMADOS/AV MARQUES DE CORBERA 24B MADRID CONDICIONAMIENTO A SUBVENCIÓN.pdf
2026-02-04	22670285	PRESUPUESTOS FIRMADOS/CONTRATO AV MARQUES DE CORBERA 24B MADRID FIRMADO.pdf
2026-03-25	150784	PRESUPUESTOS FIRMADOS/MALDONADO 33 MADRID FAIN CODIGO DE PEDIDOS - NO VALE.pdf
2026-02-16	52275	PRESUPUESTOS FIRMADOS/BRUNETE 10 GETAFE OC SCHINDLER.pdf
2026-02-17	437377	PRESUPUESTOS FIRMADOS/PEDRO UNANUE 22 MADRID - INFORME 17-02-2026.pdf
2026-02-23	259796	PRESUPUESTOS FIRMADOS/AV DOCTOR GARCIA TAPIA 133-135-137 MADRID DF Y CERTIF IDONIEDAD 20-02-2026.pdf
2026-02-23	1114517	PRESUPUESTOS FIRMADOS/MARQUES DE CORBERA 22C MADRID ASC 04-02-2026.pdf
2026-02-23	16969495	PRESUPUESTOS FIRMADOS/MARQUES DE CORBERA 22C MADRID-CONTRATO ELECNOR.pdf
2015-05-11	119296	PRESUPUESTOS FIRMADOS/VALMOJADO235.doc
2026-02-25	218199	PRESUPUESTOS FIRMADOS/CAMINO DE VALDERRIBAS 96 MADRID - ASC - 24-02-2026.pdf
2026-03-02	52275	PRESUPUESTOS FIRMADOS/MILAN 9 TORREJON DE ARDOZ - OC SCHINDLER 0425.pdf
2026-03-02	52275	PRESUPUESTOS FIRMADOS/MILAN 7 TORREJON DE ARDOZ - OC SCHINDLER 0422.pdf
2026-03-02	52275	PRESUPUESTOS FIRMADOS/LONDRES 15 TORREJON DE ARDOZ - OC SCHINDLER 0418.pdf
2026-03-02	52530	PRESUPUESTOS FIRMADOS/LONDRES 13 TORREJON DE ARDOZ - OC SCHINDLER 0413.pdf
2026-03-02	52275	PRESUPUESTOS FIRMADOS/MILAN 1 TORREJON DE ARDOZ - OC SCHINDLER 0416.pdf
2026-03-02	52275	PRESUPUESTOS FIRMADOS/MILAN 3 TORREJON DE ARDOZ - OC SCHINDLER 0424.pdf
2026-03-02	52275	PRESUPUESTOS FIRMADOS/MILAN 7 TORREJON DE ARDOZ - OC SCHINDLER 0421.pdf
2026-03-02	52275	PRESUPUESTOS FIRMADOS/MILAN 3 TORREJON DE ARDOZ - OC SCHINDLER 0423.pdf
2026-03-02	52530	PRESUPUESTOS FIRMADOS/MILAN 9 TORREJON DE ARDOZ - OC SCHINDLER 0426.pdf
2026-03-02	52275	PRESUPUESTOS FIRMADOS/MILAN 1 TORREJON DE ARDOZ - OC SCHINDLER 0419.pdf
2026-03-02	52275	PRESUPUESTOS FIRMADOS/LONDRES 15 TORREJON DE ARDOZ - OC SCHINDLER 0415.pdf
2026-03-02	52530	PRESUPUESTOS FIRMADOS/LONDRES 13 TORREJON DE ARDOZ - OC SCHINDLER 0414.pdf
2026-03-05	4088842	PRESUPUESTOS FIRMADOS/GIRASOL 21 MADRID INF PERICIAL 05-03-2026.pdf
2026-03-05	1759177	PRESUPUESTOS FIRMADOS/EZEQUIEL SOLANA 105 MADRID ASC 05-03-2026.pdf
2026-03-06	220470	PRESUPUESTOS FIRMADOS/MARIA PEDRAZA 25 MADRID SATE 06-03-2026.pdf
2026-03-10	311605	PRESUPUESTOS FIRMADOS/MOSTOLES 3 PORTAL 7 FUENLABRADA CSS - 10-03-2026.pdf
2026-03-10	215815	PRESUPUESTOS FIRMADOS/CARDEÑOSA 34 MADRID ASC 10-03-2026.pdf
2026-03-10	1188476	PRESUPUESTOS FIRMADOS/RIO DUERO 12 LEGANES - CSS 10-03-2026.pdf
2026-03-11	52530	PRESUPUESTOS FIRMADOS/AV EUROPA 20 ALCOBENDAS SCHINDLER OC.pdf
2026-03-11	52275	PRESUPUESTOS FIRMADOS/MIESES 2 LAS ROZAS SCHINDLER OC.pdf
2026-03-11	1721420	PRESUPUESTOS FIRMADOS/AV MANCHA 18 LEGANES SATE APROBADA 11-03-2026.pdf
2026-03-12	324842	PRESUPUESTOS FIRMADOS/POLVORANCA 26 LEGANES - CONSULTA 12-03-2026.pdf
2026-03-13	68174	PRESUPUESTOS FIRMADOS/AV DR MENDIGUCHIA CARRICHE 38 ASC 10-03-2026.pdf
2026-03-13	79675	PRESUPUESTOS FIRMADOS/AV DR MENDIGUCHIA CARRICHE 38 SUBV 10-03-2026.pdf
2026-03-17	1972594	PRESUPUESTOS FIRMADOS/SIMON HERNANDEZ 43-45 MOSTOLES SATE + CUB 17-03-2026.pdf
2026-03-17	1335856	PRESUPUESTOS FIRMADOS/ANTONIO MORENO 18 MADRID SUBV EXT 17-03-2026.pdf
2026-03-17	305998	PRESUPUESTOS FIRMADOS/CAMINO DE GANAPANES 31-33-35 MADRID SATE + SUBV 17-03-2026.pdf
2026-03-17	1185933	PRESUPUESTOS FIRMADOS/PLAZA VALSAIN 3 Y 4 MADRID - SUBV 16-03-2026.pdf
2026-03-17	1969005	PRESUPUESTOS FIRMADOS/ISAAC PERAL 5 MOSTOLES SATE + CUBIERTA 17-03-2026.pdf
2026-03-19	231999	PRESUPUESTOS FIRMADOS/CEBREROS 1 MADRID CODIGOS DE PEDIDO FAIN.pdf
2026-03-18	2874670	PRESUPUESTOS FIRMADOS/GIRASOL 21 MADRID SATE 18-03-2026.pdf
2026-03-19	2714580	PRESUPUESTOS FIRMADOS/AV MARQUES DE CORBERA 28B ASC 19-03-2026.pdf
2026-03-19	297750	PRESUPUESTOS FIRMADOS/CONDICIONAMIENTO A SUBVENCIÓN corbera 28b_firmado (1).pdf
2026-03-19	362493	PRESUPUESTOS FIRMADOS/NTRA SRA DE LA MACARENA 9 LEGANES - CSS - FAIN.pdf
2026-03-23	545545	PRESUPUESTOS FIRMADOS/SIERRA GADOR 50 MADRID ASC 12-03-2026.pdf
2026-03-23	52020	PRESUPUESTOS FIRMADOS/ZULOAGA 7 PARLA - SCHINDLER - OC.pdf
2026-07-09	251952	PRESUPUESTOS FIRMADOS/ZULOAGA 7 PARLA - ASC + SUBV - 23-03-2026.pdf
2026-03-24	265420	PRESUPUESTOS FIRMADOS/AV DOCTOR GARCIA TAPIA 133-135-137 MADRID DR.pdf
2026-03-25	248148	PRESUPUESTOS FIRMADOS/MALDONADO 33 MADRID - FAIN - Nº PEDIDO Y HOJAS CAP - CORRECTO.pdf
2026-03-25	54833	PRESUPUESTOS FIRMADOS/Confirmación ZAMORA 1-3-5 FUENLABRADA 25-03-2026.pdf
2026-03-25	53790	PRESUPUESTOS FIRMADOS/Confirmación SAN ROQUE 18 GUADALAJARA 25-03-2026.pdf
2026-03-26	162073	PRESUPUESTOS FIRMADOS/LAS PALMAS 43 MOSTOLES ACCESIBILIDAD 26-03-2026.pdf
2026-03-26	389344	PRESUPUESTOS FIRMADOS/AYAMONTE 2 ESC A-ESC B MADRID CUBIERTA 25-03-2026.pdf
2026-03-26	394861	PRESUPUESTOS FIRMADOS/AYAMONTE 2 ESC A-ESC B MADRID ASCENSOR 25-03-2026.pdf
2026-03-26	346346	PRESUPUESTOS FIRMADOS/AYAMONTE 2 ESC A-ESC B MADRID SUBVENCIONES 25-03-2026.pdf
2026-04-06	713374	PRESUPUESTOS FIRMADOS/CAMARENA 304 MADRID ASC + SUBV 06-04-2026.pdf
2026-04-06	336790	PRESUPUESTOS FIRMADOS/MAGDALENA 3 GETAFE MEMORIA CUARTO DE MAQUINAS 06-04-2026.pdf
2026-04-06	586972	PRESUPUESTOS FIRMADOS/ARBOLEDA 1 ALCORCON IEE 06-04-2026.pdf
2026-04-06	243933	PRESUPUESTOS FIRMADOS/LAS PALMAS 43 MOSTOLES - CODIGO DE PEDIDOS FAIN.pdf
2026-04-08	29232	PRESUPUESTOS FIRMADOS/Pedido_2026_92445 ELECNOR VALMOJADO 243 MADRID.pdf
2026-04-07	190555	PRESUPUESTOS FIRMADOS/ZARAGOZA 7 FUENLABRADA MEMORIA - 07-04-2026.pdf
2026-04-08	250325	PRESUPUESTOS FIRMADOS/DISCOBOLO 67 MADRID ASC 08-04-2026.pdf
2026-04-08	2676215	PRESUPUESTOS FIRMADOS/VALMOJADO 243 MADRID ASC 08-04-2026.pdf
2026-04-10	194539	PRESUPUESTOS FIRMADOS/FAIN PABLO CASALS 26 PARLA - FACTURA CFO.pdf
2026-04-10	249971	PRESUPUESTOS FIRMADOS/RIO GENIL 10 MOSTOLES ASC - 10-04-2026.pdf
2026-04-20	129494	PRESUPUESTOS FIRMADOS/LOS PEÑASCALES 17 MADRID SUBV 13-04-2026.pdf
2026-04-13	528184	PRESUPUESTOS FIRMADOS/MARTELL 28 MADRID - SUBV.pdf
2026-04-14	247381	PRESUPUESTOS FIRMADOS/EL PROVENCIO 31 MADRID ASC - 14-04-2026.pdf
2026-04-15	295242	PRESUPUESTOS FIRMADOS/KERRIA 30 ALCOBENDAS - ASC - 14-04-2026.pdf
2026-04-14	52020	PRESUPUESTOS FIRMADOS/RIO GENIL 10 MOSTOLES OC SCHINDLER.pdf
2026-04-16	250244	PRESUPUESTOS FIRMADOS/OLESA DE MONTSERRAT 34 MADRID - ASC - 14-04-2026.pdf
2026-04-17	302670	PRESUPUESTOS FIRMADOS/ITALIA 35 FUENLABRADA - CSS.pdf
2026-04-23	52020	PRESUPUESTOS FIRMADOS/OLESA DE MONTSERRAT 34 MADRID - SCHINDLER OC.pdf
2026-04-24	283350	PRESUPUESTOS FIRMADOS/GENERAL RICARDOS 238 MADRID - ASC + ACCES - 26-03-2026.pdf
2026-04-27	863080	PRESUPUESTOS FIRMADOS/MODESTO ALONSO 8 MADRID - CSS - 27-04-2026.pdf
2026-04-27	89223	PRESUPUESTOS FIRMADOS/NUESTRA SEÑORA DE LA MACARENA 9 LEGANES - CSS - FAIN CODIGO PEDIDOS.pdf
2026-04-30	376486	PRESUPUESTOS FIRMADOS/GUADALETE 6 MADRID - GESTION DOCUMENTAL - QUEDA SIN EFECTO -.pdf
2026-05-05	587285	PRESUPUESTOS FIRMADOS/ALZINA 3 MADRID SUBV 05-05-2026.pdf
2026-05-05	2506950	PRESUPUESTOS FIRMADOS/ALZINA 3 MADRID ASC 05-05-2026.pdf
2026-05-07	2372232	PRESUPUESTOS FIRMADOS/SAN HERCULANO 2 MADRID SATE + SUBV + CAES 05-05-2026.pdf
2026-07-27	1457295	PRESUPUESTOS FIRMADOS/REAL VIEJA 5 SSRR - DF + SUBV (EXT)- 08-05-2026.pdf
2026-05-12	286585	PRESUPUESTOS FIRMADOS/AV DR FLEMING 32 LEGANES SUBV 06-05-2024.pdf
2026-05-12	356060	PRESUPUESTOS FIRMADOS/AV DR FLEMING 32 LEGANES SATE 06-05-2024.pdf
2026-05-11	176969	PRESUPUESTOS FIRMADOS/CASIMIRO ESCUDERO 11 MADRID IEE 11-05-2026.pdf
2026-05-12	1697913	PRESUPUESTOS FIRMADOS/SALAMANCA 5 MOSTOLES CUBIERTA 12-05-2026.pdf
2026-05-12	1693967	PRESUPUESTOS FIRMADOS/SALAMANCA 3 MOSTOLES CUBIERTA 12-05-2026.pdf
2026-05-12	1686252	PRESUPUESTOS FIRMADOS/SALAMANCA 1 MOSTOLES CUBIERTA 12-05-2026.pdf
2026-05-12	1698541	PRESUPUESTOS FIRMADOS/EMPECINADO 23 MOSTOLES CUBIERTA 12-05-2026.pdf
2026-05-12	1705005	PRESUPUESTOS FIRMADOS/SALAMANCA 7 MOSTOLES CUBIERTA 12-05-2026.pdf
2026-05-13	160662	PRESUPUESTOS FIRMADOS/MOSTOLES 3 PORTAL 2 FUENLABRADA CSS FAIN 06-07-2022.pdf
2026-05-18	517087	PRESUPUESTOS FIRMADOS/CASTELLON 15 MOSTOLES SATE + SUBV 13-05-2026.pdf
2026-05-18	482793	PRESUPUESTOS FIRMADOS/LLANOS DE ESCUDERO 6 MADRID SUBV 14-05-2026.pdf
2026-05-18	291126	PRESUPUESTOS FIRMADOS/SAN CLAUDIO 99 MADRID ASC 14-05-2026.pdf
2026-05-18	291271	PRESUPUESTOS FIRMADOS/LA CORUÑA 2 MADRID ASC 14-05-2026.pdf
2026-05-18	1956115	PRESUPUESTOS FIRMADOS/CASABERMEJA 4 MADRID SATE + SUBV 18-05-2026.pdf
2026-05-22	52020	PRESUPUESTOS FIRMADOS/VALDEVARNES 24 MADRID - SUBV - OC SCHINDLER.pdf
2026-05-18	22252753	PRESUPUESTOS FIRMADOS/ADENDA Y OFERTAS FIRMADAS CORBERA 24B.pdf
2026-05-19	175522	PRESUPUESTOS FIRMADOS/PROCESO DE TRAMITACION DE FACTURAS CON PEDIDO - COMUNICADO A PROVEEDORES GRUPO OTIS.pdf
2026-05-18	186779	PRESUPUESTOS FIRMADOS/CONDICIONAMIENTO A SUBVENCIÓN CORBERA 24B.pdf
2026-05-26	608013	PRESUPUESTOS FIRMADOS/CAÑADA 22 ALCORCON PRY ASC 25-05-2026.pdf
2026-05-26	2026198	PRESUPUESTOS FIRMADOS/PASEO PERALES 15 PORTAL 1 MADRID - SUBV EXT 25-05-2026.pdf
2026-05-26	2345791	PRESUPUESTOS FIRMADOS/AV PORTUGAL 23 LEGANES - PRY ASC - 25-05-2026.pdf
2026-05-27	1400972	PRESUPUESTOS FIRMADOS/NURIA 28-32 MADRID ACC 27-05-2026.pdf
2026-05-27	1030043	PRESUPUESTOS FIRMADOS/ESTOCOLMO 6 MOSTOLES - SUBV 27-05-2026.pdf
2026-05-27	1492020	PRESUPUESTOS FIRMADOS/ESTOCOLMO 6 MOSTOLES - PRY SATE + CUBIERTA - 27-05-2026.pdf
2026-05-27	193	PRESUPUESTOS FIRMADOS/ESTOCOLMO 6 MOSTOLES - PRY SATE + CUBIERTA - 27-05-2026.gdoc
2026-05-29	4698135	PRESUPUESTOS FIRMADOS/CONDESA DE TEBA 21 MADRID.pdf
2026-05-29	1330149	PRESUPUESTOS FIRMADOS/TUBO 5 HUMERA ASC (4) + ELEVADOR 29-05-2026.pdf
2026-06-03	275905	PRESUPUESTOS FIRMADOS/BALAGUER 4 MADRID - SUBV EXT 03-06-2026.pdf
2026-06-03	239309	PRESUPUESTOS FIRMADOS/ZAMORA 6 FUENLABRADA ASC 03-06-2026.pdf
2026-06-03	157094	PRESUPUESTOS FIRMADOS/SAN CLAUDIO 99 MADRID - SUBV - 03-06-2026.pdf
2026-06-03	282614	PRESUPUESTOS FIRMADOS/RIO GENIL 7 MOSTOLES - ASC - 01-06-2026 - .pdf
2026-06-03	995914	PRESUPUESTOS FIRMADOS/SANTA MARIA LA BLANCA 3 ALCORCÓN DF y CSS 03-06-2026.pdf
2026-06-04	1335159	PRESUPUESTOS FIRMADOS/IGLESIA 22 ALCORCON DF y CSS 03-06-2026.pdf
2026-06-03	945819	PRESUPUESTOS FIRMADOS/SANTA MARIA LA BLANCA 5 ALCORCÓN DF y CSS 03-06-2026.pdf
2026-06-10	2220627	PRESUPUESTOS FIRMADOS/PABLO LAFARGUE 38 MADRID - ASC+SUBV - 08-06-2026.pdf
2026-06-08	310043	PRESUPUESTOS FIRMADOS/ISTURIZ 9 MADRID - ASC + SUBV - 08-06-2026.pdf
2026-06-16	1647305	PRESUPUESTOS FIRMADOS/ALTAMIRANO 32 MADRID SATE + SUBV - 10-06-2026.pdf
2026-06-10	1077781	PRESUPUESTOS FIRMADOS/ALTAMIRANO 32 MADRID - ACCESIBILIDAD - 10-06-2026.pdf
2026-06-11	327246	PRESUPUESTOS FIRMADOS/BRUNETE 3 FUENLABRADA - DIV PRY 09-06-2026.pdf
2026-06-10	175470	PRESUPUESTOS FIRMADOS/BRAVO MURILLO 177 MADRID - SATE + ASC - 09-06-2026.pdf
2026-06-10	292253	PRESUPUESTOS FIRMADOS/ACEUCHAL 18 MADRID - SUBV - 09-06-2026.pdf
2026-06-11	219047	PRESUPUESTOS FIRMADOS/BRAVO MURILLO 177 MADRID - SUBV.pdf
2026-06-15	170468	PRESUPUESTOS FIRMADOS/TENERIFE 8 MADRID CODIGOS DE PEDIDO ARQUITECTO 28-02-2023.pdf
2026-06-15	864554	PRESUPUESTOS FIRMADOS/AV ALBUFERA 250 MADRID SUBV Y CAES.pdf
2026-06-16	356149	PRESUPUESTOS FIRMADOS/DOCTOR VALLEJO 39 MADRID ASC + SUBV - 11-06-2026.pdf
2026-06-12	761259	PRESUPUESTOS FIRMADOS/VILLAMANIN 37 MADRID - MOD PRY - 11-06-2026.pdf
2026-06-16	3735340	PRESUPUESTOS FIRMADOS/AV MARQUES DE CORBERA 24B MADRID ASC + SATE + SUBV 14-05-2026.pdf
2026-06-16	256764	PRESUPUESTOS FIRMADOS/FRANCISCO FATOU 26 MADRID SUBV EXT 15-06-2026.pdf
2026-10-06	247099	PRESUPUESTOS FIRMADOS/FELIPE ALVAREZ 28 MADRID SUBV EXT accesibilidad15-06-2026.pdf
2026-06-16	248470	PRESUPUESTOS FIRMADOS/FRANCISCO FATOU 24 MADRID SUBV EXT 15-06-2026.pdf
2026-06-19	212954	PRESUPUESTOS FIRMADOS/SAN VALERIANO 1 LEGANÉS CODIGOS DE PEDIDO FAIN.pdf
2026-06-18	292772	PRESUPUESTOS FIRMADOS/AV CASTILLA 2-4-6 ALCALA DE HENARES CSS 18-06-2026.pdf
2026-06-19	52020	PRESUPUESTOS FIRMADOS/AV COLMENAR VIEJO 8 SSRR - OC SCHINDLER.pdf
2026-06-19	267177	PRESUPUESTOS FIRMADOS/AV COLMENAR VIEJO 8 SSRR - ASC - 18-06-2026.pdf
2026-06-18	452930	PRESUPUESTOS FIRMADOS/GALLEGOS 12 ALCALA DE HENARES (INTERIOR) - ASC - 18-06-2026 CONTRATO TKE.pdf
2026-09-10	111341	PRESUPUESTOS FIRMADOS/SAN ROQUE 18 GUADALAJARA - CONTROL DE PAGOS.pdf
2026-06-22	1994145	PRESUPUESTOS FIRMADOS/zamora 1 3 5 fuenlabrada CONTROL DE PAGOS.pdf
2026-06-22	54144	PRESUPUESTOS FIRMADOS/Localicador San Roque 18 Guadalajara.pdf
2026-06-22	53330	PRESUPUESTOS FIRMADOS/Localizador Zamora 1 3 5 Fuenlabrada.pdf
2026-06-18	64005	PRESUPUESTOS FIRMADOS/GALLEGOS 12 ALCALA DE HENARES - CONDICIONES COMPRA.PDF
2026-06-18	140760	PRESUPUESTOS FIRMADOS/TKE TERMINOS GENERALES Y CONDICIONES DE COMPRA.PDF
2026-06-19	211343	PRESUPUESTOS FIRMADOS/SANTA MARIA LA BLANCA 5 ALCORCÓN CODIGOS DE PEDIDO FAIN.pdf
2026-06-19	211043	PRESUPUESTOS FIRMADOS/SANTA MARIA LA BLANCA 3 ALCORCÓN CODIGOS DE PEDIDO FAIN.pdf
2026-06-23	54362	PRESUPUESTOS FIRMADOS/Localicador San Roque 18 Guadalajara 23-06-2026.pdf
2026-06-23	54275	PRESUPUESTOS FIRMADOS/Localizador Zamora 1 3 5 Fuenlabrada 23-06-2026.pdf
2026-06-24	278034	PRESUPUESTOS FIRMADOS/MAGDALENA 3 GETAFE PRY REESTRUCTURACION - 24-06-2026.pdf
2026-06-26	1890944	PRESUPUESTOS FIRMADOS/NAZARET 32 BIS FUENLABRADA SUBV 25-06-2026.pdf
2026-07-02	1111285	PRESUPUESTOS FIRMADOS/PUERTO DE COTOS 11 MADRID ACC+ASC+SUB 01-07-2026.pdf
2026-06-22	87164	PRESUPUESTOS FIRMADOS/MAGDALENA 3 GETAFE PEDIDO DE COMPRA SCHINDLER.pdf
2026-07-03	75708	PRESUPUESTOS FIRMADOS/CARLOS SOLE 44 MADRID - IEE - 02-07-2026.pdf
2026-07-16	758929	PRESUPUESTOS FIRMADOS/NURIA 28-32 MADRID - SUBV - 16-07-2026.pdf
2026-07-17	263865	PRESUPUESTOS FIRMADOS/HERMENEGILDO BIELSA 27 MADRID - ASC+SUBV 17-07-2026.pdf
2026-07-20	261739	PRESUPUESTOS FIRMADOS/AV COLMENAR VIEJO 8 SSRR - SUBV - 20-07-2026.pdf
2026-07-21	402214	PRESUPUESTOS FIRMADOS/RAMON GOMEZ DE LA SERNA 45 MADRID - ASC - 21-07-2026.pdf
2026-07-23	850474	PRESUPUESTOS FIRMADOS/SAN IGNACIO 6 ALCORCON SUBV 23-07-2026.pdf
2026-07-29	749366	PRESUPUESTOS FIRMADOS/MONTES DE TOLEDO 3 MADRID SUBV - 29-07-2026.pdf
2026-07-29	796248	PRESUPUESTOS FIRMADOS/MONTES DE TOLEDO 3 MADRID PRY ASC 29-07-2026.pdf
2026-07-29	292018	PRESUPUESTOS FIRMADOS/NAVARRA 28-30 MADRID - SUBV EXT- 29-07-2026.pdf
2026-07-31	125981	PRESUPUESTOS FIRMADOS/CASTILLA 3 TORRE 5 AZUQUECA DE HENARES - INFORME - 30-07-2026.pdf
2026-07-31	128512	PRESUPUESTOS FIRMADOS/HONDURAS 20 COSLADA - INFORME - 30-07-2026.pdf
2026-07-31	126366	PRESUPUESTOS FIRMADOS/PIZARRO 4 TORREJON DE ARDOZ - INFORME - 30-07-2026.pdf
2026-08-17	2266867	PRESUPUESTOS FIRMADOS/GENERAL SERRANO ORIVE 1 MADRID ASC + SUBV.pdf
2026-08-18	475314	PRESUPUESTOS FIRMADOS/PRINCIPE 18 MADRID - SUBV EXT - 17-08-2026.pdf
2026-08-26	98665	PRESUPUESTOS FIRMADOS/CASTILLA 13 PINTO - CSS - 25-08-2026.pdf
2026-09-01	95625	PRESUPUESTOS FIRMADOS/CASTILLA 3 TORRE 5 AZUQUECA DE HENARES - SCHINDLER - OC.pdf
2026-09-01	52530	PRESUPUESTOS FIRMADOS/PIZARRO 4 TORREJON DE ARDOZ SCHINDLER OC.pdf
2026-09-03	424495	PRESUPUESTOS FIRMADOS/AV PRINCIPES ESPAÑA 17-19 COSLADA RAMPA 06-04-2026.pdf
2026-09-07	95370	PRESUPUESTOS FIRMADOS/HONDURAS 20 - OC SCHINDLER.pdf
2026-09-09	863301	PRESUPUESTOS FIRMADOS/TURQUIA 22 FUENLABRADA - SUBV.pdf
2026-09-09	53874	PRESUPUESTOS FIRMADOS/Localizador Zamora 1-3-5 Fuenlabrada.pdf
2026-09-09	54645	PRESUPUESTOS FIRMADOS/Localizador San Roque 18 Guadalajara.pdf
2026-09-09	224061	PRESUPUESTOS FIRMADOS/PASEO DE LA HABANA 80 MADRID SUBV 09-09-2026.pdf
2026-09-09	178533	PRESUPUESTOS FIRMADOS/PASEO DE LA HABANA 80 MADRID - CONJ SATE + ACCES 09-09-2026.pdf
2026-09-10	2047728	PRESUPUESTOS FIRMADOS/ZAMORA 1 3 5 FUENLABRADA CONTROL DE PAGOS (1).pdf
2026-09-15	111131	PRESUPUESTOS FIRMADOS/ALCALA DE GUADAIRA 41 MADRID - SUBV - 15-09-2026.pdf
2026-09-15	282051	PRESUPUESTOS FIRMADOS/AVILA 3 ALCORCON - CSS.pdf
2026-09-16	243589	PRESUPUESTOS FIRMADOS/PASEO DE SAN ILLAN 3 MADRID - PRY ASC 16-09-2026.pdf
2026-09-16	157571	PRESUPUESTOS FIRMADOS/PASEO DE SAN ILLAN 3 MADRID - SUBV 16-09-2026.pdf
2026-09-16	52020	PRESUPUESTOS FIRMADOS/HERMENEGILDO BIELSA 27 MADRID - SCHINDLER OC.pdf
2026-09-18	52020	PRESUPUESTOS FIRMADOS/AV COLMENAR VIEJO 8 SSRR - SCHINDLER OC.pdf
2026-09-22	52275	PRESUPUESTOS FIRMADOS/RAMON GOMEZ DE LA SERNA 45 MADRID OC SCHINDLER.pdf
2026-09-22	220298	PRESUPUESTOS FIRMADOS/CASTILLA LA NUEVA 37 BIS FUENLABRADA - SUBV.pdf
2026-09-24	310241	PRESUPUESTOS FIRMADOS/GENIL 5 MADRID SUST ASC 24-09-2026.pdf
2026-09-25	182855	PRESUPUESTOS FIRMADOS/PADILLA 4 MOSTOLES DF Y CSS 25-09-2026.pdf
2026-09-25	144894	PRESUPUESTOS FIRMADOS/BOLSA 3 MADRID SUBV 25-09-2026.pdf
2026-09-25	197825	PRESUPUESTOS FIRMADOS/BOLSA 3 MADRID PRY ASC 25-09-2026.pdf
2026-09-25	270894	PRESUPUESTOS FIRMADOS/FERENC PUSKAS 28 MADRID - MEDICIONES Y CIEGO - 25-09-2026.pdf
2026-09-25	673580	PRESUPUESTOS FIRMADOS/NECTAR 31 PORTAL 1-2-3 MADRID - SUBV EXT - 25-09-2026.pdf
2026-09-30	231362	PRESUPUESTOS FIRMADOS/AV DR FLEMING 32 LEGANES - CSS - 30-09-2026.pdf
2026-10-05	2097950	PRESUPUESTOS FIRMADOS/ANTONIO DE LEYVA MADRID PRY SATE 01-10-2026.pdf
2026-10-05	1804034	PRESUPUESTOS FIRMADOS/ANTONIO DE LEYVA MADRID SUBV 01-10-2026.pdf
2026-10-06	244927	PRESUPUESTOS FIRMADOS/FELIPE ALVAREZ 28 MADRID SUBV EXT eficiencia energetica 05-10-2026.pdf
2026-10-06	246	PRESUPUESTOS FIRMADOS/desktop.ini
