2025-02-11	3364520	./PRESUPUESTOS ENVIADOS/HOJA ENCARGO SAN BALDOMERO 9 MADRID RENOVACION SUBV fijo pry propio.docx
2025-04-21	3226421	./PRESUPUESTOS ENVIADOS/MEXICO 39 COSLADA SATE CON CESION CAES 21-04-2025 ROEN.docx
2025-04-02	207462	./PRESUPUESTOS ENVIADOS/ALFONSO XII MOSTOLES HE RAMPA 02-04-2025.docx
2025-03-11	3495677	./PRESUPUESTOS ENVIADOS/AVENIDA DE LAS PROVINCIAS 46 FUENLABRADA TRAMITACION DR 11-03-2025.docx
2025-02-18	2817132	./PRESUPUESTOS ENVIADOS/JUAN ANTONIO MAROTO 1 MADRID HOJA DE ENCARGO SATE + ASCENSOR 18-02-2025.docx
2025-01-22	213311	./PRESUPUESTOS ENVIADOS/FRANCIA 5 FUENLABRADA SUBVENCIONES 22-01-2025.docx
2025-01-22	23403	./PRESUPUESTOS ENVIADOS/HUERTAS 24 MADRID ASCENSOR 22-01-2025.docx
2022-10-27	66049	./PRESUPUESTOS ENVIADOS/HOJA DE ENCARGO VIRGEN DEL CAMINO 4 LEGANES.docx
2025-02-17	5696102	./PRESUPUESTOS ENVIADOS/ESTUDIOS DE COSTES SATE CEGA/ARCOS DE JALON 58 MADRID ESTUDIO DE COSTES.docx
2025-02-26	5696509	./PRESUPUESTOS ENVIADOS/ESTUDIOS DE COSTES SATE CEGA/PINTOR RIBERA 18 MADRID ESTUDIO DE COSTES.docx
2025-02-17	5694932	./PRESUPUESTOS ENVIADOS/ESTUDIOS DE COSTES SATE CEGA/CALLE BAZA 1 ALCALA ESTUDIO DE COSTES.docx
2025-03-04	5696222	./PRESUPUESTOS ENVIADOS/ESTUDIOS DE COSTES SATE CEGA/NICOLAS SANCHEZ 126 MADRID ESTUDIO DE COSTES.docx
2025-02-17	5695839	./PRESUPUESTOS ENVIADOS/ESTUDIOS DE COSTES SATE CEGA/CALLE BERNARDINO DE ANTEQUERA 2 MADRID ESTUDIO DE COSTES.docx
2025-03-17	3566663	./PRESUPUESTOS ENVIADOS/ESTUDIOS DE COSTES SATE CEGA/FEDERICO GRASES 1 MADRID ESTUDIO DE COSTES.docx
2025-02-26	5696349	./PRESUPUESTOS ENVIADOS/ESTUDIOS DE COSTES SATE CEGA/HERNANDAD DE DONANTES DE SANGRE 35 MADRID ESTUDIO DE COSTES.docx
2025-02-26	5696354	./PRESUPUESTOS ENVIADOS/ESTUDIOS DE COSTES SATE CEGA/CEREZA 6 MADRID ESTUDIO DE COSTES.docx
2025-03-24	5700808	./PRESUPUESTOS ENVIADOS/ESTUDIOS DE COSTES SATE CEGA/CALLE DEVA 44 A 78 MADRID SATE ESTUDIO DE COSTES.docx
2025-02-17	5696520	./PRESUPUESTOS ENVIADOS/ESTUDIOS DE COSTES SATE CEGA/CALLE FORNILLOS 4 MADRID ESTUDIO DE COSTES.docx
2025-02-17	5694105	./PRESUPUESTOS ENVIADOS/ESTUDIOS DE COSTES SATE CEGA/CALLE SAN ANTONIO DE PADUA 9 MADRID ESTUDIO DE COSTES.docx
2025-02-17	5696915	./PRESUPUESTOS ENVIADOS/ESTUDIOS DE COSTES SATE CEGA/CALLE ISABELITA USERA 20 Y FELIPE CASTRO 20 MADRID ESTUDIO DE COSTES.docx
2025-02-17	5695457	./PRESUPUESTOS ENVIADOS/ESTUDIOS DE COSTES SATE CEGA/CALLE MARINA USERA 28 MADRID ESTUDIO DE COSTES.docx
2025-02-17	10568	./PRESUPUESTOS ENVIADOS/ESTUDIOS DE COSTES SATE CEGA/listado SATES presupuestados CEGA (version 1).xlsx
2025-02-17	5695115	./PRESUPUESTOS ENVIADOS/ESTUDIOS DE COSTES SATE CEGA/AVENIDA CERRO DE LOS ANGELES 28 MADRID ESTUDIO DE COSTES.docx
2025-02-10	5693913	./PRESUPUESTOS ENVIADOS/ESTUDIOS DE COSTES SATE CEGA/MODELO CEGA SATE ESTUDIO DE COSTES  SATE.docx
2025-02-17	5696301	./PRESUPUESTOS ENVIADOS/ESTUDIOS DE COSTES SATE CEGA/NICOLAS USERA 87 MADRID ESTUDIO DE COSTES.docx
2025-03-04	11044	./PRESUPUESTOS ENVIADOS/ESTUDIOS DE COSTES SATE CEGA/listado SATES presupuestados CEGA (version 1) (version 1).xlsb.xlsx
2025-02-17	5695568	./PRESUPUESTOS ENVIADOS/ESTUDIOS DE COSTES SATE CEGA/CALLE RAFAELA YBARRA 44 MADRID ESTUDIO DE COSTES.docx
2025-01-15	352339	./PRESUPUESTOS ENVIADOS/HOJA DE ENCARGO ARROYO 1 TORREJON ACCES PRY.docx
2025-03-11	66330	./PRESUPUESTOS ENVIADOS/PLAZA PAULAR 1 MADRID solo DF Y CSS.docx
2025-02-25	37998	./PRESUPUESTOS ENVIADOS/MARCELINO ROA VAZQUEZ 45 MADRID HE ASCENSOR Y PLATAFORMA 18-02-2025.docx
2025-01-27	2805702	./PRESUPUESTOS ENVIADOS/BELVIS DE LA JARA 7 MADRID SUBV 27-01-2025.docx
2025-04-10	2826865	./PRESUPUESTOS ENVIADOS/~WRL0194.tmp
2025-04-24	207492	./PRESUPUESTOS ENVIADOS/HINOJAL 4 MADRID HE RAMPA 24-04-2025.docx
2025-09-25	220577	./PRESUPUESTOS ENVIADOS/SANTA EDUVIGIS 9 MADRID HOJA DE ENCARGO ASCENSOR 25-09-2025.docx
2025-04-07	145044	./PRESUPUESTOS ENVIADOS/GREGORIO IZQUIERDO 53 SAN SEBASTIAN DE LOS REYES INFORME DE VIABILIDAD .pdf
2025-03-27	208191	./PRESUPUESTOS ENVIADOS/SANTA CRUZ DE MARCENADO 1 ESCALERA E MADRID HE SUBIDA DE PARADA ASCENSOR 27-03-2025.docx
2025-04-24	220304	./PRESUPUESTOS ENVIADOS/BALEARES 4 LEGANES HOJA DE ENCARGO ASCENSOR 24-04-2025.docx
2025-04-09	2826309	./PRESUPUESTOS ENVIADOS/LONGARES 8 MADRID ASCENSOR Y SUBV 9-04-2025.docx
2025-04-24	193	./PRESUPUESTOS ENVIADOS/BALEARES 4 LEGANES  HOJA ENCARGO SUBVENCION fijo pry propio 24-04-2025.gdoc
2025-03-03	38722	./PRESUPUESTOS ENVIADOS/SANTA CRUZ DE MARCENADO ESCALERA C MADRID HE BAJADA ASCENSOR A TRES PLANTAS GARAJE 3-03-2025.docx
2025-04-23	193	./PRESUPUESTOS ENVIADOS/MALAGA 16 FUENLABRADA HOJA ENCARGO SUBVENCION fijo pry propio 23-04-2025.gdoc
2025-04-23	220322	./PRESUPUESTOS ENVIADOS/MALAGA 16 FUENLABRADA HOJA DE ENCARGO ASCENSOR 23-04-2025.docx
2025-03-10	2800971	./PRESUPUESTOS ENVIADOS/SANTA CRUZ DE MARCENADO 1 MADRID HE ACCESIBILIDAD PATRIMONIO 10-03-2025.docx
2025-01-29	2658906	./PRESUPUESTOS ENVIADOS/PROVINCIAS 14 FUENLABRADA SATE 29-01-2025.docx
2025-04-23	153490	./PRESUPUESTOS ENVIADOS/MALAGA 16 FUENLABRADA INFORME DE VIABILIDAD .pdf
2025-04-23	139372	./PRESUPUESTOS ENVIADOS/LISTADO PRESUPUESTOS ENVIADOS Y NO FIRMADOS A 12-06-2024/BALEARES 4 LEGANES INFORME DE VIABILIDAD .pdf
2025-03-21	193	./PRESUPUESTOS ENVIADOS/LISTADO PRESUPUESTOS ENVIADOS Y NO FIRMADOS A 12-06-2024/HOJA DE ENCARGO JARAMA 24 ALCOBENDAS  pry y df (3) (1).gdoc
2025-04-02	143447	./PRESUPUESTOS ENVIADOS/LISTADO PRESUPUESTOS ENVIADOS Y NO FIRMADOS A 12-06-2024/Informe de viabilidad CARLOS MARTIN ALVAREZ 65 (2) (2).pdf
2025-04-02	344173	./PRESUPUESTOS ENVIADOS/LISTADO PRESUPUESTOS ENVIADOS Y NO FIRMADOS A 12-06-2024/Informe de viabilidad SANTA TERESA 5 LEGANES   (2).pdf
2025-04-02	143708	./PRESUPUESTOS ENVIADOS/LISTADO PRESUPUESTOS ENVIADOS Y NO FIRMADOS A 12-06-2024/Informe de viabilidad ZURBANO 23 MADRID (4) (2).pdf
2025-04-02	165142	./PRESUPUESTOS ENVIADOS/LISTADO PRESUPUESTOS ENVIADOS Y NO FIRMADOS A 12-06-2024/Informe de viabilidad SANTA MARÍA DE LA CABEZA 27 MADRID (1) (2).pdf
2025-04-02	136389	./PRESUPUESTOS ENVIADOS/LISTADO PRESUPUESTOS ENVIADOS Y NO FIRMADOS A 12-06-2024/Informe de viabilidad CINE 23 MADRID.pdf
2025-04-02	132145	./PRESUPUESTOS ENVIADOS/LISTADO PRESUPUESTOS ENVIADOS Y NO FIRMADOS A 12-06-2024/Informe de viabilidad  PASEO MAESTRA MARIA SANCHEZ ARBOS 1 MADRID (2).pdf
2025-04-02	132141	./PRESUPUESTOS ENVIADOS/LISTADO PRESUPUESTOS ENVIADOS Y NO FIRMADOS A 12-06-2024/Informe de viabilidad PASEO MAESTRA MARIA SANCHEZ ARBOS 3 MADRID (2).pdf
2025-04-02	123049	./PRESUPUESTOS ENVIADOS/LISTADO PRESUPUESTOS ENVIADOS Y NO FIRMADOS A 12-06-2024/Informe de viabilidad GODELLA 5.pdf
2025-04-03	185769	./PRESUPUESTOS ENVIADOS/LISTADO PRESUPUESTOS ENVIADOS Y NO FIRMADOS A 12-06-2024/PAULINO AGUADO 5 ALCOBENDAS INFORME DE VIABILIDAD.pdf
2025-03-21	193	./PRESUPUESTOS ENVIADOS/LISTADO PRESUPUESTOS ENVIADOS Y NO FIRMADOS A 12-06-2024/HOJA ENCARGO JARAMA 24 ALCOBENDAS SUBVENCION fijo pry propio.gdoc
2025-04-02	123052	./PRESUPUESTOS ENVIADOS/LISTADO PRESUPUESTOS ENVIADOS Y NO FIRMADOS A 12-06-2024/Informe de viabilidad GODELLA 1 (1).pdf
2025-04-02	123052	./PRESUPUESTOS ENVIADOS/LISTADO PRESUPUESTOS ENVIADOS Y NO FIRMADOS A 12-06-2024/Informe de viabilidad GODELLA 3 (1).pdf
2025-03-19	193	./PRESUPUESTOS ENVIADOS/LISTADO PRESUPUESTOS ENVIADOS Y NO FIRMADOS A 12-06-2024/Paseo María Sánchez Arbós 1 Madrid ASCENSOR Y SUBV.gdoc
2025-04-03	135353	./PRESUPUESTOS ENVIADOS/LISTADO PRESUPUESTOS ENVIADOS Y NO FIRMADOS A 12-06-2024/PEÑA DE LA MIEL 6 MADRID INFORME DE VIABILIDAD .pdf
2025-03-26	193	./PRESUPUESTOS ENVIADOS/LISTADO PRESUPUESTOS ENVIADOS Y NO FIRMADOS A 12-06-2024/AV SAN LUIS 95 MADRID HE ACCESIBILIDAD 3-03-2025.gdoc
2024-06-12	13503	./PRESUPUESTOS ENVIADOS/LISTADO PRESUPUESTOS ENVIADOS Y NO FIRMADOS A 12-06-2024/PRESUPUESTOS ENVIADOS Y NO FIRMADOS 2024.xlsx
2025-04-23	167318	./PRESUPUESTOS ENVIADOS/HINOJAL 4 MADRID INFORME DE VIABILIDAD .pdf
2025-04-24	193	./PRESUPUESTOS ENVIADOS/PRADOLONGUILLO 6 MADRID HOJA ENCARGO SUBVENCION fijo pry propio 24-04-2025.gdoc
2025-04-24	193	./PRESUPUESTOS ENVIADOS/LUIS DE HOYOS ESAINZ 108 MADRID HOJA ENCARGO SUBVENCION fijo pry propio 24-04-2025.gdoc
2025-01-27	2805577	./PRESUPUESTOS ENVIADOS/LAVAPIES 51 MADRID HOJA DE ENCARGO SUBVENCIONES 27-01-2025.docx
2025-04-24	193	./PRESUPUESTOS ENVIADOS/COMERCIO 5 MADRID HOJA ENCARGO SUBVENCION fijo pry propio 24-04-2025.gdoc
2025-01-24	2805726	./PRESUPUESTOS ENVIADOS/CASTILLA 1 ALCALA HOJA DE ENCARGO SUBVENCIONES 24-01-2025.docx
2025-04-24	193	./PRESUPUESTOS ENVIADOS/HINOJAL 4 MADRID HOJA ENCARGO SUBVENCION fijo pry propio 24-04-2025.gdoc
2023-04-20	81063	./PRESUPUESTOS ENVIADOS/HOJA DE ENCARGO CARDENAL HERRERA ORIA 283 MADRID.docx
2023-04-20	82056	./PRESUPUESTOS ENVIADOS/HOJA DE ENCARGO AV CARLOS V 32 MOSTOLES.docx
2023-04-23	68708	./PRESUPUESTOS ENVIADOS/HOJA DE ENCARGO PARQUE MIRAFLORES 49 FUENLABRADA .docx
2023-04-23	68735	./PRESUPUESTOS ENVIADOS/HOJA DE ENCARGO PARQUE MIRAFLORES 56 FUENLABRADA .docx
2023-04-24	14408	./PRESUPUESTOS ENVIADOS/Libro2.xlsx
2023-04-24	68591	./PRESUPUESTOS ENVIADOS/HOJA DE ENCARGO CALLAO 31 FUENLABRADA .docx
2023-04-27	68511	./PRESUPUESTOS ENVIADOS/HOJA DE ENCARGO BELEN 7 FUENLABRADA .docx
2023-04-28	573421	./PRESUPUESTOS ENVIADOS/HOJA DE ENCARGO fermin caballero 75 libros del edificio.docx
2023-04-28	64309	./PRESUPUESTOS ENVIADOS/HOJA DE ENCARGO fermin caballero 75 libros del edificio.pdf
2023-04-28	573990	./PRESUPUESTOS ENVIADOS/HOJA DE ENCARGO fermin caballero 75 envolvente y mejora energetica.docx
2023-04-28	71337	./PRESUPUESTOS ENVIADOS/HOJA DE ENCARGO fermin caballero 75 envolvente y mejora energetica.pdf
2023-05-03	68797	./PRESUPUESTOS ENVIADOS/HOJA DE ENCARGO CARDENAL HERRERA ORIA 293 MADRID.docx
2023-05-05	68782	./PRESUPUESTOS ENVIADOS/HOJA DE ENCARGO AVILA 8 FUENLABRADA .docx
2023-05-17	222692	./PRESUPUESTOS ENVIADOS/Copia de HOJA DE ENCARGO LOS ROBLES FRESNEDILLAS 7 MADRID.docx
2023-05-19	231154	./PRESUPUESTOS ENVIADOS/HOJA DE ENCARGO VILLAMANIN 37 MADRID .docx
2023-05-19	578424	./PRESUPUESTOS ENVIADOS/HOJA DE ENCARGO ZAMORA 25 FUENLABRADA.odt
2023-05-19	54956	./PRESUPUESTOS ENVIADOS/HOJA DE ENCARGO SATE SORIA 1 FUENLABRADA.docx
2023-05-24	222207	./PRESUPUESTOS ENVIADOS/medellin 10 madrid proyecto y do.docx
2023-05-25	68507	./PRESUPUESTOS ENVIADOS/HOJA DE ENCARGO AV ONU 76 MOSTOLES.docx
2023-05-25	68667	./PRESUPUESTOS ENVIADOS/HOJA DE ENCARGO SANTA VIRGILIA 24 MADRID SATE.docx
2023-05-25	68402	./PRESUPUESTOS ENVIADOS/HOJA DE ENCARGO SANTA VIRGILIA 24 MADRID ASCENSOR.docx
2023-05-25	115690	./PRESUPUESTOS ENVIADOS/propuesta generica roen.pdf
2023-05-25	66843	./PRESUPUESTOS ENVIADOS/HOJA DE ENCARGO lago tiberiades 8 parla SUBVENCION fijo pry propio.docx
2023-05-27	68690	./PRESUPUESTOS ENVIADOS/HOJA DE ENCARGO CARLOS V 42 MOSTOLES.docx
2023-05-28	68781	./PRESUPUESTOS ENVIADOS/HOJA DE ENCARGO GIBRALTAR 4 6 y 8 GETAFE.docx
2023-05-29	65918	./PRESUPUESTOS ENVIADOS/HOJA DE ENCARGO av. provincias 10 fuenlabrada SUBVENCION.docx
2023-05-29	66555	./PRESUPUESTOS ENVIADOS/HOJA DE ENCARGO MADRID 79 HUMANES.docx
2023-05-29	229466	./PRESUPUESTOS ENVIADOS/HOJA DE ENCARGO gutierre de cetina 71 MADRID.docx
2023-05-29	68698	./PRESUPUESTOS ENVIADOS/HOJA DE ENCARGO COMUNIDAD DE MADRID 9 FUENLABRADA .docx
2023-05-29	68384	./PRESUPUESTOS ENVIADOS/HOJA DE ENCARGO AV DE LOS ESTADO 18 FUENLABRADA .docx
2023-05-29	68398	./PRESUPUESTOS ENVIADOS/HOJA DE ENCARGO SAN JOSE 9 FUENLABRADA .docx
2023-05-29	68361	./PRESUPUESTOS ENVIADOS/HOJA DE ENCARGO MONTEVIDEO 2 MOSTOLES.docx
2023-05-29	66807	./PRESUPUESTOS ENVIADOS/HOJA DE ENCARGO ribadumia 4 SUBVENCION fijo pry propio.docx
2023-05-29	68434	./PRESUPUESTOS ENVIADOS/HOJA DE ENCARGO PINTOR VELAZQUEZ 65 MOSTOLES C SUB.docx
2023-05-30	66657	./PRESUPUESTOS ENVIADOS/HOJA DE ENCARGO cadalso de los vidrios 2 madrid SUBVENCION fijo pry propio.docx
2023-05-30	80765	./PRESUPUESTOS ENVIADOS/HOJA DE ENCARGO ITALIA 35 FUENLABRADA v2.docx
2023-05-31	68552	./PRESUPUESTOS ENVIADOS/HOJA DE ENCARGO NAZARETH 32 B FUENLABRADA.docx
2023-05-31	66787	./PRESUPUESTOS ENVIADOS/HOJA DE ENCARGO CAMINO DE LAS CRUCES 28 MADRID SUBV.docx
2023-05-31	69172	./PRESUPUESTOS ENVIADOS/HOJA DE ENCARGO ALAVA 10 FUENLABRADA.docx
2023-06-01	224525	./PRESUPUESTOS ENVIADOS/HOJA DE ENCARGO SANTA VIRGILIA 24 MADRID asc + sate + subvencion.docx
2023-06-01	179686	./PRESUPUESTOS ENVIADOS/HOJA DE ENCARGO SANTA VIRGILIA 24 MADRI...subvencion.docx - Documentos de Google.pdf
2023-06-02	66925	./PRESUPUESTOS ENVIADOS/HOJA DE ENCARGO SANTA TERESA 2 ALCALA SUBVENCION.docx
2023-06-02	875442	./PRESUPUESTOS ENVIADOS/HOJA ENCARGO badalona 48 madrid SUBVENCION fijo pry propio.docx
2023-06-03	80804	./PRESUPUESTOS ENVIADOS/HOJA DE ENCARGO LIMA 5 FUENLABRADA 2.docx
2023-06-07	66706	./PRESUPUESTOS ENVIADOS/HOJA ENCARGO biosca 18 RENOVACION SUBV fijo pry propio.docx
2023-06-07	66802	./PRESUPUESTOS ENVIADOS/HOJA ENCARGO islas britanicas 26 fuenlabrada SUBVENCION fijo pry propio (1).docx
2023-06-07	66978	./PRESUPUESTOS ENVIADOS/HOJA DE ENCARGO CARDENAL HERRERA ORIA 299 MADRID.docx
2023-06-08	68669	./PRESUPUESTOS ENVIADOS/HOJA DE ENCARGO HABANA 41 FUENLABRADA.docx
2023-06-08	576515	./PRESUPUESTOS ENVIADOS/HOJA DE ENCARGO caceres 24 alcorcon rosersese.docx
2023-06-08	576355	./PRESUPUESTOS ENVIADOS/HOJA DE ENCARGO plaza concordia 1 alcobendas schindler.docx
2023-06-08	576366	./PRESUPUESTOS ENVIADOS/HOJA DE ENCARGO virgen de iciar 15 alcorcon schindler.docx
2023-06-11	68883	./PRESUPUESTOS ENVIADOS/HOJA DE ENCARGO PORTUGAL 4 FUENLABRADA.docx
2023-06-11	68824	./PRESUPUESTOS ENVIADOS/HOJA DE ENCARGO MESONES 3 VILLAREJO DE SALVANES.docx
2023-06-12	229520	./PRESUPUESTOS ENVIADOS/HOJA DE ENCARGO infantas 13 aranjuez plataforma coinsa.docx
2023-06-13	68482	./PRESUPUESTOS ENVIADOS/HOJA DE ENCARGO LA PAZ 5 ESTREMERA.docx
2023-06-14	72581	./PRESUPUESTOS ENVIADOS/HOJA DE ENCARGO ALCARRIA 9 LEGANES.docx
2023-06-14	182227	./PRESUPUESTOS ENVIADOS/HOJA DE ENCARGO pensamiento 5 leganes.pdf
2023-06-14	68856	./PRESUPUESTOS ENVIADOS/HOJA DE ENCARGO ALPUJARRAS 23 LEGANES.docx
2023-06-15	66823	./PRESUPUESTOS ENVIADOS/HOJA DE ENCARGO PEÑA PRIETA 53 MADRID.docx
2023-06-16	231916	./PRESUPUESTOS ENVIADOS/HOJA ENCARGO oriente 3 san sebastian de los reyes subvencion.pdf
2023-06-16	232803	./PRESUPUESTOS ENVIADOS/HOJA ENCARGO torrejon 9 fuenlabrada subvencion.pdf
2023-06-16	187344	./PRESUPUESTOS ENVIADOS/HOJA DE ENCARGO TORREJON 9 FUENLABRADA.pdf
2023-06-19	232524	./PRESUPUESTOS ENVIADOS/HOJA ENCARGO holanda 3 fuenlabrada SUBVENCION fijo pry propio (1).pdf
2023-06-19	155610	./PRESUPUESTOS ENVIADOS/HOJA DE ENCARGO holanda 3 fuenlabrada pry + css.pdf
2023-06-19	232594	./PRESUPUESTOS ENVIADOS/HOJA ENCARGO fco javier sauquillo 22 fuenlabrada SUBVENCION fijo pry propio (1).pdf
2023-06-19	234795	./PRESUPUESTOS ENVIADOS/HOJA DE ENCARGO calvario 1 azuqueca de henares PRY+CSS+SUBV.pdf
2023-06-20	231184	./PRESUPUESTOS ENVIADOS/HOJA ENCARGO pz concordia 1 alcobendas SUBVENCION fijo pry propio.pdf
2023-06-20	68644	./PRESUPUESTOS ENVIADOS/HOJA DE ENCARGO NAVAS DEL REY 51 MADRID.docx
2023-06-21	68382	./PRESUPUESTOS ENVIADOS/HOJA DE ENCARGO ANDALUCIA 6 Y 8 CASTILLA 1 3 5 Y 7 Y CATALUÑA 1 TOLEDO.docx
2023-06-21	232304	./PRESUPUESTOS ENVIADOS/HOJA ENCARGO JACOBINIA 12 MADRID next generation pry externo.pdf
2023-06-22	219395	./PRESUPUESTOS ENVIADOS/HOJA DE ENCARGO ARANJUEZ 2 PARLA.pdf
2023-06-22	69059	./PRESUPUESTOS ENVIADOS/HOJA DE ENCARGO AUSTRIA 8 FUENLABRADA.docx
2023-06-22	220036	./PRESUPUESTOS ENVIADOS/HOJA DE ENCARGO AUSTRIA 8 FUENLABRADA.pdf
2023-06-22	70499	./PRESUPUESTOS ENVIADOS/HOJA DE ENCARGO ARANJUEZ 2 PARLA.docx
2023-06-25	69067	./PRESUPUESTOS ENVIADOS/HOJA DE ENCARGO VELEZ BLANCO 46 MADRID.docx
2023-06-25	167424	./PRESUPUESTOS ENVIADOS/HOJA DE ENCARGO VELEZ BLANCO 46 MADRID.pdf
2023-06-26	229719	./PRESUPUESTOS ENVIADOS/HOJA DE ENCARGO TORREJON 9 FUENLABRADA.docx
2023-06-26	69082	./PRESUPUESTOS ENVIADOS/HOJA DE ENCARGO CALLAO 68 FUENLABRADA.docx
2023-06-26	166374	./PRESUPUESTOS ENVIADOS/HOJA DE ENCARGO CALLAO 68 FUENLABRADA.pdf
2023-06-28	67731	./PRESUPUESTOS ENVIADOS/HOJA DE ENCARGO avenida de los andes 11 fuenlabrada pry y css.docx
2023-06-28	67185	./PRESUPUESTOS ENVIADOS/HOJA ENCARGO av andes 11 fuenlabrada SUBVENCION fijo pry propio.docx
2023-06-28	243475	./PRESUPUESTOS ENVIADOS/HOJA ENCARGO av andes 11 fuenlabrada SUBVENCION fijo pry propio.pdf
2023-06-28	218017	./PRESUPUESTOS ENVIADOS/HOJA DE ENCARGO avenida de los andes 11 fuenlabrada pry y css.pdf
2023-06-28	160967	./PRESUPUESTOS ENVIADOS/HOJA ENCARGO covadonga 22 leganes SUBVENCION fijo pry propio.pdf
2023-06-28	67920	./PRESUPUESTOS ENVIADOS/HOJA DE ENCARGO covadonga 22 leganes ascensor.docx
2023-06-28	213264	./PRESUPUESTOS ENVIADOS/HOJA DE ENCARGO covadonga 22 leganes ascensor.pdf
2023-06-29	66934	./PRESUPUESTOS ENVIADOS/HOJA DE ENCARGO GUADALUPE 3 MOSTOLES.docx
2023-06-29	210324	./PRESUPUESTOS ENVIADOS/HOJA DE ENCARGO GUADALUPE 3 MOSTOLES.pdf
2023-06-29	67055	./PRESUPUESTOS ENVIADOS/prueba ana.docx
2023-06-30	66836	./PRESUPUESTOS ENVIADOS/HOJA DE ENCARGO SAN JOAQUIN 14 FUENLABRADA.docx
2023-06-30	157026	./PRESUPUESTOS ENVIADOS/HOJA DE ENCARGO SAN JOAQUIN 14 FUENLABRADA.pdf
2023-06-30	163599	./PRESUPUESTOS ENVIADOS/HOJA DE ENCARGO GIBRALTAR 4 6 y 8 GETAFE.pdf
2023-06-30	230625	./PRESUPUESTOS ENVIADOS/HOJA ENCARGO paseo de la haya 2 fuenlabrada SUBVENCION fijo pry propio.pdf
2023-06-30	230739	./PRESUPUESTOS ENVIADOS/HOJA ENCARGO artenera 2 madrid SUBVENCION fijo pry externo.pdf
2023-06-30	148549	./PRESUPUESTOS ENVIADOS/HOJA DE ENCARGO caceres 24 alcorcon rosersese (1).pdf
2023-06-30	67660	./PRESUPUESTOS ENVIADOS/HOJA DE ENCARGO AV ANDALUCIA 4 AL 14 Y EXTREMADURA 8 AL 12 SS REYES.docx
2023-07-01	68777	./PRESUPUESTOS ENVIADOS/HOJA DE ENCARGO AV DEL MONTE 85 URB SANTO DOMINGO ALGETE.docx
2023-07-04	68079	./PRESUPUESTOS ENVIADOS/HOJA DE ENCARGO AMPURDAN 10 LEGANES.docx
2023-07-05	67018	./PRESUPUESTOS ENVIADOS/HOJA DE ENCARGO FERIA 8 MADRID.docx
2023-07-05	67024	./PRESUPUESTOS ENVIADOS/HOJA DE ENCARGO RIOJA 19 LEGANES.docx
2023-07-05	67323	./PRESUPUESTOS ENVIADOS/HOJA DE ENCARGO CALVARIO 1 AZUQUECA DE HENARES.docx
2023-07-06	66895	./PRESUPUESTOS ENVIADOS/HOJA DE ENCARGO HACIENDA DE PAVONES 117 MADRID.docx
2023-07-06	66920	./PRESUPUESTOS ENVIADOS/HOJA ENCARGO ALVARO DE BAZAN 4 ALCALA SUBV.docx
2023-07-07	84869	./PRESUPUESTOS ENVIADOS/HOJA DE ENCARGO TORRE TIPO MANCOMUNIDAD PONCE DE LEON MADRID.pdf
2023-07-11	68846	./PRESUPUESTOS ENVIADOS/HOJA DE ENCARGO AV DE LAS AGUILAS 74 MADRID subv.docx
2023-07-11	68603	./PRESUPUESTOS ENVIADOS/HOJA DE ENCARGO AV DE LAS AGUILAS 74 MADRID.docx
2023-07-11	66248	./PRESUPUESTOS ENVIADOS/HOJA ENCARGO PLAZA DE LA FLOR 6 LEGANES SUBV.docx
2023-07-11	66396	./PRESUPUESTOS ENVIADOS/HOJA ENCARGO TORRUBIA 4 LEGANES SUBV.docx
2023-07-11	66879	./PRESUPUESTOS ENVIADOS/HOJA ENCARGO CARLOS ARNICHES 25 MADRID SUBV.docx
2023-07-12	67874	./PRESUPUESTOS ENVIADOS/HOJA DE ENCARGO PALERMO 7 TORREJON.docx
2023-07-12	66915	./PRESUPUESTOS ENVIADOS/HOJA ENCARGO PALERMO 7 TORREJON SUBV.docx
2023-07-12	67877	./PRESUPUESTOS ENVIADOS/HOJA DE ENCARGO PALERMO 7 TORREJON PRY.docx
2023-07-13	66956	./PRESUPUESTOS ENVIADOS/HOJA ENCARGO JUAN SEBASTIAN EL CANO 4 ALCALA SUBV.docx
2023-07-18	67821	./PRESUPUESTOS ENVIADOS/HOJA DE ENCARGO ARAGON 14 GETAFE PRY.docx
2023-07-18	66982	./PRESUPUESTOS ENVIADOS/HOJA ENCARGO ANGELES 6 GETAFE SUBV.docx
2023-07-19	232486	./PRESUPUESTOS ENVIADOS/HOJA ENCARGO joaquin ibarra 37 madrid SUBVENCION fijo pry propio.pdf
2023-07-20	67909	./PRESUPUESTOS ENVIADOS/HOJA DE ENCARGO RAFAEL FINAT 38 MADRID.docx
2023-07-21	56619	./PRESUPUESTOS ENVIADOS/HOJA ENCARGO PABLO LUNA 4 MADRID.docx
2023-07-21	56598	./PRESUPUESTOS ENVIADOS/HOJA ENCARGO CONDE DE TORRALBA 10 MADRID.docx
2023-07-21	66850	./PRESUPUESTOS ENVIADOS/HOJA DE ENCARGO EMPECINADO 6 MOSTOLES .docx
2023-07-25	67057	./PRESUPUESTOS ENVIADOS/HOJA DE ENCARGO RIO DUERO 71 LEGANES.docx
2023-07-25	66896	./PRESUPUESTOS ENVIADOS/HOJA DE ENCARGO MERCEDES 3 MOSTOLES ASC.docx
2023-07-25	67488	./PRESUPUESTOS ENVIADOS/HOJA DE ENCARGO MERCEDES 3 MOSTOLES SATE.docx
2023-07-25	66569	./PRESUPUESTOS ENVIADOS/HOJA DE ENCARGO VALENCIA DE DON JUAN 19 MADRID.docx
2023-07-26	66321	./PRESUPUESTOS ENVIADOS/HOJA DE ENCARGO JUAN DEL ROSAL 2 MADRID.docx
2023-07-26	67192	./PRESUPUESTOS ENVIADOS/HOJA DE ENCARGO SUIZA 17 FUENLABRADA SATE.docx
2023-07-27	81386	./PRESUPUESTOS ENVIADOS/HOJA DE ENCARGO ALCAUDON 45 MADRID.docx
2023-07-27	67426	./PRESUPUESTOS ENVIADOS/HOJA DE ENCARGO ALCAUDON 45 MADRID SATE.docx
2023-07-27	231656	./PRESUPUESTOS ENVIADOS/HOJA ENCARGO padilla 8 mostoles SUBVENCION fijo pry propio.pdf
2023-08-14	67493	./PRESUPUESTOS ENVIADOS/HOJA DE ENCARGO CALLAO 35 FUENLABRADA SATE.docx
2023-08-14	66976	./PRESUPUESTOS ENVIADOS/HOJA ENCARGO PADILLA 8 MOSTOLES SUBV.docx
2023-08-18	67117	./PRESUPUESTOS ENVIADOS/HOJA DE ENCARGO ORQUIDEA 5 ALCALA SATE.docx
2023-08-24	230709	./PRESUPUESTOS ENVIADOS/HOJA ENCARGO santa virgilia 20 madrid SUBVENCION fijo pry propio.pdf
2023-08-28	220325	./PRESUPUESTOS ENVIADOS/HOJA ENCARGO san vicente 10 leganes SUBVENCION fijo pry propio.pdf
2023-08-28	199223	./PRESUPUESTOS ENVIADOS/propuesta zamora 1 3 5 fuenlabrada accesalia-naturalhome_f.pdf
2023-09-01	212355	./PRESUPUESTOS ENVIADOS/HOJA DE ENCARGO NAVAS DEL REY 51 MADRID.pdf
2023-09-06	67535	./PRESUPUESTOS ENVIADOS/HOJA DE ENCARGO HELSINKI 7 MOSTOLES PRG5.docx
2023-09-07	219974	./PRESUPUESTOS ENVIADOS/HOJA ENCARGO armenteros 28 madrid RENOVACION SUBV fijo pry propio.pdf
2023-09-08	24857	./PRESUPUESTOS ENVIADOS/Copia de LISTADO DESDE ABRIL 2023 A 1 SEPTIEMBRE 2023.xlsx
2023-09-11	149891	./PRESUPUESTOS ENVIADOS/HOJA DE ENCARGO HELSINKI 7 MOSTOLES PRG5.pdf
2023-09-12	67358	./PRESUPUESTOS ENVIADOS/HOJA DE ENCARGO ANTONIO CUMELLA 3 5 7 9 MADRID.docx
2023-09-14	68637	./PRESUPUESTOS ENVIADOS/HOJA DE ENCARGO AMPURDAN 12 LEGANES.docx
2023-09-19	1765940	./PRESUPUESTOS ENVIADOS/plaza de paris 2 fuenlabrada hoja de encargo 2020 para firmar.pdf
2023-09-19	151831	./PRESUPUESTOS ENVIADOS/HOJA DE ENCARGO rabat 10 madrid PERICIAL.pdf
2023-09-22	58863	./PRESUPUESTOS ENVIADOS/HOJA DE ENCARGO PERICIAL rabat 10 madrid.docx
2023-09-28	183840	./PRESUPUESTOS ENVIADOS/HOJA DE ENCARGO RIO GUADALQUIVIR 3 PARLA SATE Y NEXT GEN.pdf
2023-09-28	183512	./PRESUPUESTOS ENVIADOS/hoja de encargo JAIME I EL CONQUISTADOR 39 PARLA envolvente y next gen.pdf
2023-09-28	183458	./PRESUPUESTOS ENVIADOS/hoja de encargo ALFONSO XII 7 MOSTOLES envolvente y next gen.pdf
2023-09-28	183466	./PRESUPUESTOS ENVIADOS/hoja de encargo PABLO SERRANO 9 MADRID envolvente y next gen.pdf
2023-09-28	220391	./PRESUPUESTOS ENVIADOS/HOJA ENCARGO av machupichu 43 madrid SUBVENCION fijo pry propio.pdf
2023-09-28	178720	./PRESUPUESTOS ENVIADOS/HOJA DE ENCARGO av machupichu 43 madrid pry do y css.pdf
2023-09-28	69317	./PRESUPUESTOS ENVIADOS/HOJA DE ENCARGO enciso 1 madrid PROYECTO y DO fain.pdf
2023-10-02	68465	./PRESUPUESTOS ENVIADOS/HOJA ENCARGO PERALES 11 PINTO SUBV.docx
2023-10-02	66905	./PRESUPUESTOS ENVIADOS/HOJA DE ENCARGO FUENTEBELLA 28 PARLA.docx
2023-10-03	68377	./PRESUPUESTOS ENVIADOS/HOJA ENCARGO ronda plazuela 9 las rozas SUBVENCION fijo pry propio.docx
2023-10-03	68433	./PRESUPUESTOS ENVIADOS/HOJA ENCARGO jose maria pereda 41 alcala de henares SUBVENCION fijo pry propio.docx
2023-10-03	67058	./PRESUPUESTOS ENVIADOS/HOJA DE ENCARGO jose maria pereda 41 alcala PROYECTO DO + CSS.docx
2023-10-03	217267	./PRESUPUESTOS ENVIADOS/HOJA DE ENCARGO ronda plazuela 9 las rozas PROYECTO DO + CSS.docx
2023-10-03	67741	./PRESUPUESTOS ENVIADOS/HOJA DE ENCARGO torrecilla del leal 21 madrid PRY.docx
2023-10-03	66343	./PRESUPUESTOS ENVIADOS/HOJA DE ENCARGO cristo de los remedios 18 y 20 ss reyes.docx
2023-10-04	30396	./PRESUPUESTOS ENVIADOS/HOJA DE ENCARGO CARLOS ARNICHES 25 MADRID PRY.docx
2023-10-04	186441	./PRESUPUESTOS ENVIADOS/HOJA DE ENCARGO CARLOS ARNICHES 25 MADRID PRY y DO.pdf
2023-10-04	183706	./PRESUPUESTOS ENVIADOS/HOJA DE ENCARGO discobolo 67 madrid PRY Y CSS.pdf
2023-10-09	66962	./PRESUPUESTOS ENVIADOS/HOJA DE ENCARGO JOSE ARCONES GIL 106 MADRID.docx
2023-10-09	66895	./PRESUPUESTOS ENVIADOS/HOJA DE ENCARGO SAN MARCELO 26 MADRID.docx
2023-10-09	266409	./PRESUPUESTOS ENVIADOS/HOJA ENCARGO odonnell 47 madrid SUBVENCION fijo pry propio.pdf
2023-10-09	178179	./PRESUPUESTOS ENVIADOS/HOJA DE ENCARGO odonnell 47 madrid pry y css.pdf
2023-10-16	66631	./PRESUPUESTOS ENVIADOS/HOJA DE ENCARGO ALPUJARRAS 30 LEGANES NXT GEN.docx
2023-10-16	67170	./PRESUPUESTOS ENVIADOS/HOJA ENCARGO MARTIN DE LOS HEROS 38 MADRID SUBV.docx
2023-10-16	65966	./PRESUPUESTOS ENVIADOS/HOJA DE ENCARGO APOSTOL SANTIAGO 52 MADRID.docx
2023-10-16	67032	./PRESUPUESTOS ENVIADOS/HOJA ENCARGO AV CARABANCHEL ALTO 16 MADRID SUBV.docx
2023-10-17	66193	./PRESUPUESTOS ENVIADOS/HOJA ENCARGO cebreros 1 madrid RENOVACION SUBV fijo pry propio.docx
2023-10-17	65349	./PRESUPUESTOS ENVIADOS/HOJA DE ENCARGO general ricardos 92 madrid SOLO DO.docx
2023-10-18	66438	./PRESUPUESTOS ENVIADOS/HOJA DE ENCARGO ORIENTE 6 FUENLABRADA PRY.docx
2023-10-18	67676	./PRESUPUESTOS ENVIADOS/HOJA DE ENCARGO ORIENTE 8 FUENLABRADA PRY.docx
2023-10-19	96642	./PRESUPUESTOS ENVIADOS/LLANOS DE ESCUDERO 37 MADRID - oferta renovacion 19-10-2023.pdf
2023-10-19	573147	./PRESUPUESTOS ENVIADOS/HOJA DE ENCARGO ZAMORA 25 FUENLABRADA.docx
2023-10-20	66284	./PRESUPUESTOS ENVIADOS/HOJA ENCARGO manresa 56 madrid SUBVENCION fijo pry propio.docx
2023-10-23	117422	./PRESUPUESTOS ENVIADOS/HOJA ENCARGO JUAN RAMON JIMENEZ 7 MOSTOLES NEXT GENERATION.pdf
2023-10-23	66282	./PRESUPUESTOS ENVIADOS/HOJA DE ENCARGO discobolo 63 madrid PRY Y CSS.docx
2023-10-23	176509	./PRESUPUESTOS ENVIADOS/HOJA DE ENCARGO lago constanza 34 madrid PROYECTO DO + CSS version definitiva.pdf
2023-10-24	69455	./PRESUPUESTOS ENVIADOS/HOJA DE ENCARGO palomares 75 madrid PRY.docx
2023-10-24	66560	./PRESUPUESTOS ENVIADOS/HOJA DE ENCARGO palomares 77 madrid PRY.docx
2023-10-24	66571	./PRESUPUESTOS ENVIADOS/HOJA DE ENCARGO palomares 79 madrid PRY.docx
2023-10-24	70321	./PRESUPUESTOS ENVIADOS/hojas de encargo palomares 75 77 79 sate y fv y programa 5 next gen.docx
2023-10-24	66971	./PRESUPUESTOS ENVIADOS/HOJA DE ENCARGO jose ortega y gasset 34 madrid elevador vertical PROYECTO y DO fain.docx
2023-10-25	66701	./PRESUPUESTOS ENVIADOS/HOJA DE ENCARGO AV PROVINCIAS 14 FUENLABRADA  NXT GEN.docx
2023-10-25	66679	./PRESUPUESTOS ENVIADOS/HOJA DE ENCARGO AV BURGOS 2 MOSTOLES NXT GEN.docx
2023-10-25	66921	./PRESUPUESTOS ENVIADOS/HOJA DE ENCARGO POLVORANCA 25 ALCORCON NXT GEN.docx
2023-10-26	66015	./PRESUPUESTOS ENVIADOS/HOJA DE ENCARGO illescas 70 madrid ascensor PROYECTO DO.docx
2023-10-26	66279	./PRESUPUESTOS ENVIADOS/HOJA ENCARGO illescas 70 madrid SUBVENCION fijo pry propio.docx
2023-10-26	66203	./PRESUPUESTOS ENVIADOS/HOJA DE ENCARGO camarena 136 madrid ascensor PROYECTO DO.docx
2023-10-26	66702	./PRESUPUESTOS ENVIADOS/HOJA ENCARGO camarena 136 madrid SUBVENCION fijo pry propio.docx
2023-10-26	222237	./PRESUPUESTOS ENVIADOS/hoja de encargo calderon de la barca 6 leganes.docx
2023-10-26	186064	./PRESUPUESTOS ENVIADOS/HOJA ENCARGO escribanos 5 madrid sate, cubierta y placas NEXT GENERATION.pdf
2023-10-26	144384	./PRESUPUESTOS ENVIADOS/HOJA DE ENCARGO nuestra señora macarena 9 leganes PROYECTO y DO fain.pdf
2023-10-26	185485	./PRESUPUESTOS ENVIADOS/HOJA ENCARGO lucano 45 madrid NEXT GENERATION.pdf
2023-10-27	33600	./PRESUPUESTOS ENVIADOS/HOJA DE ENCARGO lucano 45 madrid ascensor y plataforma PRY+CSS+SUBV.docx
2023-10-30	60605	./PRESUPUESTOS ENVIADOS/hoja de encargo simon hernandez 29 mostoles sate y next gen prg 5.docx
2023-10-30	217101	./PRESUPUESTOS ENVIADOS/HOJA DE ENCARGO marques de corbera 36b madrid ANTIGUO PROYECTO DO + CSS.docx
2023-10-31	60679	./PRESUPUESTOS ENVIADOS/hoja de encargo NAVARRA 2 ALCORCON sate y next gen prg 5.docx
2023-10-31	573467	./PRESUPUESTOS ENVIADOS/HOJA DE ENCARGO corregidor jose de pasamonte 5-7-9 madrid.docx
2023-10-31	186000	./PRESUPUESTOS ENVIADOS/HOJA ENCARGO corregidor diego cabeza de vaca 18 madrid NEXT GENERATION.pdf
2023-10-31	66331	./PRESUPUESTOS ENVIADOS/HOJA ENCARGO corregidor diego cabeza de vaca 18 madrid SUBVENCION fijo pry propio.docx
2023-10-31	66399	./PRESUPUESTOS ENVIADOS/HOJA DE ENCARGO corregidor diego cabeza de vaca 18 madrid PRY.docx
2023-10-31	67233	./PRESUPUESTOS ENVIADOS/HOJA DE ENCARGO plaza paris 6 fuenlabrada cdad prop.docx
2023-10-31	66408	./PRESUPUESTOS ENVIADOS/HOJA ENCARGO plaza paris 6 fuenlabrada SUBVENCION fijo pry propio.docx
2023-11-02	573572	./PRESUPUESTOS ENVIADOS/HOJA DE ENCARGO ORENSE 43 MADRID sate + next gen.docx
2023-11-03	59943	./PRESUPUESTOS ENVIADOS/HOJA DE ENCARGO ALBERTO CONTI 6 MOSTOLES NEXT GEN PRG 3 Y 5.docx
2023-11-03	218975	./PRESUPUESTOS ENVIADOS/HOJA DE ENCARGO COSTA BRAVA 18 MADRID NEXT GEN ELECNOR.docx
2023-11-03	60257	./PRESUPUESTOS ENVIADOS/HOJA DE ENCARGO EJEMPLO ROEN SOBRE PEM 684.000NEXT GEN PRG 3 Y 5.docx
2023-11-03	59952	./PRESUPUESTOS ENVIADOS/HOJA DE ENCARGO SIERRA DE CONTRAVIESA 38 Y 40 MADRID NEXT GEN PRG 3 Y 5.docx
2023-11-03	185663	./PRESUPUESTOS ENVIADOS/HOJA DE ENCARGO lima 5 fuenlabrada CSS.pdf
2023-11-06	223404	./PRESUPUESTOS ENVIADOS/HOJA ENCARGO florida 32 aranjuez SUBVENCION fijo pry propio.pdf
2023-11-06	223139	./PRESUPUESTOS ENVIADOS/HOJA ENCARGO reconquista 6 portal g toledo SUBVENCION fijo pry propio (1).pdf
2023-11-07	216986	./PRESUPUESTOS ENVIADOS/HOJA DE ENCARGO ALEMANIA 11 FUENLABRADA SUBV.docx
2023-11-13	66063	./PRESUPUESTOS ENVIADOS/HOJA DE ENCARGO callao 31 fuenlabrada CSS.docx
2023-11-13	66089	./PRESUPUESTOS ENVIADOS/HOJA DE ENCARGO callao 35 fuenlabrada CSS.docx
2023-11-13	66571	./PRESUPUESTOS ENVIADOS/HOJA ENCARGO nueva 6 alcala de henares SUBVENCION fijo pry externo.docx
2023-11-13	66643	./PRESUPUESTOS ENVIADOS/HOJA ENCARGO via complutense 24 y diego de torres 8 alcala de henares SUBVENCION fijo pry externo.docx
2023-11-13	67341	./PRESUPUESTOS ENVIADOS/HOJA ENCARGO cuesta blanca 16 alcobendas SUBVENCION fijo pry propio (2).docx
2023-11-13	34170	./PRESUPUESTOS ENVIADOS/HOJA DE ENCARGO accesibilidad y ascensores cuesta blanca 16 alcobendas.docx
2023-11-13	232852	./PRESUPUESTOS ENVIADOS/Juan Ramón JIménez 2 mostoles.pdf
2023-11-15	34377	./PRESUPUESTOS ENVIADOS/HOJA DE ENCARGO juan ramon jimenez 2 mostoles con css.docx
2023-11-15	187659	./PRESUPUESTOS ENVIADOS/rio ebro 32 mostoles impermeabilizacion sotanos.pdf
2023-11-15	67121	./PRESUPUESTOS ENVIADOS/HOJA DE ENCARGO modesto alonso 8 madrid pry.docx
2023-11-15	68346	./PRESUPUESTOS ENVIADOS/HOJA ENCARGO modesto alonso 8 madrid SUBVENCION fijo pry propio.docx
2023-11-16	34290	./PRESUPUESTOS ENVIADOS/HOJA DE ENCARGO delicias 1 fuenlabrada.docx
2023-11-16	55876	./PRESUPUESTOS ENVIADOS/HOJA DE ENCARGO AV ALBUFERA 250 MADRID PORTALES A B C.docx
2023-11-16	55783	./PRESUPUESTOS ENVIADOS/HOJA DE ENCARGO AV ALBUFERA 250 MADRID PORTALES D E F G H I.docx
2023-11-16	66928	./PRESUPUESTOS ENVIADOS/HOJA ENCARGO torrejon 9 fuenlabrada SUBVENCION fijo pry propio (2).docx
2023-11-17	135241	./PRESUPUESTOS ENVIADOS/HOJA DE ENCARGO ALPES 8 ALCORCON NEXT GEN PRG 3 Y 5.pdf
2023-11-17	60108	./PRESUPUESTOS ENVIADOS/HOJA DE ENCARGO ALPES 8 ALCORCON NEXT GEN PRG 3 Y 5.docx
2023-11-17	34056	./PRESUPUESTOS ENVIADOS/HOJA DE ENCARGO MENDIGUCHIA CARRICHE 38 LEGANES PRY.docx
2023-11-17	68337	./PRESUPUESTOS ENVIADOS/HOJA ENCARGO MENDIGUCHIA CARRICHE 38 LEGANES SUBVENCION.docx
2023-11-21	67007	./PRESUPUESTOS ENVIADOS/HOJA ENCARGO porto colon 10 alcorcon SUBVENCION fijo pry propio (2).docx
2023-11-21	67004	./PRESUPUESTOS ENVIADOS/HOJA ENCARGO cañada 8 alcorcon SUBVENCION fijo pry propio.docx
2023-11-21	66373	./PRESUPUESTOS ENVIADOS/HOJA ENCARGO independencia 4 alcorcon SUBVENCION fijo pry externo.docx
2023-11-21	66968	./PRESUPUESTOS ENVIADOS/HOJA ENCARGO fuenlabrada 15 alcorcon SUBVENCION fijo pry propio.docx
2023-11-22	66732	./PRESUPUESTOS ENVIADOS/HOJA DE ENCARGO habana 41 fuenlabrada CSS.docx
2023-11-23	67068	./PRESUPUESTOS ENVIADOS/HOJA ENCARGO holanda 10 fuenlabrada SUBVENCION fijo pry propio (3).docx
2023-11-24	186161	./PRESUPUESTOS ENVIADOS/HOJA DE ENCARGO JEROMIN 23 LEGANES ascensor PROYECTO, DO y CSS fain.docx.pdf
2023-11-26	59835	./PRESUPUESTOS ENVIADOS/HOJA DE ENCARGO PASEO GRANADA 2 FUENLABRADA NEXT GEN PRG 3 Y 5.docx
2023-11-26	66821	./PRESUPUESTOS ENVIADOS/HOJA ENCARGO SABADELL 62-68 MADRID SUBV.docx
2023-11-26	67700	./PRESUPUESTOS ENVIADOS/HOJA DE ENCARGO SABADELL 62-68 MADRID PRY.docx
2023-11-28	60040	./PRESUPUESTOS ENVIADOS/HOJA DE ENCARGO MODESTO LAFUENTE 5 MADRID NEXT GEN PRG 3 Y 5.docx
2023-11-28	68784	./PRESUPUESTOS ENVIADOS/HOJA DE ENCARGO MODESTO LAFUENTE 5 MADRID PRY.docx
2023-11-28	31020	./PRESUPUESTOS ENVIADOS/HOJA ENCARGO faisanes 15 aranjuez SUBVENCION fijo pry propio (3).docx
2023-11-30	59819	./PRESUPUESTOS ENVIADOS/HOJA DE ENCARGO MONEGROS 37 LEGANES NEXT GEN PRG 3 Y 5.docx
2023-11-30	68175	./PRESUPUESTOS ENVIADOS/HOJA DE ENCARGO MONEGROS 37 LEGANES CEE.docx
2023-11-30	183281	./PRESUPUESTOS ENVIADOS/HOJA DE ENCARGO LUCANO 45 MADRID NEXT GEN PRG 3 Y 5.docx.pdf
2023-11-30	63573	./PRESUPUESTOS ENVIADOS/HOJA DE ENCARGO guadalajara 3 alcorcon asc y rampa PRY+CSS.docx.pdf
2023-11-30	577505	./PRESUPUESTOS ENVIADOS/presupuesto perdiz 5 getafe.docx
2023-12-01	59918	./PRESUPUESTOS ENVIADOS/HOJA DE ENCARGO PLAZA DE LAS FLORAS 3 LEGANES NEXT GEN PRG 3 Y 5.docx
2023-12-01	66034	./PRESUPUESTOS ENVIADOS/HOJA DE ENCARGO fuenlabrada 15 alcorcon CSS.docx
2023-12-04	194580	./PRESUPUESTOS ENVIADOS/HOJA DE ENCARGO RECALDE 4 MADRID ascensor PRY+CSS.pdf
2023-12-05	60376	./PRESUPUESTOS ENVIADOS/HOJA DE ENCARGO AV SAN PABLO 55 COSLADA NEXT GEN PRG 3 Y 5.docx
2023-12-05	68948	./PRESUPUESTOS ENVIADOS/HOJA DE ENCARGO REAL 7 SAN SEBASTIAN DE LOS REYES PRY Y SUBV.docx
2023-12-11	60510	./PRESUPUESTOS ENVIADOS/hoja de encargo RIBERA DEL MANZANARES 5 MADRID sate y next gen prg 5.docx
2023-12-11	33629	./PRESUPUESTOS ENVIADOS/HOJA DE ENCARGO RIBERA DEL MANZANARES 5 MADRID ascensor  PRY+SUBV.docx
2023-12-12	66924	./PRESUPUESTOS ENVIADOS/HOJA ENCARGO joaquin ibarra 37 madrid SUBVENCION fijo pry propio.docx
2023-12-12	190554	./PRESUPUESTOS ENVIADOS/para COMUNIDAD - HOJA DE ENCARGO MALDONADO 4 MOSTOLES SATE Y NEXT GEN.pdf
2023-12-12	53291	./PRESUPUESTOS ENVIADOS/modificacion HOJA DE ENCARGO av. provincias 10 fuenlabrada SUBVENCION.docx
2023-12-14	495612	./PRESUPUESTOS ENVIADOS/HOJA DE ENCARGO PLAZA DE LAS FLORAS 3 LEGANES SATE Y NEXT GEN.pdf
2023-12-14	222334	./PRESUPUESTOS ENVIADOS/HOJA ENCARGO plaza de las floras 3 leganes SUBVENCION fijo pry propio.pdf
2023-12-14	185774	./PRESUPUESTOS ENVIADOS/HOJA DE ENCARGO plaza de las floras 3 leganes PRY Y CSS.pdf
2023-12-14	146757	./PRESUPUESTOS ENVIADOS/HOJA DE ENCARGO SERRANILLOS 28 UGENA TOLEDO.pdf
2023-12-14	199245	./PRESUPUESTOS ENVIADOS/HOJA DE ENCARGO pedro fernandez labrada 3 escalera 2 madrid PRY+CSS (1).pdf
2023-12-15	190080	./PRESUPUESTOS ENVIADOS/HOJA DE ENCARGO san roque 18 guadalajara NEXT GEN PRG 3 Y 5.pdf
2023-12-15	61285	./PRESUPUESTOS ENVIADOS/HOJA DE ENCARGO san roque 18 guadalajara NEXT GEN PRG 3 Y 5.docx
2023-12-18	1087269	./PRESUPUESTOS ENVIADOS/HOJA ENCARGO HACIENDA DE PAVONES 117 MADRID SUBV.docx
2023-12-19	35038	./PRESUPUESTOS ENVIADOS/HOJA DE ENCARGO NUESTRA SEÑORA DE LAS ANGUSTIAS 17 LEGANES.docx
2023-12-19	65372	./PRESUPUESTOS ENVIADOS/HOJA DE ENCARGO IGLESIA 16 PORTAL 1 ALCORCON solo CSS fain.docx
2023-12-19	65393	./PRESUPUESTOS ENVIADOS/HOJA DE ENCARGO IGLESIA 16 PORTAL 4 ALCORCON solo CSS fain.docx
2023-12-19	146821	./PRESUPUESTOS ENVIADOS/HOJA DE ENCARGO IGLESIA 16 PORTAL 4 ALCORCON solo CSS fain.pdf
2023-12-19	146846	./PRESUPUESTOS ENVIADOS/HOJA DE ENCARGO IGLESIA 16 PORTAL 1 ALCORCON solo CSS fain.pdf
2023-12-19	35705	./PRESUPUESTOS ENVIADOS/HOJA DE ENCARGO SAN JOAQUIN 19 FUENLABRADA  .docx
2023-12-19	37186	./PRESUPUESTOS ENVIADOS/HOJA DE ENCARGO SAN JOAQUIN 19 FUENLABRADA NEXT GEN .docx
2023-12-19	150549	./PRESUPUESTOS ENVIADOS/HOJA DE ENCARGO SAN JOAQUIN 19 FUENLABRADA NEXT GEN .pdf
2023-12-20	268987	./PRESUPUESTOS ENVIADOS/HOJA ENCARGO pradolonguillo 6 madrid SUBVENCION fijo pry externo.pdf
2023-12-20	136144	./PRESUPUESTOS ENVIADOS/HOJA ENCARGO HACIENDA DE PAVONES 51 MADRID NEXT GEN PRG 3 Y 5.pdf
2023-12-20	58085	./PRESUPUESTOS ENVIADOS/HOJA ENCARGO HACIENDA DE PAVONES 51 MADRID NEXT GEN PRG 3 Y 5.docx
2023-12-20	57453	./PRESUPUESTOS ENVIADOS/HOJA ENCARGO AMPURDAN 10 LEGANES NG PRG 3 Y 5.docx
2023-12-20	66078	./PRESUPUESTOS ENVIADOS/HOJA DE ENCARGO DOCTOR MARTIN VEGUE 22 LEGANES SUBVENCION.docx
2023-12-20	65646	./PRESUPUESTOS ENVIADOS/HOJA DE ENCARGO CLAUDIO COELLO 14 MADRID ascensor lento PROYECTO, DO y CSS fain.docx
2023-12-20	95688	./PRESUPUESTOS ENVIADOS/HOJA ENCARGO MANCOMUNIDAD LOS CASTILLOS Y VIÑAGRANDE ALCORCON NEXT GEN.docx
2023-12-21	28866	./PRESUPUESTOS ENVIADOS/HOJA DE ENCARGO HACIENDA DE PAVONES 117 MADRID - sust puertas asc.docx
2023-12-21	185721	./PRESUPUESTOS ENVIADOS/HOJA DE ENCARGO HACIENDA DE PAVONES 117 MADRID - sust puertas asc.docx.pdf
2023-12-22	66976	./PRESUPUESTOS ENVIADOS/HOJA DE ENCARGO cancion del olvido 23  madrid pry css df subvenciones.docx
2023-12-29	55872	./PRESUPUESTOS ENVIADOS/HOJA DE ENCARGO valle de tobalina 46 madrid.docx
2023-12-29	57463	./PRESUPUESTOS ENVIADOS/HOJA ENCARGO FUENLABRADA 15 ALCORCON NG 3 Y 5.docx
2023-12-29	58816	./PRESUPUESTOS ENVIADOS/HOJA ENCARGO  CONSTITUCION 11 FUENLABRADA NG 3 Y 5.docx
2023-12-29	653454	./PRESUPUESTOS ENVIADOS/HOJA ENCARGO Y SUBVENCIONES mancomunidad constitucion 11 fuenlabrada.pdf
2024-01-09	24883	./PRESUPUESTOS ENVIADOS/LISTADO DESDE ABRIL 2023 A 16 AGOSTO 2023.xlsx
2024-01-09	200384	./PRESUPUESTOS ENVIADOS/HOJA DE ENCARGO callao 35 fuenlabrada ampliacion proyecto.pdf
2024-01-15	216697	./PRESUPUESTOS ENVIADOS/HOJA DE ENCARGO pitagoras 3 madrid PRY DO Y SUBV.docx
2024-01-16	64544	./PRESUPUESTOS ENVIADOS/HOJA DE ENCARGO PLAZA CASTILLA 3 AZUQUECA DE HENARES.docx
2024-01-17	65993	./PRESUPUESTOS ENVIADOS/HOJA DE ENCARGO BEGONIA 60 ALCOBENDAS CEE.docx
2024-01-17	224383	./PRESUPUESTOS ENVIADOS/HOJA DE ENCARGO hacienda de pavones 117 madrid IEE y CEE.docx
2024-01-17	180130	./PRESUPUESTOS ENVIADOS/HOJA DE ENCARGO hacienda de pavones 117 madrid IEE y CEE.pdf
2024-01-17	220682	./PRESUPUESTOS ENVIADOS/HOJA ENCARGO HACIENDA DE PAVONES 117 MADRID SUBV (1).pdf
2024-01-18	68259	./PRESUPUESTOS ENVIADOS/HOJA DE ENCARGO  MATARO 17 AL 23 MADRID NG 3 Y 5 Y ASC.docx
2024-01-18	89611	./PRESUPUESTOS ENVIADOS/HOJA DE ENCARGO  MATARO 17 AL 23 MADRID NG 3 Y 5 Y ASC.pdf
2024-01-22	150670	./PRESUPUESTOS ENVIADOS/HOJA DE ENCARGO MALDONADO 4 mostoles CSS.pdf
2024-01-22	185774	./PRESUPUESTOS ENVIADOS/HOJA ENCARGO pz hermanos pinzon 1 leganes NEXT GENERATION.pdf
2024-01-22	185695	./PRESUPUESTOS ENVIADOS/HOJA ENCARGO callao 27 fuenlabrada NEXT GENERATION.pdf
2024-01-24	188664	./PRESUPUESTOS ENVIADOS/HOJA DE ENCARGO NUÑEZ DE BALBOA 8 LEGANES SATE Y NG.pdf
2024-01-24	60765	./PRESUPUESTOS ENVIADOS/HOJA DE ENCARGO NUÑEZ DE BALBOA 8 LEGANES SATE Y NG.docx
2024-01-25	34900	./PRESUPUESTOS ENVIADOS/HOJA DE ENCARGO santa eduvigis 7 madrid asc PRY+SUBV.docx
2024-01-25	185251	./PRESUPUESTOS ENVIADOS/HOJA ENCARGO SAAVEDRA FAJARDO 3 LEGANES SATE Y NEXT GENERATION.pdf
2024-01-26	67110	./PRESUPUESTOS ENVIADOS/HOJA ENCARGO BALEARES 8 LEGANES SUBVENCION fijo pry propio.docx
2024-01-29	185755	./PRESUPUESTOS ENVIADOS/HOJA ENCARGO NUESTRA SEÑORA DE GUADALUPE 7 LEGANES NEXT GENERATION.pdf
2024-01-31	189597	./PRESUPUESTOS ENVIADOS/HOJA ENCARGO SAN CESAREO 3 LEGANES NEXT GENERATION.pdf
2024-02-05	1088867	./PRESUPUESTOS ENVIADOS/HOJA ENCARGO torrecilla del leal 21 madrid SUBV.docx
2024-02-06	185426	./PRESUPUESTOS ENVIADOS/HOJA ENCARGO CALLAO 33 FUENLABRADA NEXT GENERATION.pdf
2024-02-06	185402	./PRESUPUESTOS ENVIADOS/HOJA ENCARGO PASEO COLONIA 1 FUENLABRADA NEXT GENERATION.pdf
2024-02-06	185642	./PRESUPUESTOS ENVIADOS/HOJA ENCARGO CALLAO 37 FUENLABRADA NEXT GENERATION.pdf
2024-02-06	185252	./PRESUPUESTOS ENVIADOS/HOJA ENCARGO san conrado 5 madrid NEXT GENERATION.pdf
2024-02-07	67086	./PRESUPUESTOS ENVIADOS/HOJA ENCARGO ANDALUCIA 9 VALDEMORO SUBV PLAT .docx
2024-02-07	67072	./PRESUPUESTOS ENVIADOS/HOJA ENCARGO ANDALUCIA 9B VALDEMORO SUBV PLAT .docx
2024-02-07	67090	./PRESUPUESTOS ENVIADOS/HOJA ENCARGO ANDALUCIA 11 VALDEMORO SUBV PLAT .docx
2024-02-08	57676	./PRESUPUESTOS ENVIADOS/HOJA DE ENCARGO INFORME PATRIMONIO MODESTO LAFUENTE 5 MADRID.docx
2024-02-08	67180	./PRESUPUESTOS ENVIADOS/HOJA ENCARGO ANDALUCIA 9 9b y 11 VALDEMORO SUBV PLAT .docx
2024-02-09	60945	./PRESUPUESTOS ENVIADOS/HOJA ENCARGO GUADARRAMA 22 VILLAVICIOSA DE ODON NEXT GENERATION.docx
2024-02-09	188901	./PRESUPUESTOS ENVIADOS/HOJA ENCARGO GUADARRAMA 22 VILLAVICIOSA DE ODON NEXT GENERATION.pdf
2024-02-12	182703	./PRESUPUESTOS ENVIADOS/HOJA ENCARGO SERENA 1 LEGANES NEXT GENERATION.pdf
2024-02-13	147096	./PRESUPUESTOS ENVIADOS/HOJA DE ENCARGO ribadumia 4 madrid prescripcion garajes.pdf
2024-02-13	185487	./PRESUPUESTOS ENVIADOS/HOJA ENCARGO serena 1 leganes sate NEXT GENERATION.pdf
2024-02-15	67061	./PRESUPUESTOS ENVIADOS/HOJA ENCARGO santander 8 alcala SUBVENCION fijo pry propio.docx
2024-02-15	66904	./PRESUPUESTOS ENVIADOS/HOJA DE ENCARGO santander 8 alcala RAMPA PRY+DF+CSS.docx
2024-02-15	67748	./PRESUPUESTOS ENVIADOS/HOJA DE ENCARGO SANTA TECLA 44 madrid PRY Y CSS.docx
2024-02-15	68082	./PRESUPUESTOS ENVIADOS/HOJA DE ENCARGO SANTA TECLA 48 madrid PRY Y CSS.docx
2024-02-15	67032	./PRESUPUESTOS ENVIADOS/HOJA ENCARGO santa tecla 48 madrid SUBVENCION fijo pry propio.docx
2024-02-15	67072	./PRESUPUESTOS ENVIADOS/HOJA ENCARGO santa tecla 44 madrid SUBVENCION fijo pry propio.docx
2024-02-16	66013	./PRESUPUESTOS ENVIADOS/HOJA DE ENCARGO lago constanza 44 madrid escalon coinsa.docx
2024-02-20	57576	./PRESUPUESTOS ENVIADOS/HOJA ENCARGO PLAZA CASTILLA 4 AZUQUECA NEXT GEN SATE.docx
2024-02-20	67196	./PRESUPUESTOS ENVIADOS/HOJA ENCARGO PICO DE ARTILLEROS 30 MADRID SUBV.docx
2024-02-20	68100	./PRESUPUESTOS ENVIADOS/HOJA DE ENCARGO PICO DE ARTILLEROS 30 MADRID PRY.docx
2024-02-21	66452	./PRESUPUESTOS ENVIADOS/HOJA DE ENCARGO FRAY MELCHOR CANO 22 LEGANES SUBVENCION.docx
2024-02-22	187924	./PRESUPUESTOS ENVIADOS/HOJA ENCARGO av cerro prieto 23 mostoles NEXT GENERATION.pdf
2024-02-26	188892	./PRESUPUESTOS ENVIADOS/HOJA ENCARGO saavedra fajardo 2 leganes NEXT GENERATION.pdf
2024-02-26	187897	./PRESUPUESTOS ENVIADOS/HOJA ENCARGO pedro de valdivia 9 leganes NEXT GENERATION pagos fraccionados.pdf
2024-02-26	187933	./PRESUPUESTOS ENVIADOS/HOJA ENCARGO trv gerardo cordon 3 madrid NEXT GENERATION.pdf
2024-02-27	187707	./PRESUPUESTOS ENVIADOS/HOJA ENCARGO argentina 20 fuenlabrada NEXT GENERATION.pdf
2024-02-27	57455	./PRESUPUESTOS ENVIADOS/HOJA ENCARGO ENRIQUE FUENTES 27 MADRID NG.docx
2024-02-27	66827	./PRESUPUESTOS ENVIADOS/HOJA ENCARGO ENRIQUE FUENTES 27 MADRID SUBVENCION fijo pry propio.docx
2024-02-27	186775	./PRESUPUESTOS ENVIADOS/HOJA ENCARGO avila 8 fuenlabrada NEXT GENERATION.pdf
2024-02-27	66992	./PRESUPUESTOS ENVIADOS/HOJA ENCARGO avila 8 fuenlabrada rehab SUBVENCION fijo pry propio.docx
2024-02-27	66766	./PRESUPUESTOS ENVIADOS/HOJA DE ENCARGO castilla la nueva 33 fuenlabrada ACCESIBILIDAD PRY+DF.docx
2024-03-01	65645	./PRESUPUESTOS ENVIADOS/HOJA DE ENCARGO cataluña 2 getafe ascensor PROYECTO, DO y CSS fain.docx
2024-03-01	65782	./PRESUPUESTOS ENVIADOS/HOJA DE ENCARGO castellon de la plana 10 getafe ascensor PROYECTO, DO y CSS fain.docx
2024-03-01	67149	./PRESUPUESTOS ENVIADOS/HOJA ENCARGO cataluña 2 getafe SUBVENCION fijo pry propio.docx
2024-03-01	67214	./PRESUPUESTOS ENVIADOS/HOJA ENCARGO castellon de la plana 10 getafe SUBVENCION fijo pry propio.docx
2024-03-04	67114	./PRESUPUESTOS ENVIADOS/HOJA ENCARGO camino de leganes 5 mostoles SUBVENCION fijo pry propio.docx
2024-03-04	69526	./PRESUPUESTOS ENVIADOS/HOJA DE ENCARGO camino de leganes 5 mostoles PRY.docx
2024-03-05	187924	./PRESUPUESTOS ENVIADOS/HOJA ENCARGO rio manzanares 19 leganes NEXT GENERATION.pdf
2024-03-06	225926	./PRESUPUESTOS ENVIADOS/HOJA DE ENCARGO AGAPITO MARAZUELA 10 SEGOVIA a marzo 2024.docx
2024-03-07	67036	./PRESUPUESTOS ENVIADOS/HOJA DE ENCARGO canarias 8 fuenlabrada PRY+DF.docx
2024-03-11	69548	./PRESUPUESTOS ENVIADOS/HOJA DE ENCARGO santa polonia 8 madrid PRY Y CSS atiko.docx
2024-03-11	64840	./PRESUPUESTOS ENVIADOS/HOJA DE ENCARGO humilladero 5 fuenlabrada solo DF y CSS.docx
2024-03-12	187936	./PRESUPUESTOS ENVIADOS/HOJA ENCARGO callao 41 fuenlabrada NEXT GENERATION.pdf
2024-03-12	187994	./PRESUPUESTOS ENVIADOS/HOJA ENCARGO plaza hermanos pinzon 5 leganes NEXT GENERATION.pdf
2024-03-13	67373	./PRESUPUESTOS ENVIADOS/HOJA ENCARGO constitucion 65 alcobendas RENOVACION SUBV fijo pry propio.docx
2024-03-19	67245	./PRESUPUESTOS ENVIADOS/HOJA ENCARGO santiago ramon y cajal 9 humanes SUBVENCION fijo pry propio.docx
2024-03-22	300270	./PRESUPUESTOS ENVIADOS/HOJA ENCARGO montevideo 3 mostoles GEN Y SUBV.pdf
2024-04-01	300299	./PRESUPUESTOS ENVIADOS/HOJA ENCARGO jaime i el conquistador 39 parla NEXT GEN Y SUBV.pdf
2024-04-01	3227098	./PRESUPUESTOS ENVIADOS/HOJA ENCARGO PLAZA SANTANDER 5 FUENLABRANA NEXT GEN + SUBV .docx
2024-04-01	213519	./PRESUPUESTOS ENVIADOS/HOJA ENCARGO PLAZA SANTANDER 5 FUENLABRANA NEXT GEN + SUBV .pdf
2024-04-02	22198	./PRESUPUESTOS ENVIADOS/Anexo a la Hoja de Encargo Nuestra Señora Guadalupe 7 Leganes NG.docx
2024-04-02	66108	./PRESUPUESTOS ENVIADOS/HOJA DE ENCARGO MARTIN DE LOS HEROS 59 BIS MADRID SUBVENCION.docx
2024-04-02	2616896	./PRESUPUESTOS ENVIADOS/HOJA ENCARGO BADALONA 50 52 Y 54 MADRID SATE NXT GEN .docx
2024-04-02	66960	./PRESUPUESTOS ENVIADOS/HOJA ENCARGO nuestra señora villar 7 madrid RENOVACION SUBV fijo pry propio.docx
2024-04-02	3226834	./PRESUPUESTOS ENVIADOS/HOJA ENCARGO REYES CATOLICOS 18 ALCALA NEXT GEN + SUBV.docx
2024-04-03	67190	./PRESUPUESTOS ENVIADOS/HOJA ENCARGO juan carlos i 28 getafe SUBVENCION fijo pry externo.docx
2024-04-04	219121	./PRESUPUESTOS ENVIADOS/HOJA ENCARGO PLAZA NAVARREVISCA 10 LEGANES SUBVENCION fijo pry externo.pdf
2024-04-04	66729	./PRESUPUESTOS ENVIADOS/HOJA DE ENCARGO BADALONA 50 52 Y 54 MADRID ASC .docx
2024-04-04	2618803	./PRESUPUESTOS ENVIADOS/HOJA DE ENCARGO BADALONA 50 52 Y 54 MADRID NEXT GEN PRG 3 Y 5.docx
2024-04-04	3367020	./PRESUPUESTOS ENVIADOS/HOJA ENCARGO BADALONA 50 52 Y 54 MADRID SUBVENCION fijo pry propio.docx
2024-04-09	66947	./PRESUPUESTOS ENVIADOS/HOJA ENCARGO esteban collantes 26 madrid RENOVACION SUBV fijo pry propio.docx
2024-04-09	303455	./PRESUPUESTOS ENVIADOS/HOJA ENCARGO CL HERNAN CORTES 22 LEGANES NEXT GEN Y SUBV.pdf
2024-04-10	66795	./PRESUPUESTOS ENVIADOS/HOJA DE ENCARGO mm AZCONA 5 ERASO 6 ARDEMANS 9 PLATAFORMAS PRY+DF+CSS.docx
2024-04-12	572746	./PRESUPUESTOS ENVIADOS/HOJA DE ENCARGO MANRESA 56  MADRID SATE.docx
2024-04-12	575992	./PRESUPUESTOS ENVIADOS/HOJA DE ENCARGO Manresa 56 (2) Madrid SATE.docx
2024-04-12	575691	./PRESUPUESTOS ENVIADOS/HOJA DE ENCARGO MANRESA 56 MADRID MODIFICACION SUBVENCIONES.docx
2024-04-12	572867	./PRESUPUESTOS ENVIADOS/HOJA DE ENCARGO MANRESA 56  MADRID v2 SATE.docx
2024-04-12	66280	./PRESUPUESTOS ENVIADOS/HOJA DE ENCARGO manresa 56 madrid fain BASICO Y EJECUCION.docx
2024-04-16	222228	./PRESUPUESTOS ENVIADOS/HOJA ENCARGO virgen del lluc 140 madrid RENOVACION SUBV fijo pry propio.pdf
2024-04-16	66522	./PRESUPUESTOS ENVIADOS/HOJA DE ENCARGO AV CARDENAL HERRERA ORIA 283-305 MADRID homogeneizacion fachadas.docx
2024-04-24	33166	./PRESUPUESTOS ENVIADOS/hoja de encargo av constitucion 14 azuqueca asc df css y subvenciones.docx
2024-04-25	67315	./PRESUPUESTOS ENVIADOS/HOJA ENCARGO SANTIAGO RAMON Y CAJAL 9 HUMANES SUBV.docx
2024-04-25	3227082	./PRESUPUESTOS ENVIADOS/HOJA ENCARGO CASABERMEJA 4 MADRID NEXT GEN + SUBV .docx
2024-04-25	3227165	./PRESUPUESTOS ENVIADOS/HOJA ENCARGO LOPEZ GRAS 70 MADRID NEXT GEN + SUBV .docx
2024-04-26	33187	./PRESUPUESTOS ENVIADOS/HOJA DE ENCARGO BALEARES 34 MOSTOLES (1).docx
2024-04-30	279774	./PRESUPUESTOS ENVIADOS/HOJA ENCARGO FIDIAS 9 MADRID NEXT GEN Y SUBV.pdf
2024-05-07	66446	./PRESUPUESTOS ENVIADOS/HOJA DE ENCARGO rio duero 17 leganes SOLO PRY.docx
2024-05-08	217859	./PRESUPUESTOS ENVIADOS/HOJA DE ENCARGO covadonga 28 leganes SOLO CONSULTA.docx
2024-05-08	217978	./PRESUPUESTOS ENVIADOS/HOJA DE ENCARGO SALVADOR MARTINEZ LOZANO 40 MADRID PRY Y CSS.docx
2024-05-08	29931	./PRESUPUESTOS ENVIADOS/HOJA DE ENCARGO CAMARENA 157-159 MADRID schindler.docx
2024-05-10	65124	./PRESUPUESTOS ENVIADOS/HOJA DE ENCARGO VALENTINA GARCIA LOPEZ 1 AJALVIR solo DF y CSS.docx
2024-05-10	70030	./PRESUPUESTOS ENVIADOS/HOJA DE ENCARGO castillo de magalia.docx
2024-05-14	3364161	./PRESUPUESTOS ENVIADOS/HOJA ENCARGO emilio ferrari 101 madrid RENOVACION SUBV fijo pry propio.docx
2024-05-14	3364265	./PRESUPUESTOS ENVIADOS/HOJA ENCARGO general ricardos 92 madrid RENOVACION SUBV fijo pry propio.docx
2024-05-14	69883	./PRESUPUESTOS ENVIADOS/HOJA DE ENCARGO armenteros 21 madrid PRY Y CSS.docx
2024-05-14	3364288	./PRESUPUESTOS ENVIADOS/HOJA ENCARGO armenteros 21 madrid SUBVENCION fijo pry propio.docx
2024-05-20	63919	./PRESUPUESTOS ENVIADOS/HOJA ENCARGO SEÑORA GUADALUPE 5 LEGANES NEXT GEN.docx
2026-05-12	62811	./PRESUPUESTOS ENVIADOS/HOJA ENCARGO AV DR FLEMING 32 LEGANES NEXT GEN.docx
2024-05-21	302475	./PRESUPUESTOS ENVIADOS/HOJA ENCARGO COVADONGA 18 LEGANES NEXT GEN Y SUBV.pdf
2024-05-21	302477	./PRESUPUESTOS ENVIADOS/HOJA ENCARGO DR FLEMING 32 LEGANES NEXT GEN Y SUBV.pdf
2024-05-21	302081	./PRESUPUESTOS ENVIADOS/HOJA ENCARGO SEÑORA GUADALUPE 5 LEGANES NEXT GEN.pdf
2024-05-22	3228019	./PRESUPUESTOS ENVIADOS/HOJA ENCARGO BADALONA 118 MADRID NEXT GEN Y SUBV.docx
2024-05-22	63427	./PRESUPUESTOS ENVIADOS/HOJA ENCARGO PALOMA 7 LEGANES NEXT GEN.docx
2024-05-22	66072	./PRESUPUESTOS ENVIADOS/HOJA DE ENCARGO luis vives 11 alcala ampliacion proyecto fain.docx
2024-05-23	3364425	./PRESUPUESTOS ENVIADOS/HOJA ENCARGO francisco fatou 24-26 felipe alvarez 28 madrid SUBVENCION fijo pry propio (1).docx
2024-05-23	3139912	./PRESUPUESTOS ENVIADOS/HOJA ENCARGO rio duero 7 leganes SUBVENCION fijo pry propio (1).docx
2024-05-24	3364410	./PRESUPUESTOS ENVIADOS/HOJA ENCARGO MONTEJURRA 25 MADRID SUBV.docx
2024-05-27	267273	./PRESUPUESTOS ENVIADOS/HOJA ENCARGO av dos de mayo 73 mostoles SUBVENCION fijo pry propio transferencia (1).pdf
2024-05-28	222999	./PRESUPUESTOS ENVIADOS/HOJA ENCARGO MONSEÑOR OSCAR ROMERO 6 MADRID SUBVENCION fijo pry propio (1).pdf
2024-05-28	67096	./PRESUPUESTOS ENVIADOS/HOJA DE ENCARGO monseñor oscar romero 6 madrid PRY Y CSS.docx
2024-05-28	67064	./PRESUPUESTOS ENVIADOS/HOJA DE ENCARGO francisco javier sauquillo 10 fuenlabrada PRY Y CSS.docx
2024-05-29	3364292	./PRESUPUESTOS ENVIADOS/HOJA ENCARGO av aviacion 91-101 madrid SUBVENCION fijo pry propio (1).docx
2024-05-31	185572	./PRESUPUESTOS ENVIADOS/HOJA DE ENCARGO  pico de artilleros 39 madrid SOLO PRY.pdf
2024-06-03	65151	./PRESUPUESTOS ENVIADOS/HOJA DE ENCARGO RIO GUADALQUIVIR 3 PARLA solo CSS SATE.docx
2024-06-03	304647	./PRESUPUESTOS ENVIADOS/HOJA DE ENCARGO nuestra sra macarena 7 leganes sate ng subv.pdf
2024-06-04	3230107	./PRESUPUESTOS ENVIADOS/HOJA ENCARGO CASTILLA 13 PINTO NEXT GEN Y SUBV.docx
2024-06-04	301602	./PRESUPUESTOS ENVIADOS/HOJA ENCARGO CALLAO 33 FUENLABRADA NEXT GEN Y SUBV.pdf
2024-06-04	66598	./PRESUPUESTOS ENVIADOS/HOJA ENCARGO CALLAO 33 FUENLABRADA NEXT GEN Y SUBV.docx
2024-06-05	188161	./PRESUPUESTOS ENVIADOS/HOJA DE ENCARGO ricardo ortiz 44 madrid solo DO y CSS fain.pdf
2024-06-07	2616880	./PRESUPUESTOS ENVIADOS/HOJA ENCARGO CALDERON DE LA BARCA 8 LEGANES CAES.docx
2024-06-07	3219563	./PRESUPUESTOS ENVIADOS/HOJA DE ENCARGO CALDERON DE LA BARCA 8 LEGANES NEXT GEN Y SUBV.docx
2024-04-15	66423	./PRESUPUESTOS ENVIADOS/ya firmados/HOJA DE ENCARGO princesa 12 alcorcon IEE Y CEE.docx
2024-05-06	65065	./PRESUPUESTOS ENVIADOS/ya firmados/HOJA DE ENCARGO AUSTRIA 8 FUENLABRADA solo CSS ENVOLVENTE.docx
2024-02-13	66685	./PRESUPUESTOS ENVIADOS/ya firmados/HOJA ENCARGO pradolonguillo 6 madrid SUBVENCION fijo pry externo.docx
2024-03-11	67091	./PRESUPUESTOS ENVIADOS/ya firmados/HOJA ENCARGO encomienda de palacios 318 madrid SUBVENCION fijo pry propio (1).docx
2024-04-17	67863	./PRESUPUESTOS ENVIADOS/ya firmados/HOJA DE ENCARGO velez blanco 46 madrid CSS DO SUBV IEE 17-04-2024.docx
2024-04-09	33303	./PRESUPUESTOS ENVIADOS/ya firmados/HOJA DE ENCARGO avenida sierra 5 san sebastian de los reyes ascensor PRY+CSS.docx
2024-03-04	188608	./PRESUPUESTOS ENVIADOS/ya firmados/HOJA DE ENCARGO velez blanco 46 madrid CSS DO SUBV IEE 04-03-2024.pdf
2024-01-08	66344	./PRESUPUESTOS ENVIADOS/ya firmados/HOJA ENCARGO corral de cantos 19 madrid RENOVACION SUBV fijo pry propio.docx
2024-01-30	185551	./PRESUPUESTOS ENVIADOS/ya firmados/HOJA ENCARGO TURQUIA 22 FUENLABRADA SATE Y NEXT GENERATION.pdf
2024-01-15	33289	./PRESUPUESTOS ENVIADOS/ya firmados/HOJA DE ENCARGO alfonso xii 4 mostoles ascensor PRY+CSS (1).docx
2024-04-01	576627	./PRESUPUESTOS ENVIADOS/ya firmados/HOJA DE ENCARGO ERAS 9 FUENLABRADA PROYECTO y css.docx
2024-01-22	185876	./PRESUPUESTOS ENVIADOS/ya firmados/HOJA DE ENCARGO PABLO SERRANO 9 MADRID envolvente y ng.pdf
2024-04-22	220269	./PRESUPUESTOS ENVIADOS/ya firmados/HOJA ENCARGO san gregorio 4 leganes SUBVENCION fijo pry propio.pdf
2024-02-12	181891	./PRESUPUESTOS ENVIADOS/ya firmados/HOJA DE ENCARGO VILLA TALENCE 2 - ESCOLAPIOS- ALCALA .pdf
2024-04-19	192610	./PRESUPUESTOS ENVIADOS/ya firmados/HOJA DE ENCARGO VILLASANDINO 10 MADRID PRY DO CSS Y SUBV.pdf
2024-06-10	2617029	./PRESUPUESTOS ENVIADOS/ya firmados/HOJA ENCARGO nazaret 32bis fuenlabrada CAMBIO TRAMITADOR NEXT GEN.docx
2024-01-17	216872	./PRESUPUESTOS ENVIADOS/ya firmados/HOJA DE ENCARGO san anton 70 parla sate cdad prop PRY Y CSS.docx
2024-02-01	66184	./PRESUPUESTOS ENVIADOS/ya firmados/HOJA DE ENCARGO ILIADA 39 MADRID elecnor CSS.docx
2024-06-07	66046	./PRESUPUESTOS ENVIADOS/ya firmados/HOJA DE ENCARGO RIO TIETAR 1 ALCALA DE HENARES MV schindler.docx
2024-06-04	111828	./PRESUPUESTOS ENVIADOS/ya firmados/HOJA DE ENCARGO FELIPE CASTRO 5 MADRID PRY Y DF comunidad formulario.pdf
2024-02-21	66087	./PRESUPUESTOS ENVIADOS/ya firmados/HOJA DE ENCARGO ampurdan 12 leganes CSS.docx
2024-02-07	149612	./PRESUPUESTOS ENVIADOS/ya firmados/HOJA DE ENCARGO plaza de la flor 6 leganes solo CSS.pdf
2025-03-31	193	./PRESUPUESTOS ENVIADOS/ya firmados/HOJA DE ENCARGO REAL VIEJA 8 SAN SEBASTIAN DE LOS REYES  pry y df 18 03 2025.gdoc
2025-04-03	147689	./PRESUPUESTOS ENVIADOS/ya firmados/AV COLMENAR VIEJO 17 SAN SEBASTIAN DE LOS REYES INFORME DE VIABILIDAD .pdf
2025-03-31	193	./PRESUPUESTOS ENVIADOS/ya firmados/HOJA ENCARGO real vieja 8 san sebastian de los reyes SUBVENCION fijo pry propio 18 03 2025.gdoc
2024-01-24	66056	./PRESUPUESTOS ENVIADOS/ya firmados/HOJA DE ENCARGO seminario 24 leganes solo CSS.docx
2024-06-10	2617054	./PRESUPUESTOS ENVIADOS/ya firmados/HOJA ENCARGO av estados 4 fuenlabrada CAMBIO TRAMITADOR NEXT GEN.docx
2024-04-16	69753	./PRESUPUESTOS ENVIADOS/ya firmados/HOJA DE ENCARGO valdemorillo 1 esc dcha getafe pry.docx
2024-04-03	191244	./PRESUPUESTOS ENVIADOS/ya firmados/HOJA DE ENCARGO villasandino 10 madrid PRY DO CSS Y SUBV (1).pdf
2022-02-21	575691	./PRESUPUESTOS ENVIADOS/ya firmados/HOJA DE ENCARGO SUBVENCION MANRESA 25 27 MADRID.docx
2024-04-23	2628202	./PRESUPUESTOS ENVIADOS/ya firmados/HOJA DE ENCARGO av zarauz 29 san fernando de henares plataforma.docx
2024-04-16	67226	./PRESUPUESTOS ENVIADOS/ya firmados/HOJA ENCARGO CL VALDEMORILLO 1 (ESCALERA DCHA) GETAFE SUBVENCION fijo pry propio.docx
2024-02-29	64863	./PRESUPUESTOS ENVIADOS/ya firmados/HOJA DE ENCARGO ANGELES 14 FUENLABRADA CSS.docx
2024-05-24	157247	./PRESUPUESTOS ENVIADOS/ya firmados/HOJA DE ENCARGO ALBUFERA 250 MADRID  IEE.pdf
2024-02-09	198715	./PRESUPUESTOS ENVIADOS/ya firmados/HOJA DE ENCARGO aceuchal 18 madrid PRY+CSS.pdf
2024-05-06	58683	./PRESUPUESTOS ENVIADOS/ya firmados/HOJA DE ENCARGO alava 6 fuenlabrada.docx
2024-01-15	66924	./PRESUPUESTOS ENVIADOS/ya firmados/HOJA ENCARGO santa virgilia 24 madrid SUBVENCION fijo pry propio.docx
2024-02-27	221996	./PRESUPUESTOS ENVIADOS/ya firmados/HOJA ENCARGO argentina 20 fuenlabrada rehab SUBVENCION fijo pry propio.pdf
2024-02-15	66667	./PRESUPUESTOS ENVIADOS/ya firmados/HOJA DE ENCARGO castilla la nueva 40 fuenlabrada RAMPA PRY+DF.docx
2024-02-26	188901	./PRESUPUESTOS ENVIADOS/ya firmados/HOJA ENCARGO nuestra sra de los angeles 4 leganes NEXT GENERATION.pdf
2024-01-09	66301	./PRESUPUESTOS ENVIADOS/ya firmados/HOJA DE ENCARGO nardos 2 fuenlabrada.docx
2024-05-23	3364335	./PRESUPUESTOS ENVIADOS/ya firmados/HOJA ENCARGO plaza villa talence 2 alcala SUBVENCION fijo pry propio (1).docx
2024-02-07	188699	./PRESUPUESTOS ENVIADOS/ya firmados/HOJA DE ENCARGO virgen de iciar 15 esc 4 alcorcon IEE Y CEE.docx.pdf
2024-01-22	60690	./PRESUPUESTOS ENVIADOS/ya firmados/HOJA DE ENCARGO PABLO SERRANO 9 MADRID envolvente y ng.docx
2024-02-27	67239	./PRESUPUESTOS ENVIADOS/ya firmados/HOJA ENCARGO reconquista 6 portal g toledo SUBVENCION fijo pry propio.docx
2023-12-12	190103	./PRESUPUESTOS ENVIADOS/ya firmados/para ELECNOR - HOJA DE ENCARGO MALDONADO 4 MOSTOLES SATE Y NEXT GEN.pdf
2024-04-01	220954	./PRESUPUESTOS ENVIADOS/ya firmados/HOJA ENCARGO mostoles 3 portal 2 fuenlabrada SUBVENCION fijo pry propio.pdf
2024-01-19	67109	./PRESUPUESTOS ENVIADOS/ya firmados/HOJA ENCARGO cuesta de la virgen 6 mostoles SUBVENCION fijo pry propio.docx
2024-03-22	149787	./PRESUPUESTOS ENVIADOS/ya firmados/HOJA DE ENCARGO PLAZA DE HERNÁN CORTÉS 6 DE LEGANÉS IEE Y CEE.pdf
2024-05-20	222070	./PRESUPUESTOS ENVIADOS/ya firmados/HOJA ENCARGO parvillas altas 12 madrid RENOVACION SUBV fijo pry propio.pdf
2024-01-09	60291	./PRESUPUESTOS ENVIADOS/ya firmados/HOJA DE ENCARGO N SRA ANGUSTIAS 17 LEGANES NEXT GEN PRG 3 Y 5.docx
2024-06-10	2617049	./PRESUPUESTOS ENVIADOS/ya firmados/HOJA ENCARGO andalucia 6 fuenlabrada CAMBIO TRAMITADOR NEXT GEN.docx
2024-02-27	34285	./PRESUPUESTOS ENVIADOS/ya firmados/HOJA DE ENCARGO CUBIERTAS MANCOMUNIDAD DONDE ESTA PALOMARES 75-77-79.docx
2024-01-10	189627	./PRESUPUESTOS ENVIADOS/ya firmados/HOJA ENCARGO sierra de albarracin 13 alcorcon NEXT GENERATION.pdf
2024-01-12	73345	./PRESUPUESTOS ENVIADOS/ya firmados/HOJA ENCARGO MANCOMUNIDAD LOS CASTILLOS Y VIÑAGRANDE ALCORCON NEXT GEN CORREGIDA.docx
2025-04-03	133332	./PRESUPUESTOS ENVIADOS/ya firmados/MARQUES DE LA VALDAVIA 73 ALCOBENDAS INFORME DE VIABILIDAD.pdf
2024-01-09	66959	./PRESUPUESTOS ENVIADOS/ya firmados/HOJA ENCARGO rio guadalquivir 12 leganes SUBVENCION fijo pry propio.docx
2024-06-10	2617048	./PRESUPUESTOS ENVIADOS/ya firmados/HOJA ENCARGO angeles 7 fuenlabrada CAMBIO TRAMITADOR NEXT GEN.docx
2024-03-14	64896	./PRESUPUESTOS ENVIADOS/ya firmados/HOJA DE ENCARGO andalucia 10 fuenlabrada solo CSS.docx
2024-04-22	2832905	./PRESUPUESTOS ENVIADOS/ya firmados/HOJA DE ENCARGO san gregorio 4 leganes ascensor.docx
2024-02-13	144947	./PRESUPUESTOS ENVIADOS/ya firmados/HOJA DE ENCARGO ribadumia 4 madrid reelaboracion proyecto fain.pdf
2024-01-31	223159	./PRESUPUESTOS ENVIADOS/ya firmados/HOJA ENCARGO HUERTA DEL BAYO 13 MADRID SUBVENCION fijo pry propio.pdf
2024-05-29	66803	./PRESUPUESTOS ENVIADOS/ya firmados/HOJA DE ENCARGO av aviacion 91-101 madrid PROYECTO, DO y CSS fain.docx
2024-04-24	2628407	./PRESUPUESTOS ENVIADOS/ya firmados/HOJA DE ENCARGO montejurra 31 madrid plataforma madrid.docx
2024-05-10	221756	./PRESUPUESTOS ENVIADOS/ya firmados/HOJA DE ENCARGO FELIPE CASTRO 5 MADRID PRY Y DF comunidad.docx
2024-02-27	67042	./PRESUPUESTOS ENVIADOS/ya firmados/HOJA ENCARGO faisanes 25 aranjuez SUBVENCION fijo pry propio.docx
2024-05-13	67181	./PRESUPUESTOS ENVIADOS/ya firmados/HOJA ENCARGO puerto de alazores 11 madrid RENOVACION SUBV fijo pry propio.docx
2024-03-11	217358	./PRESUPUESTOS ENVIADOS/ya firmados/HOJA DE ENCARGO santo domingo de guzman 5 colmenar PROYECTO, DO y CSS fain.docx
2024-05-24	577923	./PRESUPUESTOS ENVIADOS/ya firmados/HOJA DE ENCARGO ISTURIZ 11 MADRID bajadas a cota cero.docx
2024-02-05	191479	./PRESUPUESTOS ENVIADOS/ya firmados/HOJA DE ENCARGO VIRGEN DE ICIAR 17 ALCORCON SATE Y NG.docx.pdf
2024-03-12	217757	./PRESUPUESTOS ENVIADOS/ya firmados/HOJA DE ENCARGO carretas 15 madrid SOLO DO.docx
2024-05-07	224756	./PRESUPUESTOS ENVIADOS/ya firmados/HOJA DE ENCARGO HUERTA DE CASTAÑEDA 26 MADRID.docx
2024-01-17	65778	./PRESUPUESTOS ENVIADOS/ya firmados/HOJA DE ENCARGO helsinki 7 mostoles CSS.docx
2024-05-14	70386	./PRESUPUESTOS ENVIADOS/ya firmados/HOJA ENCARGO etruria 26-28 lucano 65 RENOVACION SUBV fijo pry propio.docx
2024-04-15	66584	./PRESUPUESTOS ENVIADOS/ya firmados/HOJA DE ENCARGO jaboneria 36 alcorcon IEE Y CEE.docx
2024-05-08	30045	./PRESUPUESTOS ENVIADOS/ya firmados/HOJA DE ENCARGO REAL 7 SAN SEBASTIAN DE LOS REYES schindler.docx
2024-01-16	188916	./PRESUPUESTOS ENVIADOS/ya firmados/HOJA DE ENCARGO AV ALBUFERA 250 MADRID.pdf
2024-02-29	64897	./PRESUPUESTOS ENVIADOS/ya firmados/HOJA DE ENCARGO ANGELES 12 FUENLABRADA CSS.docx
2024-02-02	189616	./PRESUPUESTOS ENVIADOS/ya firmados/HOJA ENCARGO MOSTOLES 3 PORTAL 7 FUENLABRADA NEXT GENERATION.pdf
2024-05-23	2626623	./PRESUPUESTOS ENVIADOS/ya firmados/HOJA DE ENCARGO DIDEPRO chucuri 12 madrid.docx
2024-05-09	217884	./PRESUPUESTOS ENVIADOS/ya firmados/HOJA DE ENCARGO av aviacion 91-101 madrid SOLO PRY.docx
2024-06-04	33556	./PRESUPUESTOS ENVIADOS/ya firmados/HOJA DE ENCARGO torrejon 12 torrejon de ardoz ascensor PRY+CSS.docx
2024-02-29	576403	./PRESUPUESTOS ENVIADOS/ya firmados/HOJA DE ENCARGO HUERTA DE CASTAÑEDA 13 MADRID.docx
2024-02-16	573731	./PRESUPUESTOS ENVIADOS/ya firmados/HOJA DE ENCARGO VELEZ BLANCO 46 MADRID 2.docx
2024-02-12	64902	./PRESUPUESTOS ENVIADOS/ya firmados/HOJA DE ENCARGO VILLA TALENCE 2 - ESCOLAPIOS- ALCALA .docx
2024-04-19	66569	./PRESUPUESTOS ENVIADOS/ya firmados/HOJA DE ENCARGO VILLASANDINO 10 MADRID.docx
2024-02-07	67036	./PRESUPUESTOS ENVIADOS/ya firmados/HOJA ENCARGO ARAGON 14 GETAFE SUBVENCION fijo pry propio.docx
2024-02-26	220925	./PRESUPUESTOS ENVIADOS/ya firmados/HOJA DE ENCARGO VIRGEN DE ICIAR 17 ALCORCON SATE Y NG.docx
2024-04-19	36091	./PRESUPUESTOS ENVIADOS/ya firmados/HOJA DE ENCARGO VILLASANDINO 10 MADRID PRY DO CSS Y SUBV.docx
2024-05-24	576436	./PRESUPUESTOS ENVIADOS/ya firmados/HOJA DE ENCARGO ALBUFERA 250 MADRID  IEE.docx
2024-06-18	63768	./PRESUPUESTOS ENVIADOS/ya firmados/HOJA DE ENCARGO AV ALBUFERA 250 MADRID.docx
2024-02-07	67087	./PRESUPUESTOS ENVIADOS/ya firmados/HOJA ENCARGO VALENCIA 10 GETAFE SUBVENCION fijo pry propio.docx
2024-01-17	68238	./PRESUPUESTOS ENVIADOS/ya firmados/HOJA DE ENCARGO HERNAN CORTES 13 ALCALA DE HENARES NG 3 Y 5 Y ASC.docx
2024-02-07	67063	./PRESUPUESTOS ENVIADOS/ya firmados/HOJA ENCARGO ANGELES 6 GETAFE SUBVENCION fijo pry propio.docx
2024-06-10	188454	./PRESUPUESTOS ENVIADOS/HOJA DE ENCARGO valdeverdeja 31 madrid bajada a cota cero PROYECTO, DO y CSS fain.pdf
2024-06-11	65628	./PRESUPUESTOS ENVIADOS/HOJA DE ENCARGO san andres 1 fuenlabrada solo CSS fain.docx
2024-06-12	70108	./PRESUPUESTOS ENVIADOS/HOJA DE ENCARGO BATALLA DE BRUNETE 16 LEGANES PRY.docx
2024-06-12	69845	./PRESUPUESTOS ENVIADOS/HOJA DE ENCARGO RIO DUERO 7 LEGANES PRY.docx
2024-06-12	69849	./PRESUPUESTOS ENVIADOS/HOJA DE ENCARGO av sierra 21 san sebastian de los reyes.docx
2024-06-12	3364385	./PRESUPUESTOS ENVIADOS/HOJA ENCARGO av sierra 21 san sebastian de los reyes SUBVENCION fijo pry propio.docx
2024-06-13	2621793	./PRESUPUESTOS ENVIADOS/HOJA ENCARGO cobre 18 torrejon NEXT GEN Y SUBV.docx
2024-06-14	3220161	./PRESUPUESTOS ENVIADOS/HOJA DE ENCARGO sierra de guadalupe 7 LEGANES NEXT GEN Y SUBV.docx
2024-06-17	205607	./PRESUPUESTOS ENVIADOS/HOJA DE ENCARGO  pico de artilleros 39 madrid SOLO PRY_f.pdf
2024-06-18	3230270	./PRESUPUESTOS ENVIADOS/HOJA ENCARGO MACARENA 7 LEGANES NEXT GEN Y SUBV.docx
2024-06-18	372518	./PRESUPUESTOS ENVIADOS/HOJA ENCARGO nuestra señora macarena 7 leganes NEXT GEN Y SUBV Y CAES.pdf
2024-06-21	183332	./PRESUPUESTOS ENVIADOS/HOJA DE ENCARGO orden 30 madrid PRY DO.pdf
2024-06-21	221558	./PRESUPUESTOS ENVIADOS/HOJA ENCARGO orden 30 madrid SUBVENCION fijo pry propio.pdf
2024-06-21	3364130	./PRESUPUESTOS ENVIADOS/HOJA ENCARGO riojanos 4 madrid RENOVACION SUBV fijo pry propio.docx
2024-06-25	58289	./PRESUPUESTOS ENVIADOS/HOJA DE ENCARGO francisco fatou 24-26 y felipe alvarez 28 madrid pry y df comunidad.docx
2024-06-27	3364392	./PRESUPUESTOS ENVIADOS/HOJA ENCARGO felipe alvarez 38 madrid SUBVENCION fijo pry propio.docx
2024-06-27	69979	./PRESUPUESTOS ENVIADOS/HOJA DE ENCARGO felipe alvarez 38 madrid pry y df.docx
2024-07-02	2626091	./PRESUPUESTOS ENVIADOS/HOJA DE ENCARGO ribota 11 madrid memoria valorada.docx
2024-07-04	3237313	./PRESUPUESTOS ENVIADOS/HOJA ENCARGO paseo olimpo 16 fuenlabrada NEXT GEN Y SUBV Y CAES.docx
2024-07-05	576185	./PRESUPUESTOS ENVIADOS/HOJA DE ENCARGO PLAZA DE LAS FLORAS 7 LEGANES 10-11-2022.docx
2024-07-08	2626255	./PRESUPUESTOS ENVIADOS/HOJA DE ENCARGO BELVIS DE LA JARA 7 MADRID.docx
2024-07-08	2626202	./PRESUPUESTOS ENVIADOS/HOJA DE ENCARGO MONSEÑOR OSCAR ROMERO 6 MADRID.docx
2024-07-08	372438	./PRESUPUESTOS ENVIADOS/HOJA ENCARGO AV DR FLEMING 30 LEGANES NEXT GEN Y SUBV Y CAES.pdf
2024-07-08	2625849	./PRESUPUESTOS ENVIADOS/HOJA DE ENCARGO barrionuevo 6 leganes SOLO CONSULTA.docx
2024-07-09	3231115	./PRESUPUESTOS ENVIADOS/HOJA ENCARGO FUENTEBELLA 55 PARLA NEXT GEN Y SUBV.docx
2024-07-09	3228513	./PRESUPUESTOS ENVIADOS/HOJA ENCARGO ALCALA 462 MADRID NEXT GEN Y SUBV.docx
2024-07-09	3364354	./PRESUPUESTOS ENVIADOS/HOJA ENCARGO ANTONIO PIRALA 9 MADRID SUBVENCION.docx
2024-07-09	2616687	./PRESUPUESTOS ENVIADOS/HOJA ENCARGO FUENTEBELLA 55 PARLA NEXT GEN Y SUBV anexo.docx
2025-06-02	1140204	./PRESUPUESTOS ENVIADOS/VIRGEN DEL CAMINO 2 LEGANES 02-06-2025 SUBVENCION fijo pry externo.docx
2024-07-12	2626359	./PRESUPUESTOS ENVIADOS/HOJA DE ENCARGO garcia llamas 43 madrid memoria valorada.docx
2024-07-12	84432	./PRESUPUESTOS ENVIADOS/paseo olimpo 16 fuenlabrada enviado por ARE a CP 04-07-2024.pdf
2024-07-15	66779	./PRESUPUESTOS ENVIADOS/HOJA DE ENCARGO francia 7 fuenlabrada RAMPA PRY+DF.docx
2024-07-16	3364281	./PRESUPUESTOS ENVIADOS/HOJA ENCARGO francia 7 fuenlabrada SUBVENCION fijo pry propio.docx
2024-07-18	3364267	./PRESUPUESTOS ENVIADOS/HOJA ENCARGO blas cabrera 137 madrid SUBVENCION fijo pry propio - no enviado.docx
2024-07-18	3364386	./PRESUPUESTOS ENVIADOS/HOJA ENCARGO ARCOS DE JALON 68 MADRID SUBVENCION fijo pry propio.docx
2024-07-18	3364417	./PRESUPUESTOS ENVIADOS/HOJA ENCARGO RAFAELA YBARRA 33 MADRID SUBVENCION fijo pry propio.docx
2024-07-18	3364418	./PRESUPUESTOS ENVIADOS/HOJA ENCARGO DOMINGO PARRAGA 62 MADRID SUBVENCION fijo pry propio.docx
2024-07-18	66809	./PRESUPUESTOS ENVIADOS/HOJA DE ENCARGO ANIMAS 3 LEGANES IEE Y CEE.docx
2024-07-18	3364392	./PRESUPUESTOS ENVIADOS/HOJA ENCARGO leganes 14 fuenlabrada SUBVENCION fijo pry propio.docx
2024-07-19	3459837	./PRESUPUESTOS ENVIADOS/HOJA DE ENCARGO LOS YEBENES 179 MADRID ASC +SUBV.docx
2024-07-19	3364170	./PRESUPUESTOS ENVIADOS/HOJA ENCARGO FRANCIA 50 FUENLABRADA RENOVACION SUBV fijo pry propio.docx
2024-07-19	70082	./PRESUPUESTOS ENVIADOS/HOJA DE ENCARGO leganes 14 fuenlabrada pry df css.docx
2024-07-23	66819	./PRESUPUESTOS ENVIADOS/HOJA DE ENCARGO RAFAELA YBARRA 33 MADRID PRY DF Y CSS.docx
2024-07-23	66865	./PRESUPUESTOS ENVIADOS/HOJA DE ENCARGO DOMINGO PARRAGA 62 MADRID PRY DF Y CSS.docx
2024-07-29	66742	./PRESUPUESTOS ENVIADOS/HOJA DE ENCARGO QUINTANA 9 MADRID PRY DF Y CSS.docx
2024-07-29	576554	./PRESUPUESTOS ENVIADOS/HOJA DE ENCARGO IBERLEAN EZEQUIEL SOLANA 97 MADRID.docx
2025-06-02	1140516	./PRESUPUESTOS ENVIADOS/HOJA ENCARGO infantas 9 alcorcon SUBVENCION fijo pry propio.docx
2024-07-30	30323	./PRESUPUESTOS ENVIADOS/HOJA DE ENCARGO SAN JOSE 9 FUENLABRADA solo CSS SATE.docx
2024-07-31	223691	./PRESUPUESTOS ENVIADOS/HOJA ENCARGO villaviciosa de odon 2 fuenlabrada SUBVENCION fijo pry propio.pdf
2024-08-01	67307	./PRESUPUESTOS ENVIADOS/HOJA DE ENCARGO villaviciosa de odon 2 fuenlabrada CONSULTA PRY Y DF CSS.docx
2024-08-20	30299	./PRESUPUESTOS ENVIADOS/HOJA DE ENCARGO infantas 9 alcorcon.docx
2024-08-20	66831	./PRESUPUESTOS ENVIADOS/HOJA DE ENCARGO MARQUESA DE SILVELA 11 MADRID PRY DF Y CSS.docx
2024-08-21	3364445	./PRESUPUESTOS ENVIADOS/HOJA ENCARGO general ricardos 62 madrid SUBVENCION fijo pry propio.docx
2024-08-26	30409	./PRESUPUESTOS ENVIADOS/HOJA DE ENCARGO ITALIA 11 FUENLABRADA solo CSS.docx
2024-08-27	3364208	./PRESUPUESTOS ENVIADOS/HOJA ENCARGO NARDOS 2 FUENLABRADA RENOVACION SUBV fijo pry propio.docx
2024-09-03	59699	./PRESUPUESTOS ENVIADOS/HOJA DE ENCARGO PLAZA DE PANTICOSA 7 FUENLABRADA NEXT GEN .docx
2024-09-04	3364304	./PRESUPUESTOS ENVIADOS/HOJA ENCARGO iliada 39 madrid SUBVENCION fijo pry propio.docx
2024-09-08	2626635	./PRESUPUESTOS ENVIADOS/HOJA DE ENCARGO general ricardos 62 madrid SOLO PRY.docx
2024-09-08	2626860	./PRESUPUESTOS ENVIADOS/HOJA DE ENCARGO PLAZA SIERRA DE AYLLON 2 MADRID PRY 3 ASCENSORES.docx
2024-09-09	64888	./PRESUPUESTOS ENVIADOS/HOJA DE ENCARGO esteban collantes 26 madrid solo CSS.docx
2024-09-09	3364953	./PRESUPUESTOS ENVIADOS/HOJA ENCARGO panticosa 7 fuenlabrada rehab SUBVENCION fijo pry propio.docx
2024-09-10	724183	./PRESUPUESTOS ENVIADOS/HOJA DE ENCARGO SANTA BARBARA 20 TORRELAGUNA RAMPA.docx
2024-09-10	66972	./PRESUPUESTOS ENVIADOS/HOJA DE ENCARGO CERRO DEL CARRASCO 2 MADRID ASC.docx
2024-09-10	220283	./PRESUPUESTOS ENVIADOS/HOJA ENCARGO AV TOREROS 51 MADRID SUBVENCION fijo pry propio.pdf
2024-09-13	218397	./PRESUPUESTOS ENVIADOS/HOJA DE ENCARGO francisco javier sauquillo 34 fuenlabrada accesibilidad PRY+DF+CSS.docx
2024-09-13	29894	./PRESUPUESTOS ENVIADOS/HOJA DE ENCARGO laton 8 arganda tetrapak informe refuerzo estructura torre.docx
2024-09-16	3140045	./PRESUPUESTOS ENVIADOS/HOJA ENCARGO CERRO DEL CARRASCO 2 MADRID SUBVENCION fijo pry propio.docx
2024-09-16	69921	./PRESUPUESTOS ENVIADOS/HOJA DE ENCARGO ALEMANIA 6 FUENLABRADA PRY.docx
2024-09-16	2779315	./PRESUPUESTOS ENVIADOS/HOJA ENCARGO VELEZ BLANCO 19 MADRID.docx
2024-09-16	65719	./PRESUPUESTOS ENVIADOS/HOJA DE ENCARGO MANUEL NOYA 27 MADRID.docx
2024-09-16	69944	./PRESUPUESTOS ENVIADOS/HOJA DE ENCARGO MOSTOLES 3 PORTAL 4 FUENLABRADA PRY Y DF.docx
2024-09-16	30404	./PRESUPUESTOS ENVIADOS/HOJA DE ENCARGO BLAS CABRERA 137 MADRID schindler.docx
2024-09-17	3364190	./PRESUPUESTOS ENVIADOS/HOJA ENCARGO badalona 48 madrid RENOVACION SUBV fijo pry propio.docx
2024-09-19	193	./PRESUPUESTOS ENVIADOS/HOJA DE ENCARGO MAYOR 27 ALCORCON  pry y df.gdoc
2024-09-19	193	./PRESUPUESTOS ENVIADOS/HOJA DE ENCARGO MALAGA 6 ALCORCON pry y df.gdoc
2024-09-20	34717	./PRESUPUESTOS ENVIADOS/HOJA DE ENCARGO LAGO CONSTANZA 34 MADRID PRY+CSS+SUBV.docx
2024-09-20	222323	./PRESUPUESTOS ENVIADOS/HOJA DE ENCARGO camarena 200 madrid pry css df subvenciones.docx
2024-09-20	70243	./PRESUPUESTOS ENVIADOS/HOJA DE ENCARGO camarena 190 madrid pry css df subvenciones.docx
2024-09-20	69936	./PRESUPUESTOS ENVIADOS/HOJA DE ENCARGO 10-09-2024 av toreros 51 madrid pry css df.docx
2024-09-20	73225	./PRESUPUESTOS ENVIADOS/HOJA DE ENCARGO 20-09-2024 av toreros 51 madrid pry css df modificado NO ENVIADO AUN.docx
2024-09-20	3365092	./PRESUPUESTOS ENVIADOS/HOJA ENCARGO nieves 2 fuenlabrada rehab SUBVENCION fijo pry propio.docx
2024-09-20	59860	./PRESUPUESTOS ENVIADOS/HOJA DE ENCARGO NIEVES 2 FUENLABRADA sate .docx
2024-09-20	66708	./PRESUPUESTOS ENVIADOS/HOJA DE ENCARGO MALAGA 22 FUENLABRADA PRY ASC.docx
2024-09-20	70132	./PRESUPUESTOS ENVIADOS/HOJA DE ENCARGO ARROYO FONTARRON  91 MADRID pry y df.docx
2024-09-23	350267	./PRESUPUESTOS ENVIADOS/1 av pablo neruda 48 madrid ascensor y subvenciones.pdf
2024-09-23	349803	./PRESUPUESTOS ENVIADOS/2 av pablo neruda 48 madrid asc y sate.pdf
2024-09-23	350864	./PRESUPUESTOS ENVIADOS/3 av pablo neruda 48 madrid asc y sate y aerotermia.pdf
2024-09-24	66848	./PRESUPUESTOS ENVIADOS/HOJA DE ENCARGO HUERTA DE CASTAÑEDA 13 MADRID IEE Y CEE.docx
2024-09-25	221172	./PRESUPUESTOS ENVIADOS/HOJA DE ENCARGO MALAGA 40 FUENLABRADA NEXT GEN sin logo.docx
2024-09-25	1075383	./PRESUPUESTOS ENVIADOS/HOJA ENCARGO malaga 40 fuenlabrada rehab SUBVENCION fijo pry propio SIN LOGO.docx
2024-09-26	147263	./PRESUPUESTOS ENVIADOS/HOJA ENCARGO aragon 11 leganes CAMBIO TRAMITADOR NEXT GEN V2.pdf
2024-09-26	2626176	./PRESUPUESTOS ENVIADOS/HOJA DE ENCARGO av madrid 42 san martin de valdeiglesias centro comercial SOLO PRY.docx
2024-09-27	65130	./PRESUPUESTOS ENVIADOS/HOJA DE ENCARGO argentina 20 fuenlabrada solo CSS.docx
2024-09-27	3364128	./PRESUPUESTOS ENVIADOS/HOJA ENCARGO manresa 56 madrid RENOVACION SUBV fijo pry propio.docx
2024-09-27	69963	./PRESUPUESTOS ENVIADOS/HOJA DE ENCARGO armenteros 51 madrid pry y df.docx
2024-09-27	3364343	./PRESUPUESTOS ENVIADOS/HOJA ENCARGO madrid 38-40 humanes de madrid SUBVENCION fijo pry propio.docx
2024-09-30	3364382	./PRESUPUESTOS ENVIADOS/HOJA ENCARGO manuel noya 27 madrid SUBVENCION fijo pry propio.docx
2024-10-02	65055	./PRESUPUESTOS ENVIADOS/HOJA DE ENCARGO PASEO SAN ANTONIO 3 FUENLABRADA solo CSS.docx
2024-10-03	3364355	./PRESUPUESTOS ENVIADOS/HOJA ENCARGO arboleda 1 alcorcon SUBVENCION fijo pry propio.docx
2024-10-03	2626300	./PRESUPUESTOS ENVIADOS/HOJA DE ENCARGO arboleda 1 alcorcon PRY.docx
2024-10-07	67158	./PRESUPUESTOS ENVIADOS/HOJA DE ENCARGO CENTENO 27 MADRID.docx
2024-10-07	65985	./PRESUPUESTOS ENVIADOS/HOJA DE ENCARGO SAN BASILIO 9 MADRID.docx
2024-10-07	66017	./PRESUPUESTOS ENVIADOS/HOJA DE ENCARGO FELIPE CASTRO 9 MADRID.docx
2024-10-07	3364376	./PRESUPUESTOS ENVIADOS/FELIPE CASTRO 9 MADRID HOJA ENCARGO modelo SUBVENCION fijo pry propio.docx
2024-10-08	3364469	./PRESUPUESTOS ENVIADOS/HOJA ENCARGO TRAVESIA SAN ONOFRE 4 SAN SEBASTIAN DE LOS REYES SUBVENCION fijo pry propio.docx
2024-10-08	70094	./PRESUPUESTOS ENVIADOS/HOJA DE ENCARGO REAL VIEJA 8 SAN SEBASTIAN DE LOS REYES  pry y df.docx
2024-10-08	3364389	./PRESUPUESTOS ENVIADOS/HOJA ENCARGO real vieja 8 san sebastian de los reyes SUBVENCION fijo pry propio.docx
2024-10-08	66305	./PRESUPUESTOS ENVIADOS/HOJA DE ENCARGO ricardo ortiz 96 madrid plataforma y rampa.docx
2024-10-08	217497	./PRESUPUESTOS ENVIADOS/HOJA DE ENCARGO españoleto 5 mostoles sustitucion puertas ascensor PROYECTO, DO y CSS fain.docx
2024-10-08	184379	./PRESUPUESTOS ENVIADOS/HOJA DE ENCARGO valmojado 169 madrid pry css df subvenciones.pdf
2024-10-08	2629825	./PRESUPUESTOS ENVIADOS/HOJA DE ENCARGO valmojado 169 madrid pry css df subvenciones.docx
2024-10-08	2834896	./PRESUPUESTOS ENVIADOS/HOJA DE ENCARGO MALAGA 4 ALCORCON pry y df.docx
2024-10-09	63738	./PRESUPUESTOS ENVIADOS/HOJA DE ENCARGO EMILIO GASTESI FERNANDEZ 40 MADRID.docx
2024-10-10	3364473	./PRESUPUESTOS ENVIADOS/HOJA ENCARGO BUENA MADRE 6 PINTO rehab SUBVENCION fijo pry propio.docx
2024-10-10	60017	./PRESUPUESTOS ENVIADOS/HOJA DE ENCARGO BUENA MADRE 6 PINTO SATE.docx
2024-10-10	66795	./PRESUPUESTOS ENVIADOS/HOJA DE ENCARGO telefonica 2 fuenlabrada PRY+DF.docx
2024-10-14	69977	./PRESUPUESTOS ENVIADOS/HOJA DE ENCARGO ASTURIAS 14 SAN SEBASTIAN DE LOS REYES pry y df.docx
2024-10-14	3364367	./PRESUPUESTOS ENVIADOS/HOJA ENCARGO ASTURIAS 14 SAN SEBASTIAN DE LOS REYES SUBVENCION fijo pry propio.docx
2024-10-14	3364377	./PRESUPUESTOS ENVIADOS/HOJA ENCARGO TERUEL 1 ALCOBENDAS SUBVENCION fijo pry propio.docx
2024-10-14	2629579	./PRESUPUESTOS ENVIADOS/HOJA DE ENCARGO TERUEL 1 ALCOBENDAS pry y df.docx
2024-10-15	3364120	./PRESUPUESTOS ENVIADOS/HOJA ENCARGO villamanin 37 madrid RENOVACION SUBV fijo pry propio.docx
2025-05-23	217942	./PRESUPUESTOS ENVIADOS/HOJA DE ENCARGO valdevarnes 24 madrid bajada a cota cero y añadir parada en sotano.docx
2024-10-16	59777	./PRESUPUESTOS ENVIADOS/HOJA DE ENCARGO SAN ANDRES 2 LEGANES SATE (1).docx
2024-10-16	3364749	./PRESUPUESTOS ENVIADOS/HOJA ENCARGO SAN ANDRES 2 LEGANES rehab SUBVENCION fijo pry propio (1).docx
2024-10-16	65324	./PRESUPUESTOS ENVIADOS/HOJA DE ENCARGO av dr martin vegue 33-35-37 leganes solo libro del edificio.docx
2024-10-16	67090	./PRESUPUESTOS ENVIADOS/HOJA DE ENCARGO CASTILLA 20 LEGANES CONSULTA FAIN.docx
2024-10-16	65904	./PRESUPUESTOS ENVIADOS/HOJA DE ENCARGO legazpi 3 leganes.docx
2024-10-16	3364406	./PRESUPUESTOS ENVIADOS/HOJA ENCARGO LEGAZPI 3 LEGANES SUBVENCION fijo pry propio.docx
2024-10-16	3364253	./PRESUPUESTOS ENVIADOS/HOJA ENCARGO REINA 5 MADRID RENOVACION SUBV fijo pry propio.docx
2024-10-17	3364103	./PRESUPUESTOS ENVIADOS/HOJA ENCARGO manresa 25-27 madrid RENOVACION SUBV fijo pry propio.docx
2024-10-17	1089324	./PRESUPUESTOS ENVIADOS/HOJA ENCARGO mm AZCONA 5 ERASO 6 ARDEMANS 9 MADRID SUBVENCION fijo pry propio (1).docx
2024-10-17	65126	./PRESUPUESTOS ENVIADOS/HOJA DE ENCARGO PLAZA DOS DE MAYO 5 MOSTOLES ascensor solo CSS.docx
2025-05-21	30434	./PRESUPUESTOS ENVIADOS/HOJA DE ENCARGO BELEN 7 FUENLABRADA sate solo CSS.docx
2024-10-17	3364281	./PRESUPUESTOS ENVIADOS/HOJA ENCARGO MARTIN DE LOS HEROS 59BIS MADRID RENOVACION SUBV fijo pry propio.docx
2024-10-17	3364408	./PRESUPUESTOS ENVIADOS/HOJA ENCARGO COLEGIATA 9 MADRID SUBVENCION fijo pry externo.docx
2024-10-17	3364266	./PRESUPUESTOS ENVIADOS/HOJA ENCARGO SANTA VIRGILIA 20 MADRID RENOVACION SUBV fijo pry propio.docx
2024-10-18	66123	./PRESUPUESTOS ENVIADOS/HOJA DE ENCARGO moral 2 alcala plataforma.docx
2024-10-18	3364367	./PRESUPUESTOS ENVIADOS/HOJA ENCARGO valdevarnes 24 madrid SUBVENCION fijo pry propio.docx
2024-10-18	3364366	./PRESUPUESTOS ENVIADOS/HOJA ENCARGO av conde de coruña 87 daganzo SUBVENCION fijo pry externo (1).docx
2024-10-21	2621939	./PRESUPUESTOS ENVIADOS/HOJA DE ENCARGO av rio boladiez 45 toledo SATE Y NG v2.docx
2024-10-21	2621867	./PRESUPUESTOS ENVIADOS/HOJA DE ENCARGO travesia villaescusa 2-4 madrid SATE Y NG v2.docx
2024-10-21	66775	./PRESUPUESTOS ENVIADOS/HOJA DE ENCARGO ezequiel solana 97 madrid solo IEE Y CEE.docx
2024-10-21	65189	./PRESUPUESTOS ENVIADOS/HOJA DE ENCARGO maldonado 4 mostoles sate solo CSS.docx
2024-10-21	3364127	./PRESUPUESTOS ENVIADOS/HOJA ENCARGO guadarrama 26 madrid RENOVACION SUBV fijo pry propio.docx
2024-10-22	3364287	./PRESUPUESTOS ENVIADOS/HOJA ENCARGO VALDERROBRES 37 MADRID SUBVENCION .docx
2024-10-22	2834913	./PRESUPUESTOS ENVIADOS/HOJA DE ENCARGO AVILA 3 ALCORCON pry y df.docx
2024-10-22	3139971	./PRESUPUESTOS ENVIADOS/HOJA ENCARGO GOBERNADOR 8 PARLA SUBVENCION .docx
2024-10-23	3364331	./PRESUPUESTOS ENVIADOS/HOJA ENCARGO VALLADOLID 8 MOSTOLES SUBVENCION .docx
2024-10-23	2835080	./PRESUPUESTOS ENVIADOS/HOJA DE ENCARGO VALLADOLID 8 MOSTOLES PRY.docx
2024-10-23	3364337	./PRESUPUESTOS ENVIADOS/HOJA ENCARGO DOCTOR BELLIDO 41 MADRID SUBVENCION .docx
2024-10-24	3638726	./PRESUPUESTOS ENVIADOS/HOJA ENCARGO VALDESANGIL 14 AL 24 MADRID SUBVENCION .docx
2024-10-24	3638747	./PRESUPUESTOS ENVIADOS/HOJA ENCARGO BERGANTIÑOS 3 AL 15 MADRID SUBVENCION .docx
2024-10-24	66650	./PRESUPUESTOS ENVIADOS/HOJA DE ENCARGO FRANCIA 12 FUENLABRADA ITE.docx
2024-10-24	2847441	./PRESUPUESTOS ENVIADOS/HOJA DE ENCARGO ALTAMIRANO 48 MADRID SUBV ENERGETICA.docx
2024-10-25	3364340	./PRESUPUESTOS ENVIADOS/HOJA ENCARGO SAN FIDEL 97-99 MADRID SUBVENCION fijo pry propio.docx
2024-10-25	2847744	./PRESUPUESTOS ENVIADOS/HOJA DE ENCARGO badajoz 22 mostoles SATE Y NG CON SUBV A EXITO.docx
2024-10-25	2847984	./PRESUPUESTOS ENVIADOS/HOJA DE ENCARGO badajoz 35 mostoles SATE Y NG CON SUBV A EXITO.docx
2024-10-25	3364542	./PRESUPUESTOS ENVIADOS/HOJA ENCARGO san fidel 97-99 madrid SUBVENCION ACCESIBILIDAD.docx
2024-10-28	2836499	./PRESUPUESTOS ENVIADOS/HOJA DE ENCARGO VALDERROBRES 37 MADRID fain.docx
2024-10-28	218435	./PRESUPUESTOS ENVIADOS/HOJA DE ENCARGO coslada 7 madrid accesib y plataforma PRY+DF.docx
2024-10-28	3364600	./PRESUPUESTOS ENVIADOS/HOJA ENCARGO german perez carrasco 73bis madrid SUBVENCION ACCESIBILIDAD.docx
2024-10-28	3364743	./PRESUPUESTOS ENVIADOS/HOJA ENCARGO german perez carrasco 73 madrid SUBVENCION ACCESIBILIDAD.docx
2024-10-28	3364648	./PRESUPUESTOS ENVIADOS/HOJA ENCARGO valleguerra 5 madrid SUBVENCION ACCESIBILIDAD.docx
2024-10-28	66067	./PRESUPUESTOS ENVIADOS/HOJA DE ENCARGO VALDECANILLAS 5 MADRID solo DF Y CSS.docx
2024-10-30	3404008	./PRESUPUESTOS ENVIADOS/HOJA DE ENCARGO bilbao 13 alcorcon asc y plataforma.docx
2024-10-30	3364345	./PRESUPUESTOS ENVIADOS/HOJA ENCARGO bilbao 13 alcorcon SUBVENCION ACCESIBILIDAD.docx
2024-10-30	3404975	./PRESUPUESTOS ENVIADOS/HOJA DE ENCARGO SANTA VIRGILIA 8 10 Y 12 MADRID PRY ACCES PORTAL.docx
2024-10-30	3495338	./PRESUPUESTOS ENVIADOS/HOJA DE ENCARGO german perez carrasco 73 madrid.docx
2024-10-30	3495440	./PRESUPUESTOS ENVIADOS/HOJA DE ENCARGO valleguerra 5 madrid.docx
2024-10-30	3495286	./PRESUPUESTOS ENVIADOS/HOJA DE ENCARGO german perez carrasco 73bis madrid.docx
2024-10-30	352292	./PRESUPUESTOS ENVIADOS/HOJA DE ENCARGO san fidel 97-99 madrid ASCENSOR .docx
2024-10-30	3403912	./PRESUPUESTOS ENVIADOS/HOJA DE ENCARGO VENANCIO MARTIN 48 MADRID PRY ASC.docx
2024-10-30	65879	./PRESUPUESTOS ENVIADOS/HOJA DE ENCARGO PASEO DEL OLIMPO 16 FUENLABRADA SATE solo CSS.docx
2024-10-30	3364706	./PRESUPUESTOS ENVIADOS/HOJA ENCARGO PLAZA CASTAÑARES 2 MADRID SUBVENCION ACCESIBILIDAD.docx
2024-10-30	184149	./PRESUPUESTOS ENVIADOS/HOJA ENCARGO mariblanca 23 madrid inspeccion deficiencias y memoria valorada.pdf
2024-10-30	3364688	./PRESUPUESTOS ENVIADOS/HOJA ENCARGO nuestra sra valvanera 106 madrid SUBVENCION ACCESIBILIDAD.docx
2024-10-30	3404255	./PRESUPUESTOS ENVIADOS/HOJA DE ENCARGO nuestra sra valvanera 106 madrid ASCENSOR + CSS.docx
2024-10-30	3364726	./PRESUPUESTOS ENVIADOS/HOJA ENCARGO TRAVESIA DE LOS DEPOSITOS 2 GETAFE SUBVENCION ACCESIBILIDAD.docx
2024-10-30	3404225	./PRESUPUESTOS ENVIADOS/HOJA DE ENCARGO TRAVESIA DE LOS DEPOSITOS 2 GETAFE ASCENSOR.docx
2024-10-30	3404218	./PRESUPUESTOS ENVIADOS/HOJA DE ENCARGO olvido 4 parla ASCENSOR.docx
2024-10-30	3364679	./PRESUPUESTOS ENVIADOS/HOJA ENCARGO olvido 4 parla SUBVENCION ACCESIBILIDAD.docx
2024-10-31	65670	./PRESUPUESTOS ENVIADOS/HOJA DE ENCARGO cañada toledana 2 griñon ascensor solo CSS.docx
2024-10-31	2847735	./PRESUPUESTOS ENVIADOS/HOJA DE ENCARGO plaza san jose 2 alcala SATE Y NG CON SUBV A EXITO.docx
2024-11-05	2758009	./PRESUPUESTOS ENVIADOS/HOJA ENCARGO FERNANDEZ DE LOS RIOS 38 MADRID.docx
2024-11-05	2758394	./PRESUPUESTOS ENVIADOS/HOJA ENCARGO ISABEL DE FARNESIO 6 BOADILLA DEL MONTE humedades trasteros.docx
2024-11-05	189569	./PRESUPUESTOS ENVIADOS/HOJA DE ENCARGO moral 2 alcala MODELO IEE.pdf
2024-11-05	65790	./PRESUPUESTOS ENVIADOS/HOJA DE ENCARGO nueva 2 boadilla del monte solo CSS.docx
2024-11-06	2847611	./PRESUPUESTOS ENVIADOS/HOJA DE ENCARGO egido de la fuente 13 pinto SUBVENCIONES SATE Y NG un año.docx
2024-11-06	2846787	./PRESUPUESTOS ENVIADOS/HOJA DE ENCARGO EGIDO DE LA FUENTE 13 PINTO SATE Y NG.docx
2024-11-07	2844201	./PRESUPUESTOS ENVIADOS/HOJA DE ENCARGO SAN JOSE 26 FUENLABRADA.docx
2024-11-07	2847565	./PRESUPUESTOS ENVIADOS/HOJA DE ENCARGO MALAGA 28 FUENLABRADA SUBVENCIONES SATE Y NG A EXITO.docx
2024-11-07	220943	./PRESUPUESTOS ENVIADOS/HOJA DE ENCARGO DOCTOR BELLIDO 41 MADRID.docx
2024-11-07	2847809	./PRESUPUESTOS ENVIADOS/HOJA DE ENCARGO SAN JOSE 26 FUENLABRADA SUBVENCIONES SATE Y NG A EXITO.docx
2024-11-08	2146905	./PRESUPUESTOS ENVIADOS/HOJA DE ENCARGO san ignacio 10 leganes ASCENSOR Y SUBV FORMULARIO_f.pdf
2024-11-08	2146971	./PRESUPUESTOS ENVIADOS/HOJA DE ENCARGO avelino fernandez de la poza 11 madrid ASCENSOR Y SUBV FORMULARIO_F.pdf
2024-11-08	2844207	./PRESUPUESTOS ENVIADOS/HOJA DE ENCARGO SAN JOSE 26 FUENLABRADA v2.docx
2024-11-11	190133	./PRESUPUESTOS ENVIADOS/HOJA DE ENCARGO ARCOS DE JALON 68 MADRID PRY DF Y CSS.docx.pdf
2024-11-11	2265881	./PRESUPUESTOS ENVIADOS/HOJA DE ENCARGO fuentebella 73 parla ASCENSOR Y SUBV FORMULARIO_f.pdf
2024-11-11	349259	./PRESUPUESTOS ENVIADOS/HOJA DE ENCARGO MALAGA 28 FUENLABRADA.docx
2024-11-11	352225	./PRESUPUESTOS ENVIADOS/HOJA DE ENCARGO plaza castañares 2 madrid (2).docx
2024-11-12	65904	./PRESUPUESTOS ENVIADOS/HOJA DE ENCARGO MARQUES DE LA VALDAVIA 76 ALCOBENDAS SATE solo CSS.docx
2024-11-13	67466	./PRESUPUESTOS ENVIADOS/HOJA DE ENCARGO ZAMORA 6 FUENLABRADA cdad prop.docx
2024-11-13	66725	./PRESUPUESTOS ENVIADOS/HOJA ENCARGO ZAMORA 6 FUENLABRADA  SUBV.docx
2024-11-13	66530	./PRESUPUESTOS ENVIADOS/HOJA DE ENCARGO NAZARET 8 FUENLABRADA IEE .docx
2024-11-18	2479270	./PRESUPUESTOS ENVIADOS/HOJA DE ENCARGO san gregorio 2 leganes ASCENSOR Y SUBV FORMULARIO.pdf
2024-11-19	222988	./PRESUPUESTOS ENVIADOS/HOJA DE ENCARGO SAN ANSELMO 11 MADRID Y OTROS 3 - PRY 4 ASC.docx
2024-11-19	3364641	./PRESUPUESTOS ENVIADOS/HOJA ENCARGO san anselmo 11 madrid y otras 3 SUBVENCION ACCESIBILIDAD.docx
2024-11-19	67101	./PRESUPUESTOS ENVIADOS/HOJA DE ENCARGO albalate del arzobispo 5 madrid PROYECTO y DO fain.docx
2024-11-19	2484305	./PRESUPUESTOS ENVIADOS/HOJA DE ENCARGO PEAL 20 MADRID ASCENSOR Y SUBV FORMULARIO.pdf
2024-11-19	2847509	./PRESUPUESTOS ENVIADOS/HOJA DE ENCARGO castilla la vieja 10 fuenlabrada SUBVENCIONES SATE Y NG fijo + EXITO.docx
2024-11-19	2847741	./PRESUPUESTOS ENVIADOS/HOJA DE ENCARGO villalon 1 fuenlabrada SUBVENCIONES SATE Y NG fijo + EXITO.docx
2024-11-21	67171	./PRESUPUESTOS ENVIADOS/HOJA DE ENCARGO SALVADOR DALI 6 PINTO.docx
2024-11-22	3508607	./PRESUPUESTOS ENVIADOS/HOJA ENCARGO CALAHORRA 26 MADRID SUBVENCION ACCESIBILIDAD.docx
2024-11-22	3404087	./PRESUPUESTOS ENVIADOS/HOJA DE ENCARGO VIRGEN DE LA OLIVA 49 MADRID pry.docx
2024-11-25	4239540	./PRESUPUESTOS ENVIADOS/HOJA DE ENCARGO esteban carros 20 madrid ASCENSOR Y SUBV.docx
2024-11-25	4239441	./PRESUPUESTOS ENVIADOS/HOJA DE ENCARGO virgen de la oliva 49 madrid ASCENSOR Y SUBV.docx
2024-11-25	3404289	./PRESUPUESTOS ENVIADOS/HOJA DE ENCARGO san eudaldo 8 madrid pry.docx
2024-11-25	3508533	./PRESUPUESTOS ENVIADOS/HOJA ENCARGO san eudaldo 8 MADRID SUBVENCION ACCESIBILIDAD.docx
2024-11-25	352216	./PRESUPUESTOS ENVIADOS/HOJA DE ENCARGO calahorra 26 madrid pry.docx
2024-11-25	2846569	./PRESUPUESTOS ENVIADOS/HOJA DE ENCARGO batalla de torrijos 23 madrid cubierta pry.docx
2024-11-25	2847652	./PRESUPUESTOS ENVIADOS/HOJA DE ENCARGO batalla de torrijos 23 madrid subvenciones.docx
2024-11-25	3404054	./PRESUPUESTOS ENVIADOS/HOJA DE ENCARGO CORDOVIN 6 MADRID pry.docx
2024-11-25	3508544	./PRESUPUESTOS ENVIADOS/HOJA ENCARGO CORDOVIN 6 MADRID SUBVENCION ACCESIBILIDAD.docx
2024-11-26	4239440	./PRESUPUESTOS ENVIADOS/HOJA DE ENCARGO mayor 43 madrid ASCENSOR Y SUBV (1).docx
2024-11-26	3365138	./PRESUPUESTOS ENVIADOS/HOJA ENCARGO ARROYO 1 TORREJON SUBVENCION ACCESIBILIDAD.docx
2024-11-26	2847683	./PRESUPUESTOS ENVIADOS/HOJA DE ENCARGO BRUNETE 3 FUENLABRADA SUBVENCIONES SATE Y ACCES A EXITO.docx
2024-11-26	2848064	./PRESUPUESTOS ENVIADOS/HOJA DE ENCARGO andorra 91 madrid SATE Y NG CON SUBV A EXITO.docx
2024-11-26	3404830	./PRESUPUESTOS ENVIADOS/HOJA DE ENCARGO solsona 7 madrid ASCENSOR + CSS + IEE UREKA .docx
2024-11-26	3403977	./PRESUPUESTOS ENVIADOS/HOJA DE ENCARGO julio palacios 2-4-6 madrid.docx
2024-11-27	222939	./PRESUPUESTOS ENVIADOS/HOJA DE ENCARGO PUERTO DE LA MORCUERA 11 MADRID PRY 6 ASC.docx
2024-11-27	3639526	./PRESUPUESTOS ENVIADOS/HOJA ENCARGO puerto de la morcuera 11 madrid SUBVENCION  ACCESIBILIDAD A EXITO.docx
2024-11-28	30504	./PRESUPUESTOS ENVIADOS/HOJA DE ENCARGO GODELLA 237 MADRID PRY DF Y CSS.docx
2024-11-28	4229505	./PRESUPUESTOS ENVIADOS/HOJA DE ENCARGO SAN GREGORIO 2 LEGANES CONSULTA ASCENSOR Y SUBV.docx
2024-11-29	3364337	./PRESUPUESTOS ENVIADOS/HOJA ENCARGO fernando el catolico 73 madrid SUBVENCION fijo pry externo.docx
2024-11-29	66283	./PRESUPUESTOS ENVIADOS/HOJA DE ENCARGO vivienda quintana 9 madrid.docx
2024-11-29	4699442	./PRESUPUESTOS ENVIADOS/HOJA DE ENCARGO PLAZA DE LAS FLORAS 3 LEGANES ASCENSOR Y SUBV.docx
2024-12-02	3364665	./PRESUPUESTOS ENVIADOS/HOJA ENCARGO CUARTELES 130 ARANJUEZ SUBVENCION ACCESIBILIDAD.docx
2024-12-02	4230382	./PRESUPUESTOS ENVIADOS/HOJA DE ENCARGO SAN IGNACIO 10 LEGANES CONSULTA ASCENSOR Y SUBV.docx
2024-12-02	1123020	./PRESUPUESTOS ENVIADOS/HOJA ENCARGO pozuelo 17 fuenlabrada SUBVENCION fijo pry propio.docx
2024-12-04	4354668	./PRESUPUESTOS ENVIADOS/HOJA DE ENCARGO VALDECANILLAS 59 MADRID SATE Y SUBV a exito.docx
2024-12-05	1127908	./PRESUPUESTOS ENVIADOS/HOJA ENCARGO plaza de la inmaculada 6 leganes SUBVENCION fijo pry propio.docx
2024-12-05	4238909	./PRESUPUESTOS ENVIADOS/HOJA DE ENCARGO vicente camaron 1 madrid ASCENSOR Y SUBV.docx
2024-12-09	2755692	./PRESUPUESTOS ENVIADOS/HOJA DE ENCARGO santiago de compostela 24-26 madrid sate df css y subv.docx
2024-12-09	4238883	./PRESUPUESTOS ENVIADOS/HOJA DE ENCARGO luis ruiz 4 madrid ASCENSOR Y SUBV no enviar hasta que nos digan.docx
2024-12-09	2281776	./PRESUPUESTOS ENVIADOS/PROPUESTA SAGRADOS CORAZONES 14 MADRID.docx
2024-12-09	65725	./PRESUPUESTOS ENVIADOS/HOJA DE ENCARGO AV CARLOS V 32 MOSTOLES CSS SATE.docx
2024-12-10	4239553	./PRESUPUESTOS ENVIADOS/HOJA DE ENCARGO san claudio 55 madrid ASCENSOR Y SUBV.docx
2024-12-10	2758296	./PRESUPUESTOS ENVIADOS/HOJA ENCARGO GINZO DE LIMIA 55 MADRID.docx
2024-12-10	911032	./PRESUPUESTOS ENVIADOS/PROPUESTA CENTENO 27 MADRID.docx
2024-12-10	1780891	./PRESUPUESTOS ENVIADOS/PROPUESTA AVENIDA CANILLEJAS A VICALVARO 65 MADRID SATE.docx
2024-12-10	152620	./PRESUPUESTOS ENVIADOS/PROPUESTA AVENIDA CANILLEJAS A VICALVARO 65 MADRID ASCENSOR.docx
2024-12-10	4239466	./PRESUPUESTOS ENVIADOS/HOJA DE ENCARGO juanelo 19 madrid ASCENSOR Y SUBV.docx
2024-12-11	67046	./PRESUPUESTOS ENVIADOS/HOJA DE ENCARGO ENCARNACION DEL PINO 2 MADRID PRY DF Y CSS.docx
2024-12-11	4239642	./PRESUPUESTOS ENVIADOS/HOJA DE ENCARGO virgen de aranzazu 23 madrid ASCENSOR Y SUBV (2).docx
2024-12-11	3364674	./PRESUPUESTOS ENVIADOS/HOJA ENCARGO moral 2 alcala SUBVENCION ACCESIBILIDAD.docx
2024-12-11	66122	./PRESUPUESTOS ENVIADOS/HOJA DE ENCARGO arroyo de la media legua 27 madrid transformacion 2 ascensores.docx
2025-10-10	352289	./PRESUPUESTOS ENVIADOS/HOJA DE ENCARGO ALCALA DE GUADAIRA 41 MADRID PRY ASC.docx
2024-12-13	262759	./PRESUPUESTOS ENVIADOS/HOJA DE ENCARGO PLAZA RIOFRIO 2 MADRID.pdf
2024-12-13	262748	./PRESUPUESTOS ENVIADOS/HOJA DE ENCARGO PLAZA RIOFRIO 1 MADRID.pdf
2024-12-13	262760	./PRESUPUESTOS ENVIADOS/HOJA DE ENCARGO PLAZA PAULAR 4 MADRID.pdf
2024-12-13	262752	./PRESUPUESTOS ENVIADOS/HOJA DE ENCARGO PLAZA PAULAR 5 MADRID.pdf
2024-12-16	3404889	./PRESUPUESTOS ENVIADOS/HOJA DE ENCARGO PLAZA RIOFRIO 1 MADRID.docx
2024-12-16	3404935	./PRESUPUESTOS ENVIADOS/HOJA DE ENCARGO PLAZA RIOFRIO 2 MADRID.docx
2024-12-16	3404889	./PRESUPUESTOS ENVIADOS/HOJA DE ENCARGO PLAZA PAULAR 4 MADRID.docx
2024-12-16	3404873	./PRESUPUESTOS ENVIADOS/HOJA DE ENCARGO PLAZA PAULAR 5 MADRID.docx
2024-12-16	2846922	./PRESUPUESTOS ENVIADOS/HOJA DE ENCARGO NAVAS DEL REY 51 MADRID SUBVENCIONES SOLO AYTO MADRID 2024.docx
2024-12-17	66093	./PRESUPUESTOS ENVIADOS/HOJA DE ENCARGO FELIPE CASTRO 6 MADRID.docx
2024-12-17	3364474	./PRESUPUESTOS ENVIADOS/FELIPE CASTRO 6 MADRID HOJA ENCARGO modelo SUBVENCION fijo pry propio.docx
2024-12-17	66865	./PRESUPUESTOS ENVIADOS/HOJA DE ENCARGO GRANADA 9 ALCOBENDAS IEE .docx
2024-12-17	3404417	./PRESUPUESTOS ENVIADOS/HOJA DE ENCARGO JOSUE LILLO 5 MADRID PRY ASC.docx
2024-12-18	3364791	./PRESUPUESTOS ENVIADOS/HOJA ENCARGO CL DIARIO LA NACION 20 MADRID SUBVENCION ACCESIBILIDAD.docx
2024-12-18	3364701	./PRESUPUESTOS ENVIADOS/HOJA ENCARGO CL DIARIO LA NACION 18 MADRID SUBVENCION ACCESIBILIDAD.docx
2024-12-18	4239823	./PRESUPUESTOS ENVIADOS/HOJA DE ENCARGO garcia paredes 44 madrid ASCENSOR Y SUBV.docx
2024-12-18	2779646	./PRESUPUESTOS ENVIADOS/HOJA ENCARGO BRUNETE 3 FUENLABRADA IEE + ACCESIB + SUBV.docx
2024-12-18	4239355	./PRESUPUESTOS ENVIADOS/HOJA DE ENCARGO duque de sesto 22 madrid ASCENSOR Y SUBV.docx
2024-12-18	4239215	./PRESUPUESTOS ENVIADOS/HOJA DE ENCARGO sangenjo 6 madrid ASCENSOR Y SUBV.docx
2024-12-20	4239146	./PRESUPUESTOS ENVIADOS/HOJA DE ENCARGO RUFINO BLANCO 20 MADRID ASCENSOR Y SUBV.docx
2024-12-20	3395529	./PRESUPUESTOS ENVIADOS/HOJA DE ENCARGO PLAZA PAULAR Y RIOFRIO MADRID.docx
2024-12-20	194026	./PRESUPUESTOS ENVIADOS/HOJA DE ENCARGO PLAZA PAULAR Y RIOFRIO MADRID.pdf
2024-12-23	70083	./PRESUPUESTOS ENVIADOS/HOJA DE ENCARGO TRAVESIA SAN ONOFRE 4 SAN SEBASTIAN DE LOS REYES pry y df.docx
2025-01-07	4105876	./PRESUPUESTOS ENVIADOS/HOJA DE ENCARGO cazorla 4 madrid bajada a cota cero PRY Y SUBV.docx
2025-01-07	3404233	./PRESUPUESTOS ENVIADOS/HOJA DE ENCARGO ALTEA 7 MADRID ASCENSOR.docx
2025-01-08	3364411	./PRESUPUESTOS ENVIADOS/HOJA ENCARGO COVADONGA 22 LEGANES RENOVACION SUBV fijo pry propio.docx
2025-01-08	3496316	./PRESUPUESTOS ENVIADOS/HOJA DE ENCARGO pablo serrano 9 madrid accesibilidad PRY.docx
2025-01-10	3367095	./PRESUPUESTOS ENVIADOS/cega - HOJA ENCARGO MODELO SUBVENCION ACCESIBILIDAD 7 proyectos.docx
2025-01-10	2754407	./PRESUPUESTOS ENVIADOS/HOJA DE ENCARGO francisco suarez 16 madrid sate.docx
2025-01-10	2847901	./PRESUPUESTOS ENVIADOS/HOJA DE ENCARGO francisco suarez 16 madrid SUBVENCIONES SATE Y NG un año.docx
2025-01-10	3364396	./PRESUPUESTOS ENVIADOS/HOJA ENCARGO GERMAN PEREZ CARRASCO 54 MADRID RENOVACION SUBV fijo pry propio.docx
2025-01-10	65939	./PRESUPUESTOS ENVIADOS/HOJA DE ENCARGO paular 5 fuenlabrada ascensor solo CSS.docx
2025-01-10	67025	./PRESUPUESTOS ENVIADOS/HOJA DE ENCARGO REGIL 39 MADRID IEE .docx
2025-01-10	67097	./PRESUPUESTOS ENVIADOS/HOJA DE ENCARGO REGIL 15 MADRID IEE .docx
2025-01-10	2754463	./PRESUPUESTOS ENVIADOS/HOJA DE ENCARGO REY JUAN CARLOS I 33 LEGANES sate.docx
2025-01-10	2757023	./PRESUPUESTOS ENVIADOS/REY JUAN CARLOS I 33 LEGANES SATE SUBV.docx
2025-01-10	2757448	./PRESUPUESTOS ENVIADOS/REY JUAN CARLOS I 33 LEGANES SATE SUBV CON CESION CAES.docx
2025-01-13	4106019	./PRESUPUESTOS ENVIADOS/HOJA DE ENCARGO iliada 19 madrid ASCENSOR Y SUBV (2).docx
2025-01-13	2754443	./PRESUPUESTOS ENVIADOS/HOJA DE ENCARGO av portugal 43-45 mostoles sate.docx
2025-01-13	2847809	./PRESUPUESTOS ENVIADOS/HOJA DE ENCARGO av portugal 43-45 mostoles SUBVENCIONES SATE Y NG un año.docx
2025-01-14	3364320	./PRESUPUESTOS ENVIADOS/HOJA ENCARGO PAULAR 5 FUENLABRADA SUBV.docx
2025-01-14	2757392	./PRESUPUESTOS ENVIADOS/VILLAJIMENA 109 MADRID SATE SUBV CON CESION CAES.docx
2025-01-14	3405053	./PRESUPUESTOS ENVIADOS/HOJA DE ENCARGO fuente 22 parla pry y df.docx
2025-01-15	3364679	./PRESUPUESTOS ENVIADOS/HOJA ENCARGO salitre 43 madrid SUBVENCION fijo pry externo.docx
2025-01-15	1321300	./PRESUPUESTOS ENVIADOS/HOJA DE ENCARGO miraflores 12 alcobendas ASCENSOR Y SUBV (2).docx
2025-01-15	2832725	./PRESUPUESTOS ENVIADOS/HOJA DE ENCARGO moralzarzal 100 madrid transformacion 4 ascensores.docx
2025-01-15	2832888	./PRESUPUESTOS ENVIADOS/HOJA DE ENCARGO moralzarzal 100 madrid instalacion 2 montacargas.docx
2025-01-15	352222	./PRESUPUESTOS ENVIADOS/HOJA DE ENCARGO PUERTO DE LA BONAIGUA 46 MADRID PRY ASC.docx
2025-01-15	4106866	./PRESUPUESTOS ENVIADOS/HOJA DE ENCARGO jose arcones gil 100 madrid rampa pry y df y subv.docx
2025-01-15	3364861	./PRESUPUESTOS ENVIADOS/HOJA ENCARGO valdecanillas 5 madrid SUBVENCION ACCESIBILIDAD (2).docx
2025-01-15	2756987	./PRESUPUESTOS ENVIADOS/HOJA ENCARGO PAULAR 1 FUENLABRADA SATE SUBV CON CESION CAES.docx
2025-01-16	31584	./PRESUPUESTOS ENVIADOS/HOJA DE ENCARGO GOYA 53 MADRID ASCENSOR.docx
2025-01-17	221725	./PRESUPUESTOS ENVIADOS/HOJA DE ENCARGO HUERTAS 3 MADRID DF Y CSS.docx
2025-01-20	1127815	./PRESUPUESTOS ENVIADOS/CAÑADA TOLEDANA 2 GRIÑON RENOVACION SUBV 20-01-2025.docx
2025-01-20	4230387	./PRESUPUESTOS ENVIADOS/HOJA DE ENCARGO SAN IGNACIO 8 LEGANES CONSULTA ASCENSOR Y SUBV.docx
2025-01-20	3364888	./PRESUPUESTOS ENVIADOS/HOJA ENCARGO PUERTO DE LA BONAIGUA 46 MADRID SUBVENCION ACCESIBILIDAD.docx
2025-01-20	1127919	./PRESUPUESTOS ENVIADOS/HOJA ENCARGO amparo 45 madrid SUBVENCION fijo pry propio.docx
2025-01-21	218336	./PRESUPUESTOS ENVIADOS/HOJA DE ENCARGO amparo 45 madrid SOLO PRY.docx
2025-01-21	358034	./PRESUPUESTOS ENVIADOS/HOJA DE ENCARGO VIRGEN DE LA OLIVA 49 MADRID CONJUNTO SATE + ASCENSOR Y SUBV a exito.docx
2025-01-21	213511	./PRESUPUESTOS ENVIADOS/INDIAS 16 LEGANES HOJA DE ENCARGO ASCENSOR  21-01-2025.docx
2025-01-21	213804	./PRESUPUESTOS ENVIADOS/INDIAS 16 LEGANES HOJA DE ENCARGO SATE  21-01-2025.docx
2025-01-21	214205	./PRESUPUESTOS ENVIADOS/INDIAS 16 LEGANES HOJA DE ENCARGO SATE + ASCENSOR 21-01-2025 .docx
2025-01-22	1118761	./PRESUPUESTOS ENVIADOS/RIO TAJO 20 LEGANES HOJA DE ENCARGO ACCESIBILIDAD RAMPA.docx
2025-01-22	213750	./PRESUPUESTOS ENVIADOS/FRANCIA 5 FUENLABRADA ACCESIBILIDAD DO Y CSS 22-01-2025.docx
2025-06-19	47529	./PRESUPUESTOS ENVIADOS/INDIAS 16 LEGANES HOJA DE ENCARGO SUBVENCIONES 21-01-2025.docx
2025-01-22	1119766	./PRESUPUESTOS ENVIADOS/AV COLMENAR VIEJO 18 SAN SEBASTIAN DE LOS REYES HOJA DE ENCARGO SUBVENCIONES pry propio 22-02-2025.docx
2025-01-22	214317	./PRESUPUESTOS ENVIADOS/AV COLMENAR VIEJO 18 SAN SEBASTIAN DE LOS REYES HOJA DE ENCARGO ASCENSOR pry y df 22-02-2025.docx
2025-01-22	213523	./PRESUPUESTOS ENVIADOS/PEIRONCELY 40 MADRID HOJA DE ENCARGO SUBVENCIONES 22-01-2025.docx
2025-01-22	213362	./PRESUPUESTOS ENVIADOS/PUERTO DE SOMIEDO 14 MADRID SUBVENCIONES 22-01-2025.docx
2025-01-22	23378	./PRESUPUESTOS ENVIADOS/VIRGEN DE BELEN 20 MADRID ASCENSOR 22-01-2025.docx
2025-01-22	23333	./PRESUPUESTOS ENVIADOS/PUERTO DE SOMIEDO 14 MADRID ASCENSOR 22-01-2025.docx
2025-01-23	147604	./PRESUPUESTOS ENVIADOS/ARCOS DE JALON 68 MADRID cega subv 15-01-2025-6.pdf
2025-01-23	147596	./PRESUPUESTOS ENVIADOS/GODELLA 237 MADRID cega subv 15-01-2025-7.pdf
2025-01-23	147602	./PRESUPUESTOS ENVIADOS/DOMINGO PARRAGA 62 MADRID cega subv 15-01-2025-5.pdf
2025-01-23	147594	./PRESUPUESTOS ENVIADOS/QUINTANA 9 MADRID cega subv 15-01-2025-3.pdf
2025-01-23	147602	./PRESUPUESTOS ENVIADOS/MARQUESA DE SILVELA 11 MADRID cega subv 15-01-2025-4.pdf
2025-01-23	149349	./PRESUPUESTOS ENVIADOS/ENCARNACION DEL PINO 2 MADRID cega subv 15-01-2025-1.pdf
2025-01-23	147611	./PRESUPUESTOS ENVIADOS/AV RAFAELA YBARRA 33 MADRID cega subv 15-01-2025-2.pdf
2025-01-23	2817831	./PRESUPUESTOS ENVIADOS/FERNANDO EL CATOLICO 47 MADRID HOJA DE ENCARGO SATE + ACCESIBILIDAD + SUBV  23-01-2025 .docx
2025-01-23	2818047	./PRESUPUESTOS ENVIADOS/FERNANDO EL CATOLICO 47 MADRID HOJA DE ENCARGO FACHADA + ACCESIBILIDAD + SUBV  23-01-2025 .docx
2025-06-10	1119806	./PRESUPUESTOS ENVIADOS/CAÑADA 46 MADRID RENOVACION SUBV 23-01-2025.docx
2025-01-23	3568602	./PRESUPUESTOS ENVIADOS/GENERAL CABRERA 25 MADRID ESTUDIO DE COSTES  SATE.docx
2025-01-24	2814930	./PRESUPUESTOS ENVIADOS/CASTILLA 1 ALCALA HOJA DE ENCARGO SATE  24-01-2025.docx
2025-01-24	66912	./PRESUPUESTOS ENVIADOS/CASTILLA 1 ALCALA IEE 24-01-2025 .docx
2025-01-27	2754583	./PRESUPUESTOS ENVIADOS/HOJA DE ENCARGO AV PORTUGAL 43-45 MOSTOLES sate (2).docx
2025-01-27	2658924	./PRESUPUESTOS ENVIADOS/LAVAPIES 51 MADRID HOJA DE ENCARGO SATE 27-01-2025.docx
2025-01-27	2805772	./PRESUPUESTOS ENVIADOS/MONSEÑOR OSCAR ROMERO 6 MADRID SUBV 27-01-2025.docx
2025-01-27	65470	./PRESUPUESTOS ENVIADOS/plaza villa de talence 2 alcala de henares solo CSS 27-01-2025.docx
2025-01-27	2817012	./PRESUPUESTOS ENVIADOS/PUENTE RIALTO 1 ALCALA HOJA DE ENCARGO SATE  24-01-2025.docx
2025-01-28	488878	./PRESUPUESTOS ENVIADOS/JUAN ZOFIO 4 MADRID ESTUDIO DE COSTES  SATE.pdf
2025-01-28	5690911	./PRESUPUESTOS ENVIADOS/JUAN ZOFIO 4 MADRID ESTUDIO DE COSTES  SATE.docx
2025-01-28	493344	./PRESUPUESTOS ENVIADOS/SILVIO ABAD 1 MADRID ESTUDIO DE COSTES  SATE.pdf
2025-01-28	5688897	./PRESUPUESTOS ENVIADOS/SILVIO ABAD 1 MADRID ESTUDIO DE COSTES  SATE.docx
2025-01-28	2757045	./PRESUPUESTOS ENVIADOS/BOLIVIA 10 MOSTOLES SATE SUBV CON CESION CAES.docx
2025-01-28	5695682	./PRESUPUESTOS ENVIADOS/BOLIVIA 10 MOSTOLES ESTUDIO DE COSTES  SATE.docx
2025-01-28	495419	./PRESUPUESTOS ENVIADOS/BOLIVIA 10 MOSTOLES ESTUDIO DE COSTES  SATE.pdf
2025-01-29	33713	./PRESUPUESTOS ENVIADOS/MARTELL 28 MADRID ASCENSOR 29-01-2025.docx
2025-01-29	5691518	./PRESUPUESTOS ENVIADOS/SANTA ADELA 15 17 19 MADRID ESTUDIO DE COSTES  SATE.docx
2025-01-29	2757110	./PRESUPUESTOS ENVIADOS/SANTA ADELA 15 17 19 MADRID SATE SUBV CON CESION CAES.docx
2025-01-30	212857	./PRESUPUESTOS ENVIADOS/PUENTE RIALTO 1 ALCALA HOJA DE ENCARGO SUBV 27-01-2025.docx
2025-01-30	23405	./PRESUPUESTOS ENVIADOS/PRINCIPE 7 SAN SEBASTIAN DE LOS REYES ASCENSOR 30-01-2025.docx
2025-01-31	66257	./PRESUPUESTOS ENVIADOS/LEPANTO 9 EL ESCORIAL CSS + LICENCIA ASCENSOR 31-01-2025.docx
2025-01-31	35023	./PRESUPUESTOS ENVIADOS/SANTA EDUVIGIS 5 MADRID ASCENSOR + SUBV 31-01-2025.docx
2025-01-31	2814259	./PRESUPUESTOS ENVIADOS/EXTREMADURA 13 FUENLABRADA SATE  31-01-2025.docx
2025-01-31	5690934	./PRESUPUESTOS ENVIADOS/PUENTE RIALTO 1 ALCALA ESTUDIO DE COSTES  SATE.docx
2025-01-31	23355	./PRESUPUESTOS ENVIADOS/FERROVIARIOS 11 MADRID ASCENSOR 31-01-2025.docx
2025-01-31	2756331	./PRESUPUESTOS ENVIADOS/CASTILLO DE UCLES 53 MADRID SATE SUBV CON CESION CAES.docx
2025-01-31	174034	./PRESUPUESTOS ENVIADOS/CASTILLO DE UCLES 53 MADRID SATE SUBV CON CESION CAES.pdf
2025-01-31	22408	./PRESUPUESTOS ENVIADOS/BIOSCA 8 MADRID CSS SATE.docx
2025-02-03	45542	./PRESUPUESTOS ENVIADOS/GARCILASO 8 LEGANES RAMPA 3-02-2025.docx
2025-02-04	358462	./PRESUPUESTOS ENVIADOS/PROVINCIAS 14 FUENLABRADA SATE SUBV CON CESION CAES.docx
2025-02-06	3405457	./PRESUPUESTOS ENVIADOS/HOJA DE ENCARGO PLAZA PAULAR 2 MADRID.docx
2025-02-06	66243	./PRESUPUESTOS ENVIADOS/HOJA DE ENCARGO HERMANOS TRUEBA 62 MADRID solo DF Y CSS.docx
2025-02-10	1127871	./PRESUPUESTOS ENVIADOS/HOJA ENCARGO plaza del paular 2 madrid SUBVENCION ACCESIBILIDAD.docx
2025-02-10	1127871	./PRESUPUESTOS ENVIADOS/HOJA ENCARGO plaza del paular 1 madrid SUBVENCION ACCESIBILIDAD.docx
2025-02-10	3404861	./PRESUPUESTOS ENVIADOS/HOJA DE ENCARGO PLAZA PAULAR 1 MADRID.docx
2025-02-10	263710	./PRESUPUESTOS ENVIADOS/HOJA DE ENCARGO PLAZA PAULAR 1 MADRID.pdf
2025-02-10	263776	./PRESUPUESTOS ENVIADOS/HOJA DE ENCARGO PLAZA PAULAR 2 MADRID.pdf
2025-02-10	3604425	./PRESUPUESTOS ENVIADOS/GARCILASO 8 LEGANES HOJA DE ENCARGO ACCESIBILIDAD RAMPA.docx
2025-02-10	1119747	./PRESUPUESTOS ENVIADOS/ARROYO DE LA MEDIA LEGUA 27 MADRID SUBVENCION.docx
2025-02-11	3364856	./PRESUPUESTOS ENVIADOS/HOJA ENCARGO av estados 10 fuenlabrada SUBVENCION ACCESIBILIDAD.docx
2025-02-11	66473	./PRESUPUESTOS ENVIADOS/HOJA DE ENCARGO av estados 10 fuenlabrada bajada a cota cero.docx
2025-02-11	66175	./PRESUPUESTOS ENVIADOS/HOJA DE ENCARGO SAN BASILIO 9 MADRID a febrero 2025 no enviado.docx
2025-02-11	4106054	./PRESUPUESTOS ENVIADOS/HOJA DE ENCARGO cebreros 31 madrid ASCENSOR Y SUBV.docx
2025-02-11	4105951	./PRESUPUESTOS ENVIADOS/HOJA DE ENCARGO sepulveda 23 madrid ASCENSOR Y SUBV.docx
2025-02-11	4106218	./PRESUPUESTOS ENVIADOS/HOJA DE ENCARGO RONDA DEL SUR 179 MADRID ASCENSOR Y SUBV.docx
2025-02-11	66839	./PRESUPUESTOS ENVIADOS/HOJA DE ENCARGO estanislao figueras 8 madrid IEE .docx
2025-02-12	30932	./PRESUPUESTOS ENVIADOS/hoja de encargo LOS YEBENES 118 MADRID 12-02-2025.docx
2025-02-12	30463	./PRESUPUESTOS ENVIADOS/HOJA DE ENCARGO ESCUELAS PIAS 1 ALCALA solo DF y CSS.docx
2025-06-30	1127631	./PRESUPUESTOS ENVIADOS/HOJA ENCARGO RIBADUMIA 4 MADRID 30 06 2025 RENOVACION SUBV fijo pry propio AYUNTAMIENTO.docx
2025-02-12	5693712	./PRESUPUESTOS ENVIADOS/MIRLO 12 MADRID ESTUDIO DE COSTES  SATE.docx
2025-02-12	66316	./PRESUPUESTOS ENVIADOS/HOJA DE ENCARGO SAN BASILIO 9 MADRID 12-02-2025.docx
2025-02-12	3364677	./PRESUPUESTOS ENVIADOS/SAN BASILIO 9 MADRID HOJA ENCARGO modelo SUBVENCION fijo pry propio.docx
2025-02-12	221745	./PRESUPUESTOS ENVIADOS/HOJA DE ENCARGO av marques de corbera 30b madrid pry css df subvenciones.docx
2025-02-14	2832994	./PRESUPUESTOS ENVIADOS/HUMERA 16 FUENLABRADA COTA CERO FAIN PRY.docx
2025-02-14	2982209	./PRESUPUESTOS ENVIADOS/AVENIDA DE LA MANCHA 5 LEGANES SATE SUBV CON CESION CAES.docx
2025-02-14	2630382	./PRESUPUESTOS ENVIADOS/ANGEL BARAJAS 4 POZUELO pry css df subvenciones.docx
2025-02-14	3365111	./PRESUPUESTOS ENVIADOS/AV CASTILLA 2 4 Y 6 ALCALA DE HENARES SUBVENCION ACCESIBILIDAD.docx
2025-02-14	3404938	./PRESUPUESTOS ENVIADOS/av castilla 2-4-6 alcala accesib 3 ascensores.docx
2025-02-17	224195	./PRESUPUESTOS ENVIADOS/JUAN ANTONIO MAROTO 1 MADRID SATE SUBV CON CESION CAES.pdf
2025-02-17	2754035	./PRESUPUESTOS ENVIADOS/JUAN ANTONIO MAROTO 1 MADRID SATE SUBV CON CESION CAES.docx
2025-02-17	51533	./PRESUPUESTOS ENVIADOS/HOJA DE ENCARGO castilla 7 madrid ASCENSOR Y SUBV.docx
2025-02-17	267719	./PRESUPUESTOS ENVIADOS/HOJA DE ENCARGO castilla 7 madrid ASCENSOR Y SUBV.pdf
2025-02-17	5700784	./PRESUPUESTOS ENVIADOS/NICOLAS GODOY 20 MADRID ESTUDIO DE COSTES  SATE.docx
2025-02-17	5699159	./PRESUPUESTOS ENVIADOS/JUAN ANTONIO MAROTO 1 MADRID ESTUDIO DE COSTES  SATE.docx
2025-02-17	510429	./PRESUPUESTOS ENVIADOS/JUAN ANTONIO MAROTO 1 MADRID ESTUDIO DE COSTES  SATE.pdf
2025-02-17	550211	./PRESUPUESTOS ENVIADOS/NICOLAS GODOY 20 MADRID ESTUDIO DE COSTES  SATE.pdf
2025-02-17	2822126	./PRESUPUESTOS ENVIADOS/AV MANCHA 15 LEGANES SATE 17-02-2025.docx
2025-02-17	2818899	./PRESUPUESTOS ENVIADOS/VIRGEN DEL CAMINO 17 LEGANES SATE 17-02-2025 ROEN.docx
2025-02-17	2629923	./PRESUPUESTOS ENVIADOS/LOS YEBENES 179 MADRID pry ASC.docx
2025-02-17	2982129	./PRESUPUESTOS ENVIADOS/VASCO DE GAMA 5 LEGANES SATE SUBV CON CESION CAES.docx
2025-02-18	38410	./PRESUPUESTOS ENVIADOS/LOPEZ GRASS 66 MADRID MADRID HOJA DE ENCARGO ASCENSOR 18-02-2025.docx
2025-02-18	38518	./PRESUPUESTOS ENVIADOS/MARQUES DE CORBERA 26 MADRID HOJA DE ENCARGO ASCENSOR 18-02-2025.docx
2025-02-18	38467	./PRESUPUESTOS ENVIADOS/PRINCIPE 7 SAN SEBASTIAN DE LOS REYES HOJA DE ENCARGO ASCENSOR 18-02-2025.docx
2025-02-18	37322	./PRESUPUESTOS ENVIADOS/RIO DUERO 29 LEGANES HOJA DE ENCARGO RAMPA 18-02-2025.docx
2025-02-18	38534	./PRESUPUESTOS ENVIADOS/SEVERO OCHOA 10 FUENLABRADA HOJA DE ENCARGO ASCENSOR 18-02-2025.docx
2025-02-18	37386	./PRESUPUESTOS ENVIADOS/LOPE DE VEGA 7 LEGANES MADRID HOJA DE ENCARGO RAMPA 18-02-2025.docx
2025-02-18	67060	./PRESUPUESTOS ENVIADOS/HOJA DE ENCARGO eras 9 fuenlabrada IEE .docx
2025-02-19	2629880	./PRESUPUESTOS ENVIADOS/HOJA DE ENCARGO av marques de corbera 26b madrid pry css df subvenciones.docx
2025-02-19	208028	./PRESUPUESTOS ENVIADOS/BRAVO MURILLO 177 MADRID HOJA DE ENCARGO 2 ASCENSORES 18-02-2025.docx
2025-02-20	2818002	./PRESUPUESTOS ENVIADOS/CASTILLA 7 MADRID HOJA DE ENCARGO ASCENSOR + SUBV 18-02-2025.docx
2025-02-24	2756590	./PRESUPUESTOS ENVIADOS/LOPE DE HOYOS 384A MADRID SATE + ACCES +SUBV CON CESION CAES 20-02-2025.docx
2025-02-24	207274	./PRESUPUESTOS ENVIADOS/COVADONGA 13 LEGANES HE RAMPA 24-02-2025.docx
2025-02-24	1127940	./PRESUPUESTOS ENVIADOS/SANTIAGO APOSTOL 16 ALCOBENDAS HE SUBVENCION fijo pry propio.docx
2025-02-24	222149	./PRESUPUESTOS ENVIADOS/SANTIAGO APOSTOL 16 ALCOBENDAS HE pry y df.docx
2025-02-24	3227510	./PRESUPUESTOS ENVIADOS/TRAVESIA VILLAESCUSA 2 - 4  MADRID SATE SUBV CON CESION CAES 24-02-2025.docx
2025-02-24	2819985	./PRESUPUESTOS ENVIADOS/SONSOLES 4 LEGANES HE SATE 24-02-2025 ROEN.docx
2025-02-24	2820660	./PRESUPUESTOS ENVIADOS/RIO ARAGON 6 LEGANES HE SATE + POCERIA  24-02-2025 ROEN.docx
2025-02-24	38604	./PRESUPUESTOS ENVIADOS/ACUERDO 34 MADRID HE BAJADA DE PARADA ASCENSOR 24-02-2025.docx
2025-02-24	38987	./PRESUPUESTOS ENVIADOS/SANTA CRUZ DE MARCENADO 1 MADRID HE SUBIDA DE PARADA ASCENSOR 24-02-2025.docx
2025-02-25	3364551	./PRESUPUESTOS ENVIADOS/MARCELINO ROA VAZQUEZ 45 MADRID HE SUBVENCION 25-02-2025.docx
2025-02-25	65671	./PRESUPUESTOS ENVIADOS/MARCELINO ROA VAZQUEZ 45 MADRID HE CSS 25-02-2025.docx
2025-02-25	58376	./PRESUPUESTOS ENVIADOS/ORELLANA 18 LEGANES HE PERICIAL 25-02-2025.docx
2025-02-26	38884	./PRESUPUESTOS ENVIADOS/MAQUEDA 105 MADRID HE ACCESIBILIDAD 26-02-2025.docx
2025-02-26	38876	./PRESUPUESTOS ENVIADOS/GETAFE 9 LEGANES HE ACCESIBILIDAD 26-02-2025.docx
2025-02-27	2817567	./PRESUPUESTOS ENVIADOS/PICO DE ARTILLEROS 39 MADRID HOJA DE ENCARGO SATE + SUBV CON CESION CAES 19-02-2025.docx
2025-02-27	2818834	./PRESUPUESTOS ENVIADOS/PASEO SAN ANTONIO 4 FUENLABRADA HOJA DE ENCARGO ASCENSOR + SUBV 27-02-2025.docx
2025-02-27	2691153	./PRESUPUESTOS ENVIADOS/PASEO SAN ANTONIO 4 FUENLABRADA SATE + ACCES +SUBV CON CESION CAES 27-02-2025.docx
2025-03-03	214593	./PRESUPUESTOS ENVIADOS/LUIS RUIZ 4 MADRID HOJA DE ENCARGO ASCENSOR + SUBV 03-03-2025.docx
2025-03-03	38657	./PRESUPUESTOS ENVIADOS/AV SAN LUIS 95 MADRID HE ACCESIBILIDAD 3-03-2025.docx
2025-03-03	4105848	./PRESUPUESTOS ENVIADOS/AVENIDA FELIPE II 30 MADRID ASCENSOR Y SUBV.docx
2025-03-03	66867	./PRESUPUESTOS ENVIADOS/GODELLA 1 MADRID HE IEE 3-03-2025.docx
2025-03-05	3364453	./PRESUPUESTOS ENVIADOS/SANTA VIRGILIA 24 MADRID HE RENOVACION SUBV fijo pry propio 05-03-2025.docx
2025-03-05	208219	./PRESUPUESTOS ENVIADOS/SANTA CRUZ DE MARCENADO ESCALERA C MADRID HE BAJADA DE PARADA ASCENSOR 24-02-2025.docx
2025-03-05	21799	./PRESUPUESTOS ENVIADOS/RIO TORMES 1 MOSTOLES HE DF+CSS 05-03-2025.docx
2025-03-06	37883	./PRESUPUESTOS ENVIADOS/JARAMA 24 MADRID HE ASCENSOR Y PLATAFORMA 06-03-2025.docx
2025-03-06	3364533	./PRESUPUESTOS ENVIADOS/JARAMA 24 MADRID HE SUBVENCION fijo pry propio 06-03-2025.docx
2025-03-08	5971	./PRESUPUESTOS ENVIADOS/Extraccion_Datos_Word.xlsx
2025-03-11	3496521	./PRESUPUESTOS ENVIADOS/VALDEVARNES 4 MADRID ASCENSOR SCHINDLER 11-03-2025.docx
2025-03-11	5702249	./PRESUPUESTOS ENVIADOS/DOLORES BARRANCO 72 MADRID ESTUDIO DE COSTES  SATE.docx
2025-03-11	4106744	./PRESUPUESTOS ENVIADOS/PIEDRAHITA 2 MADRID HE ASCENSOR Y SUBV 11-03-2025.docx
2025-03-11	66429	./PRESUPUESTOS ENVIADOS/PLAZA PAULAR 2 MADRID solo DF Y CSS.docx
2025-03-11	576790	./PRESUPUESTOS ENVIADOS/SAN LUCIANO 7 MADRID HE ELEVADOR IBERLEAN 11-03-2025.docx
2025-03-12	220792	./PRESUPUESTOS ENVIADOS/PASEO SAN ANTONIO 4 FUENLABRADA SATE SUBV CON CESION CAES 27-02-2025.docx
2025-05-27	3227857	./PRESUPUESTOS ENVIADOS/FRANCISCO JAVIER SAUQUILLO 22 FUENLABRADA SATE SUBV CON CESION CAES 12-03-2025.docx
2025-03-13	67047	./PRESUPUESTOS ENVIADOS/VALDEVARNES 4 MADRID HE solo IEE Y CEE cp 13-03-2025.docx
2025-03-13	217541	./PRESUPUESTOS ENVIADOS/CALVARIO 1 AZUQUECA HE MODIFICACION PROYECTO 13-03-2025.docx
2025-03-14	2619971	./PRESUPUESTOS ENVIADOS/TRAVESIA VILLAESCUSA 2-4 MADRID SATE Y SUBV 14-03-2025.docx
2025-03-17	31197	./PRESUPUESTOS ENVIADOS/SAN LUCIANO 7 MADRID HE IEE Y CEE 17-03-2025.docx
2025-03-18	221594	./PRESUPUESTOS ENVIADOS/PINGUINO 9 MADRID HE ASCENSOR 18-03-2025.docx
2025-03-18	3226196	./PRESUPUESTOS ENVIADOS/ELFO 76 MADRID SATE CON CESION CAES 18-03-2025 ROEN.docx
2025-03-18	222140	./PRESUPUESTOS ENVIADOS/HOJA DE ENCARGO FERIA 8 MADRID SUBVENCIÓN pry y df.docx
2025-03-18	1127927	./PRESUPUESTOS ENVIADOS/HOJA ENCARGO FERIA 8 MADRID  SUBVENCION fijo pry propio.docx
2025-03-19	193	./PRESUPUESTOS ENVIADOS/godella 1-3-5 madrid ASCENSOR Y SUBV.gdoc
2025-03-19	193	./PRESUPUESTOS ENVIADOS/HOJA DE ENCARGO ZURBANO 23  pry y df (3).gdoc
2025-03-19	193	./PRESUPUESTOS ENVIADOS/HOJA ENCARGO ZURBANO 23 SUBVENCION fijo pry propio (1).gdoc
2025-03-20	1127820	./PRESUPUESTOS ENVIADOS/HOJA ENCARGO NUESTRA SEÑORA DEL VILLAR 7 RENOVACION SUBV fijo pry propio.docx
2025-05-19	193	./PRESUPUESTOS ENVIADOS/SANTA TECLA 46 MADRID HE RENOVACION SUBV fijo pry propio 19-05-2025.gdoc
2025-03-20	207422	./PRESUPUESTOS ENVIADOS/COVADONGA 15 LEGANES HE RAMPA 24-02-2025.docx
2025-03-20	207446	./PRESUPUESTOS ENVIADOS/SANTA MARIA DE LA CABEZA 27 MADRID HE RAMPA 20-03-2025.docx
2025-03-21	217501	./PRESUPUESTOS ENVIADOS/PASEO DE PONTONES 29 MADRID HE elevador vertical 21-03-2025 FAIN.docx
2025-03-21	3226476	./PRESUPUESTOS ENVIADOS/JUAN DE LA CIERVA 2-24 GETAFE SATE 21-03-2025 ELECNOR.docx
2025-03-24	2819505	./PRESUPUESTOS ENVIADOS/SONSOLES 4 LEGANES HE SATE 24-03-2025 ROEN.docx
2025-03-24	2820176	./PRESUPUESTOS ENVIADOS/RIO ARAGON 6 LEGANES HE SATE + POCERIA  24-03-2025 ROEN.docx
2025-03-24	207504	./PRESUPUESTOS ENVIADOS/AV. CANILLEJAS A VICALVARO 68 MADRID HE RAMPA 24-03-2025.docx
2025-03-24	207535	./PRESUPUESTOS ENVIADOS/GERMAN PEREZ CARRASCO 58 MADRID HE RAMPA 24-03-2025.docx
2025-03-24	193	./PRESUPUESTOS ENVIADOS/AV. CANILLEJAS A VICALVARO 68 MADRID HE RAMPA 24-03-2025 (1).gdoc
2025-03-24	193	./PRESUPUESTOS ENVIADOS/GERMAN PEREZ CARRASCO 58 MADRID HE RAMPA 24-03-2025 (1).gdoc
2025-03-25	217931	./PRESUPUESTOS ENVIADOS/AV DEL OESTE 1-3 ALCORCON COTA CERO PRY COINSA 25-03-2025.docx
2025-03-26	193	./PRESUPUESTOS ENVIADOS/PEÑA DE LA MIEL 6 MADRID HOJA DE ENCARGO  pry y df.gdoc
2025-03-26	1127929	./PRESUPUESTOS ENVIADOS/HOJA ENCARGO ALCALA 308 MADRID SUBVENCION fijo pry propio.docx
2025-03-26	1127979	./PRESUPUESTOS ENVIADOS/PEÑA DE LA MIEL 6 MADRID HOJA ENCARGO SUBVENCION fijo pry propio.docx
2025-03-26	193	./PRESUPUESTOS ENVIADOS/PEÑA DE LA MIEL 6 MADRID HOJA ENCARGO SUBVENCION fijo pry propio (1).gdoc
2025-03-26	193	./PRESUPUESTOS ENVIADOS/SAN CLAUDIO 59 MADRID HOJA ENCARGO SUBVENCION fijo pry propio (1).gdoc
2025-03-26	193	./PRESUPUESTOS ENVIADOS/SAN CLAUDIO 59 MADRID HOJA DE ENCARGO  pry y df.gdoc
2025-03-26	193	./PRESUPUESTOS ENVIADOS/ESTEBAN CARROS 4 MADRID HOJA DE ENCARGO  pry y df.gdoc
2025-03-26	193	./PRESUPUESTOS ENVIADOS/ESTEBAN CARROS 4 MADRID HOJA ENCARGO SUBVENCION fijo pry propio (1).gdoc
2025-03-26	3226492	./PRESUPUESTOS ENVIADOS/ELFO 76 MADRID SATE 21-03-2025 .docx
2025-03-26	2815808	./PRESUPUESTOS ENVIADOS/PRIETO UREÑA 10 MADRID SATE Y CUBIERTA 26-03-2025 ELECNOR.docx
2025-03-27	208337	./PRESUPUESTOS ENVIADOS/SANTA CRUZ DE MARCENADO 1 ESCALERA D MADRID HE SUBIDA DE PARADA ASCENSOR 27-03-2025.docx
2025-03-27	220265	./PRESUPUESTOS ENVIADOS/CAMARENA 75 MADRID HOJA DE ENCARGO ASCENSOR 27-03-2025.docx
2025-03-28	221849	./PRESUPUESTOS ENVIADOS/SAN NICOLAS 19 LEGANES ASCENSOR 28-03-2025 .docx
2025-03-28	193	./PRESUPUESTOS ENVIADOS/SAN NICOLAS 19 LEGANES HOJA ENCARGO SUBVENCION fijo pry propio 28-03-2025.gdoc
2025-03-28	2833308	./PRESUPUESTOS ENVIADOS/GRANADA 2 FUENLABRADA COTA CERO 28-03-2025 .docx
2025-03-31	353054	./PRESUPUESTOS ENVIADOS/PLATINO 36 MADRID ASC+ SATE SUBV CON CESION CAES 31-03-2025.docx
2025-03-31	65751	./PRESUPUESTOS ENVIADOS/pablo serrano 9 madrid solo CSS 13-03-2025 NO SE COBRA.docx
2025-04-01	193	./PRESUPUESTOS ENVIADOS/CINE 23 MADRID HOJA ENCARGO SUBVENCION fijo pry propio 01-04-2025.gdoc
2025-04-01	2826464	./PRESUPUESTOS ENVIADOS/CINE 23 MADRID HOJA DE ENCARGO ASCENSOR 01-04-2025.docx
2025-04-02	193	./PRESUPUESTOS ENVIADOS/HERMINIO PUERTAS 4 MADRID HOJA ENCARGO SUBVENCION fijo pry propio 02-04-2025 (1).gdoc
2025-04-02	220305	./PRESUPUESTOS ENVIADOS/HERMINIO PUERTAS 4 MADRID HOJA DE ENCARGO ASCENSOR 02-04-2025.docx
2025-04-02	220145	./PRESUPUESTOS ENVIADOS/PICO VELETA 5 MADRID HOJA DE ENCARGO ASCENSOR 02-04-2025.docx
2025-04-02	193	./PRESUPUESTOS ENVIADOS/PICO VELETA 5 MADRID HOJA ENCARGO SUBVENCION fijo pry propio 02-04-2025.gdoc
2025-04-02	143230	./PRESUPUESTOS ENVIADOS/PICO VELETA 5 MADRID INFORME DE VIABILIDAD  02 04 2025(1).pdf
2025-04-02	164064	./PRESUPUESTOS ENVIADOS/EDUARDO UROSA 7 MADRID INFORME DE VIABILIDAD (2).pdf
2025-04-03	399383	./PRESUPUESTOS ENVIADOS/DOCTOR CASAL 17 MADRID INFORME DE VIABILIDAD .pdf
2025-04-03	220220	./PRESUPUESTOS ENVIADOS/AMPELIDO 25 MADRID HOJA DE ENCARGO ASCENSOR 03-04-2025.docx
2025-04-03	193	./PRESUPUESTOS ENVIADOS/AMPELIDO 25 MADRID HOJA ENCARGO SUBVENCION fijo pry propio 03-04-2025.gdoc
2025-04-04	164584	./PRESUPUESTOS ENVIADOS/LICENCIADO VIDRIERA 5 MADRID INFORME DE VIABILIDAD .pdf
2025-04-04	220201	./PRESUPUESTOS ENVIADOS/LICENCIADO VIDRIERA 5 MADRID HOJA DE ENCARGO ASCENSOR 04-04-2025.docx
2025-04-04	193	./PRESUPUESTOS ENVIADOS/LICENCIADO VIDRIERA 5 MADRID HOJA ENCARGO SUBVENCION fijo pry propio 04-04-2025.gdoc
2025-04-04	2816577	./PRESUPUESTOS ENVIADOS/AV PORTUGAL 46 MOSTOLES SATE Y CUBIERTA 4-04-2025 ELECNOR.docx
2025-04-04	193	./PRESUPUESTOS ENVIADOS/NUESTRA SEÑORA DEL ROSARIO 18 MADRID HOJA ENCARGO SUBVENCION fijo pry propio 04-04-2025.gdoc
2025-04-04	220239	./PRESUPUESTOS ENVIADOS/NUESTRA SEÑORA DEL ROSARIO 18 MADRID HOJA DE ENCARGO ASCENSOR 04-04-2025.docx
2025-04-04	193	./PRESUPUESTOS ENVIADOS/PEÑA DE LA MIEL 6 MADRID HOJA ENCARGO SUBVENCION fijo pry propio 04-04-2025.gdoc
2025-04-04	220255	./PRESUPUESTOS ENVIADOS/PEÑA DE LA MIEL 6 MADRID HOJA DE ENCARGO ASCENSOR 04-04-2025.docx
2025-04-04	193	./PRESUPUESTOS ENVIADOS/AV COLMENAR VIEJO 17 SAN SEBASTIÁN DE LOS REYES HOJA ENCARGO SUBVENCION fijo pry propio 04-04-2025.gdoc
2025-04-04	220314	./PRESUPUESTOS ENVIADOS/AV COLMENAR VIEJO 17 SAN SEBASTIAN DE LOS REYES HOJA DE ENCARGO ASCENSOR 04-04-2025.docx
2025-04-04	220333	./PRESUPUESTOS ENVIADOS/PAULINO AGUADO BAENA 5 ALCOBENDAS HOJA DE ENCARGO ASCENSOR 04-04-2025.docx
2025-04-04	193	./PRESUPUESTOS ENVIADOS/PAULINO AGUADO BAENA 5 ALCOBENDAS HOJA ENCARGO SUBVENCION fijo pry propio 04-04-2025.gdoc
2025-04-04	193	./PRESUPUESTOS ENVIADOS/MARQUES DE LA VALDAVIA 73 ALCOBENDAS HOJA ENCARGO SUBVENCION fijo pry propio 04-04-2025.gdoc
2025-04-04	220366	./PRESUPUESTOS ENVIADOS/MARQUES DE LA VALDAVIA 73 ALCOBENDAS HOJA DE ENCARGO ASCENSOR 04-04-2025.docx
2025-04-07	193	./PRESUPUESTOS ENVIADOS/GREGORIO IZQUIERDO 53 SS DE LOS REYES HOJA ENCARGO SUBVENCION fijo pry propio 07-04-2025.gdoc
2025-04-07	141590	./PRESUPUESTOS ENVIADOS/SANTA EDUVIGIS 9 MADRID INFORME DE VIABILIDAD .pdf
2025-04-07	193	./PRESUPUESTOS ENVIADOS/SANTA EDUVIGIS 9 MADRID HOJA ENCARGO SUBVENCION fijo pry propio 07-04-2025.gdoc
2025-04-07	148611	./PRESUPUESTOS ENVIADOS/DURATON 6 MADRID INFORME DE VIABILIDAD .pdf
2025-04-07	193	./PRESUPUESTOS ENVIADOS/DURATON 6 MADRID HOJA ENCARGO SUBVENCION fijo pry propio 07-04-2025.gdoc
2025-04-07	220249	./PRESUPUESTOS ENVIADOS/DURATON 6 MADRID HOJA DE ENCARGO ASCENSOR 07-04-2025.docx
2025-04-07	156428	./PRESUPUESTOS ENVIADOS/AMPELIDO 25 MADRID INFORME DE VIABILIDAD  (1) (1).pdf
2025-04-07	193	./PRESUPUESTOS ENVIADOS/HERMINIO PUERTAS 4 MADRID HOJA ENCARGO SUBVENCION fijo pry propio 02-04-2025.gdoc
2025-04-07	2826779	./PRESUPUESTOS ENVIADOS/NAZARET 14 FUENLABRADA ASCENSOR 07-04-2025.docx
2025-04-09	3364379	./PRESUPUESTOS ENVIADOS/FERIA 8 MADRID RENOVACION SUBV fijo pry propio.docx
2025-04-09	2972283	./PRESUPUESTOS ENVIADOS/LONGARES 8 MADRID VIABILIDAD Y COSTES ASCENSOR Y SUBV 9-04-2025.docx
2025-04-09	205721	./PRESUPUESTOS ENVIADOS/LONGARES 8 MADRID VIABILIDAD Y COSTES ASCENSOR Y SUBV 9-04-2025.pdf
2025-04-09	193	./PRESUPUESTOS ENVIADOS/CARDENAL HERRERA ORIA 297 MADRID HOJA ENCARGO SUBVENCION fijo pry propio 01-04-2025.gdoc
2025-04-09	154721	./PRESUPUESTOS ENVIADOS/CARDENAL HERRERA ORIA 297 MADRID HOJA ENCARGO SUBVENCION fijo pry propio 09-04-2025.pdf
2025-04-09	2826683	./PRESUPUESTOS ENVIADOS/CARDENAL HERRERA ORIA 297 MADRID HOJA DE ENCARGO ASCENSOR 09-04-2025.docx
2025-04-09	223867	./PRESUPUESTOS ENVIADOS/CARDENAL HERRERA ORIA 297 MADRID HOJA DE ENCARGO ASCENSOR 09-04-2025.pdf
2025-04-10	1317976	./PRESUPUESTOS ENVIADOS/ALFONSO XII 16 MOSTOLES ASCENSOR Y SUBV.docx
2025-04-10	193	./PRESUPUESTOS ENVIADOS/ALFONSO XII 16 MOSTOLES ASCENSOR Y SUBV.gdoc
2018-06-05	89540	./PRESUPUESTOS ENVIADOS/fachadas fuenlabrada marcos propuesta honorarios.pdf
2019-07-17	66827	./PRESUPUESTOS ENVIADOS/quilichao 6 madrid - PROPUESTA DE HONORARIOS.pdf
2019-07-29	61544	./PRESUPUESTOS ENVIADOS/OFELIA NIETO 16 MADRID - 2019 SUBVENCION.pdf
2021-10-20	35687	./PRESUPUESTOS ENVIADOS/Trujillo 3 Alcorcon poceria octubre 2021 SIMP_FUE_0121101512530.pdf
2021-11-05	579132	./PRESUPUESTOS ENVIADOS/2021-11-04 Humilladero 5 Fuenlabrada.docx
2021-11-05	577834	./PRESUPUESTOS ENVIADOS/modelo Nuestra Señora del Villar 7 Madrid (1).docx
2021-11-05	581157	./PRESUPUESTOS ENVIADOS/2021-11-05 Jose Maria Pereda 43 Madrid.docx
2021-11-05	581157	./PRESUPUESTOS ENVIADOS/MODELO COMPLETO - copia.docx
2021-11-17	580241	./PRESUPUESTOS ENVIADOS/2021-11-17 Torrente 51 Fuenlabrada - CODI.docx
2021-11-19	577648	./PRESUPUESTOS ENVIADOS/2021-11-19 Pedroñeras 15 a 31 Madrid - ANYLOR.docx
2021-11-19	698648	./PRESUPUESTOS ENVIADOS/2021-11-19 Pedroñeras 15 a 31 Madrid - ANYLOR.pdf
2021-11-22	167707	./PRESUPUESTOS ENVIADOS/NSV 7 ARQUITECTO HOJA DE ENCARGO NOVBRE 2021.pdf
2021-11-23	575621	./PRESUPUESTOS ENVIADOS/HOJA DE ENCARGO CLAVEL 12 SEGOVIA.docx
2021-12-02	38154	./PRESUPUESTOS ENVIADOS/MODELO SOLO SUBVENCIONES.docx
2021-12-03	30628	./PRESUPUESTOS ENVIADOS/2021-12-02 San Clemente 2 Subvenciones.docx
2021-12-09	578130	./PRESUPUESTOS ENVIADOS/Alemania 11 Fuenlabrada solo proyecto.docx
2021-12-09	579366	./PRESUPUESTOS ENVIADOS/2021-11-04 Humilladero 5 Fuenlabrada (1).docx
2021-12-09	578134	./PRESUPUESTOS ENVIADOS/Polvoranca 23 Fuenlabrada solo proyecto.docx
2021-12-09	39600	./PRESUPUESTOS ENVIADOS/POLVORANCA 23 FUENLABRADA - aceptado.pdf
2021-12-14	575593	./PRESUPUESTOS ENVIADOS/HOJA DE ENCARGO ALEMANIA 11 FUENLABRADA.docx
2021-12-14	575692	./PRESUPUESTOS ENVIADOS/HOJA DE ENCARGO CONSTITUCION 65 ALCOBENDAS.docx
2021-12-17	575762	./PRESUPUESTOS ENVIADOS/HOJA DE ENCARGO SAN ANDRES 1 FUENLABRADA.docx
2021-12-17	575770	./PRESUPUESTOS ENVIADOS/HOJA DE ENCARGO MOSTOLES 3 PORTAL 2 FUENLABRADA.docx
2021-12-22	575926	./PRESUPUESTOS ENVIADOS/HOJA DE ENCARGO PELAYOS 11 FUENLABRADA.docx
2021-12-22	575597	./PRESUPUESTOS ENVIADOS/HOJA DE ENCARGO POLVORANCA 23 FUENLABRADA.docx
2021-12-23	575791	./PRESUPUESTOS ENVIADOS/HOJA DE ENCARGO SAN ANTONIO 3 FUENLABRADA.docx
2022-01-11	576016	./PRESUPUESTOS ENVIADOS/HOJA DE ENCARGO CALLAO 21 FUENLABRADA.docx
2022-01-24	575876	./PRESUPUESTOS ENVIADOS/HOJA DE ENCARGO SANTA ANA 8 FUENLABRADA.docx
2022-01-24	575915	./PRESUPUESTOS ENVIADOS/HOJA DE ENCARGO LIMA 5 FUENLABRADA.docx
2022-01-24	576136	./PRESUPUESTOS ENVIADOS/HOJA DE ENCARGO LEGANES 18 FUENLABRADA.docx
2022-01-26	576156	./PRESUPUESTOS ENVIADOS/HOJA DE ENCARGO URBANIZACION NOVA RIVAS Rivas Vaciamadrid .docx
2022-01-27	576101	./PRESUPUESTOS ENVIADOS/HOJA DE ENCARGO GARAJE MAR MEDITERRANEO 79-105 VALDEMORO.docx
2022-01-31	576214	./PRESUPUESTOS ENVIADOS/HOJA DE ENCARGO CORRAL DE CANTOS 19 MADRID.docx
2022-01-31	576487	./PRESUPUESTOS ENVIADOS/HOJA DE ENCARGO ARTURO SORIA 7 MADRID.docx
2022-02-04	575394	./PRESUPUESTOS ENVIADOS/HOJA DE ENCARGO HUERTA VILLAVERDE 9 MADRID.docx
2022-02-08	578339	./PRESUPUESTOS ENVIADOS/HOJA DE ENCARGO MONTEJURRA 25 MADRID.docx
2022-02-08	576297	./PRESUPUESTOS ENVIADOS/HOJA DE ENCARGO SUBVENCION encomienda palacios 49.docx
2022-02-08	576279	./PRESUPUESTOS ENVIADOS/HOJA DE ENCARGO SUBVENCION huerta de villaverde 9.docx
2022-02-09	575756	./PRESUPUESTOS ENVIADOS/HOJA DE ENCARGO SEMINARIO 24 LEGANES.docx
2022-02-10	37596	./PRESUPUESTOS ENVIADOS/HOJA DE ENCARGO SUBVENCION AV ESPAÑA 33 GETAFE.docx
2022-02-14	575914	./PRESUPUESTOS ENVIADOS/HOJA DE ENCARGO HUMERA 2 FUENLABRADA.docx
2022-02-16	575638	./PRESUPUESTOS ENVIADOS/HOJA DE ENCARGO RIO EBRO 4  LEGANES CSS.docx
2022-02-17	575910	./PRESUPUESTOS ENVIADOS/HOJA DE ENCARGO GALICIA 8 PINTO PRY CSS SUBV.docx
2022-02-17	37587	./PRESUPUESTOS ENVIADOS/HOJA DE ENCARGO BURGOS 6 MOSTOLES SUBVENCION.docx
2022-02-22	158312	./PRESUPUESTOS ENVIADOS/HOJA DE ENCARGO ETRURIA 26 Y 28 Y LUCANO 65 MADRID  PROYECTO_signed.pdf
2022-02-22	572829	./PRESUPUESTOS ENVIADOS/HOJA DE ENCARGO ETRURIA 26 Y 28 Y LUCANO 65 MADRID  PROYECTO.docx
2022-02-22	11281	./PRESUPUESTOS ENVIADOS/PENDIENTES FIRMA.xlsx
2022-02-23	572906	./PRESUPUESTOS ENVIADOS/HOJA DE ENCARGO ESTADOS 4 FUENLABRADA  PROYECTO.docx
2022-02-23	572935	./PRESUPUESTOS ENVIADOS/HOJA DE ENCARGO ANDALUCIA 6 FUENLABRADA  PROYECTO.docx
2022-02-23	572777	./PRESUPUESTOS ENVIADOS/HOJA DE ENCARGO NAZARETH 32 BIS FUENLABRADA  PROYECTO.docx
2022-02-23	179065	./PRESUPUESTOS ENVIADOS/HOJA DE ENCARGO NAZARETH 32 BIS FUENLABRADA  PROYECTO.pdf
2022-02-23	192953	./PRESUPUESTOS ENVIADOS/HOJA DE ENCARGO MONTEJURRA 25 MADRID CC (2).pdf
2022-02-23	178563	./PRESUPUESTOS ENVIADOS/HOJA DE ENCARGO ESTADOS 4 FUENLABRADA  PROYECTO.pdf
2022-02-23	178671	./PRESUPUESTOS ENVIADOS/HOJA DE ENCARGO ANDALUCIA 6 FUENLABRADA  PROYECTO.pdf
2022-02-23	572778	./PRESUPUESTOS ENVIADOS/HOJA DE ENCARGO ANGELES 7 FUENLABRADA  PROYECTO.docx
2022-02-23	178882	./PRESUPUESTOS ENVIADOS/HOJA DE ENCARGO ANGELES 7 FUENLABRADA  PROYECTO.pdf
2022-02-24	114628	./PRESUPUESTOS ENVIADOS/HOJA DE ENCARGO SEMINARIO 24 LEGANES.pdf
2022-02-24	133821	./PRESUPUESTOS ENVIADOS/HOJA DE ENCARGO SEMINARIO 24 LEGANES firmada.pdf
2022-02-24	106439	./PRESUPUESTOS ENVIADOS/HOJA DE ENCARGO ETRURIA 26 Y 28 Y LUCANO 65 MADRID  PROYECTO.pdf
2022-02-24	572906	./PRESUPUESTOS ENVIADOS/HOJA DE ENCARGO LISBOA 29 FUENLABRADA  PROYECTO.docx
2022-02-24	126260	./PRESUPUESTOS ENVIADOS/HOJA DE ENCARGO LISBOA 29 FUENLABRADA  PROYECTO firmada.pdf
2022-02-24	574786	./PRESUPUESTOS ENVIADOS/HOJA DE ENCARGO JOSE MARIA PEREDA 43 MADRID.docx
2022-02-24	15376	./PRESUPUESTOS ENVIADOS/HOJA DE ENCARGO N S VILLAR 7 MADRID.docx
2022-02-24	574506	./PRESUPUESTOS ENVIADOS/HOJA DE ENCARGO N S VILLAR 7 MADRID PRY.docx
2022-02-24	575611	./PRESUPUESTOS ENVIADOS/HOJA DE ENCARGO GOYA 55 MADRID.docx
2022-02-24	577502	./PRESUPUESTOS ENVIADOS/HOJA DE ENCARGO CUESTA DE LAS PERDICES 5 GETAFE.docx
2022-02-24	579132	./PRESUPUESTOS ENVIADOS/HOJA DE ENCARGO HUMILLADERO 5 FUENLABRADA (2).docx
2022-02-24	574508	./PRESUPUESTOS ENVIADOS/HOJA DE ENCARGO PERDIZ 5 GETAFE.docx
2022-02-24	574313	./PRESUPUESTOS ENVIADOS/HOJA DE ENCARGO SAN CLEMENTE 2 LEGANES.docx
2022-02-24	575423	./PRESUPUESTOS ENVIADOS/HOJA DE ENCARGO TRAVESIA INFANTA MERCEDES 4 MADRID.docx
2022-02-28	576302	./PRESUPUESTOS ENVIADOS/HOJA DE ENCARGO LEGANES 18 FUENLABRADA PROYECTO.docx
2022-02-28	118507	./PRESUPUESTOS ENVIADOS/HOJA DE ENCARGO LEGANES 18 FUENLABRADA PROYECTO.pdf
2022-02-28	135655	./PRESUPUESTOS ENVIADOS/HOJA DE ENCARGO LEGANES 18 FUENLABRADA PROYECTO firmado.pdf
2022-02-28	576151	./PRESUPUESTOS ENVIADOS/HOJA DE ENCARGO acacias 59 PERITAJE ESTRUCTURA Y HUMEDADES.docx
2022-02-28	575632	./PRESUPUESTOS ENVIADOS/HOJA DE ENCARGO acacias 59 ACCESIBILIDAD Y POCERÍA PLANTA BAJA.docx
2022-03-02	576133	./PRESUPUESTOS ENVIADOS/HOJA DE ENCARGO av regiones 6 fuenlabrada MADRID.docx
2022-03-03	197106	./PRESUPUESTOS ENVIADOS/HOJA DE ENCARGO seminario 24 leganes SUBVENCION.pdf
2022-03-07	576394	./PRESUPUESTOS ENVIADOS/HOJA DE ENCARGO ERAS 9 FUENLABRADA PROYECTO.docx
2022-03-07	136931	./PRESUPUESTOS ENVIADOS/HOJA DE ENCARGO ERAS 9 FUENLABRADA PROYECTO.pdf
2022-03-07	573511	./PRESUPUESTOS ENVIADOS/HOJA DE ENCARGO SABADEL 152 MADRID ASCENSOR Y SATE.docx
2022-03-08	134163	./PRESUPUESTOS ENVIADOS/HOJA DE ENCARGO SABADEL 152 MADRID ASCENSOR Y SATE.pdf
2022-03-08	576047	./PRESUPUESTOS ENVIADOS/HOJA DE ENCARGO RAMPA DUERO 5 MOSTOLES.docx
2022-03-17	576144	./PRESUPUESTOS ENVIADOS/HOJA DE ENCARGO HILADOS 2  PROYECTO PLATAFORMA.docx
2022-03-17	576085	./PRESUPUESTOS ENVIADOS/HOJA DE ENCARGO PONFERRADA 29 MADRID PROYECTO.docx
2022-03-18	578340	./PRESUPUESTOS ENVIADOS/HOJA DE ENCARGO MONTEJURRA 25 MADRID (V2).docx
2022-03-22	575955	./PRESUPUESTOS ENVIADOS/HOJA DE ENCARGO ETRURIA 43 MADRID DO.docx
2022-03-22	576446	./PRESUPUESTOS ENVIADOS/HOJA DE ENCARGO ERAS 9 FUENLABRADA PRY CSS SUBV.docx
2022-03-23	117743	./PRESUPUESTOS ENVIADOS/HOJA DE ENCARGO ERAS 9 FUENLABRADA PRY.pdf
2022-03-23	114992	./PRESUPUESTOS ENVIADOS/HOJA DE ENCARGO SABADEL 152 MADRID ASC Y SATE.pdf
2022-03-28	572597	./PRESUPUESTOS ENVIADOS/HOJA DE ENCARGO RAFAEL CALVO 9 MADRID PROYECTO ASCENSOR.docx
2022-03-29	137021	./PRESUPUESTOS ENVIADOS/HOJA DE ENCARGO RAFAEL CALVO 9 MADRID PROYECTO ASCENSOR firmada.pdf
2022-03-29	115517	./PRESUPUESTOS ENVIADOS/HOJA DE ENCARGO RAFAEL CALVO 9 MADRID PROYECTO ASCENSOR.pdf
2022-03-29	576384	./PRESUPUESTOS ENVIADOS/HOJA DE ENCARGO VERACRUZ 26 MOSTOLES PRY SUBV.docx
2022-03-30	575982	./PRESUPUESTOS ENVIADOS/HOJA DE ENCARGO Nuestra Señora de la Macarena 16 de Leganes PROYECTO.docx
2022-03-30	572716	./PRESUPUESTOS ENVIADOS/HOJA DE ENCARGO RAFAEL CALVO 9 MADRID PROYECTO 4 ASCENSORES.docx
2022-03-30	576117	./PRESUPUESTOS ENVIADOS/HOJA DE ENCARGO CADALSO DE LOS VIDRIOS 2 MADRID PROYECTO.docx
2022-03-30	576265	./PRESUPUESTOS ENVIADOS/HOJA DE ENCARGO TORREJON 9 FUENLABRADA PROYECTO.docx
2022-03-31	30022	./PRESUPUESTOS ENVIADOS/HOJA DE ENCARGO cadalso de los vidrios 2 madrid SUBVENCION.docx
2022-03-31	576432	./PRESUPUESTOS ENVIADOS/HOJA DE ENCARGO EMPECINADO 13 MOSTOLES PROYECTO.docx
2022-04-06	30160	./PRESUPUESTOS ENVIADOS/HOJA DE ENCARGO guadarrama 26 madrid SUBVENCION.docx
2022-04-08	575663	./PRESUPUESTOS ENVIADOS/HOJA DE ENCARGO ARAGON 11 LEGANES  SUBV .docx
2022-04-08	576217	./PRESUPUESTOS ENVIADOS/HOJA DE ENCARGO ARAGON 11 LEGANES PRY FV.docx
2022-04-20	66695	./PRESUPUESTOS ENVIADOS/HOJA DE ENCARGO gt tamarindo 4 aranjuez SUBVENCION.docx
2022-04-21	575846	./PRESUPUESTOS ENVIADOS/HOJA DE ENCARGO RODRIGO DE TRIANA 5 LEGANES CSS.docx
2022-04-25	575765	./PRESUPUESTOS ENVIADOS/HOJA DE ENCARGO holanda 10 fuenlabrada PROYECTO bajada a cota cero.docx
2022-04-27	577044	./PRESUPUESTOS ENVIADOS/HOJA DE ENCARGO CAMINO DE LAS CRUCES 28 MADRID PRY SUBV.docx
2022-05-01	576192	./PRESUPUESTOS ENVIADOS/HOJA DE ENCARGO MAR MENOR 24 MADRID RAMPA .docx
2022-05-03	576032	./PRESUPUESTOS ENVIADOS/HOJA DE ENCARGO JACINTO CAMARERO 3 MADRID PROYECTO.docx
2022-05-04	66799	./PRESUPUESTOS ENVIADOS/HOJA DE ENCARGO joaquin ibarra 37 madrid SUBVENCION.docx
2022-05-05	66668	./PRESUPUESTOS ENVIADOS/HOJA DE ENCARGO rio ebro 4 leganes SUBVENCION.docx
2022-05-10	576185	./PRESUPUESTOS ENVIADOS/HOJA DE ENCARGO manresa 17-19 madrid SUBV .docx
2022-05-10	576345	./PRESUPUESTOS ENVIADOS/HOJA DE ENCARGO palencia 12 fuenlabrada RAMPA Y CSS.docx
2022-05-10	576972	./PRESUPUESTOS ENVIADOS/HOJA DE ENCARGO paseo acacias 59 madrid PROYECTO + OTROS.docx
2022-05-12	66681	./PRESUPUESTOS ENVIADOS/HOJA DE ENCARGO cebreros 1 madrid SUBVENCION.docx
2022-05-13	575619	./PRESUPUESTOS ENVIADOS/HOJA DE ENCARGO BECQUER 19 MOSTOLES .docx
2022-05-17	576242	./PRESUPUESTOS ENVIADOS/HOJA DE ENCARGO hilados 12 torrejon rampa y css.docx
2022-05-17	572671	./PRESUPUESTOS ENVIADOS/HOJA DE ENCARGO MANZANARES 22 LEGANES.docx
2022-05-17	66663	./PRESUPUESTOS ENVIADOS/HOJA DE ENCARGO MANZANARES 22 LEGANES SUBVENCION.docx
2022-05-17	66674	./PRESUPUESTOS ENVIADOS/HOJA DE ENCARGO RIO GUADALQUIVIR 10 LEGANES SUBVENCION.docx
2022-05-18	66858	./PRESUPUESTOS ENVIADOS/HOJA DE ENCARGO pz parvillas 1 madrid SUBVENCION.docx
2022-05-18	576386	./PRESUPUESTOS ENVIADOS/HOJA DE ENCARGO pz parvillas 1 madrid PROYECTO + CSS.docx
2022-05-18	37544	./PRESUPUESTOS ENVIADOS/HOJA DE ENCARGO ESTADOS 18 FUENLABRADA.docx
2022-05-18	184261	./PRESUPUESTOS ENVIADOS/HOJA DE ENCARGO ESTADOS 18 FUENLABRADA v2.pdf
2022-05-18	576271	./PRESUPUESTOS ENVIADOS/HOJA DE ENCARGO AVILA 14 MOSTOLES.docx
2026-08-24	103866	./PRESUPUESTOS ENVIADOS/HOJA DE ENCARGO BECQUER 19 MOSTOLES - PRY.pdf
2022-05-18	576168	./PRESUPUESTOS ENVIADOS/HOJA DE ENCARGO MAR MENOR 24 MADRID plataforma .docx
2022-05-18	576044	./PRESUPUESTOS ENVIADOS/HOJA DE ENCARGO IGLESIA 16 PORTAL 1 ALCORCON.docx
2022-05-18	575982	./PRESUPUESTOS ENVIADOS/HOJA DE ENCARGO IGLESIA 16 PORTAL 4 ALCORCON.docx
2022-05-18	575754	./PRESUPUESTOS ENVIADOS/HOJA DE ENCARGO CHANTADA 46 MADRID.docx
2022-05-18	575549	./PRESUPUESTOS ENVIADOS/HOJA DE ENCARGO HILADOS 12 TORREJON.docx
2022-05-19	66663	./PRESUPUESTOS ENVIADOS/HOJA DE ENCARGO MANZANARES 22 LEGANES SUBVENCION (1).docx
2022-05-19	572671	./PRESUPUESTOS ENVIADOS/HOJA DE ENCARGO MANZANARES 22 LEGANES (1).docx
2022-05-19	576269	./PRESUPUESTOS ENVIADOS/HOJA DE ENCARGO SAN ANDRES 2 FUENLABRADA.docx
2022-05-19	66699	./PRESUPUESTOS ENVIADOS/HOJA DE ENCARGO SAN ANDRES 2 FUENLABRADA SUBVENCION.docx
2022-05-23	576316	./PRESUPUESTOS ENVIADOS/HOJA DE ENCARGO GARELLANO 17 MADRID.docx
2022-05-24	191644	./PRESUPUESTOS ENVIADOS/HOJA DE ENCARGO jardines del mar portal 4 PROYECTO (1).pdf
2022-05-24	191658	./PRESUPUESTOS ENVIADOS/HOJA DE ENCARGO jardines del mar portal 6 PROYECTO (1).pdf
2022-05-25	66987	./PRESUPUESTOS ENVIADOS/HOJA DE ENCARGO llanos de escudero 37 SUBVENCION.docx
2022-05-26	65436	./PRESUPUESTOS ENVIADOS/HOJA DE ENCARGO albaida 76 solo fin de obra.docx
2022-05-27	576330	./PRESUPUESTOS ENVIADOS/HOJA DE ENCARGO EMPECINADO 13 MOSTOLES.docx
2025-10-07	576249	./PRESUPUESTOS ENVIADOS/HOJA DE ENCARGO AV PROVINCIAS 16 FUENLABRADA.docx
2022-05-27	572743	./PRESUPUESTOS ENVIADOS/HOJA DE ENCARGO RIO TORMES 2 LEGANES.docx
2022-05-27	572640	./PRESUPUESTOS ENVIADOS/HOJA DE ENCARGO RIO MANZANARES 12 LEGANES.docx
2022-05-30	576038	./PRESUPUESTOS ENVIADOS/HOJA DE ENCARGO SIETE OJOS 4 ALCORCON.docx
2022-05-31	575699	./PRESUPUESTOS ENVIADOS/HOJA DE ENCARGO RIBEIRO 17 LEGANES.docx
2022-05-31	29803	./PRESUPUESTOS ENVIADOS/HOJA DE ENCARGO san francisco 15 leganes SUBVENCION.docx
2022-05-31	65446	./PRESUPUESTOS ENVIADOS/HOJA DE ENCARGO gandhi 21 madrid SUBVENCION (1).docx
2022-06-01	65184	./PRESUPUESTOS ENVIADOS/HOJA DE ENCARGO D O MANRESA 56 MADRID.docx
2022-06-06	576314	./PRESUPUESTOS ENVIADOS/HOJA DE ENCARGO LEGANES 12 PARLA.docx
2022-06-07	573730	./PRESUPUESTOS ENVIADOS/HOJA DE ENCARGO LAGO CONSTANZA 32 MADRID.docx
2022-06-08	576074	./PRESUPUESTOS ENVIADOS/PROPUESTA DE HONORARIOS PROYECTO ASCENSOR PASEO SAN ILLAN 5 MADRID.docx
2022-06-09	65472	./PRESUPUESTOS ENVIADOS/HOJA DE ENCARGO pz floras 5 leganes SUBVENCION.docx
2022-06-09	576194	./PRESUPUESTOS ENVIADOS/HOJA DE ENCARGO NVR entre arroyos 56 Madrid.docx
2022-06-10	575857	./PRESUPUESTOS ENVIADOS/HOJA DE ENCARGO paseo granada 3 fuenlabrada CSS.docx
2022-06-13	575288	./PRESUPUESTOS ENVIADOS/HOJA DE ENCARGO LEPANTO 9 SAN LORENZO DEL ESCORIAL.docx
2022-06-15	575322	./PRESUPUESTOS ENVIADOS/HOJA DE ENCARGO av CARRETERA DE CANILLEJAS A VICALVARO 65 MADRID.docx
2022-06-16	576014	./PRESUPUESTOS ENVIADOS/PROPUESTA DE HONORARIOS PASEO SAN ILLAN 5 MADRID.docx
2022-06-21	576485	./PRESUPUESTOS ENVIADOS/HOJA DE ENCARGO EMPECINADO 13 MOSTOLES PROYECTO ASCENSOR.docx
2022-06-21	576296	./PRESUPUESTOS ENVIADOS/HOJA DE ENCARGO EMPECINADO 13 MOSTOLES PROYECTO ACCESIBILIDAD.docx
2022-06-21	290039	./PRESUPUESTOS ENVIADOS/Solicitud Anticipo Automatico.pdf
2022-06-21	575968	./PRESUPUESTOS ENVIADOS/HOJA DE ENCARGO PROYECTO FRANCISCO ORDOÑEZ 5 MADRID.docx
2022-06-23	29894	./PRESUPUESTOS ENVIADOS/HOJA DE ENCARGO gandhi 21 madrid SUBVENCION.docx
2022-06-23	29853	./PRESUPUESTOS ENVIADOS/HOJA DE ENCARGO av andes 13 fuenlabrada SUBVENCION.docx
2022-06-27	65237	./PRESUPUESTOS ENVIADOS/HOJA DE ENCARGO modelo MEMORIA VALORADA MALAGA 22 FUENLABRADA.docx
2022-06-27	65272	./PRESUPUESTOS ENVIADOS/HOJA DE ENCARGO modelo MEMORIA VALORADA MALAGA 28 FUENLABRADA.docx
2022-07-04	575869	./PRESUPUESTOS ENVIADOS/HOJA DE ENCARGO VIRGEN DE LLUCH 140 MADRID.docx
2022-07-04	65339	./PRESUPUESTOS ENVIADOS/HOJA DE ENCARGO VIRGEN DE LLUCH 140 MADRID SUBVENCION.docx
2022-07-04	576214	./PRESUPUESTOS ENVIADOS/HOJA DE ENCARGO PABLO SERRANO 7 MADRID.docx
2022-07-05	575737	./PRESUPUESTOS ENVIADOS/HOJA DE ENCARGO ALFONSO XIII 2 PARLA CSS.docx
2022-07-06	576190	./PRESUPUESTOS ENVIADOS/HOJA DE ENCARGO RIOJANOS 4 MADRID.docx
2022-07-06	576044	./PRESUPUESTOS ENVIADOS/HOJA DE ENCARGO MIRAFLORES 12 ALCOBENDAS.docx
2022-07-07	30021	./PRESUPUESTOS ENVIADOS/HOJA DE ENCARGO pozuelo 19 fuenlabrada SUBVENCION.docx
2022-07-07	30025	./PRESUPUESTOS ENVIADOS/HOJA DE ENCARGO villalba 5 fuenlabrada SUBVENCION.docx
2022-07-08	575699	./PRESUPUESTOS ENVIADOS/HOJA DE ENCARGO PAULAR 5 FUENLABRADA.docx
2022-07-15	575954	./PRESUPUESTOS ENVIADOS/HOJA DE ENCARGO  ISLA MALAITA 5 MADRID.docx
2022-07-21	572836	./PRESUPUESTOS ENVIADOS/HOJA DE ENCARGO ARGENTINA 20 FUENLABRADA.docx
2022-07-26	30041	./PRESUPUESTOS ENVIADOS/HOJA DE ENCARGO av carabanchel alto 16 madrid SUBVENCION.docx
2022-07-27	576131	./PRESUPUESTOS ENVIADOS/HOJA DE ENCARGO FRANCIA 50 FUENLABRADA.docx
2022-08-21	575595	./PRESUPUESTOS ENVIADOS/PROPUESTA DE HONORARIOS AV CARABANCHEL ALTO 16  MADRID.docx
2022-08-22	65785	./PRESUPUESTOS ENVIADOS/HOJA DE ENCARGO puerto alazores 11 madrid SUBVENCION.docx
2022-08-22	572842	./PRESUPUESTOS ENVIADOS/HOJA DE ENCARGO SATE SAN EMILIO 19 MADRID.docx
2022-08-22	65892	./PRESUPUESTOS ENVIADOS/HOJA DE ENCARGO riojanos 4 madrid SUBVENCION.docx
2022-08-25	65525	./PRESUPUESTOS ENVIADOS/HOJA DE ENCARGO fatima 8 fuenlabrada MEMORIA VALORADA.docx
2022-08-26	29263	./PRESUPUESTOS ENVIADOS/HOJA DE ENCARGO fuentebella 8 parla MEMORIA VALORADA.docx
2022-08-30	65553	./PRESUPUESTOS ENVIADOS/HOJA DE ENCARGO mar menor 24 SUBVENCION.docx
2022-08-30	573004	./PRESUPUESTOS ENVIADOS/HOJA DE ENCARGO ANDALUCIA 10 FUENLABRADA  PROYECTO Y SUBVENCION.docx
2022-08-31	576281	./PRESUPUESTOS ENVIADOS/HOJA DE ENCARGO HAYA 2 FUENLABRADA.docx
2022-08-31	21625338	./PRESUPUESTOS ENVIADOS/ALBUFERA 250 MADRID PRESENTACION PROYECTO DANIEL DE SOTO.docx
2022-08-31	573134	./PRESUPUESTOS ENVIADOS/ALBUFERA 250 MADRID PRESENTACION PROYECTO DANIEL DE SOTO.pdf
2022-09-05	65672	./PRESUPUESTOS ENVIADOS/HOJA DE ENCARGO pez 11 madrid SUBVENCION.docx
2022-09-05	576029	./PRESUPUESTOS ENVIADOS/HOJA DE ENCARGO Paseo de la Haya 2 RAMPA Fuenlabrada.docx
2022-09-06	576343	./PRESUPUESTOS ENVIADOS/HOJA DE ENCARGO abejuela 17 madrid PROYECTO y CSS.docx
2022-09-08	30548	./PRESUPUESTOS ENVIADOS/HOJA DE ENCARGO entre arroyos 56 madrid SUBVENCION NEXT GENERATION.docx
2022-09-09	572872	./PRESUPUESTOS ENVIADOS/HOJA DE ENCARGO CAMINO DE VALDERRIBAS 110 MADRID.docx
2022-09-13	65384	./PRESUPUESTOS ENVIADOS/HOJA DE ENCARGO MANRESA 17 19 MADRID.docx
2022-09-13	65671	./PRESUPUESTOS ENVIADOS/HOJA DE ENCARGO angeles 12 fuenlabrada SUBVENCION.docx
2022-09-13	65652	./PRESUPUESTOS ENVIADOS/HOJA DE ENCARGO angeles 14 fuenlabrada SUBVENCION.docx
2022-09-13	576092	./PRESUPUESTOS ENVIADOS/PROPUESTA DE HONORARIOS HUERTA DEL BAYO 13 MADRID.docx
2022-09-14	65669	./PRESUPUESTOS ENVIADOS/HOJA DE ENCARGO mallorca 13 leganes SUBVENCION.docx
2022-09-14	65762	./PRESUPUESTOS ENVIADOS/HOJA DE ENCARGO rio manzanares 26 leganes SUBVENCION.docx
2022-09-15	576416	./PRESUPUESTOS ENVIADOS/HOJA DE ENCARGO monte perdido 10 madrid DO Y CFO.docx
2022-09-15	572969	./PRESUPUESTOS ENVIADOS/HOJA DE ENCARGO burgos 2 mostoles SATE FIJO + VARIABLE.docx
2022-09-15	65824	./PRESUPUESTOS ENVIADOS/HOJA DE ENCARGO burgos 2 mostoles SUBVENCION NEXT GENERATION.docx
2022-09-15	65777	./PRESUPUESTOS ENVIADOS/HOJA DE ENCARGO juan ramon jimenez 7 mostoles SUBVENCION NEXT GENERATION.docx
2022-09-15	572997	./PRESUPUESTOS ENVIADOS/HOJA DE ENCARGO juan ramon jimenez 7 mostoles SATE FIJO + VARIABLE.docx
2022-09-15	65452	./PRESUPUESTOS ENVIADOS/HOJA DE ENCARGO maestro turina 6 getafe SUBVENCION.docx
2022-09-16	572556	./PRESUPUESTOS ENVIADOS/HOJA DE ENCARGO SATE SAN EMILIO 19 MADRID CSS IEE.docx
2022-09-20	575809	./PRESUPUESTOS ENVIADOS/HOJA DE ENCARGO fray melchor el cano 22 leganes.docx
2022-09-20	54045	./PRESUPUESTOS ENVIADOS/HOJA DE ENCARGO SATE ESCRIBANOS 5 MADRID.docx
2022-09-20	54193	./PRESUPUESTOS ENVIADOS/HOJA DE ENCARGO SATE PALOMARES 75 77 Y 79 MADRID.docx
2022-09-20	53817	./PRESUPUESTOS ENVIADOS/HOJA DE ENCARGO ASCENSOR PALOMARES 75 77 Y 79 MADRID.docx
2022-09-21	65653	./PRESUPUESTOS ENVIADOS/HOJA DE ENCARGO nardos 2 fuenlabrada SUBVENCION.docx
2022-09-21	65832	./PRESUPUESTOS ENVIADOS/HOJA DE ENCARGO san andres 1 fuenlabrada SUBVENCION.docx
2022-09-21	65663	./PRESUPUESTOS ENVIADOS/HOJA DE ENCARGO pozuelo 17 fuenlabrada SUBVENCION.docx
2022-09-21	65594	./PRESUPUESTOS ENVIADOS/HOJA DE ENCARGO cuartel 1 fuenlabrada SUBVENCION.docx
2022-09-21	65613	./PRESUPUESTOS ENVIADOS/HOJA DE ENCARGO francia 15 fuenlabrada SUBVENCION.docx
2022-09-21	577040	./PRESUPUESTOS ENVIADOS/HOJA DE ENCARGO miguel de la roca 18 MADRID.docx
2022-09-22	66324	./PRESUPUESTOS ENVIADOS/HOJA DE ENCARGO PROVINCIAS 10 FUENLABRADA SUBVENCION.docx
2022-09-22	66392	./PRESUPUESTOS ENVIADOS/HOJA DE ENCARGO MOSTOLES 2 PORTAL 7 FUENLABRADA SUBVENCION.docx
2022-09-23	575870	./PRESUPUESTOS ENVIADOS/HOJA DE ENCARGO SAN CESAREO 2 LEGANES CSS.docx
2022-09-26	54239	./PRESUPUESTOS ENVIADOS/HOJA DE ENCARGO SATE MARQUES DE LA VALDAVIA 76 ALCOBENDAS.docx
2022-09-26	66091	./PRESUPUESTOS ENVIADOS/HOJA DE ENCARGO MARQUES DE LA VALDAVIA 76 ALCOBENDAS SUBV.docx
2022-09-28	576322	./PRESUPUESTOS ENVIADOS/HOJA DE ENCARGO OLIVAR 22 MADRID.docx
2022-09-28	66012	./PRESUPUESTOS ENVIADOS/HOJA DE ENCARGO OLIVAR 22 MADRID SUBVENCION .docx
2022-09-28	576042	./PRESUPUESTOS ENVIADOS/HOJA DE ENCARGO SAN ANDRES 1 LEGANES PRY.docx
2022-09-28	576101	./PRESUPUESTOS ENVIADOS/HOJA DE ENCARGO RIO DUERO 12 LEGANES PRY.docx
2022-09-28	575848	./PRESUPUESTOS ENVIADOS/HOJA DE ENCARGO RIO DUERO 12 LEGANES CSS.docx
2022-09-28	575843	./PRESUPUESTOS ENVIADOS/HOJA DE ENCARGO SAN ANDRES 1 LEGANES CSS.docx
2022-09-29	65458	./PRESUPUESTOS ENVIADOS/HOJA DE ENCARGO mostoles 3 portal 8 fuenlabrada CSS.docx
2022-09-29	56352	./PRESUPUESTOS ENVIADOS/HOJA DE ENCARGO av provincias 10 fuenlabrada SUBVENCION variable.docx
2022-09-29	56147	./PRESUPUESTOS ENVIADOS/HOJA DE ENCARGO italia 35 fuenlabrada SUBVENCION variable.docx
2022-09-30	66241	./PRESUPUESTOS ENVIADOS/HOJA DE ENCARGO rodrigo de triana 5 leganes SUBVENCION fijo.docx
2022-10-04	59535	./PRESUPUESTOS ENVIADOS/presupuesto Martin de los heros 59.pdf
2022-10-06	576174	./PRESUPUESTOS ENVIADOS/HOJA DE ENCARGO LUIS VIVES 11 ALCALA.docx
2022-10-06	573038	./PRESUPUESTOS ENVIADOS/HOJA DE ENCARGO SATE BELEN 7 FUENLABRADA.docx
2022-10-06	572872	./PRESUPUESTOS ENVIADOS/HOJA DE ENCARGO SATE SAN JOSE 9 FUENLABRADA.docx
2022-10-06	573020	./PRESUPUESTOS ENVIADOS/HOJA DE ENCARGO SATE ALFONSO X EL SABIO 10 PARLA.docx
2022-10-06	575976	./PRESUPUESTOS ENVIADOS/HOJA DE ENCARGO ALFREDO CASTRO CAMBA 24 MADRID.docx
2022-10-06	576056	./PRESUPUESTOS ENVIADOS/HOJA DE ENCARGO PARQUE MIRAFLORES 41 FUENLABRADA.docx
2022-10-10	576076	./PRESUPUESTOS ENVIADOS/HOJA DE ENCARGO CIUDADES 8 PARLA.docx
2022-10-10	575973	./PRESUPUESTOS ENVIADOS/HOJA DE ENCARGO MAR DE ARAL 1 MADRID.docx
2022-10-17	66100	./PRESUPUESTOS ENVIADOS/HOJA DE ENCARGO SAN JOSE 9 FUENLABRADA SUBVENCION NEXT GENERATION.docx
2022-10-17	53543	./PRESUPUESTOS ENVIADOS/HOJA DE ENCARGO SAN JOSE 9 FUENLABRADA.docx
2022-10-18	65856	./PRESUPUESTOS ENVIADOS/HOJA DE ENCARGO LURUACO 1 MADRID SUBVENCION NEXT GENERATION.docx
2022-10-18	65286	./PRESUPUESTOS ENVIADOS/HOJA DE ENCARGO LURUACO 1 MADRID  CSS.docx
2022-10-18	53388	./PRESUPUESTOS ENVIADOS/HOJA DE ENCARGO LURUACO 1 MADRID PROYECTO.docx
2022-10-19	66461	./PRESUPUESTOS ENVIADOS/HOJA DE ENCARGO MARTIN DE LOS HEROS 59 BIS MADRID SUBV.docx
2022-10-21	576350	./PRESUPUESTOS ENVIADOS/HOJA DE ENCARGO AGAPITO MARAZUELA 10 SEGOVIA.docx
2022-10-21	576248	./PRESUPUESTOS ENVIADOS/HOJA DE ENCARGO HABANA 27 FUENLABRADA.docx
2022-10-21	66118	./PRESUPUESTOS ENVIADOS/HOJA DE ENCARGO CALLE DIEZ 6 MADRID SUBVENCION NEXT GENERATION.docx
2022-10-21	53419	./PRESUPUESTOS ENVIADOS/HOJA DE ENCARGO DIEZ 6 MADRID SATE .docx
2022-10-21	37632	./PRESUPUESTOS ENVIADOS/HOJA DE ENCARGO CAÑADA TOLEDANA 2 GRIÑON.docx
2022-10-24	576746	./PRESUPUESTOS ENVIADOS/HOJA DE ENCARGO TENERIFE 8 MADRID.docx
2022-10-24	576299	./PRESUPUESTOS ENVIADOS/HOJA DE ENCARGO PASEO DE LA CHOPERA 85 ALCOBENDAS.docx
2022-10-24	576081	./PRESUPUESTOS ENVIADOS/OFERTA DE HONORARIOS PASEO DE LA CHOPERA 85 ALCOBENDAS.docx
2022-10-25	65228	./PRESUPUESTOS ENVIADOS/HOJA DE ENCARGO MARTIN DE LOS HEROS 56 BIS MADRID IEE.docx
2022-10-25	576038	./PRESUPUESTOS ENVIADOS/HOJA DE ENCARGO MARTIN DE LOS HEROS 59 BIS MADRID  PROYECTO.docx
2022-10-25	66116	./PRESUPUESTOS ENVIADOS/HOJA DE ENCARGO PARVILLAS ALTAS 27 MADRID SUBVENCION.docx
2022-10-26	576071	./PRESUPUESTOS ENVIADOS/HOJA DE ENCARGO AV JUAN CARLOS I 10 AJALVIR .docx
2022-10-26	66126	./PRESUPUESTOS ENVIADOS/HOJA DE ENCARGO ESPAÑA 27 GETAFE.docx
2022-10-26	66138	./PRESUPUESTOS ENVIADOS/HOJA DE ENCARGO FUENTEBELLA 45 PARLA.docx
2022-10-26	66389	./PRESUPUESTOS ENVIADOS/HOJA DE ENCARGO N S ESPERANZA 3 LEGANES.docx
2022-10-26	66172	./PRESUPUESTOS ENVIADOS/HOJA DE ENCARGO SIERRA DE ALBARRACIN 17 ALCORCON.docx
2022-10-26	66449	./PRESUPUESTOS ENVIADOS/HOJA DE ENCARGO  PABLO CASALS 26 PARLA.docx
2022-10-26	66349	./PRESUPUESTOS ENVIADOS/HOJA DE ENCARGO IGLESIA 16 PORTAL 4 ALCORCON subv.docx
2022-10-26	66147	./PRESUPUESTOS ENVIADOS/HOJA DE ENCARGO IGLESIA 16 PORTAL 1 ALCORCON subv.docx
2022-10-26	66134	./PRESUPUESTOS ENVIADOS/HOJA DE ENCARGO CAÑADA TOLEDANA 2 GRIÑON subv.docx
2022-10-26	66244	./PRESUPUESTOS ENVIADOS/HOJA DE ENCARGO COLIBRI 5 GETAFE.docx
2022-10-26	66125	./PRESUPUESTOS ENVIADOS/HOJA DE ENCARGO CUESTA DE LAS PERDICES 33 ARANJUEZ.docx
2022-10-26	66259	./PRESUPUESTOS ENVIADOS/HOJA DE ENCARGO LAGO TIBERIADES 8 PARLA.docx
2022-10-26	66263	./PRESUPUESTOS ENVIADOS/HOJA DE ENCARGO PERALES 11 PINTO.docx
2022-10-26	66283	./PRESUPUESTOS ENVIADOS/HOJA DE ENCARGO SANTA MARIA LA BLANCA 3 ALCORCON.docx
2022-10-26	66352	./PRESUPUESTOS ENVIADOS/HOJA DE ENCARGO SANTA MARIA LA BLANCA 5 ALCORCON.docx
2022-10-26	66184	./PRESUPUESTOS ENVIADOS/HOJA DE ENCARGO CUESTA DE LAS PERDICES 37 ARANJUEZ.docx
2022-10-26	66170	./PRESUPUESTOS ENVIADOS/HOJA DE ENCARGO LIBERTAD 3 SAN FERNANDO.docx
2022-10-27	65586	./PRESUPUESTOS ENVIADOS/HOJA DE ENCARGO ENCISO 1 MADRID CSS.docx
2022-10-27	66174	./PRESUPUESTOS ENVIADOS/HOJA DE ENCARGOSAN NICOLAS 7 LEGANES SUBVENCION.docx
2025-06-17	66091	./PRESUPUESTOS ENVIADOS/HOJA DE ENCARGO SAN VALERIANO 1 LEGANES SUBVENCION.docx
2022-10-28	66216	./PRESUPUESTOS ENVIADOS/HOJA DE ENCARGO ENCISO 1 MADRID SUBVENCION.docx
2022-10-28	66667	./PRESUPUESTOS ENVIADOS/HOJA DE ENCARGO IGLESIA 16 PORTAL 1 ALCORCON IEE.docx
2022-10-28	67059	./PRESUPUESTOS ENVIADOS/HOJA DE ENCARGO IGLESIA 16 PORTAL 4 ALCORCON IEE.docx
2022-10-28	66138	./PRESUPUESTOS ENVIADOS/HOJA DE ENCARGO RIO DUERO 1 LEGANES.docx
2022-10-28	66231	./PRESUPUESTOS ENVIADOS/HOJA DE ENCARGO MENDIGUCHIA CARRICHE 27 LEGANES.docx
2022-11-02	66229	./PRESUPUESTOS ENVIADOS/HOJA DE ENCARGO CARTAGENA 4 PORTAL 4 ALCALA SUBVENCION.docx
2022-11-02	66220	./PRESUPUESTOS ENVIADOS/HOJA DE ENCARGO CIUDADES 1 PARLA SUBVENCION.docx
2022-11-02	66159	./PRESUPUESTOS ENVIADOS/HOJA DE ENCARGO FRAY JUAN GIL 3 ALCALA SUBV.docx
2022-11-02	66262	./PRESUPUESTOS ENVIADOS/HOJA DE ENCARGO GERMAN PEREZ CARRASCO 54 MADRID SUBVENCION.docx
2022-11-02	66242	./PRESUPUESTOS ENVIADOS/HOJA DE ENCARGO GOBERNADOR 8 PARLA SUBVENCION.docx
2022-11-02	66230	./PRESUPUESTOS ENVIADOS/HOJA DE ENCARGO GOYA 55 MADRID SUBVENCION.docx
2022-11-02	66251	./PRESUPUESTOS ENVIADOS/HOJA DE ENCARGO HILADOS 12 TORREJON SUBVENCION.docx
2022-11-02	66244	./PRESUPUESTOS ENVIADOS/HOJA DE ENCARGO LAGO TIBERIADES 8 PARLA SUBVENCION.docx
2022-11-02	66262	./PRESUPUESTOS ENVIADOS/HOJA DE ENCARGO LIBERTAD 3 SAN FERNANDO SUBVENCION.docx
2022-11-02	66296	./PRESUPUESTOS ENVIADOS/HOJA DE ENCARGO MUELLE 6 ALCALA SUBVENCION.docx
2022-11-02	66264	./PRESUPUESTOS ENVIADOS/HOJA DE ENCARGO PERALES 11 PINTO SUBVENCION.docx
2022-11-02	66276	./PRESUPUESTOS ENVIADOS/HOJA DE ENCARGO RUBIN DE CELIS 18 PINTO SUBVENCION.docx
2022-11-02	66283	./PRESUPUESTOS ENVIADOS/HOJA DE ENCARGO SANTA TERESA 8 ALCALA SUBVENCION.docx
2022-11-02	66283	./PRESUPUESTOS ENVIADOS/HOJA DE ENCARGO TORRUBIA 4 LEGANES SUBVENCION.docx
2022-11-02	66301	./PRESUPUESTOS ENVIADOS/HOJA DE ENCARGO VALENTINA GARCIA LOPEZ 1 AJALVIR SUBVENCION.docx
2022-11-02	66371	./PRESUPUESTOS ENVIADOS/HOJA DE ENCARGO VALENTINA GARCIA LOPEZ 3 AJALVIR SUBVENCION.docx
2022-11-02	66501	./PRESUPUESTOS ENVIADOS/HOJA DE ENCARGO SIETE OJOS 4 ALCORCON SUBVENCION.docx
2022-11-02	66271	./PRESUPUESTOS ENVIADOS/HOJA DE ENCARGO AV QUINTA 26 MADRID SUBVENCION.docx
2022-11-02	66295	./PRESUPUESTOS ENVIADOS/HOJA DE ENCARGO AV PROVINCIAS 10 FUENLABRADA SUBVENCION.docx
2022-11-02	66329	./PRESUPUESTOS ENVIADOS/HOJA DE ENCARGO AV MEDITERRANEO 79-105 VALDEMORO SUBVENCION.docx
2022-11-02	66301	./PRESUPUESTOS ENVIADOS/HOJA DE ENCARGO BECQUER 19 MOSTOLES SUBVENCION.docx
2022-11-02	66302	./PRESUPUESTOS ENVIADOS/HOJA DE ENCARGO ERAS 9 FUENLABRADA SUBVENCION.docx
2022-11-02	66328	./PRESUPUESTOS ENVIADOS/HOJA DE ENCARGO AV PROVINCIAS 16 FUENLABRADA SUBVENCION.docx
2022-11-02	66336	./PRESUPUESTOS ENVIADOS/HOJA DE ENCARGO FRANCISCO IGLESIAS 15 MADRID SUBVENCION.docx
2022-11-02	66224	./PRESUPUESTOS ENVIADOS/HOJA DE ENCARGO FRANCISCO JAVIER SAUQUILLO 22 FUENLABRADA SUBVENCION.docx
2022-11-02	66217	./PRESUPUESTOS ENVIADOS/HOJA DE ENCARGO LEPANTO 9 SAN LORENZO DEL ESCORIAL SUBVENCION.docx
2022-11-02	66351	./PRESUPUESTOS ENVIADOS/HOJA DE ENCARGO LUIS VIVES 11 ALCALA SUBVENCION.docx
2022-11-02	66373	./PRESUPUESTOS ENVIADOS/HOJA DE ENCARGO MOSTOLES 3 PORTAL 7 FUENLABRADA SUBVENCION.docx
2022-11-02	66374	./PRESUPUESTOS ENVIADOS/HOJA DE ENCARGO PALENCIA 12 FUENLABRADA SUBVENCION.docx
2022-11-02	66392	./PRESUPUESTOS ENVIADOS/HOJA DE ENCARGO PASEO DE LA HAYA 2 FUENLABRADA SUBVENCION.docx
2022-11-02	66385	./PRESUPUESTOS ENVIADOS/HOJA DE ENCARGO PLAZA DE PARIS 5 FUENLABRADA SUBVENCION.docx
2022-11-02	66387	./PRESUPUESTOS ENVIADOS/HOJA DE ENCARGO RAFAEL CALVO 9 MADRID SUBVENCION.docx
2022-11-02	66389	./PRESUPUESTOS ENVIADOS/HOJA DE ENCARGO RIO DUERO 12 LEGANES SUBVENCION.docx
2022-11-02	66411	./PRESUPUESTOS ENVIADOS/HOJA DE ENCARGO VIRGEN DE LAS NIEVES 40 ARANJUEZ SUBVENCION.docx
2022-11-02	66361	./PRESUPUESTOS ENVIADOS/HOJA DE ENCARGO ANDALUCIA 10 FUENLABRADA SUBVENCION.docx
2022-11-02	66371	./PRESUPUESTOS ENVIADOS/HOJA DE ENCARGO ESTADOS 1 FUENLABRADA SUBVENCION.docx
2022-11-02	66364	./PRESUPUESTOS ENVIADOS/HOJA DE ENCARGO MOSTOLES 3 PORTAL 2 FUENLABRADA SUBVENCION.docx
2022-11-02	576253	./PRESUPUESTOS ENVIADOS/HOJA DE ENCARGO MORAÑA 24 LEGANES PRY.docx
2022-11-02	66192	./PRESUPUESTOS ENVIADOS/HOJA DE ENCARGO MORAÑA 24 LEGANES SUBVENCION.docx
2022-11-02	66343	./PRESUPUESTOS ENVIADOS/HOJA DE ENCARGO SAN ANDRES 1 LEGANES SUBVENCION.docx
2022-11-02	66321	./PRESUPUESTOS ENVIADOS/HOJA DE ENCARGO FUENLABRADA 15 ALCORCON SUBVENCION.docx
2022-11-02	66319	./PRESUPUESTOS ENVIADOS/HOJA DE ENCARGO NIZA 2 MOSTOLES SUBVENCION.docx
2022-11-02	66341	./PRESUPUESTOS ENVIADOS/HOJA DE ENCARGO PASEO SAN ANTONIO 3 FUENLABRADA SUBVENCION.docx
2022-11-02	66337	./PRESUPUESTOS ENVIADOS/HOJA DE ENCARGO PELAYOS 11 FUENLABRADA SUBVENCION.docx
2022-11-02	66333	./PRESUPUESTOS ENVIADOS/HOJA DE ENCARGO PERDIZ 5 GETAFE SUBVENCION.docx
2022-11-02	66354	./PRESUPUESTOS ENVIADOS/HOJA DE ENCARGO PLAZA DE LA FLOR 6 LEGANES SUBVENCION.docx
2022-11-02	66366	./PRESUPUESTOS ENVIADOS/HOJA DE ENCARGO PLAZA DE LA INMACULADA 6 LEGANES SUBVENCION.docx
2022-11-02	66366	./PRESUPUESTOS ENVIADOS/HOJA DE ENCARGO POLVORANCA 23 FUENLABRADA SUBVENCION.docx
2022-11-02	66377	./PRESUPUESTOS ENVIADOS/HOJA DE ENCARGO REAL 9 SAN SEBASTIAN DE LOS REYES SUBVENCION.docx
2022-11-02	66369	./PRESUPUESTOS ENVIADOS/HOJA DE ENCARGO SAN CESAREO 2 LEGANES SUBVENCION.docx
2022-11-02	66385	./PRESUPUESTOS ENVIADOS/HOJA DE ENCARGO SEMINARIO 24 LEGANES SUBVENCION.docx
2022-11-03	66291	./PRESUPUESTOS ENVIADOS/HOJA DE ENCARGO BADALONA 48 MADRID SUBVENCION.docx
2022-11-03	66391	./PRESUPUESTOS ENVIADOS/HOJA DE ENCARGO SAN VICENTE 10 LEGANES SUBVENCION.docx
2022-11-03	66399	./PRESUPUESTOS ENVIADOS/HOJA DE ENCARGO FLOR 8 LEGANES SUBVENCION.docx
2022-11-03	66622	./PRESUPUESTOS ENVIADOS/HOJA DE ENCARGO PASEO DE COLON 8 LEGANES SUBVENCION.docx
2022-11-03	66604	./PRESUPUESTOS ENVIADOS/HOJA DE ENCARGO ALEMANIA 11 FUENLABRADA SUBVENCION.docx
2022-11-03	66416	./PRESUPUESTOS ENVIADOS/HOJA DE ENCARGO PASEO DE GRANADA 3 FUENLABRADA SUBVENCION.docx
2022-11-03	66424	./PRESUPUESTOS ENVIADOS/HOJA DE ENCARGO AV JUAN CARLOS I 10 AJALVIR SUBVENCION.docx
2022-11-03	66439	./PRESUPUESTOS ENVIADOS/HOJA DE ENCARGO AV CANILLEJAS A VICALVARO 63 MADRID SUBVENCION.docx
2022-11-03	66432	./PRESUPUESTOS ENVIADOS/HOJA DE ENCARGO ESTEBAN COLLANTES 26 MADRID SUBVENCION.docx
2022-11-03	66433	./PRESUPUESTOS ENVIADOS/HOJA DE ENCARGO NUEVA 2 BOADILLA SUBVENCION.docx
2022-11-03	66610	./PRESUPUESTOS ENVIADOS/HOJA DE ENCARGO TRAVESIA ISABEL II 3 PARLA SUBVENCION.docx
2022-11-04	576286	./PRESUPUESTOS ENVIADOS/HOJA DE ENCARGO TOLEDO 2 ALCORCON.docx
2022-11-04	576307	./PRESUPUESTOS ENVIADOS/HOJA DE ENCARGO SANTA MARIA 30 MADRID.docx
2022-11-10	66467	./PRESUPUESTOS ENVIADOS/HOJA DE ENCARGO GENERAL RICARDOS 92 MADRID SUBV.docx
2022-11-10	576217	./PRESUPUESTOS ENVIADOS/HOJA DE ENCARGO PLAZA DE LAS FLORAS 7 ELGANES.docx
2022-11-10	66366	./PRESUPUESTOS ENVIADOS/HOJA DE ENCARGO BELGRADO 2 TORREJON SUBV.docx
2022-11-10	576063	./PRESUPUESTOS ENVIADOS/HOJA DE ENCARGO LOS URQUIZA 10 MADRID plataforma .docx
2022-11-10	575693	./PRESUPUESTOS ENVIADOS/HOJA DE ENCARGO AV BETANZOS 77 MADRID LIBRO EDIFICIO.docx
2022-11-10	66521	./PRESUPUESTOS ENVIADOS/HOJA DE ENCARGO RAMON GOMEZ DE LA SERNA 121 MADRID SUBV.docx
2022-11-11	576290	./PRESUPUESTOS ENVIADOS/HOJA DE ENCARGO NAZARETH 32 BIS FUENLABRADA RAMPA.docx
2022-11-15	576226	./PRESUPUESTOS ENVIADOS/HOJA DE ENCARGO PLAZA NICARAGUA 3 FUENLABRADA.docx
2022-11-15	67401	./PRESUPUESTOS ENVIADOS/HOJA DE ENCARGO plaza nicaragua 3 fuenlabrada SUBVENCION fijo.docx
2022-11-15	576292	./PRESUPUESTOS ENVIADOS/HOJA DE ENCARGO LEGANES 12 FUENLABRADA.docx
2022-11-15	66109	./PRESUPUESTOS ENVIADOS/HOJA DE ENCARGO paular 5 fuenlabrada SUBVENCION fijo.docx
2022-11-16	576150	./PRESUPUESTOS ENVIADOS/HOJA DE ENCARGO CEFERINO RODRIGUEZ 17 MADRID INFORME VISADO.docx
2022-11-24	65852	./PRESUPUESTOS ENVIADOS/HOJA DE ENCARGO NATALIO TORTUERO 6 AZUQUECA SUBVENCION.docx
2022-11-24	576090	./PRESUPUESTOS ENVIADOS/HOJA DE ENCARGO NATALIO TORTUERO 6 AZUQUECA (2).docx
2022-11-24	65499	./PRESUPUESTOS ENVIADOS/HOJA DE ENCARGO NATALIO TORTUERO 6 AZUQUECA SUBVENCION (2).docx
2022-11-24	576989	./PRESUPUESTOS ENVIADOS/HOJA DE ENCARGO LUIS RUIZ 83 MADRID.docx
2022-11-25	66372	./PRESUPUESTOS ENVIADOS/HOJA DE ENCARGO ISLA MALAITA 5 MADRID SUBV.docx
2022-11-25	66766	./PRESUPUESTOS ENVIADOS/HOJA DE ENCARGO ISLA MALAITA 5 MADRID SUBV (2).docx
2022-11-25	66755	./PRESUPUESTOS ENVIADOS/HOJA DE ENCARGO ISLA MALAITA 5 MADRID SUBV (3).docx
2022-11-28	576389	./PRESUPUESTOS ENVIADOS/HOJA DE ENCARGO VALENCIA 10 GETAFE.docx
2022-12-01	181054	./PRESUPUESTOS ENVIADOS/HOJA DE ENCARGO av. betanzos 74 madrid fain.docx.pdf
2022-12-07	576094	./PRESUPUESTOS ENVIADOS/HOJA DE ENCARGO ALGABA 7 MADRID PRY.docx
2022-12-07	65933	./PRESUPUESTOS ENVIADOS/HOJA DE ENCARGO ALGABA 7 MADRID SUBVENCION NEXT GENERATION.docx
2022-12-13	54826	./PRESUPUESTOS ENVIADOS/HOJA DE ENCARGO SATE ITALIA 35 FUENLABRADA.docx
2022-12-13	54372	./PRESUPUESTOS ENVIADOS/HOJA DE ENCARGO SATE AMPURDAN 12 LEGANES.docx
2022-12-13	576294	./PRESUPUESTOS ENVIADOS/HOJA DE ENCARGO NATALIO TORTUERO 6 AZUQUECA.docx
2022-12-13	53980	./PRESUPUESTOS ENVIADOS/HOJA DE ENCARGO MEMORIA + MEDICIONES SATE ALCARRIA 9 LEGANES.docx
2022-12-13	54014	./PRESUPUESTOS ENVIADOS/HOJA DE ENCARGO MEMORIA + MEDICIONES SATE ALCARRIA 62 LEGANES.docx
2022-12-13	576053	./PRESUPUESTOS ENVIADOS/HOJA DE ENCARGO AVENIDA AMERICA 13 MADRID.docx
2022-12-14	576396	./PRESUPUESTOS ENVIADOS/HOJA DE ENCARGO PLAZA 2 DE MAYO 5 MOSTOLES.docx
2022-12-14	66240	./PRESUPUESTOS ENVIADOS/HOJA DE ENCARGO PLAZA DOS DE MAYO 5 MOSTOLES SUBV.docx
2022-12-15	66282	./PRESUPUESTOS ENVIADOS/HOJA DE ENCARGO REINA 5 MADRID SUBV.docx
2022-12-19	66374	./PRESUPUESTOS ENVIADOS/HOJA DE ENCARGO VALVERDE 36 MADRID PRY.docx
2022-12-21	224262	./PRESUPUESTOS ENVIADOS/HOJA DE ENCARGO OVIEDO 9 MOSTOLES SUBV.docx
2022-12-23	576678	./PRESUPUESTOS ENVIADOS/HOJA DE ENCARGO SUECIA 52 MADRID.docx
2022-12-23	66320	./PRESUPUESTOS ENVIADOS/HOJA DE ENCARGO SANTA MARIA LA BLANCA 3 ALCORCON SUBV.docx
2022-12-23	66167	./PRESUPUESTOS ENVIADOS/HOJA DE ENCARGO SANTA MARIA LA BLANCA 5 ALCORCON SUBV.docx
2023-01-02	66298	./PRESUPUESTOS ENVIADOS/HOJA DE ENCARGO DOCTORA DE ALCALA 5 ALCALA SUBV.docx
2023-01-03	66238	./PRESUPUESTOS ENVIADOS/HOJA DE ENCARGO TOLEDO 2 ALCORCON SUBV.docx
2023-01-03	66387	./PRESUPUESTOS ENVIADOS/HOJA DE ENCARGO IGLESIA 22 ALCORCON SUBV.docx
2023-01-03	66368	./PRESUPUESTOS ENVIADOS/HOJA DE ENCARGO SAN ANDRES 1 FUENLABRADA SUBV.docx
2023-01-04	66261	./PRESUPUESTOS ENVIADOS/HOJA DE ENCARGO CARRION DE LOS CONDES 65 MADRID SUBV.docx
2023-01-12	59680	./PRESUPUESTOS ENVIADOS/HOJA DE ENCARGO ALPUJARRAS 72 LEGANES SATE + FV.docx
2023-01-19	576286	./PRESUPUESTOS ENVIADOS/HOJA DE ENCARGO SAN JOSE 52 LEGANES PRY.docx
2023-01-19	576195	./PRESUPUESTOS ENVIADOS/HOJA DE ENCARGO SAN JUAN 8 LEGANES PRY.docx
2023-01-19	576370	./PRESUPUESTOS ENVIADOS/HOJA DE ENCARGO HUNGRIA 4 FUENLABRADA.docx
2023-01-19	576108	./PRESUPUESTOS ENVIADOS/HOJA DE ENCARGO ISLAS BRITANICAS 26 FUENLABRADA.docx
2023-01-19	66440	./PRESUPUESTOS ENVIADOS/HOJA DE ENCARGO  ISLAS BRITANICAS 26 FUENLABRADA SUBV.docx
2023-01-23	66816	./PRESUPUESTOS ENVIADOS/HOJA DE ENCARGO ESTADOS 18 FUENLABRADA CSS.docx
2023-01-25	66240	./PRESUPUESTOS ENVIADOS/HOJA DE ENCARGO GANDHI 21 MADRID SUBV.docx
2023-01-25	66352	./PRESUPUESTOS ENVIADOS/HOJA DE ENCARGO PADILLA 4 MOSTOLES SUBV.docx
2023-01-25	575903	./PRESUPUESTOS ENVIADOS/HOJA DE ENCARGO PADILLA 4 MOSTOLES PRY.docx
2023-01-26	66474	./PRESUPUESTOS ENVIADOS/HOJA DE ENCARGO comunidad de madrid 9 fuenlabrada SUBVENCION.docx
2023-01-26	576323	./PRESUPUESTOS ENVIADOS/HOJA DE ENCARGO AVDA ESPAÑA 10 FUENLABRADA SATE .docx
2023-01-26	576305	./PRESUPUESTOS ENVIADOS/HOJA DE ENCARGO HUNGRIA 4 FUENLABRADA SATE .docx
2023-01-26	576091	./PRESUPUESTOS ENVIADOS/HOJA DE ENCARGO CALLAO 35 FUENLABRADA SATE .docx
2023-01-26	576255	./PRESUPUESTOS ENVIADOS/HOJA DE ENCARGO CALLAO 27 fUENLABRADA SATE .docx
2023-01-26	576433	./PRESUPUESTOS ENVIADOS/HOJA DE ENCARGO CALLAO 29 fUENLABRADA SATE .docx
2023-01-26	66459	./PRESUPUESTOS ENVIADOS/HOJA DE ENCARGO AVDA ESPAÑA 10 FUENLABRADA SUBV.docx
2023-01-26	66477	./PRESUPUESTOS ENVIADOS/HOJA DE ENCARGO CALLAO 27 FUENLABRADA SUBV.docx
2023-01-26	66507	./PRESUPUESTOS ENVIADOS/HOJA DE ENCARGO CALLAO 29 FUENLABRADA SUBV.docx
2023-01-26	66525	./PRESUPUESTOS ENVIADOS/HOJA DE ENCARGO CALLAO 35 FUENLABRADA SUBV.docx
2023-01-26	66511	./PRESUPUESTOS ENVIADOS/HOJA DE ENCARGO HUNGRIA 4 FUENLABRADA SUBV.docx
2023-01-27	575716	./PRESUPUESTOS ENVIADOS/HOJA DE ENCARGO SIMON HERNANDEZ 76 MOSTOLES RAMPA.docx
2023-01-30	577704	./PRESUPUESTOS ENVIADOS/HOJA DE ENCARGO AVDA NUEVO VERSALLES 236 FUENLABRADA SATE .docx
2023-01-30	577507	./PRESUPUESTOS ENVIADOS/HOJA DE ENCARGO JOAQUIN IBARRA 51 MADRID SATE + FV.docx
2023-01-31	577699	./PRESUPUESTOS ENVIADOS/HOJA DE ENCARGO RECRE0 3 SAN SEBASTIAN DE LOS REYES SATE + FV.docx
2023-01-31	576110	./PRESUPUESTOS ENVIADOS/HOJA DE ENCARGO PRADOLONGUILLO 6 MADRID.docx
2023-01-31	575732	./PRESUPUESTOS ENVIADOS/HOJA DE ENCARGO MONTORO 8 ALCORCON PLATAFORMA.docx
2023-02-01	231768	./PRESUPUESTOS ENVIADOS/hoja de encargo MADRID 38 Y 40 HUMANES proyecto y css.docx
2023-02-01	577556	./PRESUPUESTOS ENVIADOS/HOJA DE ENCARGO SAHARA 83 MADRID .docx
2023-02-01	579060	./PRESUPUESTOS ENVIADOS/HOJA DE ENCARGO PANADES 12 LEGANES.docx
2023-02-01	143670	./PRESUPUESTOS ENVIADOS/HOJA DE ENCARGO ANDALUCIA 10 FUENLABRADA SUBVENCION.pdf
2023-02-01	143690	./PRESUPUESTOS ENVIADOS/HOJA DE ENCARGO ESTADOS 1 FUENLABRADA SUBVENCION.pdf
2023-02-01	145087	./PRESUPUESTOS ENVIADOS/HOJA DE ENCARGO NAZARETH 32 BIS FUENLABRADA SUBVENCION.pdf
2023-02-01	69546	./PRESUPUESTOS ENVIADOS/HOJA DE ENCARGO NAZARETH 32 BIS FUENLABRADA RAMPA.pdf
2023-02-01	66303	./PRESUPUESTOS ENVIADOS/HOJA DE ENCARGONAZARETH 32 BIS FUENLABRADA SUBVENCION.docx
2023-02-01	115366	./PRESUPUESTOS ENVIADOS/HOJA DE ENCARGONAZARETH 32 BIS FUENLABRADA SUBVENCION.pdf
2023-02-01	576101	./PRESUPUESTOS ENVIADOS/HOJA DE ENCARGO SANDALIO LOPEZ 19 MADRID SATE.docx
2023-02-01	577782	./PRESUPUESTOS ENVIADOS/HOJA DE ENCARGO PEDROCHES 34 LEGANES SATE .docx
2023-02-02	577399	./PRESUPUESTOS ENVIADOS/HOJA DE ENCARGO PINTOR VELAZQUEZ 65 MOSTOLES.docx
2023-02-02	66507	./PRESUPUESTOS ENVIADOS/HOJA DE ENCARGO POZUELO 19 FUENLABRADA SUBV.docx
2023-02-02	66346	./PRESUPUESTOS ENVIADOS/HOJA DE ENCARGO PASEO DEL OLIMPO 16 FUENLABRADA SUBV.docx
2023-02-02	66358	./PRESUPUESTOS ENVIADOS/HOJA DE ENCARGO HUMILLADERO 5 FUENLABRADA SUBV.docx
2023-02-02	66566	./PRESUPUESTOS ENVIADOS/HOJA DE ENCARGO PASEO DE SAN ANTONIO 3 FUENLABRADA SUBV.docx
2023-02-02	66563	./PRESUPUESTOS ENVIADOS/HOJA DE ENCARGO PELAYOS 11 FUENLABRADA SUBV.docx
2023-02-02	66579	./PRESUPUESTOS ENVIADOS/HOJA DE ENCARGO SAN ANDRES 5 FUENLABRADA SUBV.docx
2023-02-02	66391	./PRESUPUESTOS ENVIADOS/HOJA DE ENCARGO HOLANDA 11 FUENLABRADA SUBV.docx
2023-02-02	66633	./PRESUPUESTOS ENVIADOS/HOJA DE ENCARGO HUMERA 2 FUENLABRADA SUBV.docx
2023-02-02	66533	./PRESUPUESTOS ENVIADOS/HOJA DE ENCARGO HUMERA 27 FUENLABRADA SUBV.docx
2023-02-02	66653	./PRESUPUESTOS ENVIADOS/HOJA DE ENCARGO ISLANDIA 2 FUENLABRADA SUBV.docx
2023-02-02	66665	./PRESUPUESTOS ENVIADOS/HOJA DE ENCARGO VILLALBA 9 FUENLABRADA SUBV.docx
2023-02-02	66464	./PRESUPUESTOS ENVIADOS/HOJA DE ENCARGO NACIONES 22 FUENLABRADA SUBV.docx
2023-02-02	66692	./PRESUPUESTOS ENVIADOS/HOJA DE ENCARGO SAN JOAQUIN 19 FUENLABRADA SUBV.docx
2023-02-02	66695	./PRESUPUESTOS ENVIADOS/HOJA DE ENCARGO LAS NIEVES 5 FUENLABRADA SUBV.docx
2023-02-02	66708	./PRESUPUESTOS ENVIADOS/HOJA DE ENCARGO FRANCIA 15 FUENLABRADA SUBV.docx
2023-02-02	66519	./PRESUPUESTOS ENVIADOS/HOJA DE ENCARGO MOSTOLES 3 PORTAL 5 FUENLABRADA SUBV.docx
2023-02-02	66741	./PRESUPUESTOS ENVIADOS/HOJA DE ENCARGO PASEO DE SAN ANTONIO 5 FUENLABRADA SUBV.docx
2023-02-02	66744	./PRESUPUESTOS ENVIADOS/HOJA DE ENCARGO POZUELO 17 FUENLABRADA SUBV.docx
2023-02-02	66550	./PRESUPUESTOS ENVIADOS/HOJA DE ENCARGO VILLAVICIOSA DE ODON 8 FUENLABRADA SUBV.docx
2023-02-02	66553	./PRESUPUESTOS ENVIADOS/HOJA DE ENCARGO ESTACION 1 FUENLABRADA SUBV.docx
2023-02-02	66567	./PRESUPUESTOS ENVIADOS/HOJA DE ENCARGO HUMERA 23 FUENLABRADA SUBV.docx
2023-02-02	66792	./PRESUPUESTOS ENVIADOS/HOJA DE ENCARGO LEGANES 27 FUENLABRADA SUBV.docx
2023-02-02	66814	./PRESUPUESTOS ENVIADOS/HOJA DE ENCARGO MOSTOLES 3 PORTAL 8 FUENLABRADA SUBV.docx
2023-02-02	66613	./PRESUPUESTOS ENVIADOS/HOJA DE ENCARGO VILLALBA 3 FUENLABRADA SUBV.docx
2023-02-02	66623	./PRESUPUESTOS ENVIADOS/HOJA DE ENCARGO POZUELO 21 FUENLABRADA SUBV.docx
2023-02-02	66641	./PRESUPUESTOS ENVIADOS/HOJA DE ENCARGO PLAZA DE PARIS 3 FUENLABRADA SUBV.docx
2023-02-02	66860	./PRESUPUESTOS ENVIADOS/HOJA DE ENCARGO SAN JOAQUIN 24 FUENLABRADA SUBV.docx
2023-02-02	66866	./PRESUPUESTOS ENVIADOS/HOJA DE ENCARGO AUSTRIA 7 FUENLABRADA SUBV.docx
2023-02-02	66880	./PRESUPUESTOS ENVIADOS/HOJA DE ENCARGO MOSTOLES 3 PORTAL 2 FUENLABRADA SUBV.docx
2023-02-02	66698	./PRESUPUESTOS ENVIADOS/HOJA DE ENCARGO MOSTOLES 3 PORTAL 3 FUENLABRADA SUBV.docx
2023-02-02	66680	./PRESUPUESTOS ENVIADOS/HOJA DE ENCARGO SAN JOSE 9 FUENLABRADA SUBV.docx
2023-02-02	66688	./PRESUPUESTOS ENVIADOS/HOJA DE ENCARGO VILLALBA 7 FUENLABRADA SUBV.docx
2023-02-02	66925	./PRESUPUESTOS ENVIADOS/HOJA DE ENCARGO PLAZA DE PARIS 5 FUENLABRADA SUBV.docx
2023-02-02	66731	./PRESUPUESTOS ENVIADOS/HOJA DE ENCARGO PLAZA DE PARIS 8 FUENLABRADA SUBV.docx
2023-02-02	66717	./PRESUPUESTOS ENVIADOS/HOJA DE ENCARGO AUSTRIA 9 FUENLABRADA SUBV.docx
2023-02-02	66729	./PRESUPUESTOS ENVIADOS/HOJA DE ENCARGO VILLALBA 5 FUENLABRADA SUBV.docx
2023-02-02	66760	./PRESUPUESTOS ENVIADOS/HOJA DE ENCARGO MOSTOLES 3 PORTAL 7 FUENLABRADA SUBV.docx
2023-02-02	66981	./PRESUPUESTOS ENVIADOS/HOJA DE ENCARGO ISLAS BRITANICAS 26 FUENLABRADA SUBV.docx
2023-02-06	232928	./PRESUPUESTOS ENVIADOS/HOJA DE ENCARGO HUNGRIA 4 FUENLABRADA asc + sate + subvencion.docx
2023-02-07	224303	./PRESUPUESTOS ENVIADOS/HOJA DE ENCARGO SORIA 3 MOSTOLES asc + sate.docx
2023-02-07	29389	./PRESUPUESTOS ENVIADOS/HOJA DE ENCARGO deflexiones MANRESA 21 MADRID.docx
2023-02-07	63868	./PRESUPUESTOS ENVIADOS/HOJA DE ENCARGO deflexiones MANRESA 23 MADRID.docx
2023-02-07	224891	./PRESUPUESTOS ENVIADOS/HOJA DE ENCARGO SORIA 3 MOSTOLES subvencion.docx
2023-02-10	224285	./PRESUPUESTOS ENVIADOS/HOJA DE ENCARGO SANTA TECLA 46 MADRID subvencion.docx
2023-02-14	224082	./PRESUPUESTOS ENVIADOS/HOJA DE ENCARGO madrid 2 colmenar viejo fain.docx
2023-02-16	66505	./PRESUPUESTOS ENVIADOS/HOJA DE ENCARGO ginzo de limia 29 madrid elevador vertical.docx
2023-02-20	78152	./PRESUPUESTOS ENVIADOS/HOJA DE ENCARGO COMUNIDAD DE MADRID 9 FUENLABRADA.docx
2023-02-27	80744	./PRESUPUESTOS ENVIADOS/HOJA DE ENCARGO ITALIA 35 FUENLABRADA.docx
2023-03-12	83584	./PRESUPUESTOS ENVIADOS/HOJA DE ENCARGO PALOMARES 75 77 79 MADRID.docx
2023-03-13	66474	./PRESUPUESTOS ENVIADOS/HOJA DE ENCARGO españoleto 5 mostoles plataforma fain.docx
2023-03-13	572548	./PRESUPUESTOS ENVIADOS/HOJA DE ENCARGO RIO GUADALQUIVIR 10 LEGANES.docx
2023-03-15	577675	./PRESUPUESTOS ENVIADOS/HOJA DE ENCARGO MANRESA 33-35 MADRID .docx
2023-03-20	71391	./PRESUPUESTOS ENVIADOS/HOJA DE ENCARGO SAN CESAREO 3 LEGANES.docx
2023-03-20	71418	./PRESUPUESTOS ENVIADOS/HOJA DE ENCARGO RIOJA 57 LEGANES.docx
2023-03-20	80466	./PRESUPUESTOS ENVIADOS/HOJA DE ENCARGO NARVAEZ 33 MADRID.docx
2023-03-20	80513	./PRESUPUESTOS ENVIADOS/HOJA DE ENCARGO SAN DACIO 36 MADRID.docx
2023-03-21	81352	./PRESUPUESTOS ENVIADOS/HOJA DE ENCARGO HUNGRIA 4 FUENLABRADA (SUBVENCIONADO).docx
2023-03-22	572725	./PRESUPUESTOS ENVIADOS/HOJA DE ENCARGO ILIADA 39 MADRID.docx
2023-03-23	54112	./PRESUPUESTOS ENVIADOS/HOJA DE ENCARGO MEMORIA + MEDICIONES SATE CALLAO 35 FUENLABRADA.docx
2023-03-23	81373	./PRESUPUESTOS ENVIADOS/HOJA DE ENCARGO HUNGRIA 4 FUENLABRADA .docx
2023-03-23	80607	./PRESUPUESTOS ENVIADOS/HOJA DE ENCARGO CALLAO 4 MOSTOLES.docx
2023-03-23	81106	./PRESUPUESTOS ENVIADOS/HOJA DE ENCARGO BALEARES 34 MOSTOLES.docx
2023-03-23	84170	./PRESUPUESTOS ENVIADOS/HOJA DE ENCARGO BADALONA 33, 35 Y 37 MADRID.docx
2023-03-23	66315	./PRESUPUESTOS ENVIADOS/HOJA DE ENCARGO fatima 6 fuenlabrada SUBV.docx
2023-03-23	66432	./PRESUPUESTOS ENVIADOS/HOJA DE ENCARGO VALENCIA 10 GETAFE SUBVENCION.docx
2023-03-23	66178	./PRESUPUESTOS ENVIADOS/HOJA DE ENCARGO AV ESPAÑA 33 GETAFE SUBVENCION.docx
2023-03-27	572777	./PRESUPUESTOS ENVIADOS/HOJA DE ENCARGO EMILIO CASTELAR 4 ALCALA.docx
2023-03-27	66880	./PRESUPUESTOS ENVIADOS/HOJA DE ENCARGO EMILIO CASTELAR 4 ALCALA SUBV.docx
2023-03-27	80621	./PRESUPUESTOS ENVIADOS/HOJA DE ENCARGO SAN ROQUE 18 GUADALAJARA.docx
2023-03-29	80517	./PRESUPUESTOS ENVIADOS/HOJA DE ENCARGO ALMONACID 7 MADRID.docx
2023-03-29	572664	./PRESUPUESTOS ENVIADOS/HOJA DE ENCARGO BATALLA DE BRUNETE 11 LEGANES.docx
2023-03-29	572817	./PRESUPUESTOS ENVIADOS/HOJA DE ENCARGO BATALLA DE BRUNETE 12 LEGANES.docx
2023-04-03	81500	./PRESUPUESTOS ENVIADOS/HOJA DE ENCARGO CASTILLA LA VIEJA 8 FUENLABRADA.docx
2023-04-10	80552	./PRESUPUESTOS ENVIADOS/HOJA DE ENCARGO ITALIA 11 FUENLABRADA .docx
2023-04-10	80685	./PRESUPUESTOS ENVIADOS/HOJA DE ENCARGO CARPETANA 143 MADRID.docx
2023-04-15	80897	./PRESUPUESTOS ENVIADOS/HOJA DE ENCARGO CASTELLON 1 MOSTOLES.docx
2023-04-15	80356	./PRESUPUESTOS ENVIADOS/HOJA DE ENCARGO BARBERAN Y COLLAR 48 ALCALA DE HENARES.docx
2023-04-16	55791	./PRESUPUESTOS ENVIADOS/HOJA DE ENCARGO VALLE DE TOBALINA 46 MADRID (1).docx
2023-04-16	141640	./PRESUPUESTOS ENVIADOS/HOJA DE ENCARGO VALLE DE TOBALINA 46 MADRID.pdf
2023-04-17	68079	./PRESUPUESTOS ENVIADOS/HOJA DE ENCARGO ITALIA 11 FUENLABRADA subv.docx
2023-04-19	576212	./PRESUPUESTOS ENVIADOS/HOJA DE ENCARGO GARAJES MAR MEDITERRANEO 79-109 VALDEMORO IEE.docx
2025-04-29	220380	./PRESUPUESTOS ENVIADOS/LUIS PANDO 5 MADRID HOJA DE ENCARGO ASCENSOR 29-04-2025.docx
2025-04-29	193	./PRESUPUESTOS ENVIADOS/LUIS PANDO 5 MADRID HOJA ENCARGO SUBVENCION fijo pry propio 29-04-2025.gdoc
2025-04-29	193	./PRESUPUESTOS ENVIADOS/AV FUENLABRADA 109 LEGANES HOJA ENCARGO SUBVENCION fijo pry propio 29-04-2025.gdoc
2025-04-29	220356	./PRESUPUESTOS ENVIADOS/AV FUENLABRADA 109 LEGANES HOJA DE ENCARGO ASCENSOR 29-04-2025.docx
2025-04-29	220323	./PRESUPUESTOS ENVIADOS/GUADALAJARA 6 MOSTOLES HOJA DE ENCARGO ASCENSOR 29-04-2025.docx
2025-04-29	193	./PRESUPUESTOS ENVIADOS/GUADALAJRA 6 MOSTOLES HOJA ENCARGO SUBVENCION fijo pry propio 29-04-2025.gdoc
2025-04-30	193	./PRESUPUESTOS ENVIADOS/ALCALA 308 MADRID HOJA ENCARGO SUBVENCION fijo pry propio 30-04-2025.gdoc
2025-04-30	207524	./PRESUPUESTOS ENVIADOS/ALCALA 308 MADRID HE plataforma vertical 30-04-2025.docx
2025-05-12	1127844	./PRESUPUESTOS ENVIADOS/PEZ 11 MADRID HOJA ENCARGO RENOVACION SUBV fijo pry propio 12-05-2025.docx
2025-05-07	220435	./PRESUPUESTOS ENVIADOS/AV FERROCARRIL 17 AZUQUECA DE HENARES HOJA DE ENCARGO ASCENSOR 30-04-2025.docx
2025-04-30	88343	./PRESUPUESTOS ENVIADOS/GUADALAJRA 6 MOSTOLES INFORME DE VIABILIDAD.pdf
2025-04-30	92415	./PRESUPUESTOS ENVIADOS/LUIS PANDO 5 MADRID INFORME DE VIABILIDAD.pdf
2025-04-30	193	./PRESUPUESTOS ENVIADOS/AV FERROCARRIL 17 AZUQUECA DE HENARES HOJA ENCARGO SUBVENCION fijo pry propio 30-04-2025.gdoc
2025-04-30	220447	./PRESUPUESTOS ENVIADOS/MONTES DE TOLEDO 3 MADRID HOJA DE ENCARGO ASCENSOR 30-04-2025.docx
2025-04-30	193	./PRESUPUESTOS ENVIADOS/MONTES DE TOLEDO 3 MADRID HOJA ENCARGO SUBVENCION fijo pry propio 30-04-2025.gdoc
2025-04-30	95204	./PRESUPUESTOS ENVIADOS/AV FERROCARRIL 17 AZUQUECA DE HENARES INFORME DE VIABILIDAD .pdf
2025-04-30	91417	./PRESUPUESTOS ENVIADOS/AV FUENLABRADA 109 LEGANES INFORME DE VIABILIDAD .pdf
2025-04-30	95206	./PRESUPUESTOS ENVIADOS/MONTES DE TOLEDO 3 MADRID INFORME DE VIABILIDAD.pdf
2025-05-05	4105891	./PRESUPUESTOS ENVIADOS/AV MARQUES DE CORBERA 32B MADRID HE ASCENSOR Y SUBV 05-05-2025.docx
2025-05-07	48382	./PRESUPUESTOS ENVIADOS/ARGANDA 4 MADRID SATE 7-05-2025 ELECNOR.docx
2025-05-14	220464	./PRESUPUESTOS ENVIADOS/ANTONIO GRILO 12 MADRID HOJA DE ENCARGO ASCENSOR 07-05-2025.docx
2025-05-07	54162	./PRESUPUESTOS ENVIADOS/NAVAS DE TOLOSA 8 LEGANES SATE CON CESION CAES 7-05-2025 ROEN.docx
2025-05-07	51021	./PRESUPUESTOS ENVIADOS/AV DE LA MANCHA 18 LEGANES SATE 7-05-2025 ROEN.docx
2025-05-07	193	./PRESUPUESTOS ENVIADOS/ANTONIO GRILO 12 MADRID HOJA ENCARGO SUBVENCION fijo pry propio 07-05-2025.gdoc
2025-05-08	3272352	./PRESUPUESTOS ENVIADOS/ISTURIZ 11 MADRID ESTUDIO DE COSTES  SATE 8-05-2025.docx
2025-05-22	233798	./PRESUPUESTOS ENVIADOS/ISTURIZ 11  MADRID SATE CON CESION CAES 22-05-2025 .docx
2025-05-09	193	./PRESUPUESTOS ENVIADOS/AVE REGIONES 6 FUENLABRADA  HOJA ENCARGO SUBVENCION fijo pry propio 09-05-2025.gdoc
2025-05-12	150289	./PRESUPUESTOS ENVIADOS/GUADARRAMA 26 MADRID HOJA ENCARGO RENOVACION SUBV fijo pry propio 12-05-2025.docx.pdf
2025-05-14	207521	./PRESUPUESTOS ENVIADOS/CASTELLO 106 MADRID HE plataforma vertical  13-05-2025.docx
2025-05-13	193	./PRESUPUESTOS ENVIADOS/VIEJA DE PINTO 13 MADRID HOJA ENCARGO SUBVENCION fijo pry propio 13-05-2025.gdoc
2025-05-14	220546	./PRESUPUESTOS ENVIADOS/VIEJA DE PINTO 13 MADRID HOJA DE ENCARGO ASCENSOR 13-05-2025.docx
2025-05-13	193	./PRESUPUESTOS ENVIADOS/CASTELLO 106 MADRID HOJA ENCARGO SUBVENCION fijo pry propio 13-05-2025.gdoc
2025-05-14	220479	./PRESUPUESTOS ENVIADOS/REPULLES Y VARGAS 7 MADRID HOJA DE ENCARGO ASCENSOR 13-05-2025.docx
2025-05-13	193	./PRESUPUESTOS ENVIADOS/REPULLES Y VARGAS 7 MADRID HOJA ENCARGO SUBVENCION fijo pry propio 13-05-2025.gdoc
2025-05-14	98374	./PRESUPUESTOS ENVIADOS/VIEJA DE PINTO 13 MADRID 13-05-2025 INFORME DE VIABILIDAD .pdf
2025-05-14	91757	./PRESUPUESTOS ENVIADOS/SANTA EDUVIGIS 9 INFORME DE VIABILIDAD modificado.pdf
2025-05-14	92004	./PRESUPUESTOS ENVIADOS/CASTELLO 106 MADRID 13-05-2025INFORME DE VIABILIDAD .pdf
2025-05-19	193	./PRESUPUESTOS ENVIADOS/PLAZA PARVILLAS 1 MADRID HE RENOVACION SUBV fijo pry propio 19-05-2025.gdoc
2025-05-19	193	./PRESUPUESTOS ENVIADOS/PASEO SAN ILLAN 5 MADRID HE RENOVACION SUBV fijo pry propio 19-05-2025.gdoc
2025-05-19	193	./PRESUPUESTOS ENVIADOS/HUERTA DE VILLAVERDE 9 MADRID HE RENOVACION SUBV fijo pry propio 19-05-2025.gdoc
2025-05-19	193	./PRESUPUESTOS ENVIADOS/GOMEZNARRO 233 MADRID HE RENOVACION SUBV fijo pry propio 19-05-2025.gdoc
2025-05-19	193	./PRESUPUESTOS ENVIADOS/HERMANOS MACHADO 5 MADRID HE RENOVACION SUBV fijo pry propio 19-05-2025.gdoc
2025-05-19	193	./PRESUPUESTOS ENVIADOS/ENCISO 1 MADRID HE RENOVACION SUBV fijo pry propio 19-05-2025.gdoc
2025-05-19	193	./PRESUPUESTOS ENVIADOS/CADALSO DE LOS VIDRIOS 2  MADRID HE RENOVACION SUBV fijo pry propio 19-05-2025.gdoc
2025-05-19	193	./PRESUPUESTOS ENVIADOS/AV CARABANCHEL ALTO 16 MADRID HE RENOVACION SUBV fijo pry propio 19-05-2025.gdoc
2025-05-19	193	./PRESUPUESTOS ENVIADOS/AV CANILLEJAS A VICALVARO 63 MADRID HE RENOVACION SUBV fijo pry propio 19-05-2025.gdoc
2025-05-21	220682	./PRESUPUESTOS ENVIADOS/AVENIDA REGIONES 4 FUENLABRADA HOJA DE ENCARGO ASCENSOR 20-05-2025.docx
2025-05-20	193	./PRESUPUESTOS ENVIADOS/AVENIDA REGIONES 4 FUENLABRADA HOJA ENCARGO SUBVENCION fijo pry propio 20-05-2025.gdoc
2025-05-19	48650	./PRESUPUESTOS ENVIADOS/CARRERO JUAN RAMON 35 MADRID SATE 19-05-2025 ELECNOR.docx
2025-05-21	92869	./PRESUPUESTOS ENVIADOS/Avenida Regiones 4 Fuenlabrada 20-05-2025-INFORME DE VIABILIDAD.pdf
2025-05-21	89415	./PRESUPUESTOS ENVIADOS/CALLAO 44 FUENLABRADA 21-05-2025 INFORME DE VIABILIDAD .pdf
2025-05-21	193	./PRESUPUESTOS ENVIADOS/CALLAO 44 FUENLABRADA HOJA ENCARGO SUBVENCION fijo pry propio 21-05-2025.gdoc
2025-05-21	220278	./PRESUPUESTOS ENVIADOS/CALLAO 44 FUENLABRADA HOJA DE ENCARGO  21-05-2025.docx
2025-05-21	30455	./PRESUPUESTOS ENVIADOS/CASTILLA LA VIEJA 8 FUENLABRADA CSS 21-05-2025.docx
2025-05-22	53922	./PRESUPUESTOS ENVIADOS/VIRGEN DE ARANZAZU 23 MADRID SATE CON CESION CAES 22-05-2025 .docx
2025-05-22	54037	./PRESUPUESTOS ENVIADOS/FUENTEBELLA 27 PARLA SATE CON CESION CAES 22-05-2025 .docx
2025-05-23	30504	./PRESUPUESTOS ENVIADOS/SANTA MARIA DE LA CABEZA 27 DO y CSS 23-05-2025.docx
2025-10-15	225258	./PRESUPUESTOS ENVIADOS/JUAN TORNERO 62 HE ELEVADOR IBERLEAN 15-10-2025.docx
2025-05-26	220348	./PRESUPUESTOS ENVIADOS/ARTURO SORIA 54-56 MADRID HOJA DE ENCARGO PROYECTO  26-05-2025.docx
2025-05-26	193	./PRESUPUESTOS ENVIADOS/ARTURO SORIA 54-56 MADRID HOJA ENCARGO SUBVENCION 26-05-2025.gdoc
2025-05-26	86564	./PRESUPUESTOS ENVIADOS/ARTURO SORIA 54-56  INFORME DE VIABILIDAD 26-05-2025 .pdf
2025-05-26	193	./PRESUPUESTOS ENVIADOS/VALLADOLID 11 ALCOBENDAS HOJA ENCARGO SUBVENCION 26-05-2025.gdoc
2025-05-26	220361	./PRESUPUESTOS ENVIADOS/VALLADOLID 11 ALCOBENDAS  HOJA DE ENCARGO PROYECTO  26-05-2025.docx
2025-05-26	90887	./PRESUPUESTOS ENVIADOS/VALLADOLID 11 ALCOBENDAS INFORME DE VIABILIDAD 26-05-2025.pdf
2025-05-26	220355	./PRESUPUESTOS ENVIADOS/CALLE AÑO 1492 No 6 SAN SEBASTIAN DE LOS REYES HOJA DE ENCARGO PROYECTO  26-05-2025.docx
2025-05-26	193	./PRESUPUESTOS ENVIADOS/CALLE AÑO 1492 No 6 SAN SEBASTIAN DE LOS REYES HOJA ENCARGO SUBVENCION 26-05-2025.gdoc
2025-05-26	96794	./PRESUPUESTOS ENVIADOS/CALLE AÑO 1492 No 6 SAN SEBASTIAN DE LOS REYES INFORME DE VIABILIDAD 26-05-2025.pdf
2025-05-29	193	./PRESUPUESTOS ENVIADOS/CANARIAS 8 FUENLABRADA HOJA ENCARGO SUBVENCION 29-05-2025.gdoc
2025-05-28	177959	./PRESUPUESTOS ENVIADOS/JULIAN BESTEIRO 15 HOJA DE ENCARGO DE PROYECYO 27-05-2025.pdf
2025-06-06	193	./PRESUPUESTOS ENVIADOS/JULIAN BESTEIRO 15 HOJA DE ENCARGO DE PROYECYO 27-05-2025.gdoc
2025-05-29	220850	./PRESUPUESTOS ENVIADOS/ODONNELL 35 MADRID HOJA DE ENCARGO PROYECTO  29-05-2025.docx
2025-05-28	193	./PRESUPUESTOS ENVIADOS/ODONNELL 35 MADRID HOJA ENCARGO SUBVENCION 28-05-2025.gdoc
2025-05-28	193	./PRESUPUESTOS ENVIADOS/SEPULVEDA 26 MADRID HOJA ENCARGO SUBVENCION 28-05-2025.gdoc
2025-05-28	220480	./PRESUPUESTOS ENVIADOS/SEPULVEDA 26 MADRID HOJA DE ENCARGO PROYECTO  28-05-2025.docx
2025-05-29	48640	./PRESUPUESTOS ENVIADOS/FRANCIA 25 FUENLABRADA SATE + CUBIERTA 29-05-2025 ELECNOR.docx
2025-05-30	219793	./PRESUPUESTOS ENVIADOS/CALLAO 31 FUENLABRADA NEXT GEN PPTO DESGLOSADO.docx
2025-06-02	30474	./PRESUPUESTOS ENVIADOS/ALEMANIA 6 FUENLABRADA CSS 02-06-2025.docx
2025-06-02	193	./PRESUPUESTOS ENVIADOS/VIRGEN DE LLUC 140 MADRID SUBVENCION 02-06-2025.gdoc
2025-06-03	30482	./PRESUPUESTOS ENVIADOS/FRANCIA 7  FUENLABRADA CSS  03-06-2025.docx
2025-06-04	21760	./PRESUPUESTOS ENVIADOS/SIENA 55 MADIRD ascensor PRY+CSS.docx
2025-06-04	21729	./PRESUPUESTOS ENVIADOS/ENCOMIENDA DE PALACIOS 320 MADRID ascensor PRY+CSS.docx
2025-06-11	3227831	./PRESUPUESTOS ENVIADOS/PRUEBA PARA CARLOS SATE SUBV CON CESION CAES 12-03-2025.docx
2025-06-16	55076	./PRESUPUESTOS ENVIADOS/VILLAJOYOSA 67 MADRID SATE CON CESION CAES 13-06-2025.docx
2025-06-23	32673	./PRESUPUESTOS ENVIADOS/GALICIA 7 LEGANES MODIFICADA HOJA DE ENCARGO PROYECTO  17-06-2025.docx
2025-06-20	251383	./PRESUPUESTOS ENVIADOS/HOJA DE ENCARGO SAN BASILIO 9 MADRID 12-02-2025 corregida.pdf
2025-06-20	267079	./PRESUPUESTOS ENVIADOS/SAN BASILIO 9 MADRID HOJA ENCARGO modelo SUBVENCION fijo pry propio corregido.pdf
2026-05-05	57469	./PRESUPUESTOS ENVIADOS/RIBADESELLA 16 MADRID  ASCENSOR Y SUBVENCION 5 MAYO 2026.docx
2026-05-05	328533	./PRESUPUESTOS ENVIADOS/RIBADESELLA 16 MADRID  ASCENSOR Y SUBVENCION 5 MAYO 2026.pdf
2026-06-24	690452	./PRESUPUESTOS ENVIADOS/DE RAUL CEREZO VALMOJADO 145_SOTO.pdf
2026-07-15	227592	./PRESUPUESTOS ENVIADOS/MIGUEL SERVET 13 MADRID15-07-26 INFORME DE VIABILIDAD .pdf
2026-07-15	220636	./PRESUPUESTOS ENVIADOS/MESON DE PAREDES 80 MADRID 15-07-26 INFORME DE VIABILIDAD F .pdf
2022-06-06	575446	./PROPUESTA DE HONORARIOS PROYECTO ASCENSOR - OTIS- ACCESALIA.docx
2022-06-27	64909	./HOJA DE ENCARGO modelo MEMORIA VALORADA.docx
2022-09-13	575959	./PROPUESTA DE HONORARIOS PROYECTO ASCENSOR - ACCESALIA.docx
2022-02-14	576088	./HOJAS DE ENCARGO NO ENVIADAS POR CAMBIOS ETC/HOJA DE ENCARGO RAMPA PDTE DIRECCION.docx
2022-06-29	30076	./HOJAS DE ENCARGO NO ENVIADAS POR CAMBIOS ETC/HOJA DE ENCARGO general ricardos 92 SUBVENCION.docx
2022-09-08	30194	./HOJAS DE ENCARGO NO ENVIADAS POR CAMBIOS ETC/HOJA DE ENCARGO avda albufera 250 madrid SUBVENCION NEXT GENERATION.docx
2022-09-20	53717	./HOJAS DE ENCARGO NO ENVIADAS POR CAMBIOS ETC/HOJA DE ENCARGO ASCENSOR ESCRIBANOS 5 MADRID.docx
2022-09-20	576194	./HOJAS DE ENCARGO NO ENVIADAS POR CAMBIOS ETC/HOJA DE ENCARGO FRAY MELCHOR EL CANO 22 LEGANES (no enviada).docx
2022-09-22	66100	./HOJAS DE ENCARGO NO ENVIADAS POR CAMBIOS ETC/HOJA DE ENCARGO ANDALUCIA 10 FUENLABRADA SUBVENCION .docx
2022-09-22	66333	./HOJAS DE ENCARGO NO ENVIADAS POR CAMBIOS ETC/HOJA DE ENCARGO POLVORANCA 23 FUENLABRADA SUBVENCION.docx
2022-11-02	66299	./HOJAS DE ENCARGO NO ENVIADAS POR CAMBIOS ETC/HOJA DE ENCARGO TRAVESIA INFANTA MERCEDES 4 MADRID SUBVENCION.docx
2023-02-27	80331	./HOJAS DE ENCARGO NO ENVIADAS POR CAMBIOS ETC/HOJA DE ENCARGO PINTOR VELAZQUEZ 65 MOSTOLES.docx
2022-09-20	576117	./ESTIMACIONES PRECIOS OBRA/ESTIMACION PRESUPUESTO OBRA PALOMARES 75 77  Y 79 MADRID.docx
2022-09-20	575762	./ESTIMACIONES PRECIOS OBRA/ESTIMACION PRESUPUESTO OBRA ESCRIBANOS 5 MADRID.docx
2023-01-30	576925	./ESTIMACIONES PRECIOS OBRA/ESTIMACION PRESUPUESTO CALLE CARRIL DE LAS CHARCAS 18 SEVILLA LA NUEVA.docx
2022-11-11	70021	./PROPUESTA SATE + AEROTERMIA.docx
2022-02-17	572519	./PRESUPUESTOS MODELOS/HOJA DE ENCARGO modelo PROYECTO SATE IBAI.docx
2022-03-07	572650	./PRESUPUESTOS MODELOS/HOJA DE ENCARGO modelo PROYECTO ASCENSOR IBAI.docx
2022-04-25	575782	./PRESUPUESTOS MODELOS/HOJA DE ENCARGO modelo PROYECTO bajada a cota cero.docx
2022-05-10	575735	./PRESUPUESTOS MODELOS/HOJA DE ENCARGO modelo a exito fain  SUBV .docx
2022-05-10	576050	./PRESUPUESTOS MODELOS/HOJA DE ENCARGO modelo fijo + a exito elecnor SUBV .docx
2022-05-26	36984	./PRESUPUESTOS MODELOS/HOJA DE ENCARGO modelo solo fin de obra.docx
2022-06-06	575915	./PRESUPUESTOS MODELOS/HOJA DE ENCARGO modelo PROYECTO.docx
2022-08-25	65452	./PRESUPUESTOS MODELOS/HOJA DE ENCARGO modelo MEMORIA VALORADA para José Manuel.docx
2022-09-15	34333	./PRESUPUESTOS MODELOS/HOJA DE ENCARGO SATE FIJO + VARIABLE.docx
2022-10-17	66076	./PRESUPUESTOS MODELOS/HOJA DE ENCARGO modelo SUBVENCION variable.docx
2022-10-18	65721	./PRESUPUESTOS MODELOS/HOJA DE ENCARGO modelo SUBVENCION NEXT GENERATION.docx
2022-12-01	37415	./PRESUPUESTOS MODELOS/HOJA DE ENCARGO MODELO PROYECTO fain.docx
2023-02-07	29389	./PRESUPUESTOS MODELOS/HOJA DE ENCARGO modelo deflexiones otros autores FAIN.docx
2025-03-21	1127931	./PRESUPUESTOS MODELOS/SUBVENCIONES/Accesibilidad/HOJA ENCARGO JARAMA 24 ALCOBENDAS SUBVENCION fijo pry propio.docx
2024-05-13	1088891	./PRESUPUESTOS MODELOS/SUBVENCIONES/Accesibilidad/HOJA ENCARGO modelo SUBVENCION ASCENSOR ANTEGALIA.docx
2024-10-02	1089326	./PRESUPUESTOS MODELOS/SUBVENCIONES/Accesibilidad/HOJA ENCARGO modelo SUBVENCION fijo pry externo.docx
2024-05-14	291	./PRESUPUESTOS MODELOS/SUBVENCIONES/Accesibilidad/TEXTO PARA RENOVACION.txt
2024-09-30	3364382	./PRESUPUESTOS MODELOS/SUBVENCIONES/Accesibilidad/HOJA ENCARGO modelo SUBVENCION fijo pry propio.docx
2024-10-02	1089226	./PRESUPUESTOS MODELOS/SUBVENCIONES/Accesibilidad/HOJA ENCARGO modelo rehab SUBVENCION fijo pry externo.docx
2025-03-20	1127820	./PRESUPUESTOS MODELOS/SUBVENCIONES/Accesibilidad/HOJA ENCARGO modelo RENOVACION SUBV fijo pry propio.docx
2024-10-02	1089081	./PRESUPUESTOS MODELOS/SUBVENCIONES/Next generation proyecto externo/HOJA ENCARGO next generation pry externo.docx
2024-09-23	3364953	./PRESUPUESTOS MODELOS/SUBVENCIONES/Rehabilitacion/HOJA ENCARGO panticosa 7 fuenlabrada rehab SUBVENCION fijo pry propio.docx
2023-04-27	229716	./PRESUPUESTOS MODELOS/HOJA DE ENCARGO MODELO PROYECTO + CSS.docx
2023-11-30	59819	./PRESUPUESTOS MODELOS/NEXT GENERATION/NEXT GENERATION SIN DATOS DE PRECIO/HOJA DE ENCARGO MONEGROS 37 LEGANES NEXT GEN PRG 3 Y 5.docx
2023-11-07	59952	./PRESUPUESTOS MODELOS/NEXT GENERATION/NEXT GENERATION SIN DATOS DE PRECIO/HOJA DE ENCARGO SIERRA DE CONTRAVIESA 38 Y 40 MADRID NEXT GEN PRG 3 Y 5.docx
2023-11-30	219259	./PRESUPUESTOS MODELOS/NEXT GENERATION/NEXT GENERATION SIN DATOS DE PRECIO/HOJA DE ENCARGO LUCANO 45 MADRID NEXT GEN PRG 3 Y 5.docx
2023-11-17	131072	./PRESUPUESTOS MODELOS/NEXT GENERATION/9B653830
2024-04-03	332983	./PRESUPUESTOS MODELOS/NEXT GENERATION/Anexo a la Hoja de Encargo.docx
2024-03-21	64045	./PRESUPUESTOS MODELOS/NEXT GENERATION/HOJA SOLO NEXT GEN/HOJA ENCARGO MODELO NEXT GEN.docx
2024-04-01	2617394	./PRESUPUESTOS MODELOS/NEXT GENERATION/HOJA SOLO NEXT GEN/HOJA ENCARGO modelo NEXT GENERATION.docx
2024-06-07	2616833	./PRESUPUESTOS MODELOS/NEXT GENERATION/HOJA ENCARGO  CAES.docx
2024-06-07	3230208	./PRESUPUESTOS MODELOS/NEXT GENERATION/HOJA ENCARGO MODELO COMPLETO CON CAES.docx
2024-06-10	2617147	./PRESUPUESTOS MODELOS/NEXT GENERATION/HOJA ENCARGO CAMBIO TRAMITADOR NEXT GEN.docx
2024-06-12	3231024	./PRESUPUESTOS MODELOS/NEXT GENERATION/HOJA ENCARGO MODELO NEXT GEN Y SUBV.docx
2024-06-12	3235405	./PRESUPUESTOS MODELOS/NEXT GENERATION/prueba HOJA ENCARGO MODELO NEXT GEN Y SUBV.docx
2024-06-12	710786	./PRESUPUESTOS MODELOS/NEXT GENERATION/BOE 06-10-2021 rehab_fe_boe-a-2021-16233.pdf
2024-06-18	11174	./PRESUPUESTOS MODELOS/NEXT GENERATION/NG + SUBV + CAES/DATOS con iva.xlsx
2024-06-18	3237293	./PRESUPUESTOS MODELOS/NEXT GENERATION/NG + SUBV + CAES/HOJA ENCARGO modelo NEXT GEN Y SUBV Y CAES.docx
2024-07-09	22953	./PRESUPUESTOS MODELOS/NEXT GENERATION/DATOS_ana historico.xlsx
2024-09-24	2620641	./PRESUPUESTOS MODELOS/NEXT GENERATION/borrador HOJA ENCARGO aragon 11 leganes CAMBIO TRAMITADOR NEXT GEN.docx
2024-09-27	18259	./PRESUPUESTOS MODELOS/NEXT GENERATION/datos_prueba.xlsx
2023-12-21	216144	./PRESUPUESTOS MODELOS/COINSA PLATAFORMA VERTICAL/HOJA DE ENCARGO modelo coinsa CONSULTA PREVIA LEGANES.docx
2024-02-16	65974	./PRESUPUESTOS MODELOS/COINSA PLATAFORMA VERTICAL/HOJA DE ENCARGO modelo coinsa escalon.docx
2024-04-24	217052	./PRESUPUESTOS MODELOS/COINSA PLATAFORMA VERTICAL/HOJA DE ENCARGO av zarauz 29 san fernando de henares plataforma.docx
2024-04-24	2628407	./PRESUPUESTOS MODELOS/COINSA PLATAFORMA VERTICAL/HOJA DE ENCARGO modelo coinsa plataforma madrid.docx
2024-05-22	65851	./PRESUPUESTOS MODELOS/ASCENSOR FAIN/HOJA DE ENCARGO modelo ascensor PROYECTO, DO y CSS fain.docx
2024-05-29	66321	./PRESUPUESTOS MODELOS/ASCENSOR FAIN/HOJA DE ENCARGO modelo plataformas PROYECTO, DO y CSS fain.docx
2024-06-05	66546	./PRESUPUESTOS MODELOS/ASCENSOR FAIN/HOJA DE ENCARGO modelo solo DO y CSS fain.docx
2024-06-10	66527	./PRESUPUESTOS MODELOS/ASCENSOR FAIN/HOJA DE ENCARGO bajada a cota cero PROYECTO, DO y CSS fain.docx
2024-06-11	65603	./PRESUPUESTOS MODELOS/ASCENSOR FAIN/HOJA DE ENCARGO MODELO solo CSS fain.docx
2024-10-08	217497	./PRESUPUESTOS MODELOS/ASCENSOR FAIN/HOJA DE ENCARGO MODELO sustitucion puertas ascensor PROYECTO, DO y CSS fain.docx
2024-11-19	67074	./PRESUPUESTOS MODELOS/ASCENSOR FAIN/HOJA DE ENCARGO MODELO PROYECTO y DO fain.docx
2023-10-04	217740	./PRESUPUESTOS MODELOS/ASCENSOR PRY Y CSS COMUNIDADES PROP/HOJA DE ENCARGO cdad prop SOLO DO.docx
2024-01-15	216697	./PRESUPUESTOS MODELOS/ASCENSOR PRY Y CSS COMUNIDADES PROP/HOJA DE ENCARGO pitagoras 3 madrid PRY DO Y SUBV.docx
2024-02-09	66480	./PRESUPUESTOS MODELOS/ASCENSOR PRY Y CSS COMUNIDADES PROP/PLANTILLAS PARA MONDAY/PLANTILLA MONDAY HOJA DE ENCARGO cdad prop SOLO PRY.docx
2024-05-08	217859	./PRESUPUESTOS MODELOS/ASCENSOR PRY Y CSS COMUNIDADES PROP/HOJA DE ENCARGO cdad prop SOLO CONSULTA.docx
2024-05-10	65129	./PRESUPUESTOS MODELOS/ASCENSOR PRY Y CSS COMUNIDADES PROP/HOJA DE ENCARGO cdad prop solo DF y CSS.docx
2024-05-14	69868	./PRESUPUESTOS MODELOS/ASCENSOR PRY Y CSS COMUNIDADES PROP/HOJA DE ENCARGO modelo PRY Y CSS.docx
2024-05-28	66442	./PRESUPUESTOS MODELOS/ASCENSOR PRY Y CSS COMUNIDADES PROP/HOJA DE ENCARGO cdad prop PRY Y DF CSS.docx
2024-05-28	67096	./PRESUPUESTOS MODELOS/ASCENSOR PRY Y CSS COMUNIDADES PROP/HOJA DE ENCARGO cdad prop PRY Y CSS.docx
2024-06-03	65234	./PRESUPUESTOS MODELOS/ASCENSOR PRY Y CSS COMUNIDADES PROP/HOJA DE ENCARGO cdad prop solo CSS SATE.docx
2024-06-24	2626122	./PRESUPUESTOS MODELOS/ASCENSOR PRY Y CSS COMUNIDADES PROP/HOJA DE ENCARGO cdad prop SOLO PRY.docx
2024-07-09	66685	./PRESUPUESTOS MODELOS/ASCENSOR PRY Y CSS COMUNIDADES PROP/HOJA DE ENCARGO cdad prop RAMPA PRY+DF+CSS.docx
2024-07-15	66648	./PRESUPUESTOS MODELOS/ASCENSOR PRY Y CSS COMUNIDADES PROP/HOJA DE ENCARGO cdad prop RAMPA PRY+DF.docx
2024-07-31	66896	./PRESUPUESTOS MODELOS/ASCENSOR PRY Y CSS COMUNIDADES PROP/HOJA DE ENCARGO cdad prop CONSULTA PRY Y DF CSS.docx
2024-09-27	69979	./PRESUPUESTOS MODELOS/ASCENSOR PRY Y CSS COMUNIDADES PROP/HOJA DE ENCARGO cdad prop pry y df.docx
2024-10-02	65070	./PRESUPUESTOS MODELOS/ASCENSOR PRY Y CSS COMUNIDADES PROP/HOJA DE ENCARGO modelo ascensor solo CSS.docx
2024-10-03	2626168	./PRESUPUESTOS MODELOS/ASCENSOR PRY Y CSS COMUNIDADES PROP/HOJA DE ENCARGO isabel de farnesio 6 boadilla SOLO PRY NO ENVIADO FALTA PRECIO.docx
2024-10-11	67059	./PRESUPUESTOS MODELOS/ASCENSOR PRY Y CSS COMUNIDADES PROP/HOJA DE ENCARGO cdad prop accesib y plataforma PRY+DF.docx
2024-10-16	65314	./PRESUPUESTOS MODELOS/ASCENSOR PRY Y CSS COMUNIDADES PROP/HOJA DE ENCARGO modelo ascensor solo libro del edificio.docx
2024-10-21	66775	./PRESUPUESTOS MODELOS/ASCENSOR PRY Y CSS COMUNIDADES PROP/HOJA DE ENCARGO solo IEE Y CEE.docx
2024-10-21	65189	./PRESUPUESTOS MODELOS/ASCENSOR PRY Y CSS COMUNIDADES PROP/HOJA DE ENCARGO sate solo CSS.docx
2023-09-22	58863	./PRESUPUESTOS MODELOS/PERICIALES/HOJA DE ENCARGO PERICIAL rabat 10 madrid.docx
2023-09-28	67082	./PRESUPUESTOS MODELOS/ELECNOR/HOJA DE ENCARGO MODELO PROYECTO DO + CSS.docx
2023-10-30	66993	./PRESUPUESTOS MODELOS/ELECNOR/HOJA DE ENCARGO MODELO ANTIGUO PROYECTO DO + CSS.docx
2024-01-25	34853	./PRESUPUESTOS MODELOS/ELECNOR/HOJA DE ENCARGO modelo ascensor PRY+SUBV.docx
2024-09-16	66184	./PRESUPUESTOS MODELOS/ELECNOR/HOJA DE ENCARGO ascensor elecnor solo CSS.docx
2024-09-16	66093	./PRESUPUESTOS MODELOS/ELECNOR/HOJA DE ENCARGO sate elecnor solo CSS.docx
2024-09-20	34729	./PRESUPUESTOS MODELOS/ELECNOR/HOJA DE ENCARGO modelo ascensor MADRID PRY+CSS+SUBV.docx
2025-01-14	282580	./PRESUPUESTOS MODELOS/ELECNOR/ELECNOR ACTUALIZACION PRECIOS ENERO 2025.pdf
2023-10-18	217257	./PRESUPUESTOS MODELOS/HOJA DE ENCARGO MODELO PROYECTO Y DO.docx
2023-11-03	37699	./PRESUPUESTOS MODELOS/HOJA DE ENCARGO modelo CSS.docx
2024-10-11	33579	./PRESUPUESTOS MODELOS/OLIVARES/HOJA DE ENCARGO modelo ascensor PRY+CSS.docx
2025-03-05	21799	./PRESUPUESTOS MODELOS/OLIVARES/HOJA DE ENCARGO DF+CSS.docx
2024-09-10	69963	./PRESUPUESTOS MODELOS/RAUL CEREZO/HOJA DE ENCARGO camarena 200 madrid pry css df subvenciones.docx
2024-09-10	69936	./PRESUPUESTOS MODELOS/RAUL CEREZO/HOJA DE ENCARGO av toreros 51 madrid pry css df.docx
2024-05-22	200384	./PRESUPUESTOS MODELOS/AMPLIACION PROYECTOS/Copia de HOJA DE ENCARGO callao 35 fuenlabrada ampliacion proyecto.pdf
2024-05-08	217978	./PRESUPUESTOS MODELOS/SATE SIN SUBVENCION CDAD PROP/HOJA DE ENCARGO cdad prop PRY Y CSS.docx
2024-01-16	28866	./PRESUPUESTOS MODELOS/SCHINDLER COSAS/HOJA DE ENCARGO HACIENDA DE PAVONES 117 MADRID - sust puertas asc.docx
2024-07-29	29967	./PRESUPUESTOS MODELOS/SCHINDLER COSAS/HOJA DE ENCARGO ascensor sin derribo.docx
2024-07-29	64544	./PRESUPUESTOS MODELOS/SCHINDLER COSAS/HOJA DE ENCARGO PLAZA CASTILLA 3 AZUQUECA DE HENARES - sustitucion puertas.docx
2024-07-29	65870	./PRESUPUESTOS MODELOS/SCHINDLER COSAS/HOJA DE ENCARGO ascensor con derribo.docx
2024-09-09	64888	./PRESUPUESTOS MODELOS/SCHINDLER COSAS/HOJA DE ENCARGO esteban collantes 26 madrid solo CSS.docx
2024-09-13	64638	./PRESUPUESTOS MODELOS/SCHINDLER COSAS/HOJA DE ENCARGO laton 8 arganda tetrapak informe refuerzo estructura torre.docx
2024-09-23	66315	./PRESUPUESTOS MODELOS/SCHINDLER COSAS/HOJA DE ENCARGO ricardo ortiz 96 madrid plataforma y rampa.docx
2024-10-16	66094	./PRESUPUESTOS MODELOS/SCHINDLER COSAS/HOJA DE ENCARGO valdevarnes 24 madrid bajada a cota cero y añadir parada en sotano.docx
2024-10-16	65904	./PRESUPUESTOS MODELOS/SCHINDLER COSAS/HOJA DE ENCARGO javier glez moya legazpi 3 leganes.docx
2024-10-18	66123	./PRESUPUESTOS MODELOS/SCHINDLER COSAS/HOJA DE ENCARGO moral 2 alcala plataforma.docx
2024-12-11	66122	./PRESUPUESTOS MODELOS/SCHINDLER COSAS/HOJA DE ENCARGO arroyo de la media legua 27 madrid transformacion 2 ascensores.docx
2025-01-13	4106826	./PRESUPUESTOS MODELOS/SCHINDLER COSAS/HOJA DE ENCARGO miraflores 12 alcobendas ASCENSOR Y SUBV (2).docx
2025-01-15	217912	./PRESUPUESTOS MODELOS/SCHINDLER COSAS/HOJA DE ENCARGO moralzarzal madrid transformacion 4 ascensores.docx
2025-01-15	2832888	./PRESUPUESTOS MODELOS/SCHINDLER COSAS/HOJA DE ENCARGO moralzarzal 100 madrid instalacion 2 montacargas.docx
2024-01-17	224383	./PRESUPUESTOS MODELOS/HOJA DE ENCARGO MODELO IEE Y CEE.docx
2024-07-23	66819	./PRESUPUESTOS MODELOS/CEGA ASCENSORES/HOJA DE ENCARGO RAFAELA YBARRA 33 MADRID PRY DF Y CSS.docx
2024-07-23	66865	./PRESUPUESTOS MODELOS/CEGA ASCENSORES/HOJA DE ENCARGO DOMINGO PARRAGA 62 MADRID PRY DF Y CSS.docx
2024-07-29	66742	./PRESUPUESTOS MODELOS/CEGA ASCENSORES/HOJA DE ENCARGO QUINTANA 9 MADRID PRY DF Y CSS.docx
2024-08-20	66831	./PRESUPUESTOS MODELOS/CEGA ASCENSORES/HOJA DE ENCARGO MARQUESA DE SILVELA 11 MADRID PRY DF Y CSS.docx
2024-11-11	30433	./PRESUPUESTOS MODELOS/CEGA ASCENSORES/HOJA DE ENCARGO ARCOS DE JALON 68 MADRID PRY DF Y CSS.docx
2024-12-11	67046	./PRESUPUESTOS MODELOS/CEGA ASCENSORES/HOJA DE ENCARGO ENCARNACION DEL PINO 2 MADRID PRY DF Y CSS.docx
2025-01-10	30504	./PRESUPUESTOS MODELOS/CEGA ASCENSORES/HOJA DE ENCARGO GODELLA 237 MADRID PRY DF Y CSS.docx
2025-01-10	193	./PRESUPUESTOS MODELOS/CEGA ASCENSORES/precios acordados 11-11-2024.gdoc
2025-02-26	372178	./PRESUPUESTOS MODELOS/CEGA ASCENSORES/no vale ESCUELAS PIAS 1 ALCALA DF Y CSS PRY EXTERNO 27-11-2024.pdf
2024-07-29	576205	./PRESUPUESTOS MODELOS/IBERLEAN BAJADA A COTA CERO y ascensor/HOJA DE ENCARGO bajada a cota cero PRESIDENTE CARMONA 5 MADRID.docx
2024-07-29	576554	./PRESUPUESTOS MODELOS/IBERLEAN BAJADA A COTA CERO y ascensor/HOJA DE ENCARGO EZEQUIEL SOLANA 97 MADRID.docx
2024-10-10	3364473	./PRESUPUESTOS MODELOS/SATE Y CEE COMUNIDADES PROP/anteriores/HOJA ENCARGO BUENA MADRE 6 PINTO rehab SUBVENCION fijo pry propio.docx
2024-10-10	60017	./PRESUPUESTOS MODELOS/SATE Y CEE COMUNIDADES PROP/anteriores/HOJA DE ENCARGO BUENA MADRE 6 PINTO SATE.docx
2024-10-21	65189	./PRESUPUESTOS MODELOS/SATE Y CEE COMUNIDADES PROP/HOJA DE ENCARGO sate solo CSS.docx
2024-10-25	2621867	./PRESUPUESTOS MODELOS/SATE Y CEE COMUNIDADES PROP/HOJA DE ENCARGO travesia villaescusa 2-4 madrid SATE Y AEROTERMIA NG v2.docx
2024-10-25	2621939	./PRESUPUESTOS MODELOS/SATE Y CEE COMUNIDADES PROP/HOJA DE ENCARGO av rio boladiez 45 toledo SATE Y AEROTERMIA APOYO FV NG v2.docx
2023-02-08	67453	./HOJA DE ENCARGO XXXX SUBV .docx
2023-03-23	83237	./HOJA DE ENCARGO BADALONA 33, 35 Y 37 MADRID.docx
2023-04-19	572775	./propuesta fermin caballero 75 envolvente y mejora energetica.docx
2023-04-19	204804	./propuesta fermin caballero 75 envolvente y mejora energetica 19-04-2023.pdf
2023-06-29	875312	./HOJA DE ENCARGO POZUELO 17 FUENLABRADA SUBV.docx
2024-09-24	216997	./borrador HOJA ENCARGO aragon 11 leganes CAMBIO TRAMITADOR NEXT GEN.docx
2024-10-30	2758182	./MODELOS OCTUBRE 2024/HOJA ENCARGO inspeccion deficiencias y memoria valorada.docx
2024-11-05	31208	./MODELOS OCTUBRE 2024/HOJA DE ENCARGO MODELO IEE .docx
2024-10-25	352525	./MODELOS OCTUBRE 2024/accesibilidad/HOJA DE ENCARGO MODELO ASCENSOR CON SUBV A EXITO.docx
2024-10-28	66007	./MODELOS OCTUBRE 2024/accesibilidad/HOJA DE ENCARGO modelo ascensor solo DF Y CSS.docx
2024-10-30	3364706	./MODELOS OCTUBRE 2024/accesibilidad/HOJA ENCARGO MODELO SUBVENCION ACCESIBILIDAD.docx
2024-10-30	3404202	./MODELOS OCTUBRE 2024/accesibilidad/HOJA DE ENCARGO MODELO ASCENSOR + CSS CON SUBV NO INCLUIDA.docx
2024-11-08	3403977	./MODELOS OCTUBRE 2024/accesibilidad/HOJA DE ENCARGO 5900 MODELO ASCENSOR CON SUBV NO INCLUIDA.docx
2024-11-08	3404843	./MODELOS OCTUBRE 2024/accesibilidad/HOJA DE ENCARGO MODELO ASCENSOR CON SUBV NO INCLUIDA.docx
2024-11-08	3404838	./MODELOS OCTUBRE 2024/accesibilidad/HOJA DE ENCARGO PUERTO DE LA MORCUERA 11 MADRID.docx
2024-11-27	3639505	./MODELOS OCTUBRE 2024/accesibilidad/HOJA ENCARGO MODELO SUBVENCION  ACCESIBILIDAD A EXITO.docx
2025-01-27	30846	./MODELOS OCTUBRE 2024/accesibilidad/HOJA DE ENCARGO modelo ascensor solo CSS.docx
2025-02-10	4106218	./MODELOS OCTUBRE 2024/accesibilidad/HOJA DE ENCARGO modelo ASCENSOR Y SUBV.docx
2024-10-24	3665360	./MODELOS OCTUBRE 2024/sate/PROPUESTAS SATE CON EJEMPLOS.docx
2024-10-24	2848058	./MODELOS OCTUBRE 2024/sate/HOJA DE ENCARGO MODELO SATE Y NG CON SUBV A EXITO.docx
2024-10-30	65848	./MODELOS OCTUBRE 2024/sate/HOJA DE ENCARGO modelo SATE solo CSS V2.docx
2024-11-06	2847587	./MODELOS OCTUBRE 2024/sate/HOJA DE ENCARGO MODELO TRAMITACION SUBVENCIONES SATE Y NG un año.docx
2024-11-07	2847773	./MODELOS OCTUBRE 2024/sate/HOJA DE ENCARGO MODELO TRAMITACION SUBVENCIONES SATE Y NG A EXITO.docx
2024-11-25	351634	./MODELOS OCTUBRE 2024/sate/HOJA DE ENCARGO MODELO SATE Y NG SIN SUBVENCION.docx
2025-01-21	2178177	./MODELOS OCTUBRE 2024/sate/NUEVO_HOJA DE ENCARGO MODELO SATE Y NG SIN SUBVENCION.docx
2024-11-12	2847891	./MODELOS OCTUBRE 2024/sate y ascensor y subv a exito/HOJA DE ENCARGO manuel noya 27 madrid ASC SATE Y NG CON SUBV A EXITO.docx
2025-01-17	3568002	./MODELOS OCTUBRE 2024/estudio de costes NOMBRE DE COMUNIDAD SATE.docx
2025-01-22	1118914	./MODELOS OCTUBRE 2024/RIO TAJO 20 LEGANES HOJA DE ENCARGO ACCESIBILIDAD RAMPA.docx
2025-02-06	3568002	./MODELOS OCTUBRE 2024/HOJA DE ENCARGO ESTUDIO DE COSTES HUERTAS 3 MADRID DF Y CSS.docx
2025-02-10	5694186	./MODELOS OCTUBRE 2024/MODELO CEGA SATE ESTUDIO DE COSTES  SATE.docx
2025-04-09	68694	./MODELOS MONICA FEBRERO 2025/MODELO INFORME DE VIABILIDAD  (1) (1).docx
2025-02-18	2817198	./MODELOS MONICA FEBRERO 2025/MODELO HOJA DE ENCARGO SATE + ASCENSOR CON CESION CAES 18-02-2025.docx
2025-05-27	220850	./MODELOS MONICA FEBRERO 2025/FRANCISCO JAVIER SAUQUILLO 22 FUENLABRADA SATE SUBV CON CESION CAES 12-03-2025.docx
2025-03-27	217847	./MODELOS MONICA FEBRERO 2025/MODELO COTA CERO PRY.docx
2025-03-31	2757392	./MODELOS MONICA FEBRERO 2025/MODELO ASC+ SATE SUBV CON CESION CAES.docx
2025-04-04	220201	./MODELOS MONICA FEBRERO 2025/MODELO HOJA DE ENCARGO ASCENSOR 18-02-2025.docx
2025-03-06	2816314	./MODELOS CHATGPT 5 MARZO 2025/MODELO HOJA DE ENCARGO SATE CON CAES.docx
2025-03-06	2816050	./MODELOS CHATGPT 5 MARZO 2025/MODELO HOJA DE ENCARGO ASCENSOR + SUBV.docx
2025-03-06	38147	./MODELOS CHATGPT 5 MARZO 2025/hoja_encargo_sate.docx
2026-02-02	38188	./EXCEL PARA CALCULAR IMPORTES.xlsx
2026-10-06	193	./HOJAS ENCARGO AUTOMATICAS/EXCEL Y PLANTILLA PARA GENERARLAS/seleccion_encargos.gsheet
2026-06-19	193	./HOJAS ENCARGO AUTOMATICAS/EXCEL Y PLANTILLA PARA GENERARLAS/plantilla_encargo_con_marcadores.gdoc
2025-06-02	92675	./HOJAS ENCARGO AUTOMATICAS/GUZMAN EL BUENO 98 MADRID 30-05-2025 - INFORME DE VIABILIDAD.pdf
2025-06-02	193	./HOJAS ENCARGO AUTOMATICAS/IBIZA 3 MADRID - 30 05 2025 - PRY FAIN.gdoc
2025-06-02	193	./HOJAS ENCARGO AUTOMATICAS/Pinguino, 9 Madrid - 30 05 2025 - PRY.gdoc
2025-06-02	193	./HOJAS ENCARGO AUTOMATICAS/Pinguino, 9 Madrid - 30 05 2025 - PRY ACCESIBILIDAD.gdoc
2025-06-04	193	./HOJAS ENCARGO AUTOMATICAS/GUZMAN EL BUENO MADRID - 30 05 2025 - ACCESIBILIDAD.gdoc
2025-06-02	193	./HOJAS ENCARGO AUTOMATICAS/Pinguino, 9 Madrid - 30 05 2025 - SUBVENCION.gdoc
2025-06-02	165563	./HOJAS ENCARGO AUTOMATICAS/GUZMAN EL BUENO 98 MADRID SUBV 30-05-2025.pdf
2025-06-02	100308	./HOJAS ENCARGO AUTOMATICAS/CERRO BLANCO 1 MADRID INFORME DE VIABILIDAD 02-06-2025 .pdf
2025-06-04	193	./HOJAS ENCARGO AUTOMATICAS/CERRO BLANCO 1 MADRID - 02 06 2025 - PRY ASCENSOR.gdoc
2025-06-04	193	./HOJAS ENCARGO AUTOMATICAS/SEPULVEDA 26 MADRID - 02 06 2025 - ASCENSOR.gdoc
2025-11-27	193	./HOJAS ENCARGO AUTOMATICAS/AV ANGELES 6 GETAFE  - 02 06 2025 - PRY ASCENSOR.gdoc
2025-12-26	193	./HOJAS ENCARGO AUTOMATICAS/Datil, 7 Madrid - 02 06 2025 - PRY ASCENSOR.gdoc
2025-07-10	193	./HOJAS ENCARGO AUTOMATICAS/VICENTE ALEIXANDRE 15 HUMANES DE MADRID 02-06-2025 SUBV EXT.gdoc
2026-02-12	363769	./HOJAS ENCARGO AUTOMATICAS/Datil, 7 - 2 06 25 INFORME VIABILIDAD.docx
2025-06-02	193	./HOJAS ENCARGO AUTOMATICAS/IBIZA 3 MADRID - 02 06 2025 - ASCENSOR SUSTITUCION.FAIN.gdoc
2025-06-02	193	./HOJAS ENCARGO AUTOMATICAS/CAMINO DE LOS VINATEROS 138 MADRID- 02 06 2025 - INFORME FIN DE OBRA CORNISA.gdoc
2025-06-02	193	./HOJAS ENCARGO AUTOMATICAS/ALEMANIA 6 FUENLABRADA - 02 06 2025 - CSS FAIN.gdoc
2025-06-03	193	./HOJAS ENCARGO AUTOMATICAS/San German, 49 Madrid - 03 06 2025 - instalación de ascensor.gdoc
2025-06-05	193	./HOJAS ENCARGO AUTOMATICAS/ALCALA DE GUADAIRA 41 MADRID - 03 06 2025 - SUBV DEL BRIO CAM 25.gdoc
2025-06-03	193	./HOJAS ENCARGO AUTOMATICAS/SERENA 15 MADRID - 03 06 2025 - SUBV DEL BRIO CAM 25.gdoc
2025-06-03	193	./HOJAS ENCARGO AUTOMATICAS/VENANCIO MARTIN 48 MADRID - 03 06 2025 - SUBV DEL BRIO CAM 25.gdoc
2025-06-04	193	./HOJAS ENCARGO AUTOMATICAS/CAMINO DE LA SUERTE 12 MADRID - 03 06 2025 - SUB DEL BRIO CAM 25.gdoc
2025-06-04	193	./HOJAS ENCARGO AUTOMATICAS/CAZORLA 79 MADRID- 03 06 2025 - SUB DEL BRIO CAM 25.gdoc
2025-06-04	193	./HOJAS ENCARGO AUTOMATICAS/SAN CLAUDIO 82 MADRID - 03 06 2025 - SUB DEL BRIO CAM 25.gdoc
2025-06-04	193	./HOJAS ENCARGO AUTOMATICAS/LOPEZ GRASS 42 MADRID - 03 06 2025 - SUB CAM25 DEL BRIO.gdoc
2025-06-04	193	./HOJAS ENCARGO AUTOMATICAS/BELLIDO 2 MADRID  - 03 06 2025 - SUB CAM25 DEL BRIO.gdoc
2025-06-04	193	./HOJAS ENCARGO AUTOMATICAS/IMAGEN 32 MADRID - 03 06 2025 - SUB CAM25 DEL BRIO.gdoc
2025-06-04	193	./HOJAS ENCARGO AUTOMATICAS/ALFREDO CASTRO CAMBA 24 MADRID  - 03 06 2025 - SUB CAM25 DEL BRIO.gdoc
2025-06-18	193	./HOJAS ENCARGO AUTOMATICAS/PUERTO DEL MONASTERIO 20 MADRID - 03 06 2025 - SUB CAM25 DEL BRIO.gdoc
2025-06-03	684212	./HOJAS ENCARGO AUTOMATICAS/SAN GERMAN, 49 INFORME DE VIABILIDAD.docx
2025-06-04	193	./HOJAS ENCARGO AUTOMATICAS/PUERTO BONAIGUA 34 MADRID - 03 06 2025 - SUBV CAM 25 DEL BRIO.gdoc
2025-06-04	193	./HOJAS ENCARGO AUTOMATICAS/CASABERMEJA 2 MADRID - 03 06 2025 - SUBV CAM 25 DEL BRIO.gdoc
2025-06-04	193	./HOJAS ENCARGO AUTOMATICAS/SIERRA MOLINA 13 MADRID - 03 06 2025 - SUBV CAM 25 DEL BRIO.gdoc
2025-06-04	193	./HOJAS ENCARGO AUTOMATICAS/SIERRA DE MOLINA 11 MADRID - 03 06 2025 - SUBV CAM 25 DEL BRIO.gdoc
2025-06-04	193	./HOJAS ENCARGO AUTOMATICAS/CARLOS MARTIN ALVAREZ 104 MADRID - 03 06 2025 - SUBV CAM 25 DEL BRIO.gdoc
2025-06-04	193	./HOJAS ENCARGO AUTOMATICAS/SIERRA DEL VALLE 52 MADRID - 03 06 2025 - SUBV CAM 25 DEL BRIO.gdoc
2025-06-04	193	./HOJAS ENCARGO AUTOMATICAS/ALBALATE DEL ARZOBISPO 5 MADRID - 03 06 2025 - SUBV CAM 25 DEL BRIO.gdoc
2025-06-04	193	./HOJAS ENCARGO AUTOMATICAS/PEDRO LABORDE 58 MADRID   - 03 06 2025 - SUBV CAM 25 DEL BRIO.gdoc
2025-06-03	193	./HOJAS ENCARGO AUTOMATICAS/Alberto Aguilera, 68 Madrid - 03 06 2025 - tra subvencion.gdoc
2025-06-03	193	./HOJAS ENCARGO AUTOMATICAS/Amaniel, 34 - 03 06 2025 - TRA SUBVENCIONES.gdoc
2025-06-03	193	./HOJAS ENCARGO AUTOMATICAS/Jarama, 1 San Sebastian de los Reyes - 03 06 2025 - PRY.gdoc
2025-06-04	233887	./HOJAS ENCARGO AUTOMATICAS/JARAMA, 1 SS REYES VIABILIDAD.docx
2025-06-05	193	./HOJAS ENCARGO AUTOMATICAS/GARCIA LLAMAS 8 MADRID - 05 06 2025 - SUBV CAM 25 DEL BRIO.gdoc
2025-06-05	193	./HOJAS ENCARGO AUTOMATICAS/JULIAN BESTEIRO 13 15 MADRID - 05 06 2025 - TRA SUBVENCION.gdoc
2025-06-05	193	./HOJAS ENCARGO AUTOMATICAS/SANTA MARIA DE LA CABEZA 27 MADRID - 05 06 2025 - TRA SUBVENCION.gdoc
2025-06-05	193	./HOJAS ENCARGO AUTOMATICAS/GUANTE 8 LEGANES - 05 06 2025 - PRY+SUBV.gdoc
2025-06-05	193	./HOJAS ENCARGO AUTOMATICAS/SANTA MARIA DE LA CABEZA 27 MADRID - 05 06 2025 - ACCESIBILIDAD PORTAL.gdoc
2025-06-05	127572	./HOJAS ENCARGO AUTOMATICAS/CARDEÑOSA 34 MADRID 05-06-2025 INFORME DE VIABILIDAD .pdf
2026-01-23	193	./HOJAS ENCARGO AUTOMATICAS/CARDEÑOSA 34 MADRID - 05 06 2025 - PRY+SUB.gdoc
2025-06-05	193	./HOJAS ENCARGO AUTOMATICAS/VALENCIA DE DON JUAN 3 SAN SEBASTIAN DE LOS REYES - 05 06 2025 - PRY+SUBV.gdoc
2025-06-30	193	./HOJAS ENCARGO AUTOMATICAS/HERNAN CORTES 13 ALCALA DE HENARES - 30 06 2025 - MODIFICACION DE PRY.gdoc
2025-06-05	130014	./HOJAS ENCARGO AUTOMATICAS/GUANTE 8 LEGANES 05-06-2025 INFORME DE VIABILIDAD .pdf
2025-06-05	123632	./HOJAS ENCARGO AUTOMATICAS/VALENCIA DE DON JUAN 3 SAN SEBASTIÁN DE LOS REYES -INFORME DE VIABILIDAD-05-06-2025 .pdf
2025-06-06	193	./HOJAS ENCARGO AUTOMATICAS/MAGDALENA 26 MADRID - 06 06 2025 - TRA SUBVENCION.gdoc
2025-06-06	222412	./HOJAS ENCARGO AUTOMATICAS/JULIAN BESTEIRO 13 15 HOJA DE ENCARGO DE PROYECYO 27-05-2025 - 12 unidades.pdf
2025-06-09	193	./HOJAS ENCARGO AUTOMATICAS/ALBUFERA 250 MADRID - 09 06 2025 - SUBV CON CESION CAES.gdoc
2025-06-10	193	./HOJAS ENCARGO AUTOMATICAS/TRAVESÍA DE SANTIAGO ALIO 2 MADRID - 10 06 2025 - PRY+SUBV.gdoc
2025-06-10	131554	./HOJAS ENCARGO AUTOMATICAS/Travesía De Santiago Alio 2 Madrid.10-06-2025 INFORME DE VIABILIDAD .pdf
2025-06-10	193	./HOJAS ENCARGO AUTOMATICAS/HERMANOS TRUEBA 62 MADRID - 10 06 2025 - SUBV CAM 25 DEL BRIO.gdoc
2025-06-10	193	./HOJAS ENCARGO AUTOMATICAS/DUQUE DE SESTO 22 MADRID - 10 06 2025 - SUBV.gdoc
2025-06-10	193	./HOJAS ENCARGO AUTOMATICAS/GONZALO DE CESPEDES 21 MADRID - 10 06 2025 - SATE SIN CAES ROEN.gdoc
2025-06-10	193	./HOJAS ENCARGO AUTOMATICAS/VALDERROMÁN 18 MADRID - 10 06 2025 - SATE SIN CAES ROEN.gdoc
2025-06-10	193	./HOJAS ENCARGO AUTOMATICAS/GUADALAJARA 6 MOSTOLES - 10 06 2025 - SUBV RENOVACION.gdoc
2025-06-11	193	./HOJAS ENCARGO AUTOMATICAS/SAN ANDRES 20 FUENLABRADA - 11 06 2025 - SUBV ACCESIBILIDAD.gdoc
2025-06-11	193	./HOJAS ENCARGO AUTOMATICAS/SAN ANDRES 20 FUENLABRADA - 11 06 2025 - PROY ASCENSOR.gdoc
2025-06-11	121639	./HOJAS ENCARGO AUTOMATICAS/PASEO DE SAN ILLAN 3 MADRID 11-06-2025 INFORME DE VIABILIDAD .pdf
2025-06-11	130180	./HOJAS ENCARGO AUTOMATICAS/PASEO DE SAN ILLAN 7 MADRID 11-06-2025 INFORME DE VIABILIDAD .pdf
2025-06-11	131073	./HOJAS ENCARGO AUTOMATICAS/SAN DÁMASO 6 MADRID 11-06-2025 INFORME DE VIABILIDAD .pdf
2025-06-11	138551	./HOJAS ENCARGO AUTOMATICAS/SAN DÁMASO 4 MADRID 11-06-2025 INFORME DE VIABILIDAD .pdf
2025-06-11	193	./HOJAS ENCARGO AUTOMATICAS/PASEO DE SAN ILLAN 3 MADRID - 11 06 2025 - PRY+SUBV.gdoc
2025-06-11	193	./HOJAS ENCARGO AUTOMATICAS/PASEO DE SAN ILLAN 7 MADRID - 11 06 2025 - PRY+SUBV.gdoc
2025-06-11	193	./HOJAS ENCARGO AUTOMATICAS/SAN DAMASO 4 MADRID - 11 06 2025 - PRY+SUBV.gdoc
2025-06-11	193	./HOJAS ENCARGO AUTOMATICAS/SAN DAMASO 6 MADRID - 11 06 2025 - PRY+SUBV.gdoc
2025-06-12	193	./HOJAS ENCARGO AUTOMATICAS/VIRGEN DE LA OLIVA 47 MADRID - 12 06 2025 - SUBV PRY EXT.gdoc
2025-06-12	193	./HOJAS ENCARGO AUTOMATICAS/AVENIDA DE LA MANCHA 18 LEGANES - 12 06 2025 - SATE SIN CAES ROEN.gdoc
2025-06-12	193	./HOJAS ENCARGO AUTOMATICAS/PELAYOS 11 FUENLABRADA - 12 06 2025 - SUBV PRY PROPIO.gdoc
2025-06-12	202697	./HOJAS ENCARGO AUTOMATICAS/AVENIDA DE LA MANCHA 18 LEGANES - 12_06_2025 - SATE SIN CAES ROEN.pdf
2025-06-12	193	./HOJAS ENCARGO AUTOMATICAS/PLAZA DE LA ALBUFERA 11 FUENLABRADA - 12 06 2025 - CSS.gdoc
2025-06-12	193	./HOJAS ENCARGO AUTOMATICAS/ALHELÍ 6 LEGANES - 12 06 2025 - PRY+SUBV FAIN.gdoc
2025-06-13	193	./HOJAS ENCARGO AUTOMATICAS/TOLEDO 2 ALCORCON - 13 06 2025 - SUBV PRY PROPIO.gdoc
2025-06-13	193	./HOJAS ENCARGO AUTOMATICAS/LAS SUERTES 60 COLLADO VILLALBA  - 13 06 2024 - PRY FAIN.gdoc
2025-06-13	193	./HOJAS ENCARGO AUTOMATICAS/ARROYO FONTARRON 233 MADRID - 13 06 2024 - TRAM SUBVENCION.gdoc
2025-06-13	193	./HOJAS ENCARGO AUTOMATICAS/ARROYO FONTARRON 233 MADRID - 13 06 2025 - PROY ASCENSOR (1).gdoc
2025-06-13	193	./HOJAS ENCARGO AUTOMATICAS/ARROYO FONTARRON 233 MADRID - 13 06 2025 - PROY ASCENSOR.gdoc
2025-11-28	193	./HOJAS ENCARGO AUTOMATICAS/SAN JUSTINIANO 1 LEGANES  - 13 06 2025 - PRY + SUBV .gdoc
2025-06-13	159134	./HOJAS ENCARGO AUTOMATICAS/VILLAJOYOSA 67 MADRID 13-06-2025 INFORME DE VIABILIDAD .pdf
2025-06-16	193	./HOJAS ENCARGO AUTOMATICAS/PLAZA MONDARIZ 7 MADRID - 16 06 2025 - PRY.gdoc
2025-06-16	193	./HOJAS ENCARGO AUTOMATICAS/CAÑADA 22 ALCORCON  - 16 06 2025 - PRY.gdoc
2025-07-07	193	./HOJAS ENCARGO AUTOMATICAS/PLAZA CASTAÑARES 2 MADRID - 07 07 2025 - PRY+ SUBV.gdoc
2025-06-16	193	./HOJAS ENCARGO AUTOMATICAS/MARTELL 27 MADRID - 16 06 2025 - PRY + SUBV.gdoc
2025-06-16	208399	./HOJAS ENCARGO AUTOMATICAS/MARTELL 27 MADRID - 16_06_2025 - PRY + SUBV.pdf
2025-06-16	193	./HOJAS ENCARGO AUTOMATICAS/HERMENEGILDO BIELSA 27 MADRID - 16 06 2025 - PRY+SUBV.gdoc
2025-06-16	121406	./HOJAS ENCARGO AUTOMATICAS/HERMENEGILDO BIELSA 27 MADRID 16-06-2025 INFORME DE VIABILIDAD .pdf
2025-06-16	290482	./HOJAS ENCARGO AUTOMATICAS/VILLAJOYOSA 67 MADRID - 13_06_2025 - PRY SATE Y ASC + SUBV CON CESION CAES (1).pdf
2025-06-17	193	./HOJAS ENCARGO AUTOMATICAS/POETA VILLAESPESA 2 PINTO - 17 06 2025 - PRY + SUBV.gdoc
2025-06-17	193	./HOJAS ENCARGO AUTOMATICAS/FEDERICO GARCIA LORCA 42 PINTO - 17 06 2025 - ACCESIBILIDAD GARAJE.gdoc
2025-06-17	193	./HOJAS ENCARGO AUTOMATICAS/FEDERICO GARCIA LORCA 42 PINTO - 17 06 2025 - TRAM SUBVENCION.gdoc
2025-06-17	727183	./HOJAS ENCARGO AUTOMATICAS/ARROYO FONTARRON 233 ESTUDIO DE VIABILIDAD .docx
2025-06-20	55077	./HOJAS ENCARGO AUTOMATICAS/MARCOS DE ORUETA 15 MADRID SATE CON CESION CAES 20-06-2025.docx
2025-06-18	193	./HOJAS ENCARGO AUTOMATICAS/POETA VILLAESPESA 2 PINTO - 18 06 2025 -PRESUPUESTO MODIFICADO- PRY + SUBV.gdoc
2026-06-19	193	./HOJAS ENCARGO AUTOMATICAS/SAN VALERIANO 2 LEGANES  - 18 06 2025 - SUBV PRY EXT.gdoc
2025-06-18	193	./HOJAS ENCARGO AUTOMATICAS/SAN DAMASO 4 MADRID - 18 06 2025-MODIFICACION DE CONDICIONES  - PRY+SUBV.gdoc
2025-06-18	193	./HOJAS ENCARGO AUTOMATICAS/COLONIA ERILLAS 29 MADRID - 18 06 2025 - PRY+SUBV.gdoc
2025-06-18	3320064	./HOJAS ENCARGO AUTOMATICAS/GALLO 22 MADRID PROY CON CESION CAES 22-05-2025 .docx
2025-06-18	3319903	./HOJAS ENCARGO AUTOMATICAS/BLASCO GARAY 14 PROY SATE CON CESION CAES 18-06-2025  (1).docx
2025-06-18	124038	./HOJAS ENCARGO AUTOMATICAS/COLONIA ERILLAS 29 MADRID -18-06-2025-INFORME DE VIABILIDAD .pdf
2025-06-18	42324	./HOJAS ENCARGO AUTOMATICAS/MONSEÑOR OSCAR ROMERO 6 MADRID PERICIAL ASCENSOR DEMANDA COMUNIDAD 18-06-2025.docx
2025-06-19	193	./HOJAS ENCARGO AUTOMATICAS/POLVORANCA 25 FUENLABRADA - 19 06 2025 - PRY+SUBV.gdoc
2025-06-19	127643	./HOJAS ENCARGO AUTOMATICAS/POLVORANCA 25 FUENLABRADA-19-06-2025-INFORME DE VIABILIDAD .pdf
2026-02-19	193	./HOJAS ENCARGO AUTOMATICAS/CAMINO DE VALDERRIBAS 96 MADRID - 19 06 2025 - PRY+SUBV-modif.gdoc
2025-06-19	125714	./HOJAS ENCARGO AUTOMATICAS/CAMINO DE VALDERRIBAS 96 MADRID-19-06-2025- INFORME DE VIABILIDAD .pdf
2025-06-19	193	./HOJAS ENCARGO AUTOMATICAS/SUIZA 17 FUENLABRADA - 19 06 2025 - PERICIAL.gdoc
2025-06-19	193	./HOJAS ENCARGO AUTOMATICAS/PLAZA ALBUFERA 11 FUENLABRADA - 19 06 2025 - ACCESIBILIDAD PORTAL.gdoc
2025-06-19	193	./HOJAS ENCARGO AUTOMATICAS/RAIMUNDO FERNANDEZ VILLAVERDE 59 MADRID - 19 06 2025 - TRAMITACION DE SUBVENCIONES.gdoc
2025-06-19	193	./HOJAS ENCARGO AUTOMATICAS/CORREGIDOR DIEGO CABEZA DE VACA 18 MADRID - 19 06 2025 - PRY+SUBV.gdoc
2025-06-19	193	./HOJAS ENCARGO AUTOMATICAS/AV UNIVERSIDAD 22 LEGANES - 19 06 2025 - PRY+ SUBV.gdoc
2025-06-20	119948	./HOJAS ENCARGO AUTOMATICAS/AV UNIVERSIDAD 22 LEGANES 19-06-2025 INFORME DE VIABILIDAD .pdf
2025-06-20	54547	./HOJAS ENCARGO AUTOMATICAS/VELEZ BLANCO 46 MADRID SATE CON CESION CAES 20-06-2025.docx
2025-07-02	193	./HOJAS ENCARGO AUTOMATICAS/GUADALETE 6 MADRID - 20 06 2025 - DF CSS SUBV CON CESION CAES.gdoc
2025-06-20	204399	./HOJAS ENCARGO AUTOMATICAS/GUADALETE 6 MADRID - 20_06_2025 - DF CSS SUBV CON CESION CAES.pdf
2026-02-13	193	./HOJAS ENCARGO AUTOMATICAS/JULIAN BESTEIRO 15 G MADRID - 20 06 2025 - PROYECTO DE ACCESIBILIDAD.gdoc
2026-02-13	193	./HOJAS ENCARGO AUTOMATICAS/JULIAN BESTEIRO 15 G MADRID - 20 06 2025 - TRAMITACION SUBVENCIONES.gdoc
2025-06-23	193	./HOJAS ENCARGO AUTOMATICAS/CASTILLEJOS 23 FUENLABRADA - 23 06 2025 - RENOVACION SUBV.gdoc
2025-06-23	193	./HOJAS ENCARGO AUTOMATICAS/INFORME NUESTRA SEÑORA DE LA ALMUDENA 5 LEGANES 20-06-2025.gdoc
2025-06-23	193	./HOJAS ENCARGO AUTOMATICAS/INMACULADA 6 LEGANES - 23 06 2025 - CSS.gdoc
2026-02-11	193	./HOJAS ENCARGO AUTOMATICAS/MONTESA 27 MADRID - 23 06 2025 - CONSULTA URBANISTICA.gdoc
2025-06-23	193	./HOJAS ENCARGO AUTOMATICAS/NURIA, 74 MADRID - 23 06 2025 - TRAMITACION SUVENCIÓN.gdoc
2025-06-23	193	./HOJAS ENCARGO AUTOMATICAS/CASTILLO DE AREVALO 21 MADRID - 23 06 2025 - TRAMITACION DE SUBVENCIONES.gdoc
2025-06-24	54660	./HOJAS ENCARGO AUTOMATICAS/CAMINO CARMEN GANAPANES 31 33 Y 35 MADRID SATE CON CESION CAES 24-06-2025.docx
2025-06-24	193	./HOJAS ENCARGO AUTOMATICAS/NURIA, 74 MADRID - 24 06 2025 - PROY ASCENSOR.gdoc
2025-06-24	193	./HOJAS ENCARGO AUTOMATICAS/CASTILLO DE AREVALO 21 MADRID - 24 06 2025 - PROY ASCENSOR.gdoc
2025-06-24	193	./HOJAS ENCARGO AUTOMATICAS/PALMAS 43 MOSTOLES  - 24 06 2025 - PRY + SUBV.gdoc
2025-06-24	55495	./HOJAS ENCARGO AUTOMATICAS/PALMAS 43 MOSTOLES SATE CON CESION CAES 24-06-2025.docx
2025-06-24	3320500	./HOJAS ENCARGO AUTOMATICAS/ILLESCAS 24 PROY SATE CON CESION CAES 24-06-2025  (1).docx
2025-06-24	127338	./HOJAS ENCARGO AUTOMATICAS/HERMANOS MACHADO 41 MADRID 24-06-2025 INFORME DE VIABILIDAD .pdf
2025-07-09	193	./HOJAS ENCARGO AUTOMATICAS/HERMANOS MACHADO 41 MADRID - 24 06 2025 - PRY+SUBV.gdoc
2025-06-23	193	./HOJAS ENCARGO AUTOMATICAS/ARMENTEROS 21 MADRID - 23 06 2025 - PROYECTO DE ASCENSOR.gdoc
2025-06-23	193	./HOJAS ENCARGO AUTOMATICAS/ARMENTEROS 21 MADRID - 23 06 2025 - TRAMITACIÓN DE SUBVENCIONES.gdoc
2025-06-25	193	./HOJAS ENCARGO AUTOMATICAS/GUANCHA 1 MADRID - 25 06 2025 - PRY+SUBV.gdoc
2025-06-25	159529	./HOJAS ENCARGO AUTOMATICAS/INDIAS 16 LEGANES 25-06-2025 ESTUDIO DE COSTES.pdf
2025-06-25	193	./HOJAS ENCARGO AUTOMATICAS/MARCELO USERA 133 MADRID - 25 06 2025 - IEE.gdoc
2025-06-25	193	./HOJAS ENCARGO AUTOMATICAS/AZORIN 39 MOSTOLES - 25 06 2025 - D RESPONSABLE CUBIERTA.gdoc
2025-06-26	55164	./HOJAS ENCARGO AUTOMATICAS/PLAZA LUCA DE TENA 11 MADRID SATE CON CESION CAES 26-06-2025.docx
2025-06-27	193	./HOJAS ENCARGO AUTOMATICAS/LLANOS DE ESCUDERO 8 MADRID - 27 06 2025 - PRY ROSERSESE.gdoc
2025-07-03	274110	./HOJAS ENCARGO AUTOMATICAS/CENTENO 27 MADRID - 03-07-2025 - PRY SATE Y ASC + SUBV CON CESION CAES.docx
2025-07-02	977094	./HOJAS ENCARGO AUTOMATICAS/MONTESA 27 MADRID 2-7-2025 INFORME DE VIABILIDAD.docx
2025-07-10	193	./HOJAS ENCARGO AUTOMATICAS/NUÑO GOMEZ 16 MADRID - 07 07 2025 - PRY+SUBV.gdoc
2025-07-07	193	./HOJAS ENCARGO AUTOMATICAS/VIDRIERIA 3 MADRID - 07 07 2025 - PRY+SUBV.gdoc
2025-07-07	193	./HOJAS ENCARGO AUTOMATICAS/FRAY JOSÉ CERDEIRIÑA 66 MADRID - 07 07 2025 - PRY+SUBV.gdoc
2025-07-02	193	./HOJAS ENCARGO AUTOMATICAS/GONZALO DE BERCEO 55 MADRID - 02 07 2025 - PROY ASCENSOR.gdoc
2025-07-02	193	./HOJAS ENCARGO AUTOMATICAS/GONZALO DE BERCEO 55 MADRID - 02 07 2025 - TRA SUBVENCION.gdoc
2025-07-02	193	./HOJAS ENCARGO AUTOMATICAS/BILBAO 1 ALCORCON - 02 07 2025 - IEE.gdoc
2025-07-02	193	./HOJAS ENCARGO AUTOMATICAS/PRINCESA 25 ALCORCON - 02 07 2025 - IEE.gdoc
2025-07-02	193	./HOJAS ENCARGO AUTOMATICAS/VIRGEN DE ICIAR 22 ALCORCON - 02 07 2025 - IEE.gdoc
2025-07-02	193	./HOJAS ENCARGO AUTOMATICAS/AVILA 3 ALCORCON - 02 07 2025 - IEE.gdoc
2025-07-02	193	./HOJAS ENCARGO AUTOMATICAS/LUNA 12 ALCORCON - 02 07 2025 - IEE.gdoc
2025-07-04	3321304	./HOJAS ENCARGO AUTOMATICAS/SOLDADO JOSE MARIA REY 41 PROY SATE CON CESION CAES 4-07-2025.docx
2025-07-04	193	./HOJAS ENCARGO AUTOMATICAS/BRAVO MURILLO 41 Q ESC 17 MADRID - 04 07 2025 - ACCESIBILIDAD PORTAL (2).gdoc
2025-07-04	193	./HOJAS ENCARGO AUTOMATICAS/BRAVO MURILLO 41 Q ESC 17 MADRID - 04 07 2025 - ACCESIBILIDAD PORTAL (1).gdoc
2025-07-04	193	./HOJAS ENCARGO AUTOMATICAS/BRAVO MURILLO 41 Q ESC 17 MADRID - 04 07 2025 - ACCESIBILIDAD PORTAL.gdoc
2025-07-04	193	./HOJAS ENCARGO AUTOMATICAS/BRAVO MURILLO 41 Q ESC 17 MADRID - 04 07 2025 - TRA SUBVENCION.gdoc
2025-07-04	193	./HOJAS ENCARGO AUTOMATICAS/BALLESTA 12 MADRID - 04 04 0225 - TRA SUBVENCIONES.gdoc
2025-07-04	193	./HOJAS ENCARGO AUTOMATICAS/BALLESTA 12 MADRID - 04 04 0225 - PROY ASCENSOR.gdoc
2025-07-04	193	./HOJAS ENCARGO AUTOMATICAS/MONTESA 27 MADRID - 04 07 0225 - ACCESIBILIDAD PORTAL.gdoc
2025-07-07	193	./HOJAS ENCARGO AUTOMATICAS/GUADALETE 6 MADRID - 07 07 2025 - PROY ASCENSOR.gdoc
2025-07-07	193	./HOJAS ENCARGO AUTOMATICAS/GUADALETE 6 MADRID - 07 07 2025 - TRA SUBVENCIONES.gdoc
2025-07-07	193	./HOJAS ENCARGO AUTOMATICAS/VERJA 27 MADRID - 07 07 2025 - PRY+ SUBV CON CONSULTA VINCULANTE.gdoc
2025-07-07	701130	./HOJAS ENCARGO AUTOMATICAS/GONZALO BERCEO 55 MADRID 7-7-2025 INFORME DE VIABILIDAD.docx
2025-07-08	193	./HOJAS ENCARGO AUTOMATICAS/TORREGROSA 6 MADRID - 07 07 2025 - SUBV + GESTION CAES.gdoc
2025-07-08	193	./HOJAS ENCARGO AUTOMATICAS/GALICIA 7 LEGANÉS - 08 07 2025 - SUBV.gdoc
2025-07-09	193	./HOJAS ENCARGO AUTOMATICAS/ALGODONALES 6 MADRID - 09 07 2025 - PROY REHABILITACION.gdoc
2025-07-09	193	./HOJAS ENCARGO AUTOMATICAS/ALGODONALES 6 MADRID - 09 07 2025 - TRA SUBVENCIONES.gdoc
2025-07-09	193	./HOJAS ENCARGO AUTOMATICAS/COMERCIO 5 MADRID  04 07 2025 -INFORME DE VIABILIDAD.gdoc
2025-07-09	193	./HOJAS ENCARGO AUTOMATICAS/COMERCIO 5 MADRID - 04_07_2025 - PRY + SUBV.gdoc
2025-07-09	193	./HOJAS ENCARGO AUTOMATICAS/C. MARDRID - 09 07 2025 - PROY ACCESIBILIDAD + SUB.gdoc
2025-07-09	193	./HOJAS ENCARGO AUTOMATICAS/C. MADRID - 09 07 2025 - PROY ACCESIBILIDAD + SUBV.gdoc
2025-07-09	193	./HOJAS ENCARGO AUTOMATICAS/SAN IGNACIO 6 ALCORCON - 09 07 2025 - PRY+CSS.gdoc
2025-07-10	193	./HOJAS ENCARGO AUTOMATICAS/SAN JUSTINIANO 1 LEGANES  - 10 07 2025 - CONSULTA URBANISTICA.gdoc
2025-07-10	193	./HOJAS ENCARGO AUTOMATICAS/VALLADOLID 1 FUENLABRADA - 10 07 2025 - PRY.gdoc
2025-07-10	193	./HOJAS ENCARGO AUTOMATICAS/ALCALÁ DE GUADAIRA 38 MADRID - 10 07 2025 - PRY+SUBV.gdoc
2025-07-10	119688	./HOJAS ENCARGO AUTOMATICAS/ALCALÁ DE GUADAIRA 38 MADRID 10-07-2025 INFORME DE VIABILIDAD .pdf
2025-09-03	193	./HOJAS ENCARGO AUTOMATICAS/RONDA DE SEGOVIA 29 MADRID - 03 09 2025 - PRY + SUBV.gdoc
2025-07-11	193	./HOJAS ENCARGO AUTOMATICAS/MUELLE 6 ALCALA DE HENARES - 11 07 2025 - RENOV SUBV PRY PROPIO.gdoc
2026-02-09	193	./HOJAS ENCARGO AUTOMATICAS/RAFAEL FINAT 17 - 11 07 2025 - LEGALIZACION PARKING.gdoc
2025-12-03	193	./HOJAS ENCARGO AUTOMATICAS/CACERES 20 ALCORCON - 14 07 2025 - PRY+SUBV.gdoc
2025-07-14	127897	./HOJAS ENCARGO AUTOMATICAS/CACERES 20 ALCORCON 14-07-2025  INFORME DE VIABILIDAD .pdf
2025-07-18	193	./HOJAS ENCARGO AUTOMATICAS/CAÑADA 8 MADRID - 14 07 2025 - SATE + SUBV + CESION CAES.gdoc
2025-07-14	193	./HOJAS ENCARGO AUTOMATICAS/HACIENDA PAVONES 151 MADRID - 14 07 2025 - SATE + ASC+ CESION CAES.gdoc
2025-07-14	735426	./HOJAS ENCARGO AUTOMATICAS/NURIA 74  MADRID 14-07-2025 INFORME DE VIABILIDAD.docx
2025-08-12	193	./HOJAS ENCARGO AUTOMATICAS/HONTANILLAS, 2 SSR - 15 07 2025 - PROY ASCENSOR CONS VINCULANTE.gdoc
2025-07-15	193	./HOJAS ENCARGO AUTOMATICAS/HONTANILLAS, 2 SSR - 15 07 2025 - TRA SUBVENCIONES.gdoc
2025-07-16	193	./HOJAS ENCARGO AUTOMATICAS/PASEO GRANADA 2 FUENLABRADA - 16 07 2025 - PRY+ SUBV.gdoc
2025-07-16	193	./HOJAS ENCARGO AUTOMATICAS/PONTEVEDRA 1 MOSTOLES - 16 07 2025 - PRY+CSS.gdoc
2025-07-17	193	./HOJAS ENCARGO AUTOMATICAS/BATALLA DE TORRIJOS 23 MADRID - 17 07 2025 - CSS.gdoc
2025-07-18	193	./HOJAS ENCARGO AUTOMATICAS/HACIENDA PAVONES 151 MADRID - 14 07 2025 - SATE + ASC + SUBV.gdoc
2025-07-18	193	./HOJAS ENCARGO AUTOMATICAS/HACIENDA PAVONES 222 MADRID - 18 07 2025 - SATE+ASC+SUBV.gdoc
2025-07-21	193	./HOJAS ENCARGO AUTOMATICAS/PADILLA 56 MADRID - 21 07 2025 - ARREGLO FACHADA.gdoc
2025-07-21	193	./HOJAS ENCARGO AUTOMATICAS/PSO CARES 1 FUENLABRADA - 21 07 2025 - TRA SUBVENCIONES.gdoc
2025-07-21	193	./HOJAS ENCARGO AUTOMATICAS/PSO CARES 1 FUENLABRADA - 21 07 2025 - PROY ASCENSOR.gdoc
2025-07-21	254128	./HOJAS ENCARGO AUTOMATICAS/PADILLA 56 MADRID - COMPARATIVA COSTES MONOCAPA-SATE 21-07-2025.docx
2025-07-22	193	./HOJAS ENCARGO AUTOMATICAS/BRUNETE 10 GETAFE - 22 07 2025 - PROY ASCENSOR.gdoc
2025-07-22	193	./HOJAS ENCARGO AUTOMATICAS/BRUNETE 10 GETAFE - 22 07 2025 - TRA SUBVENCION.gdoc
2025-07-23	365076	./HOJAS ENCARGO AUTOMATICAS/DOCTOR VALLEJO 39 MADRID 23-07-2025 INFORME DE VIABILIDAD .pdf
2026-04-16	193	./HOJAS ENCARGO AUTOMATICAS/DOCTOR VALLEJO 39 MADRID - 23 07 2025 - PRY+SUBV.gdoc
2025-07-28	193	./HOJAS ENCARGO AUTOMATICAS/PASEO DE SAN ANTONIO 3 FUENLABRADA - 28 07 2025 - SUBV.gdoc
2025-07-28	193	./HOJAS ENCARGO AUTOMATICAS/MONFORTE DE LEMOS 169 MADRID - 28 07 2025 - TRA SUBVENCIONES.gdoc
2025-07-28	193	./HOJAS ENCARGO AUTOMATICAS/CORREGIDOR JOSE DE PASAMONTE 1 Y 6 MADRID - 28 07 2025 - SUBV PRY EXT SATE.gdoc
2025-07-30	142709	./HOJAS ENCARGO AUTOMATICAS/VIRGEN DE ARANZAZU 27 MADRID  30-07-2025 INFORME DE VIABILIDAD .pdf
2025-07-30	193	./HOJAS ENCARGO AUTOMATICAS/RIO DUERO 65 LEGANES - 30 07 2025 - TRA SUBVENCION.gdoc
2025-07-30	193	./HOJAS ENCARGO AUTOMATICAS/VIRGEN DE ARANZAZU 27 MADRID - 30 07 2025 - SATE + ACCESIB + CSS + SUBV CON CESION CAES.gdoc
2025-07-30	193	./HOJAS ENCARGO AUTOMATICAS/JESUS 40 ARANJUEZ - 30 07 2025 - PRY+CSS.gdoc
2025-07-30	193	./HOJAS ENCARGO AUTOMATICAS/DIVINO VALLES 7 MADRID - 30 07 2025 - PROY ACCESIBILIDAD.gdoc
2025-07-30	193	./HOJAS ENCARGO AUTOMATICAS/DIVINO VALLES 7 MADRID - 30 07 2025 - TRA SUBVENCIONES.gdoc
2025-08-01	193	./HOJAS ENCARGO AUTOMATICAS/BOCANGEL 4 MADRID - 01 08 2025 - PROY ENVOLVENTE.gdoc
2025-07-31	193	./HOJAS ENCARGO AUTOMATICAS/JULIAN BESTEIRO 15 G MADRID - 31 07 2025 - INFORME PERICIAL ASCENSOR.gdoc
2025-07-31	193	./HOJAS ENCARGO AUTOMATICAS/GRAN VIA 15  - 31 07 2025 - INS ASCENSOR.gdoc
2025-09-04	193	./HOJAS ENCARGO AUTOMATICAS/MIRADOR DEL PARDO 7 LAS ROZAS - 04 09 2025 - PRY SUST ASC.gdoc
2025-09-03	193	./HOJAS ENCARGO AUTOMATICAS/FRANCISCA DELGADO 7 ALCOBENDAS - 03 09 2025 - PRY SUST ASC.gdoc
2025-09-04	193	./HOJAS ENCARGO AUTOMATICAS/CIFUENTES 4 ALCALA DE HENARES - 04 09 2025 - PRY SUST ASC.gdoc
2025-07-31	193	./HOJAS ENCARGO AUTOMATICAS/PADILLA 4 MOSTOLES - 31 07 2025 - DF+CSS.gdoc
2025-07-31	193	./HOJAS ENCARGO AUTOMATICAS/PASEO PONTONES 29 MADRID - 31 07 2025 - CSS FAIN.gdoc
2025-08-12	193	./HOJAS ENCARGO AUTOMATICAS/JULIAN BESTEIRO 13-15 MADRID - 12 08 2025 - ANTEPROYECTO.gdoc
2025-09-02	193	./HOJAS ENCARGO AUTOMATICAS/ÁLVAREZ ABELLÁN 41 MADRID - 25 08 2025 - SATE+CUBIERTA.gdoc
2025-08-18	193	./HOJAS ENCARGO AUTOMATICAS/NAVAS DEL REY 51 MADRID - 18 08 2025 - RENV SUBV.gdoc
2025-08-19	193	./HOJAS ENCARGO AUTOMATICAS/AV ALBUFERA 250 MADRID - 19 08 2025 - PRY TECHO.gdoc
2025-08-20	193	./HOJAS ENCARGO AUTOMATICAS/VILLAMANIN 37 MADRID - 20 08 2025 - CSS.gdoc
2025-08-20	193	./HOJAS ENCARGO AUTOMATICAS/SANDOVAL 21 MADRID - 20 08 2025 - PRY+CSS.gdoc
2025-08-20	130901	./HOJAS ENCARGO AUTOMATICAS/SANDOVAL 21 MADRID - 20_08_2025 INFORME DE VIABILIDAD.pdf
2025-08-20	193	./HOJAS ENCARGO AUTOMATICAS/BARBIERI 9 MADRID - 20 08 2025 - PRY+SUBV.gdoc
2025-08-20	103832	./HOJAS ENCARGO AUTOMATICAS/BARBIERI 9 MADRID 20-08-2025 INFORME DE VIABILIDAD .pdf
2025-08-25	193	./HOJAS ENCARGO AUTOMATICAS/CORRAL DE CANTOS 19 MADRID - 25 08 2025 SATE +SUBV CON CAES.gdoc
2025-08-25	193	./HOJAS ENCARGO AUTOMATICAS/NAVALMORAL DE LA MATA 46 MADRID - 25 08 2025 - SATE.gdoc
2025-08-25	193	./HOJAS ENCARGO AUTOMATICAS/BENIMAMET 59 MADRID - 25 08 2025 - IEE.gdoc
2025-08-26	193	./HOJAS ENCARGO AUTOMATICAS/PZA JIMENEZ DIAZ 7 GETAFE - 26 08 2025 - TRAM SUBV.gdoc
2025-08-26	193	./HOJAS ENCARGO AUTOMATICAS/PZA JIMENEZ DIAZ 7 GETAFE - 26 08 2025 - PROY ASCENSOR.gdoc
2025-08-26	193	./HOJAS ENCARGO AUTOMATICAS/VALDEVERDEJA 31 MADRID - 26 08 2025 - PRY+SUBV.gdoc
2025-08-27	132605	./HOJAS ENCARGO AUTOMATICAS/VALDECANILLAS51 MADRID 27-08-2025 INFORME DE VIABILIDAD .pdf
2025-08-27	193	./HOJAS ENCARGO AUTOMATICAS/ADOLFO SUAREZ 1 PIEDRAHITA AVILA - 27 08 2025 - INSTALACION ASCENSOR.gdoc
2025-08-27	193	./HOJAS ENCARGO AUTOMATICAS/ADOLFO SUAREZ 1 PIEDRAHITA AVILA - 27 08 2025 - TRAM SUBVENCIONES.gdoc
2025-08-27	193	./HOJAS ENCARGO AUTOMATICAS/ESPIRITU SANTO 26 MADRID - 27 08 2025 - TRAM SUBVENCIONES.gdoc
2025-08-27	193	./HOJAS ENCARGO AUTOMATICAS/ESPIRITU SANTO 26 MADRID - 27 08 2025 - INS ASCENSOR.gdoc
2025-08-29	193	./HOJAS ENCARGO AUTOMATICAS/ALCALDE DE MÓSTOLES 9 MOSTOLES - 29 08 2025 - PRY REFORMA.gdoc
2025-08-29	193	./HOJAS ENCARGO AUTOMATICAS/MONTEJURRA 33 MADRID - 29 08 2025 - PRY SALVAESCALERAS.gdoc
2025-09-02	193	./HOJAS ENCARGO AUTOMATICAS/CARDENAL SILICEO 29 MADRID - 02 09 2025 - ACCESIBILIDAD Y SUBVENCION (1).gdoc
2025-09-18	193	./HOJAS ENCARGO AUTOMATICAS/ANGEL HERNANDEZ 15 MADRID - 02 09 2025 - SUBVENCIONES (1).gdoc
2025-09-02	193	./HOJAS ENCARGO AUTOMATICAS/ANGEL HERNANDEZ 15 MADRID - 02 09 2025 - SUBVENCIONES.gdoc
2025-09-02	193	./HOJAS ENCARGO AUTOMATICAS/CARDENAL SILICEO 29 MADRID - 02 09 2025 - ACCESIBILIDAD Y SUBVENCION.gdoc
2025-09-02	193	./HOJAS ENCARGO AUTOMATICAS/MARQUES DE ZAFRA 38 BIS MADRID - 02 09 2025 - ACCES SUBVEN.gdoc
2025-09-03	193	./HOJAS ENCARGO AUTOMATICAS/ANTONIO LOPEZ 137 MADRID - 03 09 2025 - TRAM SUBVENCION.gdoc
2025-09-03	193	./HOJAS ENCARGO AUTOMATICAS/ANTONIO LOPEZ 137 MADRID - 03 09 2025 - REHABILITACION PARCIAL.gdoc
2025-09-03	193	./HOJAS ENCARGO AUTOMATICAS/GUABAIRO 20 MADRID - 03 09 2025 - ACCESIBILIDAD Y SUBV (1).gdoc
2025-09-03	193	./HOJAS ENCARGO AUTOMATICAS/GUABAIRO 20 MADRID - 03 09 2025 - ACCESIBILIDAD Y SUBV.gdoc
2025-09-04	193	./HOJAS ENCARGO AUTOMATICAS/VELAZQUEZ 21-31 SAN LORENZO DEL ESCORIAL - 04 09 2025 - REHABILITACION PARCIAL.gdoc
2025-09-09	193	./HOJAS ENCARGO AUTOMATICAS/BERASTEGUI 33 MADRID - 09 09 2025 - PRY ASC.gdoc
2025-09-29	193	./HOJAS ENCARGO AUTOMATICAS/PLAZA GEOLOGOS 1 MADRID - 09 09 2025 - INS ASCENSOR.gdoc
2025-09-09	193	./HOJAS ENCARGO AUTOMATICAS/PLAZA GEOLOGOS 2 MADRID - 09 09 2025 - INS ASCENSOR.gdoc
2025-09-29	193	./HOJAS ENCARGO AUTOMATICAS/PLAZA GEOLOGOS 2 MADRID - 09 09 2025 - INS ASCENSOR (1).gdoc
2025-09-09	193	./HOJAS ENCARGO AUTOMATICAS/PLAZA GEOLOGOS 1 MADRID - 09 09 2025 - SUBV.gdoc
2025-09-09	193	./HOJAS ENCARGO AUTOMATICAS/PLAZA GEOLOGOS 2 MADRID - 09 09 2025 - SUBV.gdoc
2025-09-10	193	./HOJAS ENCARGO AUTOMATICAS/VALDECANILLAS 51 MADRID - 09 09 2025 - PRY RAMPA+SUBV.gdoc
2025-09-12	193	./HOJAS ENCARGO AUTOMATICAS/CAÑADA 6 MADRID - 12 09 2025 - MEMORIA TEC HUMEDADES.gdoc
2025-09-15	193	./HOJAS ENCARGO AUTOMATICAS/TETUAN 34 MADRID - 15 09 2025 - SUBV.gdoc
2025-09-15	193	./HOJAS ENCARGO AUTOMATICAS/TETUAN 34 MADRID - 15 09 2025 - INS ASCENSOR.gdoc
2025-09-15	193	./HOJAS ENCARGO AUTOMATICAS/CONDE DUQUE 48 MADRID - 15 09 2025 - ACCES Y SUB.gdoc
2025-09-15	193	./HOJAS ENCARGO AUTOMATICAS/FRAY MELCHOR CANO 22, LEGANES - 15 09 2025 - CSS.gdoc
2025-10-16	193	./HOJAS ENCARGO AUTOMATICAS/CANCION DEL OLVIDO 33 MADRID - 17 09 2025 - SATE+ASC CON CAES.gdoc
2025-09-17	193	./HOJAS ENCARGO AUTOMATICAS/PAULAR 1 FUENLABRADA  - 17 09 2025 - SATE +SUBV.gdoc
2025-09-18	193	./HOJAS ENCARGO AUTOMATICAS/SAN CLAUDIO 117 MADRID - 17 09 2025 - SATE + SUBV CON CAES.gdoc
2025-09-18	193	./HOJAS ENCARGO AUTOMATICAS/MIGUEL DE UNAMUNO 20 FUENLABRADA - 18 09 2025 - PRY ASC+SUBV.gdoc
2025-09-19	193	./HOJAS ENCARGO AUTOMATICAS/PIEDRABUENA 18 MADRID - 19 09 2025 - SATE CON CESION CAES.gdoc
2025-09-19	193	./HOJAS ENCARGO AUTOMATICAS/AV DE LA ILUSTRACIÓN 24. VELILLA DE SAN ANTONIO .MADRID - 19 09 2025 - PRY+CSS.gdoc
2025-09-22	211816	./HOJAS ENCARGO AUTOMATICAS/TETUAN 34 19-09-2025 INFORME DE VIABILIDAD.docx
2025-09-23	125494	./HOJAS ENCARGO AUTOMATICAS/Mejorana 6 Madrid 23-09-2025 INFORME DE VIABILIDAD .pdf
2025-09-23	193	./HOJAS ENCARGO AUTOMATICAS/MEJORANA 6 MADRID - 23 09 2025 - PRY ASC+SUBV.gdoc
2025-09-23	193	./HOJAS ENCARGO AUTOMATICAS/PARQUE COMERCIAL ALCORA PLAZA, CALLE EUROPA 22 ALCORCÓN- LOCAL - 23 09 2025 - CEE -ELECNOR.gdoc
2025-12-19	193	./HOJAS ENCARGO AUTOMATICAS/SIERRA GADOR 50 MADRID - 23 09 2025 - PRY+SUBV.gdoc
2025-09-23	121811	./HOJAS ENCARGO AUTOMATICAS/SIERRA GADOR 50 MADRID 23-09-2025 INFORME DE VIABILIDAD .pdf
2025-09-25	193	./HOJAS ENCARGO AUTOMATICAS/ALAVA 12 FUENLABRADA - 25 09 2025 - CSS.gdoc
2025-09-26	193	./HOJAS ENCARGO AUTOMATICAS/FRANCISCO RODRÍGUEZ 7 MADRID - 25 09 2025 - PRY SATE + ASC Y PLAT EFFIC.gdoc
2025-09-26	121275	./HOJAS ENCARGO AUTOMATICAS/PILARICA 8 MADRID 26-09-2025 INFORME DE VIABILIDAD .pdf
2025-09-26	193	./HOJAS ENCARGO AUTOMATICAS/PILARICA 8 MADRID - 26 09 2025 - PRY ASC+SUBV.gdoc
2025-10-01	193	./HOJAS ENCARGO AUTOMATICAS/VALMOJADO 243 MADRID - 01 10 2025 - PRY + SUBV.gdoc
2025-09-26	193	./HOJAS ENCARGO AUTOMATICAS/CACERES 48 ALCORCON - 26 09 2025 - MEMORIA +CSS.gdoc
2025-10-03	193	./HOJAS ENCARGO AUTOMATICAS/VILLAGARCIA 10 MADRID - 26 09 2025 - PRY ASC+SATE.gdoc
2025-10-03	193	./HOJAS ENCARGO AUTOMATICAS/VILLAGARCIA 8 MADRID - 26 09 2025 - PROY ASC + SATE EFFIC.gdoc
2025-11-25	193	./HOJAS ENCARGO AUTOMATICAS/BRUNO AYLLON 3 MADRID - 29 09 2025 - RH PARCIAL (2).gdoc
2025-09-29	193	./HOJAS ENCARGO AUTOMATICAS/BRUNO AYLLON 3 MADRID - 29 09 2025 - RH PARCIAL (1).gdoc
2025-09-29	193	./HOJAS ENCARGO AUTOMATICAS/BRUNO AYLLON 3 MADRID - 29 09 2025 - RH PARCIAL.gdoc
2025-09-29	130772	./HOJAS ENCARGO AUTOMATICAS/Callao 48 Fuenlabrada 29-09-2025 INFORME DE VIABILIDAD .pdf
2025-09-29	193	./HOJAS ENCARGO AUTOMATICAS/CALLAO 48 FUENLABRADA - 29 09 2025 - PRY ELEV+SUBV.gdoc
2025-09-29	193	./HOJAS ENCARGO AUTOMATICAS/FRANCISCO VIVANCOS 21 MADRID - 29 09 2025 - PRY SATE CON CESION CAES.gdoc
2025-09-29	193	./HOJAS ENCARGO AUTOMATICAS/LIMA 16-24 FUENLABRADA - 29 09 2025 - PRY SATE.gdoc
2025-10-02	193	./HOJAS ENCARGO AUTOMATICAS/PLAZA DE BOGOTÁ 7 FUENLABRADA - 01 10 2025 - PRY ASC+SATE CON CAES.gdoc
2025-10-01	193	./HOJAS ENCARGO AUTOMATICAS/ISLA CRISTINA 1 ARROYOMOLINOS - 01 10 2025 - ESTUDIO TECNICO FAIN.gdoc
2025-09-30	193	./HOJAS ENCARGO AUTOMATICAS/GOMEZNARRO 233 MADRID - 30 09 2025 - CSS Y DF.gdoc
2025-09-30	193	./HOJAS ENCARGO AUTOMATICAS/MANRESA 52 MADRID - 30 09 2025 - PRY ASC+SATE CESION.gdoc
2025-10-02	193	./HOJAS ENCARGO AUTOMATICAS/ALCOCER 27 MADRID - 02 10 2025 - PRY EXT DF+SUBV.gdoc
2025-10-02	193	./HOJAS ENCARGO AUTOMATICAS/CAMINO DE LOS VINATEROS 143 MADRID - 02 10 2025 - PRY ASC.gdoc
2025-10-02	193	./HOJAS ENCARGO AUTOMATICAS/VIRGEN DE ICIAR 17 ALCORCON - 02 10 2025 - NUEVA DR.gdoc
2025-10-03	193	./HOJAS ENCARGO AUTOMATICAS/RIO GUADALQUIVIR 10 LEGANES - 03 10 2025 - CSS.gdoc
2026-03-05	193	./HOJAS ENCARGO AUTOMATICAS/MEZQUITA 1 MADRID - 03 10 2025 - SATE ASCEN.gdoc
2025-10-05	193	./HOJAS ENCARGO AUTOMATICAS/PORTALEGRE 58 MADRID - 06 10 2025 - ASC.gdoc
2025-10-05	193	./HOJAS ENCARGO AUTOMATICAS/VICENTE CARBALLAL 17 MADRID - 06 10 2025 - ASC.gdoc
2025-10-06	193	./HOJAS ENCARGO AUTOMATICAS/BADALONA 112 MADRID - 06 10 2025 - PRY SATE+SUBV.gdoc
2025-10-06	193	./HOJAS ENCARGO AUTOMATICAS/CORREDERA BAJA DE SAN PABLO 25 MADRID - 06 10 2025 - sub.gdoc
2025-12-14	193	./HOJAS ENCARGO AUTOMATICAS/CORREDERA BAJA DE SAN PABLO 25 MADRID - 06 10 2025 - ASC.gdoc
2025-10-06	193	./HOJAS ENCARGO AUTOMATICAS/CAROLINA BAEZA 15 MADRID - 06 10 2025 - SATE + ASC.gdoc
2025-10-07	193	./HOJAS ENCARGO AUTOMATICAS/DE LA MADERA 46 MADRID - 07 10 2025 - SUBV.gdoc
2025-10-07	193	./HOJAS ENCARGO AUTOMATICAS/ANTONIO ARIAS 6 MADRID - 07 10 2025 - SUB ASCENSOR.gdoc
2025-10-07	193	./HOJAS ENCARGO AUTOMATICAS/GANAPANES 32-35 MADRID - 07 10 2025 - PRY SATE.gdoc
2025-10-07	143939	./HOJAS ENCARGO AUTOMATICAS/HERMANDAD DONANTES DE SANGRE 7-10-2025 INFORME DE VIABILIDAD .pdf
2025-10-07	193	./HOJAS ENCARGO AUTOMATICAS/HERMANDAD DE DONANTES DE SANGRE 25 MADRID - 06 10 2025 - PRY RAMPA.gdoc
2025-10-07	193	./HOJAS ENCARGO AUTOMATICAS/HERMANDAD DE DONANTES DE SANGRE 25 MADRID - 06 10 2025 - PRY RAMPA + MODF ASC.gdoc
2025-10-07	193	./HOJAS ENCARGO AUTOMATICAS/MOLINO DE VIENTO 10 MADRID - 06 10 2025 - TRA SUB.gdoc
2025-10-08	132490	./HOJAS ENCARGO AUTOMATICAS/Sambara 146 Madrid 8-10-2025 INFORME DE VIABILIDAD .pdf
2025-10-08	222796	./HOJAS ENCARGO AUTOMATICAS/SAMBARA 146 MADRID - 08_10_2025 - PRY ASC+SUBV.pdf
2025-10-08	193	./HOJAS ENCARGO AUTOMATICAS/SAMBARA 146 MADRID - 08 10 2025 - PRY ASC+SUBV.gdoc
2025-10-08	193	./HOJAS ENCARGO AUTOMATICAS/ALGODRE 2 MADRID - 08 10 2025 - SATE CAES.gdoc
2025-10-08	193	./HOJAS ENCARGO AUTOMATICAS/CAMINO DE LAS CRUCES 27 MADRID - 08 10 2025 - ASC.gdoc
2025-10-08	193	./HOJAS ENCARGO AUTOMATICAS/MARCELINO CASTILLO 13 - 08 10 2025 - subv.gdoc
2025-10-08	193	./HOJAS ENCARGO AUTOMATICAS/MARCELINO CASTILLO 13 - 08 10 2025 - ins asc.gdoc
2025-10-09	193	./HOJAS ENCARGO AUTOMATICAS/ALCARRIA 60 LEGANES - 09 10 2025 - PRY SATE.gdoc
2025-10-09	193	./HOJAS ENCARGO AUTOMATICAS/CENTENERA 1 MADRID - 09 10 2025 - SATE .gdoc
2025-10-09	157985	./HOJAS ENCARGO AUTOMATICAS/Candilejas 14 y 18 Madrid 09-10-2025 INFORME DE VIABILIDAD .pdf
2025-10-09	193153	./HOJAS ENCARGO AUTOMATICAS/CANDILEJAS 14 y 18 MADRID - 09_10_2025 - PRY ASC+CSS.pdf
2025-10-09	193	./HOJAS ENCARGO AUTOMATICAS/CANDILEJAS 14 y 18 MADRID - 09 10 2025 - PRY ASC+CSS.gdoc
2025-10-10	193	./HOJAS ENCARGO AUTOMATICAS/CARDEÑOSA 57 MADRID - 10 10 2025 - PROY SATE.gdoc
2025-10-10	193	./HOJAS ENCARGO AUTOMATICAS/CARRERO JUAN RAMON 17 MADRID - 10 10 2025 - TRAMSUBVENCION.gdoc
2025-10-10	193	./HOJAS ENCARGO AUTOMATICAS/CARRERO JUAN RAMON 17 MADRID - 10 10 2025 - INSASCEN.gdoc
2025-10-10	193	./HOJAS ENCARGO AUTOMATICAS/BUENDIA 34 MADRID - 10 10 2025 - SUB.gdoc
2025-10-10	193	./HOJAS ENCARGO AUTOMATICAS/BUENDIA 34 MADRID - 10 10 2025 - INS ASCEN.gdoc
2025-11-20	193	./HOJAS ENCARGO AUTOMATICAS/GOMEZNARRO 249 MADRID - 14 10 2025 - SUBV.gdoc
2025-11-20	193	./HOJAS ENCARGO AUTOMATICAS/GOMEZNARRO 249 MADRID - 14 10 2025 - INS ASCEN.gdoc
2025-10-14	833909	./HOJAS ENCARGO AUTOMATICAS/BUENDIA 34 MADRID ESTUDIO DE VIABILIDAD.docx
2025-10-14	193	./HOJAS ENCARGO AUTOMATICAS/ERAS 9 FUENLABRADA - 14 10 2025 - DECLARACION RESPONSABLE.gdoc
2025-10-14	193	./HOJAS ENCARGO AUTOMATICAS/MERCADO 8 ALGETE - 14 10 2025 - TRAM SUBV.gdoc
2025-10-16	193	./HOJAS ENCARGO AUTOMATICAS/ALCALDE DE MÓSTOLES 9 MOSTOLES - 16 10 2025 - PRY MODIF ASC.gdoc
2025-10-20	193	./HOJAS ENCARGO AUTOMATICAS/CASTILLO DE SIMANCAS 7 MADRID - 20 10 2025 - TRAM SUB.gdoc
2025-10-20	193	./HOJAS ENCARGO AUTOMATICAS/CASTILLO DE SIMANCAS 7 MADRID - 20 10 2025 - RH PARCIAL (1).gdoc
2025-10-20	193	./HOJAS ENCARGO AUTOMATICAS/CASTILLO DE SIMANCAS 7 MADRID - 20 10 2025 - RH PARCIAL.gdoc
2025-10-20	193	./HOJAS ENCARGO AUTOMATICAS/GUADALETE 13 MADRID - 20 10 2025 - PRY ASC+SUBV.gdoc
2025-10-20	157589	./HOJAS ENCARGO AUTOMATICAS/Guadalete 13 Madrid INFORME DE VIABILIDAD 20-10-2025.pdf
2025-10-20	193	./HOJAS ENCARGO AUTOMATICAS/LOPEZ DE HOYOS 342B - 20 10 2025 - INS ASCENSOR.gdoc
2025-10-20	193	./HOJAS ENCARGO AUTOMATICAS/LOPEZ DE HOYOS 342B - 20 10 2025 - TRAM SUB.gdoc
2025-10-21	193	./HOJAS ENCARGO AUTOMATICAS/SOMONTIN 96 MADRID - 21 10 2025 - TRAM SUB.gdoc
2025-10-21	193	./HOJAS ENCARGO AUTOMATICAS/SOMONTIN 96 MADRID - 21 10 2025 - INS ASC.gdoc
2025-10-22	193	./HOJAS ENCARGO AUTOMATICAS/COMUNIDAD DE MADRID 28 FUENLABRADA - 22 10 2025 - ACCESIBILIDAD Y SUB.gdoc
2025-10-22	193	./HOJAS ENCARGO AUTOMATICAS/ISTURIZ 11 MADRID - 22 10 2025 - CSS.gdoc
2025-10-22	104026	./HOJAS ENCARGO AUTOMATICAS/TRUJILLOS 5 MADRID 22-10-2025 INFORME DE VIABILIDAD .pdf
2025-10-22	193	./HOJAS ENCARGO AUTOMATICAS/RODRÍGUEZ LÁZARO 14 MADRID - 22 10 2025 - PRY+SUBV.gdoc
2025-10-22	193	./HOJAS ENCARGO AUTOMATICAS/TRUJILLOS 5 MADRID - 22 10 2025 - PRY+SUBV.gdoc
2025-10-23	193	./HOJAS ENCARGO AUTOMATICAS/NUESTRA SEÑORA DE SOLEDAD 20 MADRID - 23 10 2025 - INS ASC.gdoc
2025-10-23	193	./HOJAS ENCARGO AUTOMATICAS/NUESTRA SEÑORA DE SOLEDAD 20 MADRID - 23 10 2025 - TRAM SUB.gdoc
2025-10-23	121986	./HOJAS ENCARGO AUTOMATICAS/SIERRA DE MOLINA 17 MADRID 23-10-2025 INFORME DE VIABILIDAD .pdf
2025-10-23	193	./HOJAS ENCARGO AUTOMATICAS/SIERRA DE MOLINA 17 MADRID - 23 10 2025 - PRY+SUBV.gdoc
2025-10-23	193	./HOJAS ENCARGO AUTOMATICAS/PZA DOS DE MAYO 3 MADRID - 23 10 2025 - INS ASCENSOR.gdoc
2025-10-23	193	./HOJAS ENCARGO AUTOMATICAS/PZA DOS DE MAYO 3 MADRID - 23 10 2025 - TRAM SUB.gdoc
2025-10-23	193	./HOJAS ENCARGO AUTOMATICAS/PASEO DR SEVERO OCHOA 10 FUENLABRADA - 23 10 2025 - SUBV PRY PROP.gdoc
2025-10-24	193	./HOJAS ENCARGO AUTOMATICAS/VIRGEN DE LA OLIVA 2 PORTAL 4  MADRID - 22 10 2025 - IEE DIEGO ROJO.gdoc
2025-10-24	193	./HOJAS ENCARGO AUTOMATICAS/CASTILLO DE AREVALO 4 MADRID - 22 10 2025 - IEE DIEGO ROJO.gdoc
2025-10-24	193	./HOJAS ENCARGO AUTOMATICAS/AV DE HELLIN 4 MADRID - 22 10 2025 - IEE DIEGO ROJO.gdoc
2025-10-24	193	./HOJAS ENCARGO AUTOMATICAS/CASTILLO DE AREVALO 2  MADRID - 22 10 2025 - IEE DIEGO ROJO.gdoc
2025-10-24	193	./HOJAS ENCARGO AUTOMATICAS/CASTILLO DE OROPESA 11 MADRID - 22 10 2025 - IEE DIEGO ROJO.gdoc
2025-10-24	193	./HOJAS ENCARGO AUTOMATICAS/AMPOSTA 20 MADRID - 24 10 2025 - IEE DIEGO ROJO.gdoc
2025-10-24	193	./HOJAS ENCARGO AUTOMATICAS/CASTROPOL 17 MADRID - 22 10 2025 - IEE DIEGO ROJO.gdoc
2025-10-24	193	./HOJAS ENCARGO AUTOMATICAS/CASTILLO DE COCA 9 MADRID - 22 10 2025 - IEE DIEGO ROJO.gdoc
2025-10-24	193	./HOJAS ENCARGO AUTOMATICAS/CASTILLO DE OROPESA  9 MADRID - 22 10 2025 - IEE DIEGO ROJO.gdoc
2025-10-24	193	./HOJAS ENCARGO AUTOMATICAS/CASTILLO DE OROPESA 7 MADRID - 22 10 2025 - IEE DIEGO ROJO.gdoc
2025-10-24	193	./HOJAS ENCARGO AUTOMATICAS/CANGAS DE ONIS 40 MADRID - 22 10 2025 - IEE DIEGO ROJO.gdoc
2025-10-24	193	./HOJAS ENCARGO AUTOMATICAS/INFIESTO 3 MADRID - 22 10 2025 - IEE DIEGO ROJO.gdoc
2025-10-24	193	./HOJAS ENCARGO AUTOMATICAS/EMILIO MUÑOZ 11 MADRID - 22 10 2025 - IEE DIEGO ROJO.gdoc
2025-10-24	193	./HOJAS ENCARGO AUTOMATICAS/MARQUES DE CORBERA 22C MADRID - 24 10 2025 - PRY ASC+SUBV.gdoc
2025-10-24	193	./HOJAS ENCARGO AUTOMATICAS/SEPULVEDA 33 MADRID - 24 10 2025 - DOC TECNICA PARA MEMORIA VALORADA.gdoc
2025-10-24	193	./HOJAS ENCARGO AUTOMATICAS/AV DE MORATALAZ 103 MADRID (VIVIENDA PORTERIA)- 24 10 2025 - CEE.gdoc
2025-10-24	193	./HOJAS ENCARGO AUTOMATICAS/PATERNA 7 MADRID - 24 10 2025 - ASC + SATE.gdoc
2025-10-26	193	./HOJAS ENCARGO AUTOMATICAS/CARDENAL HERRERA ORIA 291 - 27 10 2025 - TRAM SUB.gdoc
2025-10-26	193	./HOJAS ENCARGO AUTOMATICAS/CARDENAL HERRERA ORIA 291 - 27 10 2025 - INS ASCENSOR.gdoc
2025-10-23	794929	./HOJAS ENCARGO AUTOMATICAS/NTRA SEÑORA DE SOLEDAD 20 MADRID ESTUDIO DE VIABILIDAD.docx
2025-10-27	126036	./HOJAS ENCARGO AUTOMATICAS/CASTILLO DE COCA 9 MADRID 27-10-2025 INFORME DE VIABILIDAD .pdf
2025-10-27	193	./HOJAS ENCARGO AUTOMATICAS/CASTILLO DE COCA 9 MADRID - 27 10 2025 - PRY ASC+SUBV.gdoc
2025-10-28	193	./HOJAS ENCARGO AUTOMATICAS/ZAMORA 1,3 Y 5 FUENLABRADA - 28 10 2025 - CSS.gdoc
2025-10-28	193	./HOJAS ENCARGO AUTOMATICAS/VICENTE QUESADA 3 MADRID - 28 10 2025 - INS ASC.gdoc
2025-10-28	193	./HOJAS ENCARGO AUTOMATICAS/VICENTE QUESADA 3 MADRID - 28 10 2025 - TRAM SUB.gdoc
2025-10-28	853163	./HOJAS ENCARGO AUTOMATICAS/ESTACION 1 ALCORCON ESTUDIO DE VIABILIDAD.docx
2025-10-28	193	./HOJAS ENCARGO AUTOMATICAS/ESTACION 1 ALCORCON - 28 10 2025 - INS ASCENSOR.gdoc
2025-10-28	193	./HOJAS ENCARGO AUTOMATICAS/ESTACION 1 ALCORCON - 28 10 2025 - TRAM SUB.gdoc
2025-12-15	193	./HOJAS ENCARGO AUTOMATICAS/GARCIA DE PAREDES 44 MADRID - 29 10 2025 - ACCS+SUBV.gdoc
2025-10-29	193	./HOJAS ENCARGO AUTOMATICAS/AV CARLOS V 47- 49 MOSTOLES - 29 10 2025 - CONSULTA URBANISTICA VINCULANTE.gdoc
2025-10-29	193	./HOJAS ENCARGO AUTOMATICAS/VIENA 2, 4 ,6 MOSTOLES - 29 10 2025 - CONSULTA URBANISTICA VINCULANTE.gdoc
2025-10-29	134039	./HOJAS ENCARGO AUTOMATICAS/PATRIARCA SAN JOSE 11 MADRID 29-10-2025  INFORME DE VIABILIDAD .pdf
2025-10-29	193	./HOJAS ENCARGO AUTOMATICAS/PATRIARCA SAN JOSE 11 MADRID - 28 10 2025 - PRY ASC+SATE+SUBV.gdoc
2025-10-30	193	./HOJAS ENCARGO AUTOMATICAS/FOMENTO 19 MADRID - 30 10 2025 - TRAM SUB.gdoc
2025-10-30	193	./HOJAS ENCARGO AUTOMATICAS/FOMENTO 19  - 30 10 2025 - INS ASCENSOR.gdoc
2025-10-30	193	./HOJAS ENCARGO AUTOMATICAS/GOMEZ DE ARTECHE 10 MADRID - 30 10 2025 - SATE + ASC.gdoc
2025-10-30	193	./HOJAS ENCARGO AUTOMATICAS/ABELLA 7 MADRID - 30 10 2025 - ENV + ASCE.gdoc
2025-10-30	193	./HOJAS ENCARGO AUTOMATICAS/CARLOS ARNICHES 25 MADRID - 30 10 2025 - SUBV PRY PROP.gdoc
2025-10-30	193	./HOJAS ENCARGO AUTOMATICAS/CARRETAS 15 MADRID - 30 10 2025 - SUBV PRY PROP.gdoc
2025-10-30	193	./HOJAS ENCARGO AUTOMATICAS/GUTEMBERG 8 MADRID - 30 10 2025 - RH PARCIAL.gdoc
2025-10-30	193	./HOJAS ENCARGO AUTOMATICAS/SAN GREGORIO 4 LEGANES - 30 10 2025 - CSS.gdoc
2025-10-30	80648	./HOJAS ENCARGO AUTOMATICAS/García De Paredes 44 Madrid 30-10-2025 INFORME DE VIABILIDAD .pdf
2025-10-31	193	./HOJAS ENCARGO AUTOMATICAS/CARLOS V 47, 49  Y VIENA 2, 4 ,6 MOSTOLES - 31 10 2025 - CONSULTA URBANISTICA.gdoc
2025-10-31	193	./HOJAS ENCARGO AUTOMATICAS/DELICIAS 7 FUENLABRADA - 31 10 2025 - PRY ASC.gdoc
2025-10-31	193	./HOJAS ENCARGO AUTOMATICAS/LOS PEÑASCALES 17 MADRID - 31 10 2025 - PRY ELEV.gdoc
2025-10-31	118856	./HOJAS ENCARGO AUTOMATICAS/BADAJOZ 4 FUENLABRADA 31-10-2025 INFORME DE VIABILIDAD .pdf
2025-10-31	193	./HOJAS ENCARGO AUTOMATICAS/BADAJOZ 4 FUENLABRADA - 31 10 2025 - PRY ASC+SUBV.gdoc
2025-11-03	193	./HOJAS ENCARGO AUTOMATICAS/SIERRA DEL VALLE 44 MADRID - 03 11 2025 - SUBV EXT.gdoc
2025-11-03	193	./HOJAS ENCARGO AUTOMATICAS/CONCILIO 17 ALCOBENDAS - 03 11 2025 - PRY SATE+SUBV CON CAES.gdoc
2026-02-13	193	./HOJAS ENCARGO AUTOMATICAS/GIRASOL 21 MADRID - 03 11 2025 - SATE CAES.gdoc
2025-11-03	193	./HOJAS ENCARGO AUTOMATICAS/ALZINA 3 MADRID - 03 11 2025 - INS ASCENSOR.gdoc
2025-11-03	193	./HOJAS ENCARGO AUTOMATICAS/ALZINA 3 MADRID - 03 11 2025 - TRAM SUB.gdoc
2025-11-04	127399	./HOJAS ENCARGO AUTOMATICAS/Barberán Y Collar 20  Alcalá De Henares 4-11-2025 INFORME DE VIABILIDAD .pdf
2025-11-04	193	./HOJAS ENCARGO AUTOMATICAS/BARBERÁN Y COLLAR 20  ALCALÁ DE HENARES - 04 11 2025 - PRY ASC+SUBV.gdoc
2025-11-04	193	./HOJAS ENCARGO AUTOMATICAS/CUESTA BLANCA 2 FASE 1 BLOQUE CH ALCOBENDAS - 04 11 2025 - PRY ASC Y RAMP+SUBV.gdoc
2025-11-04	193	./HOJAS ENCARGO AUTOMATICAS/CUESTA BLANCA 2 FASE 1 BLOQUE C ALCOBENDAS - 04 11 2025 - PRY ASC+SUBV.gdoc
2025-11-04	193	./HOJAS ENCARGO AUTOMATICAS/VILLAGARCIA 10 MADRID - 04 11 2025 - TRAM SUB.gdoc
2025-11-04	193	./HOJAS ENCARGO AUTOMATICAS/VILLAGARCIA 10 MADRID - 04 11 2025 - INS ASCENSOR.gdoc
2026-03-04	193	./HOJAS ENCARGO AUTOMATICAS/O'DONNELL 41 MADRID - 04 11 2025 - PRY ASC.gdoc
2025-11-04	138124	./HOJAS ENCARGO AUTOMATICAS/O'DONNELL 41 MADRID 04-11-2025 INFORME DE VIABILIDAD .pdf
2025-11-04	193	./HOJAS ENCARGO AUTOMATICAS/INFORME LOS PEÑASCALES 17 MADRID.gdoc
2025-11-07	193	./HOJAS ENCARGO AUTOMATICAS/NAVALMORALES 17 MADRID - 07 11 2025 - SUB.gdoc
2025-11-07	193	./HOJAS ENCARGO AUTOMATICAS/NAVALMORALES 17 MADRID - 07 11 2025 - PROY ASC.gdoc
2025-11-07	193	./HOJAS ENCARGO AUTOMATICAS/NUESTRA SEÑORA DE SOLEDAD 16 MADRID - 07 11 2025 - PROY SATE.gdoc
2025-11-07	193	./HOJAS ENCARGO AUTOMATICAS/NUESTRA SEÑORA DE SOLEDAD 16 MADRID - 07 11 2025 - SUB.gdoc
2025-11-07	193	./HOJAS ENCARGO AUTOMATICAS/NUESTRA SEÑORA DE SOLEDAD 16 MADRID - 07 11 2025 - INS ASCENSOR.gdoc
2025-11-07	193	./HOJAS ENCARGO AUTOMATICAS/ALCALA 320 MADRID - 07 11 2025 - PRY+SUBV.gdoc
2025-11-07	193	./HOJAS ENCARGO AUTOMATICAS/SÁNCHEZ PRECIADO 40 MADRID - 07 11 2025 - PRY SATE CON CESION DE CAES.gdoc
2025-11-07	193	./HOJAS ENCARGO AUTOMATICAS/VILLAMANIN 20 MADRID - 07 11 2025 - SUB.gdoc
2025-11-07	193	./HOJAS ENCARGO AUTOMATICAS/VILLAMANIN 20 MADRID - 07 11 2025 - ISN ASC.gdoc
2025-11-07	129632	./HOJAS ENCARGO AUTOMATICAS/Prudencio Álvaro 1 Madrid 7-11-2025 INFORME DE VIABILIDAD .pdf
2025-11-07	193	./HOJAS ENCARGO AUTOMATICAS/PRUDENCIO ÁLVARO 1 MADRID - 07 11 2025 - PRY ASC+SUBV.gdoc
2025-11-07	193	./HOJAS ENCARGO AUTOMATICAS/AV MORATALAZ 21 MADRID - 06 11 2025 - IEE.gdoc
2025-11-06	193	./HOJAS ENCARGO AUTOMATICAS/CASTELLON 1 MOSTOLES - 06 11 2025 - CSS.gdoc
2025-11-05	193	./HOJAS ENCARGO AUTOMATICAS/PAULAR 5 FUENLABRADA - 05 11 2025 - IEE.gdoc
2025-11-04	105835	./HOJAS ENCARGO AUTOMATICAS/CUESTA BLANCA 2 FASE 1 BLOQUE C ALCOBENDAS 4-11-2025 INFORME DE VIABILIDAD  .pdf
2025-11-04	106087	./HOJAS ENCARGO AUTOMATICAS/CUESTA BLANCA 2 FASE 1 BLOQUE CH ALCOBENDAS 4-11-2025 INFORME DE VIABILIDAD .pdf
2025-11-08	193	./HOJAS ENCARGO AUTOMATICAS/HIGUERAS 7 MADRID - 07 11 2025 - ASC Y SATE.gdoc
2025-11-10	193	./HOJAS ENCARGO AUTOMATICAS/CALLE CAMINO VIEJO DE LEGANES 237 - 07 11 2025 - INS ASCENSOR.gdoc
2025-11-12	193	./HOJAS ENCARGO AUTOMATICAS/ALONSO 41 MADRID - 12 11 2025 - RH PARCIAL.gdoc
2025-11-12	193	./HOJAS ENCARGO AUTOMATICAS/POLVORANCA 18 LEGANES - 12 11 2025 - LEX.gdoc
2025-11-24	193	./HOJAS ENCARGO AUTOMATICAS/ARTICO 4 LEGANES - 13 11 2025 - LPO+LEE.gdoc
2025-11-13	193	./HOJAS ENCARGO AUTOMATICAS/BADALONA 120 MADRID - 13 11 2025 - SATE+SUBV.gdoc
2025-12-16	193	./HOJAS ENCARGO AUTOMATICAS/PATRIARCA SAN JOSE 11 MADRID - 28 10 2025 - PRY SATE+SUBV.gdoc
2025-11-14	193	./HOJAS ENCARGO AUTOMATICAS/PATRIARCA SAN JOSE 11 MADRID - 28 10 2025 - PRY ASC+SUBV.gdoc
2026-01-08	193	./HOJAS ENCARGO AUTOMATICAS/GANAPANES 31-35 MADRID - 17 11 2025 - SATE+SUBV.gdoc
2025-11-17	193	./HOJAS ENCARGO AUTOMATICAS/MONLEON 10 MADRID - 17 11 2025 - SUBV PRY EXT.gdoc
2025-11-17	193	./HOJAS ENCARGO AUTOMATICAS/FCO JAVIER SAUQUILLO 7 MOSTOLES - 17 11 2025 - accesibilidad portal.gdoc
2025-11-19	193	./HOJAS ENCARGO AUTOMATICAS/RUFINO BLANCO 20 MADRID - 19 11 2025 - SUBV ASC.gdoc
2025-11-19	193	./HOJAS ENCARGO AUTOMATICAS/RÍO LLOBREGAT 1 MÓSTOLES - 19 11 2025 - PRY SATE+SUBV CON CAES.gdoc
2025-11-19	4073771	./HOJAS ENCARGO AUTOMATICAS/RIO LLOBREGAT 1 MOSTOLES PRY SATE+SUBV +CAES.pdf
2025-11-19	193	./HOJAS ENCARGO AUTOMATICAS/CRTRA CANILLAS 108 MADRID - 19 11 2025 - INS ASCENSOR.gdoc
2025-11-19	193	./HOJAS ENCARGO AUTOMATICAS/CRTRA CANILLAS 108 MADRID - 19 11 2025 - SUB.gdoc
2025-11-19	193	./HOJAS ENCARGO AUTOMATICAS/CAMINO DE LAS CRUCES 27 MADRID - 19 11 2025 - INS ASCENSOR SATE SUB.gdoc
2025-11-21	193	./HOJAS ENCARGO AUTOMATICAS/AV. JUAN CARLOS I 10 AJALVIR - 21 11 2025 - RENV SUBV ACCS.gdoc
2025-11-21	193	./HOJAS ENCARGO AUTOMATICAS/LOPEZ GRASS 11 MADRID - 21 11 2025 - INS ASC.gdoc
2025-11-21	193	./HOJAS ENCARGO AUTOMATICAS/LOPEZ GRASS 11 MADRID - 21 11 2025 - SUB.gdoc
2025-11-21	193	./HOJAS ENCARGO AUTOMATICAS/TRES PECES 7 MADRID - 21 11 2025 - INS ASC.gdoc
2025-11-21	193	./HOJAS ENCARGO AUTOMATICAS/TRES PECES 7 MADRID - 21 11 2025 - SUB.gdoc
2025-11-24	193	./HOJAS ENCARGO AUTOMATICAS/PZA MANANTIALES 1 GUADALAJARA - 24 11 2025 - ACCESIBILIDAD PORTAL.gdoc
2025-11-24	193	./HOJAS ENCARGO AUTOMATICAS/AVDA ABRANTES 81 83 85 MADRID - 24 11 2025 - SATE CON CAES.gdoc
2026-01-23	193	./HOJAS ENCARGO AUTOMATICAS/ESTEBAN COLLANTES 26 MADRID - 24 11 2025 - RENV SUBV ACC.gdoc
2025-11-24	193	./HOJAS ENCARGO AUTOMATICAS/ILLESCAS 70 MADRID - 24 11 2025 - ILLESCAS 70 MADRID.gdoc
2025-11-25	193	./HOJAS ENCARGO AUTOMATICAS/AVDA DOCTOR FEDERICO RUBIO Y GALI 19 - 25 11 2025 - ACCESIBILIDAD PORTAL.gdoc
2025-11-25	193	./HOJAS ENCARGO AUTOMATICAS/GLORIETA DE TAMARINDO 4 ARANJUEZ - 25 11 2025 - RENOV SUBV ACC.gdoc
2025-12-12	193	./HOJAS ENCARGO AUTOMATICAS/PLAZA DEL PAULAR 4  MADRID - 25 11 2025 - PRY ASC +SUBV.gdoc
2025-11-26	193	./HOJAS ENCARGO AUTOMATICAS/PABLO LAFARGUE 10 MADRID - 25 11 2025 - PRY ASC+SUBV.gdoc
2025-11-25	193	./HOJAS ENCARGO AUTOMATICAS/GOMEZ DE ARTECHE 38 MADRID - 25 11 2025 - sate ascensor.gdoc
2025-11-26	193	./HOJAS ENCARGO AUTOMATICAS/PASEO FEDERICO GARCIA LORCA 16 MADRID - 26 11 2025 - PRY ASC+SUBV.gdoc
2025-11-26	125690	./HOJAS ENCARGO AUTOMATICAS/PASEO DE FEDERICO GARCIA LORCA 16. MADRID 26-11-2025 INFORME DE VIABILIDAD .pdf
2025-11-26	193	./HOJAS ENCARGO AUTOMATICAS/SAN FRANCISCO 15 LEGANÉS - 26 11 2025 - RENV SUBV ACC.gdoc
2025-11-26	193	./HOJAS ENCARGO AUTOMATICAS/RIBEIRO 17 LEGANÉS - 26 11 2025 - RENV SUBV ACC.gdoc
2025-11-26	193	./HOJAS ENCARGO AUTOMATICAS/RIO DUERO 32 LEGANÉS - 26 11 2025 - RENV SUBV ACC.gdoc
2025-11-26	193	./HOJAS ENCARGO AUTOMATICAS/SAN FRANCISCO JAVIER 2 FUENLABRADA - 26 11 2025 - RENV SUBV ACC.gdoc
2025-11-26	193	./HOJAS ENCARGO AUTOMATICAS/LA VEGA 6 FUENLABRADA - 26 11 2025 - RENV SUBV ACC.gdoc
2025-11-26	193	./HOJAS ENCARGO AUTOMATICAS/VALDEVARNÉS 16 MADRID - 26 11 2025 - RENV SUBV ACC.gdoc
2025-11-26	193	./HOJAS ENCARGO AUTOMATICAS/MONTE PERDIDO 10 MADRID - 26 11 2025 - RENV SUBV ACC.gdoc
2025-11-26	193	./HOJAS ENCARGO AUTOMATICAS/PABLO LAFARGUE 10 MADRID - 26 11 2025 - PRY RECRECIDO DE TERRAZA.gdoc
2025-11-26	193	./HOJAS ENCARGO AUTOMATICAS/PASEO DE LA HABANA 80 MADRID - 26 11 2025 - PRY ACC+SUBV.gdoc
2025-11-26	193	./HOJAS ENCARGO AUTOMATICAS/RIO MANZANARES 31 - 26 11 2025 - ACCESIBILIDAD PORTAL.gdoc
2025-11-26	193	./HOJAS ENCARGO AUTOMATICAS/RIO MANZANARES 31 LEGANES - 26 11 2025 - PLATAFORMA ELEVADORA.gdoc
2025-11-26	193	./HOJAS ENCARGO AUTOMATICAS/POLVORANCA 39 MADRID - 26 11 2025 - ENV Y ASCENSOR.gdoc
2025-11-27	193	./HOJAS ENCARGO AUTOMATICAS/AV ESPAÑA 9 FUENLABRADA  - 27 11 2025 - PRY ACC RAMPA.gdoc
2025-11-27	136264	./HOJAS ENCARGO AUTOMATICAS/Carlos Martín Álvarez 102 Madrid 27-11-2025 INFORME DE VIABILIDAD .pdf
2025-11-27	193	./HOJAS ENCARGO AUTOMATICAS/CARLOS MARTÍN ALVAREZ 102 MADRID - 27 11 2025 - PRY ASC+SUBV.gdoc
2026-10-05	193	./HOJAS ENCARGO AUTOMATICAS/no vale - se va a actualizar DOS DE MAYO 28 ALCOBENDAS  - 27 11 2025 - SATE+SUBV.gdoc
2025-11-27	193	./HOJAS ENCARGO AUTOMATICAS/SEGOVIA 49 MADRID - 26 11 2025 - INS ASCENSOR.gdoc
2025-11-28	193	./HOJAS ENCARGO AUTOMATICAS/PARLA 20 GETAFE - 27 11 2025 - PRY SATE+SUBV.gdoc
2025-11-27	193	./HOJAS ENCARGO AUTOMATICAS/CHIRIMOYA 21 MADRID - 27 11 2025 - SATE CON CAES.gdoc
2025-11-28	193	./HOJAS ENCARGO AUTOMATICAS/FLORENCIO LLORENTE 3 MADRID - 28 11 2025 - PRY ASC+SUBV.gdoc
2025-11-28	193	./HOJAS ENCARGO AUTOMATICAS/FUENTECILLA 12 VILLAVICIOSA DE ODON - 28 11 2025 - PRY SATE+CUBIERTA +SUBV.gdoc
2025-11-30	193	./HOJAS ENCARGO AUTOMATICAS/EPOCA 23 - 01 12 2025 - ASCEN.gdoc
2025-11-30	193	./HOJAS ENCARGO AUTOMATICAS/EPOCA 25 - 01 12 2025 - asc.gdoc
2025-11-30	193	./HOJAS ENCARGO AUTOMATICAS/PRINCIPE DE VERGARA 254 - 01 12 2025 - ACCES Y SUB.gdoc
2025-11-30	193	./HOJAS ENCARGO AUTOMATICAS/ANTONIO PRIETO 25 MADRID - 01 12 2025 - SATE CON CAES.gdoc
2025-12-01	193	./HOJAS ENCARGO AUTOMATICAS/SABADELL 217 MADRID - 01 12 2025 - PROY ASC.gdoc
2025-12-01	193	./HOJAS ENCARGO AUTOMATICAS/FERIA 10 MADRID - 01 12 2025 - ASC.gdoc
2025-12-01	193	./HOJAS ENCARGO AUTOMATICAS/GERMAN PEREZ CARRASCO 73 Y 73 BIS MADRID - 01 12 2025 - PRY 2 ASC+SUBV.gdoc
2025-12-03	193	./HOJAS ENCARGO AUTOMATICAS/AV. MADRID 42 SAN MARTÍN DE VALDEIGLESIAS - 02 12 2025 - CSS.gdoc
2025-12-02	193	./HOJAS ENCARGO AUTOMATICAS/VIRGEN DE LA OLIVA 30 MADRID - 02 12 2025 - PRY ASC+SUBV.gdoc
2025-12-02	130311	./HOJAS ENCARGO AUTOMATICAS/German Pérez Carrasco 73 y 73 Bis Madrid 2-12-2025 INFORME DE VIABILIDAD .pdf
2025-12-02	193	./HOJAS ENCARGO AUTOMATICAS/AVDA DOCTOR FLEMING 14 LEGANES - 02 12 2025 - ENV TER SIN CAES.gdoc
2025-12-03	193	./HOJAS ENCARGO AUTOMATICAS/RIOJA 19 LEGANES - 03 12 2025 - CSS.gdoc
2025-12-03	193	./HOJAS ENCARGO AUTOMATICAS/DOLORES ARMENGOT 26 MADRID - 03 12 2025 - INS ASC.gdoc
2025-12-04	193	./HOJAS ENCARGO AUTOMATICAS/PICO DE ARTILLEROS 56 MADRID - 03 12 2025 - envol termica.gdoc
2026-03-02	193	./HOJAS ENCARGO AUTOMATICAS/ARBOLEDA 1 ALCORCON - 04 12 2025 - PRY ASC+SUBV.gdoc
2025-12-04	193	./HOJAS ENCARGO AUTOMATICAS/ARBOLEDA 1 ALCORCON - 04 12 2025 - IEE.gdoc
2025-12-04	193	./HOJAS ENCARGO AUTOMATICAS/SAN PABLO II AVILA - 04 12 2025 - CSS Y DR PARA OBRA DE SUSTITUCION DE ASCENSORES.gdoc
2025-12-08	193	./HOJAS ENCARGO AUTOMATICAS/GOMEZNARRO 247 - 09 12 2025 - INS ASC Y SUB.gdoc
2025-12-09	193	./HOJAS ENCARGO AUTOMATICAS/CESAR GONZALEZ RUANO 23 - 09 12 2025 - PLATA PORTAL.gdoc
2025-12-09	193	./HOJAS ENCARGO AUTOMATICAS/CAMINO DE VALDERRIVAS 110 MADRID - 09 12 2025 - DF.gdoc
2025-12-09	110726	./HOJAS ENCARGO AUTOMATICAS/Mayor 80 Alcorcón 9-12-2025 INFORME DE VIABILIDAD .pdf
2025-12-09	193	./HOJAS ENCARGO AUTOMATICAS/MAYOR 80 ALCORCON - 09 12 2025 - PRY ASC+SUBV.gdoc
2025-12-10	193	./HOJAS ENCARGO AUTOMATICAS/VIA LUSITANA 22 MADRID - 10 12 2025 - SATE.gdoc
2025-12-10	193	./HOJAS ENCARGO AUTOMATICAS/SALDAÑA 2 MADRID - 10 12 2025 - SATE CAES (1).gdoc
2025-12-10	193	./HOJAS ENCARGO AUTOMATICAS/SALDAÑA 2 MADRID - 10 12 2025 - SATE CAES.gdoc
2025-12-10	125387	./HOJAS ENCARGO AUTOMATICAS/CINE 15 MADRID 10-12-2025 INFORME DE VIABILIDAD .pdf
2025-12-10	193	./HOJAS ENCARGO AUTOMATICAS/CINE 15 MADRID - 10 12 2025 - PRY ASC.gdoc
2025-12-10	193	./HOJAS ENCARGO AUTOMATICAS/NARCISO SERRA 22 MADRID - 10 12 2025 - PLAT PORTAL.gdoc
2026-02-20	193	./HOJAS ENCARGO AUTOMATICAS/CONDESA DE TEBA 21 MADRID - 10 12 2025 - INS ASCENSOR.gdoc
2025-12-11	193	./HOJAS ENCARGO AUTOMATICAS/ZAMORA 6 FUENLABRADA - 11 12 2025 - PROY ASC.gdoc
2025-12-11	137993	./HOJAS ENCARGO AUTOMATICAS/Padre Claret 21 Madrid 11-12-2025 INFORME DE VIABILIDAD .pdf
2025-12-11	193	./HOJAS ENCARGO AUTOMATICAS/PADRE CLARET 21 MADRID - 11 12 2025 - PRY ASC+SUBV.gdoc
2025-12-11	99356	./HOJAS ENCARGO AUTOMATICAS/Cuchilleros 10 Madrid 11-12-2025 INFORME DE VIABILIDAD .pdf
2025-12-11	193	./HOJAS ENCARGO AUTOMATICAS/CUCHILLEROS 10 MADRID - 11 12 2025 - PRY ASC+SUBV.gdoc
2025-12-11	193	./HOJAS ENCARGO AUTOMATICAS/CEIP ENRIQUE TIERNO GALVAN ALCALA DE HNRES - 11 12 2025 - ACCESIBILIDAD.gdoc
2025-12-14	193	./HOJAS ENCARGO AUTOMATICAS/ERASO 12 MADRID - 15 12 2025 - ASC.gdoc
2026-02-20	193	./HOJAS ENCARGO AUTOMATICAS/O'DONNELL 41 MADRID - 15 12 2025 - SUBV ACCES PRY PROPIO.gdoc
2025-12-15	193	./HOJAS ENCARGO AUTOMATICAS/CASTROSERNA 5 MADRID - 15 12 2025 - PRY+SUBV.gdoc
2025-12-15	193	./HOJAS ENCARGO AUTOMATICAS/CASTILLA LA NUEVA 37 FUENLABRADA - 15 12 2025 - ACCESIBILIDAD.gdoc
2025-12-15	193	./HOJAS ENCARGO AUTOMATICAS/CASTILLA LA NUEVA 37 FUENLABRADA - 15 12 2025 - ACCE RAMPA.gdoc
2025-12-15	193	./HOJAS ENCARGO AUTOMATICAS/BETANZOS 26 ALCORCON - 15 12 2025 - SATE.gdoc
2025-12-15	193	./HOJAS ENCARGO AUTOMATICAS/BETANZOS 26 ALCORCON - 15 12 2025 - envol ter.gdoc
2026-05-11	193	./HOJAS ENCARGO AUTOMATICAS/TUBO 5 HUMERA - 11 05 20256- ASC SUB.gdoc
2025-12-16	193	./HOJAS ENCARGO AUTOMATICAS/AVDA ALBUFERA 134 MADRID - 16 12 2025 - ENVOL TER.gdoc
2025-12-16	193	./HOJAS ENCARGO AUTOMATICAS/AVDA ALBUFERA 134 MADRID - 16 12 2025 - ENV TERM.gdoc
2025-12-16	166700	./HOJAS ENCARGO AUTOMATICAS/Cruz De Luisa 11 Fuenlabrada 16-12-2025  INFORME DE VIABILIDAD .pdf
2025-12-16	193	./HOJAS ENCARGO AUTOMATICAS/CRUZ DE LUISA 11 FUENLABRADA- - 16 12 2025 - PROY ACCE.gdoc
2025-12-16	121718	./HOJAS ENCARGO AUTOMATICAS/Paseo Doctor Severo Ochoa 2 Fuenlabrada 16-12-2025 INFORME DE VIABILIDAD .pdf
2025-12-16	193	./HOJAS ENCARGO AUTOMATICAS/PASEO DOCTOR SEVERO OCHOA 2 FUENLABRADA - 16 12 2025 - PRY ASC+SUBV.gdoc
2025-12-16	193	./HOJAS ENCARGO AUTOMATICAS/PLAZA ALCIRA 3 MADRID - 16 12 2025 - ENVOLVENTE TERMICA.gdoc
2025-12-16	193	./HOJAS ENCARGO AUTOMATICAS/FARO 4-6 MADRID  - 16 12 2025 - ENVOL.gdoc
2025-12-18	193	./HOJAS ENCARGO AUTOMATICAS/DIEGO DE LEON 14 SAN SEBASTIAN DE LOS REYES - 18 12 2025 - PLAT ELEV.gdoc
2025-12-19	193	./HOJAS ENCARGO AUTOMATICAS/BETANZOS 26 ALCORCON - 15 12 2025 - envol sat.gdoc
2025-12-19	193	./HOJAS ENCARGO AUTOMATICAS/BETANZOS 26 ALCORCON - 15 12 2025 - envol term (1).gdoc
2025-12-18	193	./HOJAS ENCARGO AUTOMATICAS/BETANZOS 26 ALCORCON - 15 12 2025 - envol term.gdoc
2025-12-18	193	./HOJAS ENCARGO AUTOMATICAS/ANTONIO DE LEYVA 13 MADRID - 19 12 2025 - ENVOL.gdoc
2025-12-18	193	./HOJAS ENCARGO AUTOMATICAS/PIZARRO 12 MADRID - 18 12 2025 - INS ASC.gdoc
2025-12-19	193	./HOJAS ENCARGO AUTOMATICAS/MIRASIERRA 8 FUENLABRADA - 19 12 2025 - ASC.gdoc
2025-12-22	193	./HOJAS ENCARGO AUTOMATICAS/MALAGA 8 ALCORCON - 19 12 2025 - ASC.gdoc
2025-12-19	193	./HOJAS ENCARGO AUTOMATICAS/EZEQUIEL SOLANA 118 MADRID - 19 12 2025 - asc.gdoc
2025-12-19	193	./HOJAS ENCARGO AUTOMATICAS/PEÑABLANCA 4 MADRID - 22 12 2025 - ASC.gdoc
2025-12-19	193	./HOJAS ENCARGO AUTOMATICAS/PABLO LAFARGUE 38 MADRID - 22 12 2025 - ASC.gdoc
2025-12-19	193	./HOJAS ENCARGO AUTOMATICAS/SALAS DE BARBADILLO 6 MADRID - 22 12 2025 - ASC.gdoc
2025-12-22	193	./HOJAS ENCARGO AUTOMATICAS/KERRIA 30 ALCOBENDAS - 22 12 2025 - PRY MODF 2 ASC.gdoc
2025-12-22	193	./HOJAS ENCARGO AUTOMATICAS/AVDA DONOSTIARRA 18 MADRID - 22 12 2025 - ENVOL.gdoc
2025-12-22	193	./HOJAS ENCARGO AUTOMATICAS/AVDA DONOSTIARRA 18 MADRID - 22 12 2025 - ENVOL (1).gdoc
2026-01-23	193	./HOJAS ENCARGO AUTOMATICAS/DOCTOR FLEMING 44 MADRID - 22 12 2025 - ENVOL.gdoc
2025-12-22	193	./HOJAS ENCARGO AUTOMATICAS/VERGARA 18 SAN FERNANDO DE HENARES - 22 12 2025 - PRY ACCE+CSS.gdoc
2025-12-22	125084	./HOJAS ENCARGO AUTOMATICAS/Vergara 18 San Fernando de Henares 22-12-2025 INFORME DE VIABILIDAD .pdf
2025-12-22	193	./HOJAS ENCARGO AUTOMATICAS/AV IRÚN 7 SAN FERNANDO DE HENARES - 22 12 2025 - PRY ASC +SUBV.gdoc
2025-12-22	129321	./HOJAS ENCARGO AUTOMATICAS/Av Irún 7 San Fernando De Henares 19-12-2025 INFORME DE VIABILIDAD .pdf
2025-12-22	193	./HOJAS ENCARGO AUTOMATICAS/NTRA SEÑORA DE GRACIA 13 - 22 12 2025 - envol.gdoc
2025-12-22	193	./HOJAS ENCARGO AUTOMATICAS/PEÑABLANCA 3 MADRID - 22 12 2025 - asc.gdoc
2025-12-22	193	./HOJAS ENCARGO AUTOMATICAS/MALAGA 4 ALCORCON - 19 12 2025 - ASC.gdoc
2025-12-22	193	./HOJAS ENCARGO AUTOMATICAS/HIGUERAS 7 MADRID - 22 12 2025 - ASC.gdoc
2025-12-23	193	./HOJAS ENCARGO AUTOMATICAS/ESPARTA 5-7 MOSTOLES  - 23 12 2025 - PRY ASC +SUBV.gdoc
2025-12-23	193	./HOJAS ENCARGO AUTOMATICAS/CARRETERA DE LLIRIA 10 BURJASOT VALENCIA - 23 12 2025 - CSS Y DF.gdoc
2025-12-24	193	./HOJAS ENCARGO AUTOMATICAS/GARAJE MEJICO S N FUENLABRADA - 26 12 2025 - ASC.gdoc
2025-12-26	133988	./HOJAS ENCARGO AUTOMATICAS/General Ricardos 238 Madrid 26-12-2025 Informe de Viabilidad.pdf
2026-03-25	193	./HOJAS ENCARGO AUTOMATICAS/GENERAL RICARDOS 238 MADRID - 26 12 2025 - PRY ASC + SUBV.gdoc
2025-12-26	193	./HOJAS ENCARGO AUTOMATICAS/LOS PEÑASCALES 17 MADRID - 26 12 2025 - SUBV PRY PROP.gdoc
2026-01-07	193	./HOJAS ENCARGO AUTOMATICAS/VILLAGARCIA 8 MADRID - 07 01 2026 - SATE CAES.gdoc
2026-01-07	193	./HOJAS ENCARGO AUTOMATICAS/VILLAGARCIA 10 MADRID - 07 01 2026 - SATE CAES.gdoc
2026-01-08	193	./HOJAS ENCARGO AUTOMATICAS/AMPURDAN 22 LEGANES - 08 01 2026 - ACCE PORTAL.gdoc
2026-01-08	193	./HOJAS ENCARGO AUTOMATICAS/MUSAS 17 MADRID - 08 01 2026 - PRY EFFIC.gdoc
2026-01-08	193	./HOJAS ENCARGO AUTOMATICAS/MARQUES DE CORBERA 36C MADRID - 08 01 2026 - ascsub.gdoc
2026-01-09	193	./HOJAS ENCARGO AUTOMATICAS/AV PRESIDENTE CARMONA 5 ESC D MADRID - 08 01 2026 - CSS.gdoc
2026-01-08	193	./HOJAS ENCARGO AUTOMATICAS/MARIA TERESA SAENZ DE HEREDIA 34 MADRID - 08 01 2026 - ASCSUB.gdoc
2026-01-12	193	./HOJAS ENCARGO AUTOMATICAS/CALLE RIO LLOBREGAT 9 MOSTOLES - 12 01 2026 - PRY ACCES.gdoc
2026-03-06	193	./HOJAS ENCARGO AUTOMATICAS/LAS PALMAS 43 MOSTOLES - 06 03 2026 - PRY ACCS.gdoc
2026-01-13	193	./HOJAS ENCARGO AUTOMATICAS/SAN HERCULANO 2 MADRID - 13 01 2026 - ENV CAES.gdoc
2026-01-13	193	./HOJAS ENCARGO AUTOMATICAS/SAN HERCULANO 2 MADRID - 13 01 2026 - ENV.gdoc
2026-01-13	193	./HOJAS ENCARGO AUTOMATICAS/GUZMAN EL BUENO 75 MADRID - 13 01 2026 - ASC Y ACC.gdoc
2026-01-13	193	./HOJAS ENCARGO AUTOMATICAS/RIO SEGURA 8 LEGANES - 13 01 2026 - ENV.gdoc
2026-01-13	193	./HOJAS ENCARGO AUTOMATICAS/MARIANISTAS 5 MADRID - 13 01 2026 - ENVTERM.gdoc
2026-01-14	193	./HOJAS ENCARGO AUTOMATICAS/CANARIAS 44 MADRID - 14 01 2026 - SUB.gdoc
2026-01-14	193	./HOJAS ENCARGO AUTOMATICAS/SAN ROQUE 14 MADRID - 14 01 2026 - SUBACC.gdoc
2026-01-14	193	./HOJAS ENCARGO AUTOMATICAS/SANTA PRISCA 2-4 MADRID - 14 01 2026 - ENVOL.gdoc
2026-01-14	193	./HOJAS ENCARGO AUTOMATICAS/SANTA GENOVEVA 18-20 MADRID - 14 01 2026 - ENVOL.gdoc
2026-01-14	193	./HOJAS ENCARGO AUTOMATICAS/ALZINA 11 MADRID - 14 01 2026 - SATECAES.gdoc
2026-01-16	193	./HOJAS ENCARGO AUTOMATICAS/POLVORANCA 26 LEGANES - 16 01 2026 - ASC.gdoc
2026-01-16	193	./HOJAS ENCARGO AUTOMATICAS/POLVORANCA 35 MADRID - 16 01 2026 - ENVASC.gdoc
2026-01-16	193	./HOJAS ENCARGO AUTOMATICAS/RIOCABADO 8 MADRID - 16 01 2026 - PRY ASC.gdoc
2026-01-16	283212	./HOJAS ENCARGO AUTOMATICAS/AV LOS PRINCIPES DE ESPAÑA 19 COSLADA - 16_01_2026 - PROY ASC + SUBV.pdf
2026-01-16	180731	./HOJAS ENCARGO AUTOMATICAS/Av Los Principes De España 17 Coslada 15-01-2026 INFORME DE VIABILIDAD .pdf
2026-01-16	193	./HOJAS ENCARGO AUTOMATICAS/AV LOS PRINCIPES DE ESPAÑA 17 Y 19 COSLADA . - 16 01 2026 - PRY ACC RAMPA.gdoc
2026-01-16	193	./HOJAS ENCARGO AUTOMATICAS/AV LOS PRINCIPES DE ESPAÑA 17 COSLADA - 16 01 2026 - PROY ASC + SUBV.gdoc
2026-01-16	193	./HOJAS ENCARGO AUTOMATICAS/RIBADUMIA 4 MADRID - 15 01 2026 - RENOV SUBV.gdoc
2026-01-16	193	./HOJAS ENCARGO AUTOMATICAS/MARIA PEDRAZA 25 MADRID - 15 01 2026 - PRY SATE +SUBV.gdoc
2026-01-19	193	./HOJAS ENCARGO AUTOMATICAS/PASEO DE LOS PONTONES 29 MADRID - 19 01 2026 - SUBV PRY PROP.gdoc
2026-01-19	193	./HOJAS ENCARGO AUTOMATICAS/VALDECANILLAS  74 MADRID - 19 01 2026 - PRY TRASTEROS.gdoc
2026-01-19	193	./HOJAS ENCARGO AUTOMATICAS/RIO MIÑO 2 ALCALÁ DE HENARES - 19 01 2026 - PRY ACCES.gdoc
2026-01-20	193	./HOJAS ENCARGO AUTOMATICAS/LOS ÁNGELES 6 FUENLABRADA- - 20 01 2026 - IEE.gdoc
2026-01-20	193	./HOJAS ENCARGO AUTOMATICAS/BRUNETE 2 GETAFE - 20 01 2026 - SUB.gdoc
2026-01-20	193	./HOJAS ENCARGO AUTOMATICAS/BRUNETE 2 GETAFE - 20 01 2026 - ASC.gdoc
2026-01-20	193	./HOJAS ENCARGO AUTOMATICAS/prueba - 20 01 2020 - prueb.gdoc
2026-01-20	193	./HOJAS ENCARGO AUTOMATICAS/HORTALEZA 54 MADRID - 20 01 2026 - ASCSUB.gdoc
2026-01-20	193	./HOJAS ENCARGO AUTOMATICAS/ANGEL DE ALCAZAR 5 TALAVERA DE LA REINA TOLEDO - 20 01 2026 - PRY ASC+SUBV.gdoc
2026-01-20	193	./HOJAS ENCARGO AUTOMATICAS/ANGEL DE ALCAZAR 10 TALAVERA DE LA REINA TOLEDO - 20 01 2026 - PRY ASC+SUBV.gdoc
2026-01-20	193	./HOJAS ENCARGO AUTOMATICAS/JULIO PALACIOS 2-4-6 MADRID - 20 01 2026 - INFO PERICIAL.gdoc
2026-01-21	193	./HOJAS ENCARGO AUTOMATICAS/JUAN RUIZ DE LUNA 27 TALAVERA DE LA REINA.TOLEDO - 20 01 2026 - PRY ASC+SUBV.gdoc
2026-01-21	123609	./HOJAS ENCARGO AUTOMATICAS/JUAN RUIZ DE LUNA 27 TALAVERA DE LA REINA.TOLEDO 21-01-2026 INFORME DE VIABILIDAD .pdf
2026-01-20	136798	./HOJAS ENCARGO AUTOMATICAS/Ángel De Alcazar 10 Talavera De La Reina. Toledo  INFORME DE VIABILIDAD 21-01-2025.pdf
2026-01-21	179422	./HOJAS ENCARGO AUTOMATICAS/Ángel De Alcazar 5 Talavera De La Reina. Toledo INFORME DE VIABILIDAD 21-01-2025.pdf
2026-01-21	193	./HOJAS ENCARGO AUTOMATICAS/JOAQUINA SANTANDER 39 TALAVERA DE LA REINA.TOLEDO - 21 01 2026 - PRY ACC+CSS.gdoc
2026-01-21	193	./HOJAS ENCARGO AUTOMATICAS/NUESTRA SEÑORA DE GRACIA 9 MADRID - 20 01 2026 - ENV.gdoc
2026-02-09	193	./HOJAS ENCARGO AUTOMATICAS/ALFREDO ALEIX 20 MADRID - 22 01 2026 - SATECAES.gdoc
2026-01-22	128354	./HOJAS ENCARGO AUTOMATICAS/CORREGIDOR JUAN FRANCISCO DE LUJAN 34 MADRID 22-01-2026 INFORME DE VIABILIDAD .pdf
2026-01-22	193	./HOJAS ENCARGO AUTOMATICAS/CORREGIDOR JUAN FRANCISCO DE LUJAN 34 MADRID - 22 01 2026 - PRY ASC+SUBV.gdoc
2026-01-22	193	./HOJAS ENCARGO AUTOMATICAS/BATALLA DE CLAVIJO 7 LEGANES - 22 01 2026 - LIBRO DEL EDIFICIO.gdoc
2026-01-22	193	./HOJAS ENCARGO AUTOMATICAS/MALDONADO 33 MADRID - 22 01 2026 - INFORME FOSO REDUCIDO.gdoc
2026-01-22	193	./HOJAS ENCARGO AUTOMATICAS/VALDEVARNES 24 MADRID - 22 01 2026 - SUBV PRY PROP.gdoc
2026-01-22	193	./HOJAS ENCARGO AUTOMATICAS/FELIPE CASTRO 5 MADRID - 22 01 2026 - CSS.gdoc
2026-01-23	193	./HOJAS ENCARGO AUTOMATICAS/POLVORANCA 26 LEGANES - 23 01 2026 - CONSASC.gdoc
2026-01-23	193	./HOJAS ENCARGO AUTOMATICAS/CAMARENA 312 MADRID - 23 01 2026 - ASCSUB.gdoc
2026-01-23	193	./HOJAS ENCARGO AUTOMATICAS/CAMARENA 304 MADRID - 23 01 2026 - ASCSUB.gdoc
2026-01-23	177565	./HOJAS ENCARGO AUTOMATICAS/CALLAO 27 FUENLABRADA23-01-2026 INFORME DE VIABILIDAD .pdf
2026-01-23	193	./HOJAS ENCARGO AUTOMATICAS/CALLAO 27 FUENLABRADA - 23 01 2026 - PRY ASC +SUBV.gdoc
2026-01-23	193	./HOJAS ENCARGO AUTOMATICAS/Callao 48 Fuenlabrada 29-09-2025 INFORME DE VIABILIDAD .gdoc
2026-01-23	193	./HOJAS ENCARGO AUTOMATICAS/CALLAO 50 FUENLABRADA - 23 01 2026 - INSASC.gdoc
2026-01-23	193	./HOJAS ENCARGO AUTOMATICAS/CORREGIDOR JUAN FRANCISCO DE LUJAN 34 MADRID - 23 01 2026 - PRY SATE +SUBV.gdoc
2026-01-29	193	./HOJAS ENCARGO AUTOMATICAS/ARROYO DE FONTARRÓN 381 MADRID - 23 01 2026 - PRY ASC+SATE+SUBV.gdoc
2026-01-26	197474	./HOJAS ENCARGO AUTOMATICAS/BELZUNEGUI  48 MADRID - 26_01_2026 - PRY ASC +SUBV.pdf
2026-01-26	193	./HOJAS ENCARGO AUTOMATICAS/BELZUNEGUI  48 MADRID - 26 01 2026 - PRY ASC +SUBV.gdoc
2026-01-26	193	./HOJAS ENCARGO AUTOMATICAS/OCAÑA 46 MADRID - 26 01 2026 - IEE.gdoc
2026-01-26	193	./HOJAS ENCARGO AUTOMATICAS/OCAÑA 48 MADRID - 26 01 2026 - IEE.gdoc
2026-01-26	193	./HOJAS ENCARGO AUTOMATICAS/PLAZA DE PARÍS 7 FUENLABRADA - 26 01 2026 - PROY ASC PENDIENTE DE PAGO.gdoc
2026-01-26	193	./HOJAS ENCARGO AUTOMATICAS/CAÑADA 8 MADRID - 26 01 2026 - INFORME TÉCNICO DE SUBSANACIÓN DE DEFICIENCIAS.gdoc
2026-01-26	193	./HOJAS ENCARGO AUTOMATICAS/INDEPENDENCIA 43 SAN SEBASTIAN DE LOS REYES - 26 01 2026 - PRY ASC+CSS.gdoc
2026-01-26	193	./HOJAS ENCARGO AUTOMATICAS/ANTONIO SANCHA 40 MADRID - 26 01 2026 - PRY SATE- INFORMATIVO.gdoc
2026-01-26	193	./HOJAS ENCARGO AUTOMATICAS/CAPITAN DAOIZ 2 TALAVERA DE LA REINA.TOLEDO - 26 01 2026 - PRY SATE FACHADA VENTILADA.gdoc
2026-01-26	193	./HOJAS ENCARGO AUTOMATICAS/JOAQUINA SANTANDER 33-35-37 TALAVERA DE LA REINA TOLEDO - 26 01 2026 - PRY SATE+SUBV.gdoc
2026-01-27	193	./HOJAS ENCARGO AUTOMATICAS/SEPULVEDA160 MADRID - 27 01 2026 - PRY ASC + SUBV.gdoc
2026-01-27	127898	./HOJAS ENCARGO AUTOMATICAS/Sepulveda160 Madrid 27-01-2026 INFORME DE VIABILIDAD .pdf
2026-01-27	193	./HOJAS ENCARGO AUTOMATICAS/SAN LORENZO 16 LEGANES - 27 01 2026 - ENVOLVENTE.gdoc
2026-01-27	193	./HOJAS ENCARGO AUTOMATICAS/CONSTANCIA 41 MADRID - 27 01 2026 - ACCESIBILIDAD.gdoc
2026-01-28	193	./HOJAS ENCARGO AUTOMATICAS/EMBAJADORES 3 MADRID - 27 01 2026 - PRY ASC+SUBV.gdoc
2026-01-28	129548	./HOJAS ENCARGO AUTOMATICAS/Embajadores 3 Madrid 28-01-2026 INFORME DE VIABILIDAD .pdf
2026-02-09	193	./HOJAS ENCARGO AUTOMATICAS/AV REY JUAN CARLOS I  72 - 74 LEGANES  - 28 01 2026 - PRY MOD ASC.gdoc
2026-01-28	193	./HOJAS ENCARGO AUTOMATICAS/CARLOS ARNICHES 25 MADRID - 28 01 2026 - CSS.gdoc
2026-01-28	193	./HOJAS ENCARGO AUTOMATICAS/PASEO DOCTOR SEVERO OCHOA  2 FUENLABRADA - 28 01 2026 - IEE.gdoc
2026-03-04	193	./HOJAS ENCARGO AUTOMATICAS/SIMON HERNANDEZ 44 MOSTOLES - 28 01 2026 NO VALE, SE REOFERTO - PRY SATE.gdoc
2026-01-28	193	./HOJAS ENCARGO AUTOMATICAS/SIETE OJOS 6 ALCORCON  - 28 01 2026 - INFORME PERICIAL.gdoc
2026-01-28	193	./HOJAS ENCARGO AUTOMATICAS/GOMEZNARRO 233 MADRID - 28 01 2026 - CSSASC.gdoc
2026-01-30	193	./HOJAS ENCARGO AUTOMATICAS/HIGUERAL 1 FUENLABRADA - 30 01 2026 - PROY ACC+CSS.gdoc
2026-01-30	193	./HOJAS ENCARGO AUTOMATICAS/MARQUES DE CORBERA 24B MADRID - 30 01 2026 - PRY ASC+SUBV.gdoc
2026-01-30	193	./HOJAS ENCARGO AUTOMATICAS/MARQUES DE CORBERA 28B MADRID - 30 01 2026 - PRY ASC+SUBV.gdoc
2026-02-02	124166	./HOJAS ENCARGO AUTOMATICAS/Riocabado 10 Madrid  02-02-2026INFORME DE VIABILIDAD .pdf
2026-02-02	193	./HOJAS ENCARGO AUTOMATICAS/DOCTOR FLEMING 44 MADRID - 30 01 2026 - IEE.gdoc
2026-02-02	193	./HOJAS ENCARGO AUTOMATICAS/RIOCABADO 10 MADRID - 30 01 2026 - PRY ASC + SUBV.gdoc
2026-02-11	193	./HOJAS ENCARGO AUTOMATICAS/ALAMEDA 4 MADRID - 11 02 2026 - ASC.gdoc
2026-02-11	193	./HOJAS ENCARGO AUTOMATICAS/LOPEZ DE HOYOS 163 MADRID  - 11 02 2026 - ACCESIBLIDAD.gdoc
2026-02-11	193	./HOJAS ENCARGO AUTOMATICAS/DOCTOR ESQUERDO 169 - 11 02 2026 - ACCESIBILIDAD.gdoc
2026-02-11	193	./HOJAS ENCARGO AUTOMATICAS/MAQUEDA 82 MADRID - 11 02 2026 - SUBV EXT.gdoc
2026-02-11	193	./HOJAS ENCARGO AUTOMATICAS/MONTESA 27 MADRID - 04 07 0225 - acces.gdoc
2026-02-11	193	./HOJAS ENCARGO AUTOMATICAS/PICO DE LOS ARTILLEROS 44 MADRID - 11 02 2026 - INFORME PARA ACTUACIÓN DE MEJORA DE ACCESIBILIDAD.gdoc
2026-02-11	193	./HOJAS ENCARGO AUTOMATICAS/DELICIAS 7 FUENLABRADA- - 11 02 2026 - SUBV PRY PROP.gdoc
2026-02-11	193	./HOJAS ENCARGO AUTOMATICAS/SONSOLES 4 LEGANES - 11 02 2026 - SUBV PRY PROP.gdoc
2026-02-11	193	./HOJAS ENCARGO AUTOMATICAS/AV ANGELES 6 LEGANES - 11 02 2026 - SUBV PRY EXT.gdoc
2026-02-10	193	./HOJAS ENCARGO AUTOMATICAS/GIRASOL 21 MADRID - 04 02 2026 - INFPERICIALCUBIERTA.gdoc
2026-02-10	193	./HOJAS ENCARGO AUTOMATICAS/AVDA DE LA MANCHA 44 LEGANES - 10 02 2026 - ASC.gdoc
2026-02-10	193	./HOJAS ENCARGO AUTOMATICAS/BETANCUNIA 4 MADRID - 10 02 2026 - SATECAES.gdoc
2026-02-10	193	./HOJAS ENCARGO AUTOMATICAS/AYAMONTE 2 A-B MADRID - 10 02 2026 - SATECONCAES.gdoc
2026-02-10	193	./HOJAS ENCARGO AUTOMATICAS/AYAMONTE 2 A-B MADRID - 10 02 2026 - ASC2.gdoc
2026-02-10	193	./HOJAS ENCARGO AUTOMATICAS/CUESTAS ALTAS 1 GETAFE - 10 02 2026 - SATECESIONCAES.gdoc
2026-02-10	193	./HOJAS ENCARGO AUTOMATICAS/ANGEL MUGICA, 35 MADRID - 10 02 2026 - sateconcesion.gdoc
2026-02-10	193	./HOJAS ENCARGO AUTOMATICAS/ANGEL MUGICA, 35 MADRID - 10 02 2026 - INSASC.gdoc
2026-02-10	193	./HOJAS ENCARGO AUTOMATICAS/ANGEL MUGICA, 35 MADRID - 10 02 2026 - SUB.gdoc
2026-02-10	193	./HOJAS ENCARGO AUTOMATICAS/SANTA CECILIA 7 QUART DE POBLET VALENCIA - 10 02 2026 - SUBV.gdoc
2026-02-10	140900	./HOJAS ENCARGO AUTOMATICAS/PASEO DE LOS FERROVIARIOS 9 MADRID 10-02-2026 INFORME DE VIABILIDAD .pdf
2026-02-10	137606	./HOJAS ENCARGO AUTOMATICAS/C.PALOMARES 79 MADRID 10-02-2026 INFORME DE VIABILIDAD .pdf
2026-02-10	141862	./HOJAS ENCARGO AUTOMATICAS/C.PALOMARES 77 MADRID 10-02-2026 INFORME DE VIABILIDAD .pdf
2026-02-10	141841	./HOJAS ENCARGO AUTOMATICAS/C.PALOMARES 75 MADRID 10-02-2026 INFORME DE VIABILIDAD .pdf
2026-02-10	193	./HOJAS ENCARGO AUTOMATICAS/PASEO DE LOS FERROVIARIOS 9 MADRID - 08 02 2026 - PRY ASCENS + SUBV.gdoc
2026-02-10	193	./HOJAS ENCARGO AUTOMATICAS/PASEO DE LOS FERROVIARIOS 9 MADRID - 08 02 2026 - PROY SATE + SUBV.gdoc
2026-02-10	193	./HOJAS ENCARGO AUTOMATICAS/PALOMARES 79 MADRID - 08 02 2026 - PRY SATE + SUBV.gdoc
2026-02-10	193	./HOJAS ENCARGO AUTOMATICAS/PALOMARES 79 MADRID - 08 02 2026 - PRY ASCENSOR + SUBV.gdoc
2026-02-10	193	./HOJAS ENCARGO AUTOMATICAS/PALOMARES 77 MADRID - 08 02 2026 - PRY ASCENSOR + SUBV.gdoc
2026-02-10	193	./HOJAS ENCARGO AUTOMATICAS/PALOMARES 77 MADRID - 08 02 2026 - PRY SATE + SUBV.gdoc
2026-02-10	193	./HOJAS ENCARGO AUTOMATICAS/PALOMARES 75 MADRID - 08 02 2026 - PRY SATE + SUBV.gdoc
2026-02-10	193	./HOJAS ENCARGO AUTOMATICAS/PALOMARES 75 MADRID - 08 02 2026 - PRY ASCENSOR + SUBV.gdoc
2026-02-09	193	./HOJAS ENCARGO AUTOMATICAS/EZEQUIEL SOLANA 105 MADRID - 09 02 2026 - ASCPROYEXTERNO.gdoc
2026-04-24	193	./HOJAS ENCARGO AUTOMATICAS/REAL VIEJA 5 SAN SEBASTIAN DE LOS REYES - 09 02 2026 - ASC.gdoc
2026-02-09	188686	./HOJAS ENCARGO AUTOMATICAS/AV REY JUAN CARLOS I  72 - 74 LEGANES 28-01-2026 INFORME DE VIABILIDAD .pdf
2026-02-06	193	./HOJAS ENCARGO AUTOMATICAS/ALFREDO ALEIX 33 MADRID - 06 02 2026 - ENVOL.gdoc
2026-02-06	193	./HOJAS ENCARGO AUTOMATICAS/NURIA 28-32 MADRID - 06 02 2026 - ACCESIBILIDAD.gdoc
2026-02-06	193	./HOJAS ENCARGO AUTOMATICAS/NURIA 28-32 MADRID - 06 02 2026 - SUB.gdoc
2026-02-06	193	./HOJAS ENCARGO AUTOMATICAS/NURIA 28-32 MADRID - 06 02 2026 - ACCE.gdoc
2026-02-06	193	./HOJAS ENCARGO AUTOMATICAS/NUESTRA SEÑORA DE FATIMA 94 MADRID - 06 02 2026 - SUBASCACCE.gdoc
2026-02-06	193	./HOJAS ENCARGO AUTOMATICAS/VILLA DE MARIN 28 MADRID - 06 02 2026 - SUBASCOTA0.gdoc
2026-02-06	193	./HOJAS ENCARGO AUTOMATICAS/AV EUROPA 20 ALCOBENDAS - 06 02 2026 - INFORME.gdoc
2026-02-06	193	./HOJAS ENCARGO AUTOMATICAS/MIESES 2 LAS ROZAS - 06 02 2026 - PRY BAJADA COTA 0.gdoc
2026-02-20	551531	./HOJAS ENCARGO AUTOMATICAS/CARLOS MARTIN ALVAREZ 102  MADRID ACABADO FINAL  .pdf
2026-02-06	123953	./HOJAS ENCARGO AUTOMATICAS/CARLOS FUENTES 61 MADRID 06-02-2026 INFORME DE VIABILIDAD .pdf
2026-02-06	193	./HOJAS ENCARGO AUTOMATICAS/CARLOS FUENTES 61 MADRID - 06 02 2026 - PROY ASCENS + SUBV.gdoc
2026-02-06	135134	./HOJAS ENCARGO AUTOMATICAS/SEPULVEDA 49 , MADRID 06-02-2026 INFORME DE VIABILIDAD .pdf
2026-02-06	193	./HOJAS ENCARGO AUTOMATICAS/SEPULVEDA 49 MADRID - 06 02 2026 - PRY ASC + SUBV.gdoc
2026-02-06	193	./HOJAS ENCARGO AUTOMATICAS/MILAN 9 TORREJON DE ARDOZ - 06 02 2026 - PRY SUST ASC.gdoc
2026-02-06	193	./HOJAS ENCARGO AUTOMATICAS/MILAN 7 TORREJON DE ARDOZ - 06 02 2026 - PRY SUST ASC.gdoc
2026-02-06	193	./HOJAS ENCARGO AUTOMATICAS/MILAN 3 TORREJON DE ARDOZ - 06 02 2026 - PRY SUST ASC.gdoc
2026-02-06	193	./HOJAS ENCARGO AUTOMATICAS/MILAN 1 TORREJON DE ARDOZ - 06 02 2026 - PRY SUST ASC.gdoc
2026-02-06	193	./HOJAS ENCARGO AUTOMATICAS/LONDRES 15 TORREJON DE ARDOZ - 06 02 2026 - PRY SUST ASC.gdoc
2026-02-06	193	./HOJAS ENCARGO AUTOMATICAS/LONDRES 13 TORREJON DE ARDOZ - 06 02 2026 - PRY SUST ASC.gdoc
2026-02-06	126275	./HOJAS ENCARGO AUTOMATICAS/PAULINO AGUADO BAENA 5 ALCOBENDAS 06-02-2026 INFORME DE VIABILIDAD .pdf
2026-02-06	193	./HOJAS ENCARGO AUTOMATICAS/PAULINO AGUADO 5 ALCOBENDAS - 06 02 2026 - PRY ASC + SUBV.gdoc
2026-02-05	148717	./HOJAS ENCARGO AUTOMATICAS/Embajadores 56 Madrid 05-02-2026  INFORME DE VIABILIDAD .pdf
2026-02-05	128972	./HOJAS ENCARGO AUTOMATICAS/ALHELI 2 LEGANES INFORME DE VIABILIDAD  .pdf
2026-02-05	193	./HOJAS ENCARGO AUTOMATICAS/EMBAJADORES 56 MADRID - 01 01 1970 - PRY ELEV+CSS.gdoc
2026-02-04	193	./HOJAS ENCARGO AUTOMATICAS/LOS BELGAS 12 COLLADO VILLALBA - 04 02 2026 - PROYASC.gdoc
2026-03-04	193	./HOJAS ENCARGO AUTOMATICAS/ZULOAGA 7 PARLA - 04 02 2026 - ASC.gdoc
2026-02-04	193	./HOJAS ENCARGO AUTOMATICAS/AV BADAJOZ 18 MADRID - 04 02 2026 - PRY ASC EFFIC.gdoc
2026-02-03	193	./HOJAS ENCARGO AUTOMATICAS/JULIAN BAENA DE CASTRO 4 ALCOBENDAS - 03 02 2026 - Consulta urb.gdoc
2026-02-03	193	./HOJAS ENCARGO AUTOMATICAS/ALHELI 2 LEGANES - 03 02 2026 - PROY ASC + SUBV.gdoc
2026-02-03	193	./HOJAS ENCARGO AUTOMATICAS/OLIVERETA 7 VALENCIA - 03 02 2026 - ASCSUB.gdoc
2026-03-03	193	./HOJAS ENCARGO AUTOMATICAS/RONDA DE TOLEDO 30 MADRID - 03 02 2026 - ACCESSUB.gdoc
2026-02-12	193	./HOJAS ENCARGO AUTOMATICAS/FERNANDO PESSOA 4 MADRID - 12 02 2026 - PRY CAMBIO ASC + ACCESI + COTA0.gdoc
2026-02-12	193	./HOJAS ENCARGO AUTOMATICAS/VELEZ MALAGA 20 MADRID - 12 02 2026 - PRY ASC + SUBVENC.gdoc
2026-02-12	143167	./HOJAS ENCARGO AUTOMATICAS/VELEZ MALAGA 20 MADRID INFORME DE VIABILIDAD 12-02-2026.pdf
2026-02-12	141671	./HOJAS ENCARGO AUTOMATICAS/FERNANDO PESSOA 4 MADRID INFORME DE VIABILIDAD 12-02-2026.pdf
2026-02-18	193	./HOJAS ENCARGO AUTOMATICAS/PASTRANA 5B MADRID - 12 02 2026 - PRY ACC+SUBV-modf agreg CSS.gdoc
2026-02-13	193	./HOJAS ENCARGO AUTOMATICAS/SAN CLEMENTE 16 LEGANES  - 13 02 2026 - LEE +LPO.gdoc
2026-02-13	193	./HOJAS ENCARGO AUTOMATICAS/AVDA DONOSTIARRA 18 MADRID - 13 02 2026 - CEE.gdoc
2026-02-13	193	./HOJAS ENCARGO AUTOMATICAS/PORTALEGRE 24 MADRID - 13 02 2026 - ENVOL.gdoc
2026-02-13	193	./HOJAS ENCARGO AUTOMATICAS/PORTALEGRE 24 MADRID - 13 02 2026 - IEE.gdoc
2026-02-16	193	./HOJAS ENCARGO AUTOMATICAS/VALMOJADO 163 MADRID - 16 02 2026 - IEE.gdoc
2026-02-16	193	./HOJAS ENCARGO AUTOMATICAS/AYAMONTE 2 A-B MADRID - 16 02 2026 - SUBVENCIONES.gdoc
2026-02-16	193	./HOJAS ENCARGO AUTOMATICAS/AYAMONTE 2 A-B MADRID - 16 02 2026 - cub.gdoc
2026-02-16	193	./HOJAS ENCARGO AUTOMATICAS/ETNA 10 MADRID - 16 02 2026 - PRY SATE.gdoc
2026-02-16	193	./HOJAS ENCARGO AUTOMATICAS/CALLE HUERTA DE VILLAVERDE 42 MADRID - 16 02 2026 - PRY ASC+SUBV.gdoc
2026-02-17	193	./HOJAS ENCARGO AUTOMATICAS/PEDRO UNANUE 22 MADRID - 16 02 2026 - INFORME.gdoc
2026-02-16	193	./HOJAS ENCARGO AUTOMATICAS/RAMON DE SANTILLAN 15 A-B MADRID - 16 02 2026 - PRY ELEV+SUBV.gdoc
2026-02-17	193	./HOJAS ENCARGO AUTOMATICAS/SAN ANDRES 1 LEGANES - 17 02 2026 - CSS.gdoc
2026-02-17	193	./HOJAS ENCARGO AUTOMATICAS/AVDA MONTE IGUELDO 123 - 16 02 2026 - PROY ASCENS + SUBVE.gdoc
2026-02-17	356701	./HOJAS ENCARGO AUTOMATICAS/MONTE IGUELDO 123 MADRID INFORME DE VIABILIDAD 17-02-2026.pdf
2026-02-17	193	./HOJAS ENCARGO AUTOMATICAS/A MONTES DE TOLEDO 3 - 17 02 2025 - HOJA DE ENCARGO.gdoc
2026-02-17	193	./HOJAS ENCARGO AUTOMATICAS/ABREVADERO 2 PORTAL 16 VILLAVICIOSA DE ODON - 17 02 2025 - ascensorsub.gdoc
2026-02-18	193	./HOJAS ENCARGO AUTOMATICAS/ILLESCAS 70 MADRID - 18 02 2026 - DF, CSS Y SUBV.gdoc
2026-02-18	193	./HOJAS ENCARGO AUTOMATICAS/PERPETUA DIAZ 7 MADRID - 18 02 2026 - IEE.gdoc
2026-02-18	193	./HOJAS ENCARGO AUTOMATICAS/ZAMORA 21 FUENLABRADA - 18 02 2026 - ASCSUB.gdoc
2026-02-19	193	./HOJAS ENCARGO AUTOMATICAS/CAMPO DE LA PALOMA 46 MADRID - 19 02 2025 - PROY ASCENSOR + SUBVEN.gdoc
2026-02-19	413738	./HOJAS ENCARGO AUTOMATICAS/INFORME DE VIABILIDAD CAMPO de la PALOMA 46 MADRID.pdf
2026-02-19	193	./HOJAS ENCARGO AUTOMATICAS/MORATALLA 8 MADRID - 19 02 2025 - IEE.gdoc
2026-02-19	193	./HOJAS ENCARGO AUTOMATICAS/MARIA GUERRERO 7 MADRID - 19 02 2025 - IEE.gdoc
2026-02-19	193	./HOJAS ENCARGO AUTOMATICAS/MORATALLA 8 MADRID - 19 02 2025 - sub.gdoc
2026-02-20	193	./HOJAS ENCARGO AUTOMATICAS/AV DOCTOR GARCIA TAPIA NUM 133-135-137 MADRID - 20 02 2026 - DF Y CERTIFICADO DE IDONIEDAD.gdoc
2026-02-20	193	./HOJAS ENCARGO AUTOMATICAS/SANTA BARBARA 20 TORRELAGUNA - 20 02 2026 - PRY ASC+ SUBV.gdoc
2026-02-20	193	./HOJAS ENCARGO AUTOMATICAS/AV DOCTOR GARCIA TAPIA NUM 133-135-137 MADRID - 20 02 2026 - DF Y CERTIF DE IDONIEDAD.gdoc
2026-02-20	193	./HOJAS ENCARGO AUTOMATICAS/ALTAMIRANO 32 MADRID - 20 02 2026 - ENVOLCAES.gdoc
2026-02-20	193	./HOJAS ENCARGO AUTOMATICAS/ALTAMIRANO 32 MADRID - 20 02 2026 - ACCESIBILIDAD PORTAL.gdoc
2026-02-20	193	./HOJAS ENCARGO AUTOMATICAS/PALENCIA 46 MADRID - 20 02 2026 - ENVOLCAES.gdoc
2026-02-20	193	./HOJAS ENCARGO AUTOMATICAS/EZEQUIEL SOLANA 105 MADRID - 20 02 2026 - ascsub.gdoc
2026-02-23	193	./HOJAS ENCARGO AUTOMATICAS/BRAVO MURILLO 358 MADRID - 23 02 2026 - PRY MODF ASC Y ACCE+SUBV.gdoc
2026-02-23	151891	./HOJAS ENCARGO AUTOMATICAS/BRAVO MURILLO 358 MADRID 23-02-2026 INFORME DE VIABILIDAD .pdf
2026-02-23	186136	./HOJAS ENCARGO AUTOMATICAS/BRAVO MURILLO 358 MADRID - 23_02_2026 - PRY MODF ASC Y ACCE+SUBV.pdf
2026-02-23	193	./HOJAS ENCARGO AUTOMATICAS/ADORATRICES 7 GUADALAJARA - 23 02 2026 - PROY ASCENS + SUBVENC.gdoc
2026-02-23	311013	./HOJAS ENCARGO AUTOMATICAS/INFORME DE VIABILIDAD ADORATRICES 7 GUADALAJARA.pdf
2026-02-23	193	./HOJAS ENCARGO AUTOMATICAS/FERIAL 25 GUADALAJARA - 23 02 2026 - PROY 2 ASCENS + SUBVENC.gdoc
2026-02-23	347331	./HOJAS ENCARGO AUTOMATICAS/INFORME DE VIABILIDAD FERIAL 25 GUADALAJARA.pdf
2026-02-23	193	./HOJAS ENCARGO AUTOMATICAS/GREGORIO IZQUIERDO 53 SSR - 23 02 2026 - PROY ASCENSOR + SUBV.gdoc
2026-02-23	355999	./HOJAS ENCARGO AUTOMATICAS/INFORME DE VIABILIDAD GREGORIO IZQUIERDO 53 SSR.pdf
2026-02-23	193	./HOJAS ENCARGO AUTOMATICAS/VALMOJADO 235 MADRID - 23 02 2026 - ASCSUB.gdoc
2026-02-23	193	./HOJAS ENCARGO AUTOMATICAS/ANTONIO MORENO 18 MADRID - 23 02 2026 - SUBEXTER.gdoc
2026-02-23	193	./HOJAS ENCARGO AUTOMATICAS/SANTA EDUVIGIS 7 MADRID - 23 02 2026 - MODIF DE PROYECTO.gdoc
2026-02-23	193	./HOJAS ENCARGO AUTOMATICAS/VILLAMANIN 48 - 23 02 2026 - BAJADACOTA0.gdoc
2026-02-23	193	./HOJAS ENCARGO AUTOMATICAS/RIO DUERO 44 LEGANES - 23 02 2026 - INSASCSUB.gdoc
2026-02-25	193	./HOJAS ENCARGO AUTOMATICAS/MANRESA 56 MADRID - 23 02 2026 - PRY SATE +SUBV ELECNOR.gdoc
2026-03-04	193	./HOJAS ENCARGO AUTOMATICAS/EMPECINADO 23 MOSTOLES - 25 02 2026 - PRY REP CUBIERTA+SUBV.gdoc
2026-03-04	193	./HOJAS ENCARGO AUTOMATICAS/SALAMANCA 1 MOSTOLES - 25 02 2026 - PRY REP CUBIERTA+SUBV.gdoc
2026-03-11	193	./HOJAS ENCARGO AUTOMATICAS/SIMON HERNANDEZ 43-45 MOSTOLES - 25 02 2026 - PRY SATE+SUBV.gdoc
2026-03-04	193	./HOJAS ENCARGO AUTOMATICAS/SIMON HERNANDEZ 44 MOSTOLES - 25 02 2026 - PRY SATE +SUBV-RECTIFICADO.gdoc
2026-02-27	193	./HOJAS ENCARGO AUTOMATICAS/ISAAC PERAL 5 MOSTOLES - 25 02 2026 - PRY SATE+SUBV.gdoc
2026-02-27	193	./HOJAS ENCARGO AUTOMATICAS/CASTELLON 15 MOSTOLES - 25 02 2026 - PRY SATE+SUBV.gdoc
2026-02-25	193	./HOJAS ENCARGO AUTOMATICAS/CAMARENA 134 MADRID - 25 02 2026 - IEE.gdoc
2026-03-03	193	./HOJAS ENCARGO AUTOMATICAS/ARROYO MEDIA LEGUA 30 MADRID - 25 02 2026 - PRY ASC+SATE+SUBV.gdoc
2026-02-25	193	./HOJAS ENCARGO AUTOMATICAS/ARROYO MEDIA LEGUA 30 MADRID - 25 02 2026 - PRY SATE+ASC+SUBV.gdoc
2026-02-25	193	./HOJAS ENCARGO AUTOMATICAS/CAMARENA 256 MADRID - 25 02 2026 - IEE.gdoc
2026-02-25	193	./HOJAS ENCARGO AUTOMATICAS/GETAFE 27 LEGANES - 25 02 2026 - INSASCSUB.gdoc
2026-02-26	193	./HOJAS ENCARGO AUTOMATICAS/VALMOJADO 169 MADRID - 26 02 2026 - PRY ASC.gdoc
2026-02-26	193	./HOJAS ENCARGO AUTOMATICAS/AVDA ARAGON 1 SAN SEBASTIAN DE LOS REYES - 26 02 2026 - INSASC.gdoc
2026-02-27	193	./HOJAS ENCARGO AUTOMATICAS/RIO DUERO 12 LEGANES - 27 02 2026 - CSS.gdoc
2026-03-02	193	./HOJAS ENCARGO AUTOMATICAS/PINTOR SOROLLA 3 MADRID - 02 03 2026 - PROY ASCEN + SUBVE.gdoc
2026-03-04	193	./HOJAS ENCARGO AUTOMATICAS/JACOBINIA 90 MADRID - 02 03 2026 - ASCSUB.gdoc
2026-03-02	193	./HOJAS ENCARGO AUTOMATICAS/CARLOTA O`NEILL 40 MADRID - 02 03 2026 - PRY ASCENS + ACCESIB + SUBV.gdoc
2026-03-02	341368	./HOJAS ENCARGO AUTOMATICAS/INFORME DE VIABILIDAD PINTOR SOROLLA 3 .pdf
2026-03-02	104399	./HOJAS ENCARGO AUTOMATICAS/Carlota O´neill 40 Madrid INFORME VIABILIDAD 02-03-2026.pdf
2026-03-02	193	./HOJAS ENCARGO AUTOMATICAS/ARBOLEDA 1 ALCORCON - 02 03 2026 - ASCENDF.gdoc
2026-03-02	104399	./HOJAS ENCARGO AUTOMATICAS/Copia de Carlota O´neill 40 Madrid INFORME VIABILIDAD 02-03-2026.pdf
2026-03-02	193	./HOJAS ENCARGO AUTOMATICAS/TENERIFE 8 MADRID - 02 03 2026 - INSASC.gdoc
2026-03-02	193	./HOJAS ENCARGO AUTOMATICAS/MOSTOLES 3 MORALEJA DE ENMEDIO - 02 03 2026 - SUBEXTERNA.gdoc
2026-03-02	193	./HOJAS ENCARGO AUTOMATICAS/BLAS CARRERA 44 MADRID - 02 03 2026 - ASCSUB.gdoc
2026-03-02	193	./HOJAS ENCARGO AUTOMATICAS/PELAYOS 2 FUENLABRADA - 02 03 2026 - SUBEXTERNA.gdoc
2026-03-02	193	./HOJAS ENCARGO AUTOMATICAS/MIRASIERRA 1 FUENLABRADA - 02 03 2026 - ASCSUB.gdoc
2026-03-03	193	./HOJAS ENCARGO AUTOMATICAS/MOSTOLES 3 PORTAL 7 FUENLABRADA - 03 03 2026 - CSS.gdoc
2026-03-03	193	./HOJAS ENCARGO AUTOMATICAS/MARIBLANCA 8 MOSTOLES - 03 03 2026 - PRY ASC+SUBV.gdoc
2026-03-03	189770	./HOJAS ENCARGO AUTOMATICAS/MARIBLANCA 8 MOSTOLES - 03_03_2026 - PRY ASC+SUBV (2).pdf
2026-03-03	183177	./HOJAS ENCARGO AUTOMATICAS/Mariblanca 8 Móstoles 03-03-2026 INFORME DE VIABILIDAD .pdf
2026-03-03	193	./HOJAS ENCARGO AUTOMATICAS/ESPARTA 5  MOSTOLES - 03 03 2026 - PRY ACC+SUBV.gdoc
2026-03-03	193	./HOJAS ENCARGO AUTOMATICAS/ESPARTA 7  MOSTOLES - 03 03 2026 - PRY ACCS+SUBV.gdoc
2026-03-03	162449	./HOJAS ENCARGO AUTOMATICAS/ESPARTA 5  MOSTOLES 03-03-2026 INFORME DE VIABILIDAD .pdf
2026-03-03	162501	./HOJAS ENCARGO AUTOMATICAS/ESPARTA 7  MOSTOLES 03-03-2026  INFORME DE VIABILIDAD .pdf
2026-03-04	193	./HOJAS ENCARGO AUTOMATICAS/SALAMANCA 7 MOSTOLES - 25 02 2026 - PRY CUBIERTA+SUBV.gdoc
2026-03-04	193	./HOJAS ENCARGO AUTOMATICAS/SALAMANCA 5 MOSTOLES - 25 02 2026 - PRY CUBIERTA+SUBV.gdoc
2026-03-04	193	./HOJAS ENCARGO AUTOMATICAS/SALAMANCA 3 MOSTOLES - 25 02 2026 - PRY CUBIERTA+SUBV.gdoc
2026-03-04	193	./HOJAS ENCARGO AUTOMATICAS/PLAZA VALSAIN 3 Y 4  MADRID - 04 03 2026 - SUBV PRY PROP.gdoc
2026-03-04	193	./HOJAS ENCARGO AUTOMATICAS/CASIMIRO ESCUDERO 11 MADRID - 25 02 2026 - IEE.gdoc
2026-03-04	193	./HOJAS ENCARGO AUTOMATICAS/CAMARENA 230 MADRID - 04 03 2026 - INSASC.gdoc
2026-03-04	193	./HOJAS ENCARGO AUTOMATICAS/ZULOAGA 7 PARLA - 04 03 2026 - INSASC.gdoc
2026-03-05	193	./HOJAS ENCARGO AUTOMATICAS/AMPARO 36 - 05 03 2026 - INSASC.gdoc
2026-03-05	193	./HOJAS ENCARGO AUTOMATICAS/MEZQUITA 1 MADRID - 05 03 2026 - PRY ASCENS + SUBVE.gdoc
2026-03-05	193	./HOJAS ENCARGO AUTOMATICAS/COVADONGA 18 LEGANES - 05 03 2026 - CSS.gdoc
2026-03-05	193	./HOJAS ENCARGO AUTOMATICAS/TENIENTE MUÑOZ DIAZ 27 MADRID - 05 03 2026 - PROY ASCEN + SUBV.gdoc
2026-03-05	230153	./HOJAS ENCARGO AUTOMATICAS/TENIENTE MUÑOZ DIAZ 27  INF. VIABILIDAD.pdf
2026-03-05	193	./HOJAS ENCARGO AUTOMATICAS/VEREDA DE GANAPANES 31-33-35 MADRID - 17 11 2025 - SATE.gdoc
2026-03-06	193	./HOJAS ENCARGO AUTOMATICAS/FELIPE DIAZ 3 MADRID - 06 03 2026 - SATECAES.gdoc
2026-03-06	193	./HOJAS ENCARGO AUTOMATICAS/FELIPE DIAZ 3 MADRID - 06 03 2026 - SATE.gdoc
2026-03-08	193	./HOJAS ENCARGO AUTOMATICAS/ANSAR 54 MADRID - 09 03 2026 - SATE.gdoc
2026-03-08	193	./HOJAS ENCARGO AUTOMATICAS/PARQUE EUGENIA DE MONTIJO 8 MADRID - 09 03 2026 - SATECAES.gdoc
2026-03-08	193	./HOJAS ENCARGO AUTOMATICAS/CAROLINA BAEZA 7 MADRID - 09 03 2026 - SATE.gdoc
2026-03-09	193	./HOJAS ENCARGO AUTOMATICAS/MONCADA 101 - 09 03 2026 - PLATAF.gdoc
2026-03-09	193	./HOJAS ENCARGO AUTOMATICAS/CAMINO VALDERRIBAS 110 MADRID - 09 03 2026 - ENVOLCAES.gdoc
2026-03-09	193	./HOJAS ENCARGO AUTOMATICAS/GUARNICIONEROS 6 - 09 03 2026 - ASCENSOR + SUBVENCIÓN.gdoc
2026-03-09	193	./HOJAS ENCARGO AUTOMATICAS/TOMAS BORRAS 6  - 09 03 2026 - ACC + SUBV.gdoc
2026-03-09	328616	./HOJAS ENCARGO AUTOMATICAS/INFORME DE VIABILIDAD GUARNICIONEROS 6 .pdf
2026-03-09	323055	./HOJAS ENCARGO AUTOMATICAS/INFORME DE VIABILIDAD TOMÁS BORRÁS 6 .pdf
2026-03-10	193	./HOJAS ENCARGO AUTOMATICAS/ALAMEDA 4 MADRID - 10 03 2026 - INST2ASC.gdoc
2026-03-10	193	./HOJAS ENCARGO AUTOMATICAS/ILLESCAS 36 MADRID  - 10 03 2026 - PRY ACC +CSS.gdoc
2026-03-10	193	./HOJAS ENCARGO AUTOMATICAS/CEBREROS 1 MADRID - 10 03 2026 - RENOV AYUNT 2026.gdoc
2026-03-10	164069	./HOJAS ENCARGO AUTOMATICAS/ILLESCAS 36 MADRID 10-03-2026 INFORME DE VIABILIDAD .pdf
2026-03-11	193	./HOJAS ENCARGO AUTOMATICAS/RAFAEL SANCHEZ FERLOSIO 17 SAN FERNANDO HENARES - 11 03 2026 - RAMPA ACCES.gdoc
2026-03-11	355946	./HOJAS ENCARGO AUTOMATICAS/RAFAEL SANCHEZ FERLOSIO 17. SF HENARES INFORME DE VIABILIDAD .pdf
2026-03-13	193	./HOJAS ENCARGO AUTOMATICAS/Modificada -SIMON HERNANDEZ 43-45 MOSTOLES - 11 03 2026 - PRY SATE+SUBV.gdoc
2026-03-16	193	./HOJAS ENCARGO AUTOMATICAS/JUAN RAMON JIMENEZ 28 MADRID - 11 03 2026 - SUBV PRY PROP.gdoc
2026-03-13	193	./HOJAS ENCARGO AUTOMATICAS/JUAN RAMON JIMENEZ 28 MADRID - 11 03 2026 - PRY MODF ASC.gdoc
2026-03-13	193	./HOJAS ENCARGO AUTOMATICAS/MODIFICADO CASTELLON 15 MOSTOLES - 25 02 2026 - PRY SATE+SUBV.gdoc
2026-03-13	193	./HOJAS ENCARGO AUTOMATICAS/Modificado ISAAC PERAL 5 MOSTOLES - 25 02 2026 - PRY SATE+SUBV.gdoc
2026-03-11	193	./HOJAS ENCARGO AUTOMATICAS/NUESTRA SEÑORA DE LA MACARENA 9 LEGANES - 11 03 2026 - SUBV PRY PROP.gdoc
2026-03-11	321814	./HOJAS ENCARGO AUTOMATICAS/INFORME DE VIABILIDAD LUCERO 10 . MADRID .pdf
2026-03-11	193	./HOJAS ENCARGO AUTOMATICAS/ISAAC PERAL 8 GETAFE - 11 03 2026 - ASCENSOR.gdoc
2026-03-11	193	./HOJAS ENCARGO AUTOMATICAS/LUCERO 10 MADRID - 11 03 2026 - PROY ASCENS + SUBV.gdoc
2026-03-12	193	./HOJAS ENCARGO AUTOMATICAS/ALEJANDRO MORAN 62  - 12 03 2026 - INSASC.gdoc
2026-03-12	193	./HOJAS ENCARGO AUTOMATICAS/OLESA DE MONTSERRAT 34 MADRID - 12 03 2026 - INSASC.gdoc
2026-03-25	193	./HOJAS ENCARGO AUTOMATICAS/JORGE LUIS BORGES 5 GUADALAJARA - 12 03 2026 - PROY BAJADA COTA 0.gdoc
2026-03-12	296776	./HOJAS ENCARGO AUTOMATICAS/INFORME DE VIABILIDAD jorge luis borges 5 guada .pdf
2026-03-13	193	./HOJAS ENCARGO AUTOMATICAS/PICOS DE OLITE 18 SAN SEBASTIAN DE LOS REYES - 13 03 2026 - INSASCSUB.gdoc
2026-03-13	193	./HOJAS ENCARGO AUTOMATICAS/ALBACETE 13 GETAFE - 13 03 2026 - INSASC.gdoc
2026-03-13	193	./HOJAS ENCARGO AUTOMATICAS/ITALIA 35 FUENLABRADA - 13 03 2026 - CSS.gdoc
2026-03-16	193	./HOJAS ENCARGO AUTOMATICAS/TURQUIA 22 FUENLABRADA - 16 03 2026 - CSS.gdoc
2026-03-16	193	./HOJAS ENCARGO AUTOMATICAS/ANTONIO DURAN TOVAR 2 MADRID - 16 03 2026 - PROY ASCE + SUBVE.gdoc
2026-03-16	352053	./HOJAS ENCARGO AUTOMATICAS/INF DE VIABILIDAD ANTONIO DURAN TOVAR 2.pdf
2026-03-16	193	./HOJAS ENCARGO AUTOMATICAS/PASEO DE LA RAMBLA 13 VALDEMORO - 16 03 2026 - PROY ASCENS + SUBVEN.gdoc
2026-03-16	328400	./HOJAS ENCARGO AUTOMATICAS/INF DE VIAB PASEO DE LA RAMBLA 13 VALDEMORO .pdf
2026-03-16	193	./HOJAS ENCARGO AUTOMATICAS/CARLOS SOLE 44 MADRID - 16 03 2026 - IEE.gdoc
2026-03-16	193	./HOJAS ENCARGO AUTOMATICAS/CINE 23 MADRID - 16 03 2026 - INSASC.gdoc
2026-03-18	193	./HOJAS ENCARGO AUTOMATICAS/HERRERA 22 MADRID - 18 03 2026 - PROY  PARALIZACIÓN DE ORDEN DE EJECUCIÓN.gdoc
2026-03-18	193	./HOJAS ENCARGO AUTOMATICAS/NUESTRA SEÑORA DE LA MACARENA 9 LEGANES - 18 03 2026 - CSS.gdoc
2026-03-18	193	./HOJAS ENCARGO AUTOMATICAS/SIERRA DE ALBARRACIN 13 ALCORCON - 18 03 2026 - CSS.gdoc
2026-05-21	193	./HOJAS ENCARGO AUTOMATICAS/MODF ACEUCHAL 18 MADRID - 19 03 2026 - SUBV PRY PROP.gdoc
2026-03-25	193	./HOJAS ENCARGO AUTOMATICAS/AUSTRIA 5 GETAFE  - 19 03 2026 - PRY SATE.gdoc
2026-03-19	193	./HOJAS ENCARGO AUTOMATICAS/PUERTO DE CANENCIA 10 MAJADAHONDA - 19 03 2026 - PRY COTA 0+CSS.gdoc
2026-03-26	193	./HOJAS ENCARGO AUTOMATICAS/FRANCISCO SILVELA 26 MADRID - 19 03 2026 - PRY ACC+SUBV.gdoc
2026-03-24	193	./HOJAS ENCARGO AUTOMATICAS/FERNANDEZ DE LOS RIOS 5 MADRID - 19 03 2026 - PRY ACC.gdoc
2026-03-19	193	./HOJAS ENCARGO AUTOMATICAS/AMOR DE DIOS 4 Y SANTA MARÍA 8 MADRID - 19 03 2026 - HUIDA REDUCIDA.gdoc
2026-03-19	321621	./HOJAS ENCARGO AUTOMATICAS/Nstra Señora de Loreto 1 INFORME DE VIABILIDAD .pdf
2026-03-19	193	./HOJAS ENCARGO AUTOMATICAS/CARONDELET 16 – CHALET 23 MADRID - 19 03 2026 - FOSO REDUCIDO.gdoc
2026-03-19	193	./HOJAS ENCARGO AUTOMATICAS/NUESTRA SEÑORA DE LORETO 1 COSLADA - 19 03 2026 - PROY ASCE + SUBV.gdoc
2026-03-19	302731	./HOJAS ENCARGO AUTOMATICAS/PLAT.VERTICAL INFORME DE VIABILIDAD .pdf
2026-03-19	303794	./HOJAS ENCARGO AUTOMATICAS/COTA 0 INFORME DE VIABILIDAD .pdf
2026-03-19	193	./HOJAS ENCARGO AUTOMATICAS/BEGOÑA 2 COSLADA - 19 03 2026 - PROY ACCESIBILIDAD.gdoc
2026-03-20	205443	./HOJAS ENCARGO AUTOMATICAS/PUERTO DE CANENCIA 10 MAJADAHONDA 19-03-2026 INFORME DE VIABILIDAD.pdf
2026-03-20	349344	./HOJAS ENCARGO AUTOMATICAS/pilar 17 SSR INFORME DE VIABILIDAD .pdf
2026-03-20	193	./HOJAS ENCARGO AUTOMATICAS/PILAR 17 SAN SEBASTIAN DE LOS REYES - 20 03 2026 - PROY ASCE + SUBV.gdoc
2026-03-23	193	./HOJAS ENCARGO AUTOMATICAS/AV DOCTOR GARCIA TAPIA NUM 133-135-137 MADRID - 23 03 2026 - DR.gdoc
2026-03-24	193	./HOJAS ENCARGO AUTOMATICAS/HACIENDA DE PAVONES NUM 117 MADRID - 23 03 2026 - SUBV PRY PROP.gdoc
2026-06-02	193	./HOJAS ENCARGO AUTOMATICAS/IGLESIA 22 ALCORCON - 23 03 2026 - CSS Y DF 02-06-26 modif forma de pago.gdoc
2026-03-23	193	./HOJAS ENCARGO AUTOMATICAS/PUERTO DE LA MORCUERA 22 - 23 03 2026 - IEE.gdoc
2026-03-24	193	./HOJAS ENCARGO AUTOMATICAS/MODESTO ALONSO 8 MADRID - 24 03 2026 - CSS.gdoc
2026-03-24	193	./HOJAS ENCARGO AUTOMATICAS/RIO GENIL 10 MOSTOLES - 24 03 2026 - ASC.gdoc
2026-03-24	193	./HOJAS ENCARGO AUTOMATICAS/VILLAMANIN 48 - 24 03 2026 - ENVOL.gdoc
2026-03-24	193	./HOJAS ENCARGO AUTOMATICAS/BERASTEGUI 30 MADRID - 24 03 2026 - PRY ASC+SUBV.gdoc
2026-03-24	132171	./HOJAS ENCARGO AUTOMATICAS/FERNANDEZ DE LOS RIOS 5 MADRID 19-03-2026 INFORME DE VIABILIDAD .pdf
2026-03-25	193	./HOJAS ENCARGO AUTOMATICAS/SEPULVEDA 101 MADRID - 24 03 2026 - PRY ACCES+SUBV.gdoc
2026-03-24	193	./HOJAS ENCARGO AUTOMATICAS/ALEJANDRO MORAN 62 MADRID - 24 03 2026 - envolcaes.gdoc
2026-03-25	193	./HOJAS ENCARGO AUTOMATICAS/ZARAGOZA 7 FUENLABRADA - 25 03 2026 - PRY MEMORIA VALORADA.gdoc
2026-03-25	193	./HOJAS ENCARGO AUTOMATICAS/MIGUEL DE UNAMUNO 27 FUENLABRADA - 25 03 2026 - PRY AISLAMIENTO CUBIERTA.gdoc
2026-03-25	193	./HOJAS ENCARGO AUTOMATICAS/MIGUEL DE UNAMUNO 27 FUENLABRADA - 25 03 2026 - PRY SATE+SUBV.gdoc
2026-04-06	193	./HOJAS ENCARGO AUTOMATICAS/DISCOBOLO 67 MADRID - 25 03 2026 - PRY ASC IBERLEAND.gdoc
2026-04-06	193	./HOJAS ENCARGO AUTOMATICAS/LORENZANA 14 MADRID - 26 03 2026 - PRY ASC+CSS.gdoc
2026-03-26	193	./HOJAS ENCARGO AUTOMATICAS/GARCIA LLAMAS 45 MADRID - 26 03 2026 - PROY ASCENS + SUBV.gdoc
2026-03-26	352484	./HOJAS ENCARGO AUTOMATICAS/INFORME DE VIABILIDAD GARCIA LLAMAS 45 MADRID .pdf
2026-03-26	193	./HOJAS ENCARGO AUTOMATICAS/TRAVESIA PALOMERAS 7 MADRID - 26 03 2026 - SATE.gdoc
2026-03-26	193	./HOJAS ENCARGO AUTOMATICAS/TRAVESIA PALOMERAS 7 MADRID - 26 03 2026 - REHABILITACIÓN SIMPLE.gdoc
2026-03-27	193	./HOJAS ENCARGO AUTOMATICAS/PIQUEÑAS 14 MADRID - 26 03 2026 - INSASC.gdoc
2026-03-27	193	./HOJAS ENCARGO AUTOMATICAS/PIQUEÑAS 14 MADRID - 27 03 2026 - SATECAES.gdoc
2026-03-31	193	./HOJAS ENCARGO AUTOMATICAS/MAGDALENA 3 GETAFE - 31 03 2026 - MEMORIA.gdoc
2026-04-07	193	./HOJAS ENCARGO AUTOMATICAS/FERNANDEZ DE LOS RIOS 5 MADRID - 06 04 2026 - SUBV ACC PRY PROP.gdoc
2026-04-07	193	./HOJAS ENCARGO AUTOMATICAS/MARTELL 40 MADRID - 07 04 2026 - SATE Y TRAMITACIÓN DE SUBVENCIONES.gdoc
2026-04-07	193	./HOJAS ENCARGO AUTOMATICAS/MARTELL 28 - 07 04 2026 - TRAMITACIÓN SUBVENCIONES.gdoc
2026-04-06	253853	./HOJAS ENCARGO AUTOMATICAS/Lorenzana 14 Madrid 06-04-2026 INFORME DE VIABILIDAD  .pdf
2026-04-07	193	./HOJAS ENCARGO AUTOMATICAS/CAMPO DE LA PALOMA 34 MADRID - 07 04 2026 - IEE.gdoc
2026-04-07	193	./HOJAS ENCARGO AUTOMATICAS/ATHOS 32 MADRID - 07 04 2026 - ascsub.gdoc
2026-04-15	193	./HOJAS ENCARGO AUTOMATICAS/CARABANCHEL 128 MADRID - 07 04 2026 - PRY ASC+SATE.gdoc
2026-04-07	193	./HOJAS ENCARGO AUTOMATICAS/ITALIA 35 FUENLABRADA - 07 04 2026 - CSS PARA OBRA DE ACCESIBILIDAD.gdoc
2026-04-07	193	./HOJAS ENCARGO AUTOMATICAS/O'DONNELL 41 MADRID - 07 04 2026 - CONSULTAURB.gdoc
2026-04-07	193	./HOJAS ENCARGO AUTOMATICAS/LOS RIOJANOS 25 MADRID - 07 04 2026 - IEE.gdoc
2026-04-08	193	./HOJAS ENCARGO AUTOMATICAS/GUADALETE 6 MADRID - 07 04 2026 - SUBV SATE PRY EXT.gdoc
2026-04-08	193	./HOJAS ENCARGO AUTOMATICAS/EL PROVENCIO 31 MADRID - 08 04 2026 - PRY ASC.gdoc
2026-04-08	193	./HOJAS ENCARGO AUTOMATICAS/VIRGEN DE ARANZAZU 27 MADRID - 08 04 2026 - SATE.gdoc
2026-04-09	193	./HOJAS ENCARGO AUTOMATICAS/MENORCA 40 MADRID - 09 04 2026 - PRY ACC+SUBV.gdoc
2026-04-09	193	./HOJAS ENCARGO AUTOMATICAS/CERRO CASTAÑAR 187  - 09 04 2026 - SUSTICIONASCENSOR.gdoc
2026-04-09	193	./HOJAS ENCARGO AUTOMATICAS/RAMON GOMEZ DE LA SERNA 45 MADRID - 09 04 2026 - SUSTICIONDUPLEXASCENSORES.gdoc
2026-04-09	193	./HOJAS ENCARGO AUTOMATICAS/CASTILLA LA NUEVA 22 FUENLABRADA - 09 04 2026 - PRY ACC+CSS.gdoc
2026-04-10	193	./HOJAS ENCARGO AUTOMATICAS/ARGÜESO 7 MADRID - 10 04 2026 - PRY ACC +CSS.gdoc
2026-04-10	193	./HOJAS ENCARGO AUTOMATICAS/VIA LUSITANA 130 MADRID - 10 04 2026 - PRY  2 ASC Y ACC + CSS.gdoc
2026-04-10	193	./HOJAS ENCARGO AUTOMATICAS/REGIONES 10 FUENLABRADA - 10 04 2026 - PLATVERTICA.gdoc
2026-04-11	193	./HOJAS ENCARGO AUTOMATICAS/AVDA SAN DIEGO 110 MADRID - 11 04 2026 - SATE.gdoc
2026-04-11	193	./HOJAS ENCARGO AUTOMATICAS/AVDA SAN DIEGO 110 MADRID - 11 04 2026 - INSTALACIÓN DE ASCENSOR.gdoc
2026-04-11	193	./HOJAS ENCARGO AUTOMATICAS/AVDA SAN DIEGO 110 MADRID - 11 04 2026 - TRAMITACIÓN DE SUBVENCIONES.gdoc
2026-04-11	193	./HOJAS ENCARGO AUTOMATICAS/NECTAR 31 PORTAL 1 - 11 04 2026 - TRAMITACIÓN SUBVENCIONES.gdoc
2026-04-11	193	./HOJAS ENCARGO AUTOMATICAS/NECTAR 31 PORTAL 2 - 11 04 2026 - TRAMITACIÓN DE SUBVENCIONES.gdoc
2026-04-11	193	./HOJAS ENCARGO AUTOMATICAS/NECTAR 31 PORTAL3 - 11 04 2026 - TRAMITACIÓN DE SUBVENCIONES.gdoc
2026-04-11	193	./HOJAS ENCARGO AUTOMATICAS/NECTAR 31 PORTAL 1,2 Y 3 - 11 04 2026 - TRAMITACIÓN DE SUBVENCIONES.gdoc
2026-04-11	193	./HOJAS ENCARGO AUTOMATICAS/CORREGIDOR ALONSO DE TOBAR 16 MADRID - 11 04 2026 - MODIFICACIÓN PARADAS ASCENSOR EXISTENTE.gdoc
2026-04-11	193	./HOJAS ENCARGO AUTOMATICAS/CORREGIDOR ALONSO DE TOBAR 16 MADRID - 11 04 2026 - TRAMITACIÓN SUBVENCIONES.gdoc
2026-04-13	193	./HOJAS ENCARGO AUTOMATICAS/EMILIO GASTESI FERNANDEZ 40 MADRID - 13 04 2026 - SUBVENCIONES EFICIENCIA ENERGÉTICA.gdoc
2026-04-13	193	./HOJAS ENCARGO AUTOMATICAS/EMILIO GASTESI FERNANDEZ 40 MADRID - 13 04 2026 - SATE.gdoc
2026-04-13	193	./HOJAS ENCARGO AUTOMATICAS/BRAVO MURILLO 177 MADRID - 13 04 2026 - INSTALACIÓN ASCENSOR.gdoc
2026-04-13	193	./HOJAS ENCARGO AUTOMATICAS/BRAVO MURILLO 177 MADRID - 13 04 2026 - SUBVENCIONES EFICIENCIA ENERGÉTICA.gdoc
2026-04-13	193	./HOJAS ENCARGO AUTOMATICAS/BRAVO MURILLO 177 MADRID - 13 04 2026 - SATE.gdoc
2026-04-13	193	./HOJAS ENCARGO AUTOMATICAS/LOPEZ GRASS 60 MADRID - 13 04 2026 - SATE + SUBVENCIONES.gdoc
2026-04-15	193	./HOJAS ENCARGO AUTOMATICAS/PICO VELETA 5 MADRID - 14 04 2026 - PRY ACC+SUBV.gdoc
2026-04-14	193	./HOJAS ENCARGO AUTOMATICAS/ENRIQUE FUENTES 27 MADRID - 14 04 2026 - SATE  SUBVENCIONES.gdoc
2026-04-14	193	./HOJAS ENCARGO AUTOMATICAS/CAVA BAJA 21 MADRID - 14 04 2026 - ASC.gdoc
2026-04-14	193	./HOJAS ENCARGO AUTOMATICAS/CONDESA DE TEBA 10 MADRID - 14 04 2026 - ascsub.gdoc
2026-04-14	193	./HOJAS ENCARGO AUTOMATICAS/CONDESA DE TEBA 10 MADRID - 14 04 2026 - satecaes.gdoc
2026-04-15	171740	./HOJAS ENCARGO AUTOMATICAS/PEÑAS RUBIAS 1 MADRID 15-04-2026 INFORME DE VIABILIDAD .pdf
2026-03-24	179591	./HOJAS ENCARGO AUTOMATICAS/BERASTEGUI 30 MADRID 24-03-2026  INFORME DE VIABILIDAD  .pdf
2026-03-24	177900	./HOJAS ENCARGO AUTOMATICAS/FRANCISCO SILVELA 26 MADRID 19-03-2026  INFORME DE VIABILIDAD .pdf
2026-03-25	125919	./HOJAS ENCARGO AUTOMATICAS/SEPULVEDA 101 MADRID 25-03-2026  INFORME DE VIABILIDAD  .pdf
2026-04-15	193	./HOJAS ENCARGO AUTOMATICAS/PICO CEJOS 55 MADRID - 15 04 2026 - PRY SATE+SUBV.gdoc
2026-04-14	122119	./HOJAS ENCARGO AUTOMATICAS/PICO VELETA 5 MADRID 14-04-2026 INFORME DE VIABILIDAD.pdf
2026-04-22	193	./HOJAS ENCARGO AUTOMATICAS/PEÑA RUBIA 1 MADRID - 15 04 2026 - PRY ASC+SUBV.gdoc
2026-04-20	193	./HOJAS ENCARGO AUTOMATICAS/ALORA 25 MADRID - 17 04 2026 - SATE + SUBVENCIONES.gdoc
2026-04-20	193	./HOJAS ENCARGO AUTOMATICAS/BALAGUER 4 MADRID - 20 04 2026 - SUBVENCIONES ACCESIBILIDAD.gdoc
2026-05-11	193	./HOJAS ENCARGO AUTOMATICAS/LLANOS DE ESCUDERO 6 MADRID - 20 04 2026 - SUBVENCIONES proy externo.gdoc
2026-04-21	193	./HOJAS ENCARGO AUTOMATICAS/HE PILAR 17 SSR -OK  24 04 2026 - ASCENSOR + SUBVENCIONES.gdoc
2026-04-21	304661	./HOJAS ENCARGO AUTOMATICAS/IV PILAR 17 SSR .pdf
2026-04-21	283493	./HOJAS ENCARGO AUTOMATICAS/IV PILAR 17. SSR OKOK.pdf
2026-04-21	193	./HOJAS ENCARGO AUTOMATICAS/CASABERMEJA 4 MADRID - 21 04 2026 - SATE + SUBVENCIONES.gdoc
2026-04-23	193	./HOJAS ENCARGO AUTOMATICAS/VALDECANILLAS 82 MADRID - 23 04 2026 - 19 TRASTEROS.gdoc
2026-04-24	193	./HOJAS ENCARGO AUTOMATICAS/SAN ROBERTO 8 MADRID - 24 04 2026 - PRY DE DRENAJE PERIMETRAL EN VIA PUB Y PROP PRIV.gdoc
2026-04-27	193	./HOJAS ENCARGO AUTOMATICAS/TAJUYA 6 MADRID - 24 04 2026 - PRY ASC + SUBV.gdoc
2026-04-25	193	./HOJAS ENCARGO AUTOMATICAS/SERENA 23 MADRID - 25 04 2026 - ASCENSOR + SUBVENCIONES.gdoc
2026-04-25	193	./HOJAS ENCARGO AUTOMATICAS/JOSE PAULETE 20 - 25 04 2026 - ACCESIBILIDAD PLATAFORMA VERTICAL.gdoc
2026-04-25	193	./HOJAS ENCARGO AUTOMATICAS/JOSE PAULETE 20 - 25 04 2026 - TRAMITACIÓN SUBVENCIONES.gdoc
2026-04-25	193	./HOJAS ENCARGO AUTOMATICAS/SANCHEZ BARCAIZTEGUI 14 - 25 04 2026 - CAMBIO DE ASCENSOR.gdoc
2026-04-25	193	./HOJAS ENCARGO AUTOMATICAS/SANCHEZ BARCAIZTEGUI 14 - 25 04 2026 - TRAMITACIÓN DE SUBVENCIONES.gdoc
2026-04-25	193	./HOJAS ENCARGO AUTOMATICAS/MATARÓ 13 MADRID - 25 04 2026 - INSTALACIÓN DE ASCENSOR.gdoc
2026-04-25	193	./HOJAS ENCARGO AUTOMATICAS/GOMEZNARRO 10 MADRID - 25 04 2026 - INSTALACIÓN DE ASCENSOR.gdoc
2026-04-25	193	./HOJAS ENCARGO AUTOMATICAS/URB.NUEVO GRIÑON 1 GRIÑON - 25 04 2026 - INSTALACIÓN ASCENSOR + SUBVENCIONES.gdoc
2026-04-25	193	./HOJAS ENCARGO AUTOMATICAS/HE MONCADA 101 MADRID - 25 04 2026 - PLATAFORMA INCLINADA.gdoc
2026-04-25	193	./HOJAS ENCARGO AUTOMATICAS/HE MONCADA 102 MADRID - 25 04 2026 - PLATAFORMA INCLINADA.gdoc
2026-04-25	193	./HOJAS ENCARGO AUTOMATICAS/HE ENTREARROYOS 74 MADRID - 25 04 2026 - SATE CUBIERTA Y FACHADA.gdoc
2026-04-25	193	./HOJAS ENCARGO AUTOMATICAS/HE ENTREARROYOS 74 MADRID - 25 04 2026 - INSTALACIÓN ASCENSOR.gdoc
2026-04-25	193	./HOJAS ENCARGO AUTOMATICAS/HE ENTREARROYOS 74 MADRID - 25 04 2026 - SUBVENCIONES SATE Y ASCENSOR.gdoc
2026-04-25	193	./HOJAS ENCARGO AUTOMATICAS/HE JOSE PAULETE 5 MADRID - 25 04 2026 - IEE.gdoc
2026-04-25	193	./HOJAS ENCARGO AUTOMATICAS/HE JOSE PAULETE 5 MADRID - 25 04 2026 - INFORME TÉCNICO REPARACIONES, PRESUPUESTOS Y MEDICIONES DE TRABAJOS A EJECUTAR.gdoc
2026-04-25	579532	./HOJAS ENCARGO AUTOMATICAS/IV ENTREARROYOS 74 MADRID.pdf
2026-04-25	434172	./HOJAS ENCARGO AUTOMATICAS/IV URB.NUEVO GRIÑON 1 GRIÑÓN.pdf
2026-04-25	763068	./HOJAS ENCARGO AUTOMATICAS/IV SANCHEZ BARCAIZTEGUI 14 25_04_2026.pdf
2026-04-25	277381	./HOJAS ENCARGO AUTOMATICAS/IV JOSE PAULETE 20 MADRID 25_04_2026.pdf
2026-04-25	445587	./HOJAS ENCARGO AUTOMATICAS/IV SERENA 23 MADRID 25_04_2026.pdf
2026-04-27	193	./HOJAS ENCARGO AUTOMATICAS/ALCALÁ DE GUADAIRA 38 MADRID - 27 04 2026 - ASCENSOR + SUBVENCIONES.gdoc
2026-04-27	193	./HOJAS ENCARGO AUTOMATICAS/SAN CLAUDIO 51 MADRID - 27 04 2026 - IEE.gdoc
2026-04-27	193	./HOJAS ENCARGO AUTOMATICAS/CALDERÓN DE LA BARCA 5 LEGANES - 27 04 2026 - IEE.gdoc
2026-04-29	193	./HOJAS ENCARGO AUTOMATICAS/CONCILIO 11 ALCOBENDAS - 27 04 2026 - PRY ASC.gdoc
2026-04-28	193	./HOJAS ENCARGO AUTOMATICAS/LLANOS DE ESCUDERO 6 MADRID - 28 04 2026 - AISLAMIENTO DE CUBIERTA.gdoc
2026-06-04	193	./HOJAS ENCARGO AUTOMATICAS/RIO TAJO 18 LEGANES - 28 04 2026 - SATE + DF + SUBVENCIONES.gdoc
2026-04-29	193	./HOJAS ENCARGO AUTOMATICAS/JOSE PAULETE 5 MADRID - 29 04 2026 - SATE + SUBVENCIONES.gdoc
2026-04-29	193	./HOJAS ENCARGO AUTOMATICAS/WITERICO 20 MADRID - 29 04 2026 - PLATAF INCLINADA + SUBVENCIONES.gdoc
2026-04-29	193	./HOJAS ENCARGO AUTOMATICAS/BARBERÁN Y COLLAR 13 ALCALÁ DE HENARES - 29 04 2024 - PRY ASCENSOR + SUBVENCIONES.gdoc
2026-04-29	193	./HOJAS ENCARGO AUTOMATICAS/BARBERÁN Y COLLAR 15 ALCALÁ DE HENARES - 29 04 2024 - PRY ASCENSOR + SUBVENCIONES.gdoc
2026-04-29	193	./HOJAS ENCARGO AUTOMATICAS/BARBERÁN Y COLLAR 17 ALCALÁ DE HENARES - 29 04 2024 - PRY RAMPA+ASC+SUBVEN.gdoc
2026-04-29	166369	./HOJAS ENCARGO AUTOMATICAS/CONCILIO 11 ALCOBENDAS 2026 INFORME DE VIABILIDAD .pdf
2026-04-29	322735	./HOJAS ENCARGO AUTOMATICAS/Mendívil 64 Madrid INFORME DE VIABILIDAD  .pdf
2026-04-29	193	./HOJAS ENCARGO AUTOMATICAS/MENDÍVIL 64 MADRID - 29 04 2026 - PRY ASC+SUBV.gdoc
2026-05-05	193	./HOJAS ENCARGO AUTOMATICAS/OSIRIS 19 HUMANES DE MADRID - 29 04 2026 - SATE + SUBV + CAES.gdoc
2026-05-05	193	./HOJAS ENCARGO AUTOMATICAS/OSIRIS 17 HUMANES DE MADRID - 29 04 2026 - SATE + SUBV + CAES.gdoc
2026-04-29	193	./HOJAS ENCARGO AUTOMATICAS/SAN CLAUDIO 99 MADRID - 29 04 2026 - TRAM SUBV PROY PROP.gdoc
2026-04-29	193	./HOJAS ENCARGO AUTOMATICAS/SAN CLAUDIO 99 MADRID - 29 04 2026 - PRY ASC+CSS.gdoc
2026-05-01	193	./HOJAS ENCARGO AUTOMATICAS/SAN CLAUDIO 55 - 01 05 2026 - PRY ASCENSOR.gdoc
2026-05-01	193	./HOJAS ENCARGO AUTOMATICAS/SAN CLAUDIO 55 - 01 05 2026 - TRAMITACIÓN SUBVENCIONES.gdoc
2026-05-05	193	./HOJAS ENCARGO AUTOMATICAS/PICO CEJO 9 MADRID - 05 05 2026 - SATE + SUBVENCIONES + CAES.gdoc
2026-05-05	193	./HOJAS ENCARGO AUTOMATICAS/ISTURIZ 9 MADRID - 05 05 2026 - PRY ASC + SUBV.gdoc
2026-05-05	193	./HOJAS ENCARGO AUTOMATICAS/MOCHUELO 1 MADRID - 05 05 2026 - PRY ASC + SUBV.gdoc
2026-05-05	193	./HOJAS ENCARGO AUTOMATICAS/JOAQUINA SANTANDER 37 TALAVERA DE LA REINA - 05 05 2026 - PRY ASC + SUBV.gdoc
2026-05-06	193	./HOJAS ENCARGO AUTOMATICAS/CARDEÑOSA 47 MADRID - 06 05 2026 - IEE OK.gdoc
2026-05-06	193	./HOJAS ENCARGO AUTOMATICAS/MARTELL 18 MADRID - 06 05 2026 - IEE.gdoc
2026-05-06	193	./HOJAS ENCARGO AUTOMATICAS/PEÑA DE LA MIEL 5 MADRID - 06 05 2026 - IEE.gdoc
2026-05-06	193	./HOJAS ENCARGO AUTOMATICAS/SANTA ALICIA 31 MADRID - 06 05 2026 - IEE.gdoc
2026-05-06	193	./HOJAS ENCARGO AUTOMATICAS/SERENA 25 MADRID - 06 05 2026 - IEE.gdoc
2026-05-11	193	./HOJAS ENCARGO AUTOMATICAS/FRANCISCO MADARIAGA 15 MADRID  - 11 05 2026 - PRY ASC +SUBV.gdoc
2026-05-12	193	./HOJAS ENCARGO AUTOMATICAS/VAZQUEZ DE MELLA 39 MADRID - 11 05 2026 - PRY ASC +SUBV.gdoc
2026-05-11	205164	./HOJAS ENCARGO AUTOMATICAS/FRANCISCO MADARIAGA 15 MADRID 11-05-26 INFORME DE VIABILIDAD F .pdf
2026-05-12	124897	./HOJAS ENCARGO AUTOMATICAS/VAZQUEZ DE MELLA 39 MADRID 12-05-26 INFORME DE VIABILIDAD.pdf
2026-05-12	193	./HOJAS ENCARGO AUTOMATICAS/RAFAEL CALVO 9 MADRID - 12 05 2026 - RENOV SUBV 2026.gdoc
2026-05-12	193	./HOJAS ENCARGO AUTOMATICAS/VALDERROBRES 37 MADRID - 12 05 2026 - RENOV SUBV 2026.gdoc
2026-05-12	193	./HOJAS ENCARGO AUTOMATICAS/AVDA ALBUFERA 145 MADRID - 12 05 2026 - TRAMITACIÓN DE SUBVENCIONES.gdoc
2026-05-12	193	./HOJAS ENCARGO AUTOMATICAS/AVDA ALBUFERA 145 MADRID - 12 05 2026 - IEE.gdoc
2026-05-12	193	./HOJAS ENCARGO AUTOMATICAS/PASEO PERALES 15 PORTAL 1 - 12 05 2026 - TRAMITACIÓN DE SUBVENCIONES.gdoc
2026-05-12	193	./HOJAS ENCARGO AUTOMATICAS/PASEO PERALES 15 PORTAL 5 - 12 05 2026 - TRAMITACIÓN DE SUBVENCIONES.gdoc
2026-05-12	193	./HOJAS ENCARGO AUTOMATICAS/LA CORUÑA 2 MADRID - 12 05 2026 - PRY ASC +CSS.gdoc
2026-05-12	193	./HOJAS ENCARGO AUTOMATICAS/MAR MENOR 12 MADRID - 12 05 2026 - TRAMITACIÓN SUBVENCIONES.gdoc
2026-05-13	193	./HOJAS ENCARGO AUTOMATICAS/MONCADA 101 MADRID - 12 05 2026 - TRAMITACIÓN SUBVENCIONES.gdoc
2026-05-13	193	./HOJAS ENCARGO AUTOMATICAS/MONCADA 102 MADRID - 12 05 2026 - TRAMITACIÓN SUBVENCIONES.gdoc
2026-05-12	193	./HOJAS ENCARGO AUTOMATICAS/BANDERAS DE CASTILLA 25 TALAVERA DE LA REINA - 12 05 2026 - PRY ASC+SUBV.gdoc
2026-05-12	193	./HOJAS ENCARGO AUTOMATICAS/TRAVESIA PALOMERAS 7 MADRID - 12 05 2026 - SATE + SUBVENCIONES.gdoc
2026-05-12	237547	./HOJAS ENCARGO AUTOMATICAS/Banderas De Castilla 25 Talavera De La Reina 12-05-26INFORME DE VIABILIDAD  -F.pdf
2026-05-14	193	./HOJAS ENCARGO AUTOMATICAS/LA CORUÑA 2 MADRID - 14 05 2026 - SUBV PRY PROP.gdoc
2026-05-14	175441	./HOJAS ENCARGO AUTOMATICAS/LUIS GÓMEZ 6 MADRID 14-05-26 INFORME DE VIABILIDAD  .pdf
2026-05-14	193	./HOJAS ENCARGO AUTOMATICAS/LUIS GÓMEZ 6 MADRID - 14 05 2026 - PRY ASC+SUBV.gdoc
2026-05-14	193	./HOJAS ENCARGO AUTOMATICAS/CALLE 1492 NO 6 SAN SEBASTIÁN DE LOS REYES - 14 05 2026 - PRY ASC+SUBV.gdoc
2026-05-13	193	./HOJAS ENCARGO AUTOMATICAS/BRAVO MURILLO 177 MADRID - 13 05 2026 - ENVOLVENTE TÉRMICA.gdoc
2026-05-13	193	./HOJAS ENCARGO AUTOMATICAS/BRAVO MURILLO 177 MADRID - 13 05 2026 - PROY 2 ASCENSORES.gdoc
2026-05-13	193	./HOJAS ENCARGO AUTOMATICAS/BRAVO MURILLO 177 MADRID - 13 05 2026 - TRAMITACIÓN SUBVENCIONES.gdoc
2026-05-16	193	./HOJAS ENCARGO AUTOMATICAS/HE TOMAS APARICIO 3 MADRID - 16 05 2026 - PRY ASC + SUBV.gdoc
2026-05-16	193	./HOJAS ENCARGO AUTOMATICAS/SEO DE URGEL 13 MADRID - 16 05 2026 - PRY MODIFICACIÓN ASC + SUBV.gdoc
2026-05-16	193	./HOJAS ENCARGO AUTOMATICAS/SEO DE URGEL 15 MADRID - 16 05 2026 - PRY MODIFICACIÓN ASC + SUBV.gdoc
2026-05-16	193	./HOJAS ENCARGO AUTOMATICAS/HUERTAS 55 MADRID - 16 05 2026 - PRY ASC + SUBV.gdoc
2026-05-16	193	./HOJAS ENCARGO AUTOMATICAS/PUERTO DE COTOS 11 MADRID - 16 05 2026 - PLATAFORMA VERTICAL.gdoc
2026-05-16	193	./HOJAS ENCARGO AUTOMATICAS/PUERTO DE COTOS 11 MADRID - 16 05 2026 - PRY BAJADA COTA 0 Y MODIF.ASC.gdoc
2026-05-16	193	./HOJAS ENCARGO AUTOMATICAS/GENERAL SERRANO ORIVE 1 MADRID - 16 05 2026 - PRY ASC + SUBV.gdoc
2026-05-17	193	./HOJAS ENCARGO AUTOMATICAS/ALFONSO XII MADRID  - 17 05 2026 - PRY ASC + SUBV.gdoc
2026-05-17	193	./HOJAS ENCARGO AUTOMATICAS/CONRADO DEL CAMPO 4 MADRID - 17 05 2026 - PRY SATE+ACCES+SANEAMIENTO+SUBV.gdoc
2026-05-17	193	./HOJAS ENCARGO AUTOMATICAS/ESPERANZA 11 MADRID - 17 05 2026 - IEE.gdoc
2026-05-17	193	./HOJAS ENCARGO AUTOMATICAS/POLVORANCA 6  - 17 05 2026 - IEE.gdoc
2026-05-18	193	./HOJAS ENCARGO AUTOMATICAS/COMANDANTE FORTEA 28 MADRID - 17 05 2026 - PRY SATE FACHADA Y CUBIERTA + SUBV.gdoc
2026-05-18	193	./HOJAS ENCARGO AUTOMATICAS/SANTA COLOMA 9 MADRID - 17 05 2026 - PRY SATE FACHADA + SUBV.gdoc
2026-05-17	193	./HOJAS ENCARGO AUTOMATICAS/AVDA MARQUES DE CORBERA 34 B MADRID - 17 05 2026 - PRY ASC + SUBV.gdoc
2026-05-17	193	./HOJAS ENCARGO AUTOMATICAS/HE VILLAFUERTE 17 MADRID - 17 05 2026 - PRY PLATAFORMA VERTICAL.gdoc
2026-05-18	193	./HOJAS ENCARGO AUTOMATICAS/SAN FELIPE 3 TORREJON DE ARDOZ - 18 05 2026 - PRY SATE+SUBV.gdoc
2026-05-18	193	./HOJAS ENCARGO AUTOMATICAS/HERNAN CORTES 5-7 TORREJON DE ARDOZ - 18 05 2026 - PRY SATE+SUBV.gdoc
2026-05-18	193	./HOJAS ENCARGO AUTOMATICAS/MADRES PLAZA DE MAYO 28 MADRID - 14 05 2026 - PRY ASC+SUBV.gdoc
2026-05-21	193	./HOJAS ENCARGO AUTOMATICAS/HUMERA 23 FUENLABRADA - 18 05 2026 - SATE +CUBIERTA+ SUBVENCIONES.gdoc
2026-05-18	193	./HOJAS ENCARGO AUTOMATICAS/VILLALOBOS 73 MADRID - 18 05 2026 - IEE.gdoc
2026-05-19	193	./HOJAS ENCARGO AUTOMATICAS/CONRADO DEL CAMPO 4 MADRID - 18 05 2026 - SUBVENCIONES PROY EXTERNO.gdoc
2026-05-18	193	./HOJAS ENCARGO AUTOMATICAS/ARMENTEROS 51 MADRID - 18 05 2026 - SUBVENCIONES.gdoc
2026-05-18	193	./HOJAS ENCARGO AUTOMATICAS/ARMENTEROS 51 MADRID - 18 05 2026 - SATE FACHADA.gdoc
2026-05-19	193	./HOJAS ENCARGO AUTOMATICAS/ARMENTEROS 51 MADRID - 18 05 2026 - PRY ASCENSOR.gdoc
2026-05-19	193	./HOJAS ENCARGO AUTOMATICAS/VALDEMORO 8 FUENLABRADA - 19 05 2026 - SATE + CUBIERTA + SUBVENCIONES.gdoc
2026-05-19	193	./HOJAS ENCARGO AUTOMATICAS/CONRADO DEL CAMPO 4 MADRID - 19 05 2026 - SUBVENCION EF.ENERGÉTICA.gdoc
2026-05-19	193	./HOJAS ENCARGO AUTOMATICAS/ARMENTEROS 51 MADRID - 19 05 2026 - SUBV ACCESIBILIDAD.gdoc
2026-05-19	193	./HOJAS ENCARGO AUTOMATICAS/ARMENTEROS 51 MADRID - 19 05 2026 - SUBV EFICIENCIA ENERGÉTICA.gdoc
2026-06-02	193	./HOJAS ENCARGO AUTOMATICAS/AV QUINTA 6 MADRID - 19 05 2026 - PRY ASC.gdoc
2026-05-20	193	./HOJAS ENCARGO AUTOMATICAS/AV QUINTA 6 MADRID - 19 05 2026 - SUBV PRY PROP ASC.gdoc
2026-05-20	193	./HOJAS ENCARGO AUTOMATICAS/CALLE CAÑADA 22 ALCORCÓN  - 20 05 2026 - PRY ASC.gdoc
2026-05-20	193	./HOJAS ENCARGO AUTOMATICAS/CALLE CAÑADA 22 ALCORCÓN  - 20 05 2026 - SUBV PRY PROP.gdoc
2026-05-20	193	./HOJAS ENCARGO AUTOMATICAS/ALFREDO ALEIX 44 MADRID - 20 05 2026 - SUBV PRY PROP.gdoc
2026-05-20	193	./HOJAS ENCARGO AUTOMATICAS/ALFREDO ALEIX 44 MADRID - 20 05 2026 - PRY SATE (1).gdoc
2026-05-21	193	./HOJAS ENCARGO AUTOMATICAS/AV COLMENAR VIEJO 6 SAN SEBASTIAN DE LOS REYES - 21 05 2026 - PRY ASC+CSS.gdoc
2026-05-21	193	./HOJAS ENCARGO AUTOMATICAS/AV COLMENAR VIEJO 6 SAN SEBASTIAN DE LOS REYES - 21 05 2026 - SUBV PRY PROP.gdoc
2026-05-21	193	./HOJAS ENCARGO AUTOMATICAS/AV COLMENAR VIEJO 4 SAN SEBASTIAN DE LOS REYES - 21 05 2026 - PRY ASC+CSS.gdoc
2026-05-21	193	./HOJAS ENCARGO AUTOMATICAS/AV COLMENAR VIEJO 8 SAN SEBASTIAN DE LOS REYES - 21 05 2026 - PRY ASC+CSS.gdoc
2026-05-21	193	./HOJAS ENCARGO AUTOMATICAS/AV COLMENAR VIEJO 4 SAN SEBASTIAN DE LOS REYES - 21 05 2026 - SUBV PRY PROP.gdoc
2026-05-21	193	./HOJAS ENCARGO AUTOMATICAS/AV COLMENAR VIEJO 8 SAN SEBASTIAN DE LOS REYES - 21 05 2026 - SUBV PRY PROP.gdoc
2026-05-21	193	./HOJAS ENCARGO AUTOMATICAS/GABRIEL USERA 56 MADRID - 21 05 2026 - TRAMITACIÓN SUBVENCIONES ACCESIBILIDAD Y EFICIENCIA ENERGÉTICA.gdoc
2026-05-21	193	./HOJAS ENCARGO AUTOMATICAS/GABRIEL USERA 56 MADRID - 21 05 2026 - ENVOLVENTE TÉRMICA.gdoc
2026-05-21	193	./HOJAS ENCARGO AUTOMATICAS/GABRIEL USERA 56 MADRID - 21 05 2026 - PROYECTO ASCENSOR.gdoc
2026-05-21	193	./HOJAS ENCARGO AUTOMATICAS/BOLSA 3 MADRID - 21 05 2026 - TRAMITACIÓN SUBVENCIONES ACCESIBILIDAD.gdoc
2026-05-21	193	./HOJAS ENCARGO AUTOMATICAS/BOLSA 3 MADRID - 21 05 2026 - PRY ASCENSOR + SUBVENCIONES.gdoc
2026-05-21	193	./HOJAS ENCARGO AUTOMATICAS/ALFONSO XIII 8 PARLA MADRID - 21 05 2026 - PRY ASCENSOR + SUBVENCIONES.gdoc
2026-05-21	193	./HOJAS ENCARGO AUTOMATICAS/QUINCE DE AGOSTO 5 MADRID - 21 05 2026 - PROYECTO ASCENSOR.gdoc
2026-05-21	193	./HOJAS ENCARGO AUTOMATICAS/QUINCE DE AGOSTO 5 MADRID - 21 05 2026 - PRY ENVOLVENTE TÉRMICA.gdoc
2026-05-21	193	./HOJAS ENCARGO AUTOMATICAS/QUINCE DE AGOSTO 5 MADRID - 21 05 2026 - SUBVENCIONES ACCESIBILIDAD Y EFICIENCIA ENERGÉTICA.gdoc
2026-05-21	193	./HOJAS ENCARGO AUTOMATICAS/LA PRENSA 11 SSR  - 21 05 2026 - PRY ENVOLVENTE TÉRMICA.gdoc
2026-05-21	193	./HOJAS ENCARGO AUTOMATICAS/LA PRENSA 11 SSR  - 21 05 2026 - SUBVENCIONES.gdoc
2026-05-22	193	./HOJAS ENCARGO AUTOMATICAS/ESTEBAN COLLANATES 44 MADRID - 22 05 2026 - SUBV PRY PROP.gdoc
2026-05-22	193	./HOJAS ENCARGO AUTOMATICAS/ESTEBAN COLLANATES 44 MADRID - 22 05 2026 - PRY ASC +CSS.gdoc
2026-05-22	193	./HOJAS ENCARGO AUTOMATICAS/ALFONSO XIII 8 PARLA MADRID - 22 05 2026 - PRY ASCENSOR + SUBVENCION.gdoc
2026-05-22	193	./HOJAS ENCARGO AUTOMATICAS/BOLSA 3 MADRID - 22 05 2026 - PRY ASCENSOR.gdoc
2026-05-22	193	./HOJAS ENCARGO AUTOMATICAS/BOLSA 3 MADRID - 22 05 2026 - TRAMITACIÓN SUBVENCIONES.gdoc
2026-05-22	193	./HOJAS ENCARGO AUTOMATICAS/AVDA PORTUGAL 23 LEGANES - 22 05 2026 - PRY ASCENSOR.gdoc
2026-05-22	193	./HOJAS ENCARGO AUTOMATICAS/LA PRENSA 11 SSR  - 22 05 2026 - TRAMITACIÓN SUBVENCIONES.gdoc
2026-05-22	193	./HOJAS ENCARGO AUTOMATICAS/LA PRENSA 11 SSR  - 22 05 2026 - ENVOLVENTE TÉRMICA.gdoc
2026-05-22	193	./HOJAS ENCARGO AUTOMATICAS/QUINCE DE AGOSTO 5 MADRID - 22 05 2026 - TRAMITACIÓN SUBVENCIONES.gdoc
2026-05-22	193	./HOJAS ENCARGO AUTOMATICAS/QUINCE DE AGOSTO 5 MADRID - 22 05 2026 - PRY ASCENSOR + ENVOLVENTE TÉRMICA.gdoc
2026-05-22	193	./HOJAS ENCARGO AUTOMATICAS/AVDA PORTUGAL 23 LEGANES - 22 05 2026 - TRAMITACIÓN SUBVENCIONES.gdoc
2026-05-22	193	./HOJAS ENCARGO AUTOMATICAS/GABRIEL USERA 56 MADRID - 22 05 2026 - TRAMITACIÓN SUBVENCIONES.gdoc
2026-05-22	193	./HOJAS ENCARGO AUTOMATICAS/GABRIEL USERA 56 MADRID - 22 05 2026 - PRY ASCENSOR Y SATE.gdoc
2026-05-22	117627	./HOJAS ENCARGO AUTOMATICAS/Esteban Collanates 44 Madrid 22-05-26 INFORME DE VIABILIDAD.pdf
2026-05-22	193	./HOJAS ENCARGO AUTOMATICAS/TRAVESIA SANTIAGO ALIO 2 MADRID - 22 05 2026 - PRY ASCENSOR.gdoc
2026-05-22	193	./HOJAS ENCARGO AUTOMATICAS/TRAVESIA SANTIAGO ALIO 2 MADRID - 22 05 2026 - TRAMITACIÓN SUBVENCIONES.gdoc
2026-05-28	193	./HOJAS ENCARGO AUTOMATICAS/GALLEGOS 12 ALCALA DE HENARES - 22 05 2026 - INSTALACIÓN ASCENSOR.gdoc
2026-05-22	193	./HOJAS ENCARGO AUTOMATICAS/SAMBARA 146 MADRID - 22 05 2026 - PRY 2 ASCENSORES + PLATAFORMA.gdoc
2026-05-22	193	./HOJAS ENCARGO AUTOMATICAS/OÑA 79 MADRID - 22 05 2026 - REFORMA ESTÉTICA PORTAL.gdoc
2026-05-22	193	./HOJAS ENCARGO AUTOMATICAS/LAS ROSAS DE ARAVACA c HUMERA 42-44-46-48-50-52-54 - 22 05 2026 - SUBVENCIONES PROYECTO EXTERNO.gdoc
2026-05-22	193	./HOJAS ENCARGO AUTOMATICAS/PASEO PERALES 15 PORTAL 1 - 22 05 2026 - SUBVENCIONES PROYECTO EXTERNO.gdoc
2026-05-28	193	./HOJAS ENCARGO AUTOMATICAS/BRAVO MURILLO 177 MADRID - 22 05 2026 - SUBVENCIONES ACCESIBILIDAD Y EFICIENCIA ENERGÉTICA.gdoc
2026-05-22	193	./HOJAS ENCARGO AUTOMATICAS/BRAVO MURILLO 177 MADRID - 22 05 2026 - PRY 2 ASCENSORES Y ENVOLVENTE TÉRMICA.gdoc
2026-05-22	193	./HOJAS ENCARGO AUTOMATICAS/SAMBARA 146 MADRID - 22 05 2026 - TRAMITACIÓN SUBVENCIONES.gdoc
2026-05-25	193	./HOJAS ENCARGO AUTOMATICAS/SAN GREGORIO 4 LEGANES - 25 05 2026 - RENOV SUBV PRY PROP.gdoc
2026-06-09	193	./HOJAS ENCARGO AUTOMATICAS/FELIPE ALVAREZ 28 MADRID - 26 05 2026 - SUBVENCIONES EXTERNO.gdoc
2026-06-09	193	./HOJAS ENCARGO AUTOMATICAS/FRANCISCO FATOU 26 MADRID - 26 05 2026 - SUBVENCIONES EXTERNO.gdoc
2026-06-09	193	./HOJAS ENCARGO AUTOMATICAS/FRANCISCO FATOU 24 MADRID - 26 05 2026 - TRAMITACIÓN SUBVENCIONES EXTERNO.gdoc
2026-05-26	193	./HOJAS ENCARGO AUTOMATICAS/RIO MANZANARES 33  LEGANÉS - 26 05 2026 - TRAMITACIÓN SUBVENCIONES.gdoc
2026-05-26	193	./HOJAS ENCARGO AUTOMATICAS/RIO MANZANARES 33  LEGANÉS - 26 05 2026 - PRY SATE FACHADA Y CUBIERTA.gdoc
2026-05-26	193	./HOJAS ENCARGO AUTOMATICAS/ESTOCOLMO 6 MOSTOLES  - 26 05 2026 - PRY SATE.gdoc
2026-05-26	193	./HOJAS ENCARGO AUTOMATICAS/ESTOCOLMO 6 MOSTOLES  - 26 05 2026 - SUBV PRY PROP.gdoc
2026-05-26	193	./HOJAS ENCARGO AUTOMATICAS/CARRIL DEL CONDE 112 MADRID - 26 05 2026 - PRY SATE.gdoc
2026-05-27	193	./HOJAS ENCARGO AUTOMATICAS/CARRIL DEL CONDE 112 MADRID - 26 05 2026 - SUBV PROY PRP.gdoc
2026-05-26	193	./HOJAS ENCARGO AUTOMATICAS/AMPURDAN 22 LEGANÉS - 26 05 2026 - TRAMITACIÓN SUBVENCIONES.gdoc
2026-05-26	193	./HOJAS ENCARGO AUTOMATICAS/AMPURDAN 22 LEGANÉS - 26 05 2026 - PRY ACCESIBILIDAD + TELEFONILLOS + PUERTA PORTAL.gdoc
2026-05-27	193	./HOJAS ENCARGO AUTOMATICAS/VALENTIN SAN NARCISO 1 MADRID - 27 05 2026 - IEE FINCA Y GARAJE.gdoc
2026-05-27	193	./HOJAS ENCARGO AUTOMATICAS/BRAVO MURILLO 151 MADRID - 27 05 2026 - SUBV PROY PROPIO.gdoc
2026-05-27	193	./HOJAS ENCARGO AUTOMATICAS/BRAVO MURILLO 151 MADRID - 27 05 2026 - PROY AMIANTO CUB.gdoc
2026-05-27	193	./HOJAS ENCARGO AUTOMATICAS/PALOMARES 75 MADRID - 27 05 2026 - PRY ASCENSOR.gdoc
2026-05-27	193	./HOJAS ENCARGO AUTOMATICAS/PALOMARES 75 MADRID - 27 05 2026 - TRAMITACIÓN SUBVENCIONES.gdoc
2026-05-27	193	./HOJAS ENCARGO AUTOMATICAS/PALOMARES 77 MADRID - 27 05 2026 - PRY ASCENSOR.gdoc
2026-05-27	193	./HOJAS ENCARGO AUTOMATICAS/PALOMARES 77 MADRID - 27 05 2026 - TRAMITACIÓN SUBVENCIONES.gdoc
2026-05-28	193	./HOJAS ENCARGO AUTOMATICAS/modificado tras reunión TUBO 5 HUMERA - 28 05 20256- ASC SUB.gdoc
2026-05-29	193	./HOJAS ENCARGO AUTOMATICAS/BATALLA DEL EBRO 2 LEGANÉS - 29 05 2026 - SUBVENCIONES PROYECTO EXTERNO.gdoc
2026-05-29	193	./HOJAS ENCARGO AUTOMATICAS/AV CASTILLA 2-4-6 ALCALA DE HENARES - 29 05 2026 - CSS.gdoc
2026-05-29	193	./HOJAS ENCARGO AUTOMATICAS/CANTABRIA 8 ARROYOMOLINOS - 29 05 2026 - PLATAFORMA VERTICAL.gdoc
2026-05-29	193	./HOJAS ENCARGO AUTOMATICAS/CANTABRIA 8 ARROYOMOLINOS - 29 05 2026 - TRAMITACIÓN SUBVENCIONES.gdoc
2026-05-29	193	./HOJAS ENCARGO AUTOMATICAS/DOCTOR FLEMING 44 MADRID - 29 05 2026 - PRY RETIRADA MADERA Y SATE EN 1ª PLANTA.gdoc
2026-05-29	193	./HOJAS ENCARGO AUTOMATICAS/DOCTOR FLEMING 44 MADRID - 29 05 2026 - SUBVENCIONES.gdoc
2026-06-01	193	./HOJAS ENCARGO AUTOMATICAS/BRUNETE 3 FUENLABRADA - 01 06 2026 - DIVISIÓN DE PROYECTO.gdoc
2026-06-01	193	./HOJAS ENCARGO AUTOMATICAS/RIO GENIL 7 MOSTOLES - 01 06 2026 - PRY ASC +CSS.gdoc
2026-06-02	193	./HOJAS ENCARGO AUTOMATICAS/CASTELLO 106 MADRID - 02 06 2026 - PRY CUBIERTA + CSS.gdoc
2026-06-02	193	./HOJAS ENCARGO AUTOMATICAS/MOCHUELO 1 MADRID - 02 06 2026 - SATE Y CUBIERTA.gdoc
2026-06-02	193	./HOJAS ENCARGO AUTOMATICAS/MOCHUELO 1 MADRID - 02 06 2026 - TRAMITACION DE SUBV..gdoc
2026-06-02	193	./HOJAS ENCARGO AUTOMATICAS/CASTELLO 106 MADRID - 02 06 2026 - SUBV PRY PROP.gdoc
2026-06-02	193	./HOJAS ENCARGO AUTOMATICAS/HERMANOS GARCIA NOBLEJAS 63 MADRID - 02 06 2026 - PRY ASC +CSS.gdoc
2026-06-02	193	./HOJAS ENCARGO AUTOMATICAS/HERMANOS GARCIA NOBLEJAS 63 MADRID - 02 06 2026 - SUBV PRY PROP.gdoc
2026-06-02	193	./HOJAS ENCARGO AUTOMATICAS/PARMA 46 MADRID - 02 06 2026 - SARE Y CUB.gdoc
2026-06-02	193	./HOJAS ENCARGO AUTOMATICAS/CASTELLO 106 MADRID - 02 06 2026 - SUBV PRY PROP (1).gdoc
2026-06-02	193	./HOJAS ENCARGO AUTOMATICAS/CASTELLO 106 MADRID - 02 06 2026 - PRY ACC +CSS.gdoc
2026-06-02	193	./HOJAS ENCARGO AUTOMATICAS/RAMON GOMEZ DE LA SERNA 91 MADRID - 02 06 2026 - TRAMITACIÓN SUBVENCIONES.gdoc
2026-06-02	193	./HOJAS ENCARGO AUTOMATICAS/RAMON GOMEZ DE LA SERNA 91 MADRID - 02 06 2026 - ASCENSOR.gdoc
2026-06-02	193	./HOJAS ENCARGO AUTOMATICAS/FEDERICO GARCIA LORCA 42 PINTO - 02 06 2026 - TRAMITACIÓN SUBVENCIONES.gdoc
2026-06-02	193	./HOJAS ENCARGO AUTOMATICAS/FEDERICO GARCIA LORCA 42 PINTO - 02 06 2026 - ACCESIBILIDAD GARAJE.gdoc
2026-06-03	193	./HOJAS ENCARGO AUTOMATICAS/PASEO DE SAN ILLAN 5 MADRID  - 03 06 2026 - SUBV PRY PROP.gdoc
2026-06-03	193	./HOJAS ENCARGO AUTOMATICAS/PASEO DE SAN ILLAN 5 MADRID  - 03 06 2026 - PROY SATE+ CSS.gdoc
2026-06-03	193	./HOJAS ENCARGO AUTOMATICAS/VALLADOLID 13 FUENLABRADA - 03 06 2026 - PROYECTO INSTALACIÓN ASCENSOR.gdoc
2026-06-03	193	./HOJAS ENCARGO AUTOMATICAS/VALLADOLID 13 FUENLABRADA - 03 06 2026 - TRAMITACIÓN SUBVENCIONES.gdoc
2026-06-03	193	./HOJAS ENCARGO AUTOMATICAS/PLAZA DE LAS ASAMBLEAS 2 MADRID - 03 06 2026 - SUBV PRY PROP.gdoc
2026-06-04	193	./HOJAS ENCARGO AUTOMATICAS/PLAZA DE LAS ASAMBLEAS 2 MADRID - 03 06 2026 - PRY ASC+CSS.gdoc
2026-06-04	226147	./HOJAS ENCARGO AUTOMATICAS/PLAZA DE LAS ASAMBLEAS 2 MADRID 04-06-26  INFORME DE VIABILIDAD F.pdf
2026-06-04	193	./HOJAS ENCARGO AUTOMATICAS/CAÑADA 16 ALCORCÓN - 04 06 2026 - PROYECTO INSTALACIÓN ASCENSOR.gdoc
2026-06-04	193	./HOJAS ENCARGO AUTOMATICAS/CAÑADA 16 ALCORCÓN - 04 06 2026 - TRAMITACIÓN SUBVENCIONES.gdoc
2026-06-04	193	./HOJAS ENCARGO AUTOMATICAS/HERMANDAD DE DONANTES DE SANGRE 27 MADRID - 04 06 2026 - PROYECTO BAJADA A COTA 0 Y MODIFICACIÓN ASCENSOR.gdoc
2026-06-04	193	./HOJAS ENCARGO AUTOMATICAS/HERMANDAD DE DONANTES DE SANGRE 27 MADRID - 04 06 2026 - TRAMITACIÓN SUBVENCIONES.gdoc
2026-06-04	193	./HOJAS ENCARGO AUTOMATICAS/CURAS 64 TORREJON DE ARDOZ - 04 06 2026 - SATE Y CUB.gdoc
2026-06-04	193	./HOJAS ENCARGO AUTOMATICAS/HERMANOS DE PABLO 45 MADRID - 04 06 2026 - PROYECTO INSTALACIÓN ASCENSOR.gdoc
2026-06-04	193	./HOJAS ENCARGO AUTOMATICAS/CURAS 64 TORREJON DE ARDOZ - 04 06 2026 - TRAMITACION SBV.gdoc
2026-06-04	193	./HOJAS ENCARGO AUTOMATICAS/HERMANOS DE PABLO 45 MADRID - 04 06 2026 - TRAMITACIÓN SUBVENCIONES.gdoc
2026-06-04	193	./HOJAS ENCARGO AUTOMATICAS/GUTENBERG 16 MADRID - 04 06 2026 - PROYECTO INSTALACIÓN 2 ASCENSORES.gdoc
2026-06-04	193	./HOJAS ENCARGO AUTOMATICAS/GUTENBERG 16 MADRID - 04 06 2026 - TRAMITACIÓN SUBVENCIONES.gdoc
2026-06-05	193	./HOJAS ENCARGO AUTOMATICAS/PLAZA DE LAS ASAMBLEAS 1 MADRID - 05 06 2026 - PRY ASC+CSS.gdoc
2026-06-05	193	./HOJAS ENCARGO AUTOMATICAS/PLAZA DE LAS ASAMBLEAS 1 MADRID - 05 06 2026 - SUBV PRY PROP.gdoc
2026-06-05	193	./HOJAS ENCARGO AUTOMATICAS/GUTENBERG 16 MADRID - 05 06 2026 - CONSULTA URBANISTICA.gdoc
2026-06-05	193	./HOJAS ENCARGO AUTOMATICAS/PASEO DE SAN ILLAN 7 MADRID - 05 06 2026 - TRAMITACIÓN DE SUBVENCIONES.gdoc
2026-06-05	193	./HOJAS ENCARGO AUTOMATICAS/PASEO DE SAN ILLAN 7 MADRID - 05 06 2026 - PROYECTO ASCENSOR.gdoc
2026-06-05	193	./HOJAS ENCARGO AUTOMATICAS/PASEO DE SAN ILLAN 3 MADRID  - 05 06 2026 - TRAMITACIÓN SUBVENCIONES.gdoc
2026-06-05	193	./HOJAS ENCARGO AUTOMATICAS/PASEO DE SAN ILLAN 3 MADRID  - 05 06 2026 - PROYECTO INSTALACIÓN ASCENSOR.gdoc
2026-06-08	193	./HOJAS ENCARGO AUTOMATICAS/ZAMORA 25 FUENLABRADA - 08 06 2026 - PRY SATE +CSS.gdoc
2026-06-08	193	./HOJAS ENCARGO AUTOMATICAS/ZAMORA 25 FUENLABRADA - 08 06 2026 - SUBV PRY PROP.gdoc
2026-06-08	193	./HOJAS ENCARGO AUTOMATICAS/CARRERO JUAN RAMON 6 MADRID - 08 06 2026 - PRY ASC+CSS.gdoc
2026-06-08	193	./HOJAS ENCARGO AUTOMATICAS/CARRERO JUAN RAMON 6 MADRID - 08 06 2026 - SUBV PRY PROP.gdoc
2026-06-10	193	./HOJAS ENCARGO AUTOMATICAS/SACRAMENTO 38 SSR - 08 06 2026 - PRY ASC + CSS.gdoc
2026-06-08	193	./HOJAS ENCARGO AUTOMATICAS/SACRAMENTO 38 SSR - 08 06 2026 - SUBV PRY PROP.gdoc
2026-06-09	193	./HOJAS ENCARGO AUTOMATICAS/FRANCISCO FATOU 24 MADRID - 26 05 2026 - TRAMITACIÓN SUBVENCIONES.gdoc
2026-06-09	193	./HOJAS ENCARGO AUTOMATICAS/CLARA DEL REY 52 MADRID - 09 06 2025 - TRAMITACIÓN SUBVENCIONES PRY EXTERNO.gdoc
2026-06-09	193	./HOJAS ENCARGO AUTOMATICAS/ALPES 4 ALCORCÓN  - 09 06 2026 - SUBVENCIONES EF.ENERGÉTICA.gdoc
2026-06-09	193	./HOJAS ENCARGO AUTOMATICAS/ALPES 4 ALCORCÓN  - 09 06 2026 - PROYECTO SATE ENVOLVENTE TÉRMICA.gdoc
2026-06-09	193	./HOJAS ENCARGO AUTOMATICAS/LILOS 6 BIS PORTAL 1, 2  - 09 06 2026 - PROYECTO SATE TENDEDEROS.gdoc
2026-06-09	193	./HOJAS ENCARGO AUTOMATICAS/LILOS 6 BIS PORTAL 1, 2  - 09 06 2026 - SATE ENVOLVENTE TÉRMICA.gdoc
2026-06-09	193	./HOJAS ENCARGO AUTOMATICAS/LILOS 6 BIS PORTAL 1, 2  - 09 06 2026 - TRAMITACIÓN SUBVENCIONES EFICIENCIA ENRGÉTICA.gdoc
2026-06-09	193	./HOJAS ENCARGO AUTOMATICAS/AVDA FUENLABRADA 95 LEGANES - 09 06 2026 - PROYECTO SATE ENVOLVENTE TÉRMICA.gdoc
2026-06-09	193	./HOJAS ENCARGO AUTOMATICAS/AVDA FUENLABRADA 95 LEGANES - 09 06 2026 - SUBVENCIONES EF.ENERGÉTICA.gdoc
2026-06-09	193	./HOJAS ENCARGO AUTOMATICAS/VENERAS 7 MADRID - 09 06 2026 - SUBVENCIONES PRY EXTERNO.gdoc
2026-06-09	193	./HOJAS ENCARGO AUTOMATICAS/TRAVESIA DE LONGARES 18 - 09 06 2026 - SATE + CUBIERTA.gdoc
2026-06-09	193	./HOJAS ENCARGO AUTOMATICAS/TRAVESIA DE LONGARES 18 - 09 06 2026 - SUBV.gdoc
2026-06-10	193	./HOJAS ENCARGO AUTOMATICAS/LOS LILOS 6 ALCORCÓN - 10 06 2026 - PROYECTO ACCESIBILIDAD Y SOLADO DE JARDINERAS.gdoc
2026-06-10	193	./HOJAS ENCARGO AUTOMATICAS/TERCIO 1 MADRID - 10 06 2026 - TRAMITACIÓN SUBVENCIONES.gdoc
2026-06-10	193	./HOJAS ENCARGO AUTOMATICAS/TERCIO 1 MADRID - 10 06 2026 - PROYECTO ASCENSOR.gdoc
2026-06-10	193	./HOJAS ENCARGO AUTOMATICAS/IMAGEN 9 MADRID - 10 06 2026 - TRAMITACIÓN SUBVENCIONES.gdoc
2026-06-10	193	./HOJAS ENCARGO AUTOMATICAS/IMAGEN 9 MADRID - 10 06 2026 - PROYECTO ASCENSOR.gdoc
2026-06-10	193	./HOJAS ENCARGO AUTOMATICAS/MALAGA 4 ALCORCÓN - 10 06 2026 - PROYECTO ASCENSOR.gdoc
2026-06-10	193	./HOJAS ENCARGO AUTOMATICAS/MALAGA 4 ALCORCÓN - 10 06 2026 - TRAMITACIÓN SUBVENCIONES.gdoc
2026-06-11	193	./HOJAS ENCARGO AUTOMATICAS/ANTONIO GRILO 7 MADRID - 10 06 2026 - SUBV PRY PROP.gdoc
2026-06-15	193	./HOJAS ENCARGO AUTOMATICAS/ANTONIO GRILO 7 MADRID - 10 06 2026 - PRY SATE+CSS.gdoc
2026-06-11	193	./HOJAS ENCARGO AUTOMATICAS/VILLAMANIN 37 MADRID - 11 06 2026 - ADECUACIÓN MODIF DE PROY.gdoc
2026-06-11	193	./HOJAS ENCARGO AUTOMATICAS/CRISTO DE LA VICTORIA 129 MADRID - 11 06 2026 - PRY ASC + CSS.gdoc
2026-06-11	193	./HOJAS ENCARGO AUTOMATICAS/CRISTO DE LA VICTORIA 129 MADRID - 11 06 2026 - SUBV PRY PROP.gdoc
2026-06-11	203265	./HOJAS ENCARGO AUTOMATICAS/CRISTO DE LA VICTORIA 129 MADRID 11-06-26  INFORME DE VIABILIDAD F  .pdf
2026-06-16	193	./HOJAS ENCARGO AUTOMATICAS/GAZTAMBIDE 26 MADRID - 16 06 2026 - PRY MODF ASC+CSS.gdoc
2026-06-25	193	./HOJAS ENCARGO AUTOMATICAS/CINE 13 MADRID - 16 06 2026 - TRAMITACIÓN SUBVENCIONES.gdoc
2026-06-25	193	./HOJAS ENCARGO AUTOMATICAS/CINE 13 MADRID - 16 06 2026 - INSTALACIÓN DE ASCENSOR.gdoc
2026-06-16	193	./HOJAS ENCARGO AUTOMATICAS/ALMONACID 3 MADRID - 16 06 2026 - SUBVENCIONES PROYECTO EXTERNO.gdoc
2026-06-16	193	./HOJAS ENCARGO AUTOMATICAS/EDUARDO UROSA 5 CARABANCHEL MADRID - 16 06 2026 - IEE.gdoc
2026-10-05	193	./HOJAS ENCARGO AUTOMATICAS/Modificado TENERIFE 8 MADRID - 05 10 2026 - PRY ASC - CANTIDAD NO COBRADA A FAIN 3980 €.gdoc
2026-06-17	193	./HOJAS ENCARGO AUTOMATICAS/AV DONOSTIARRA 3 MADRID - 16 06 2026 - PRY AMPLIAC PARADAS ASC+CSS.gdoc
2026-06-17	193	./HOJAS ENCARGO AUTOMATICAS/JARAMA 24 ALCOBENDAS - 17 06 2026 - CSS.gdoc
2026-06-17	193	./HOJAS ENCARGO AUTOMATICAS/MAGDALENA 3 GETAFE - 16 06 2026 - PRY REESTRUCTURACIÓN ESTRUCTURAL DEL TECHO DEL CUARTO DE MAQUINAS.gdoc
2026-06-17	193	./HOJAS ENCARGO AUTOMATICAS/ERAS 9 MADRID - 17 06 2026 - TRAMITACIÓN SUBVENCIONES PROYECTO EXTERNO.gdoc
2026-06-17	193	./HOJAS ENCARGO AUTOMATICAS/PRINCIPE 18 MADRID - 17 06 2026 - TRAMITACIÓN SUBVENCIONES PROYECTO EXTERNO.gdoc
2026-06-17	193	./HOJAS ENCARGO AUTOMATICAS/LAGARTERA 194 MADRID - 17 06 2026 - ENVOLVENTE TÉRMICA.gdoc
2026-06-17	193	./HOJAS ENCARGO AUTOMATICAS/LAGARTERA 194 MADRID - 17 06 2026 - TRAMITACIÓN SUBVENCIONES.gdoc
2026-06-18	193	./HOJAS ENCARGO AUTOMATICAS/GUABAIRO 20 MADRID - 18 06 2026 - PRY ACC + CSS.gdoc
2026-06-18	193	./HOJAS ENCARGO AUTOMATICAS/GUABAIRO 20 MADRID - 18 06 2026 - SUBV PRY PROP.gdoc
2026-07-09	193	./HOJAS ENCARGO AUTOMATICAS/PASEO DE LA HABANA 80 MADRID - 09 07 2026 - PRY SATE Y ACC +CSS.gdoc
2026-06-19	193	./HOJAS ENCARGO AUTOMATICAS/PASEO DE LA HABANA 80 MADRID - 19 06 2026 - SUBV PROY PROP.gdoc
2026-06-20	193	./HOJAS ENCARGO AUTOMATICAS/PUENTE NUEVO 7 TALAVERA DE LA REINA - 20 06 2026 - TRAMITACIÓN SUBVENCIONES.gdoc
2026-06-20	193	./HOJAS ENCARGO AUTOMATICAS/PUENTE NUEVO 7 TALAVERA DE LA REINA - 20 06 2026 - BAJADA COTA 0 Y NUEVA PARADA ENTREPLANTA.gdoc
2026-06-20	193	./HOJAS ENCARGO AUTOMATICAS/CARRERO JUAN RAMON 6 MADRID - 20 06 2026 - TRAMITACIÓN SUBVENCIONES.gdoc
2026-06-20	193	./HOJAS ENCARGO AUTOMATICAS/CARRERO JUAN RAMON 6 MADRID - 20 06 2026 - INSTALACIÓN NUEVO ASCENSOR CON PARADA EN PLANTAS.gdoc
2026-06-20	193	./HOJAS ENCARGO AUTOMATICAS/CARLOS MARTIN ALVAREZ 67 MADRID - 20 06 2026 - TRAMITACIÓN SUBVENCIONES.gdoc
2026-06-20	193	./HOJAS ENCARGO AUTOMATICAS/CARLOS MARTIN ALVAREZ 67 MADRID - 20 06 2026 - INSTALACIÓN DE ASCENSOR.gdoc
2026-06-20	193	./HOJAS ENCARGO AUTOMATICAS/MAR DE ARAL 11 - 20 06 2026 - TRAMITACIÓN SUBVENCIONES.gdoc
2026-06-20	193	./HOJAS ENCARGO AUTOMATICAS/MAR DE ARAL 11 - 20 06 2026 - CREACIÓN 2 NUEVAS PARADAS EN ASCENSOR EXISTENTE.gdoc
2026-06-23	219996	./HOJAS ENCARGO AUTOMATICAS/PLAZA DE LAS ASAMBLEAS  1 MADRID 05-06-26  INFORME DE VIABILIDAD F .pdf
2026-06-24	193	./HOJAS ENCARGO AUTOMATICAS/NAZARET 32 BIS FUENLABRADA  - 23 06 2026 - SUBV PRY PROP.gdoc
2026-06-23	193	./HOJAS ENCARGO AUTOMATICAS/POTES 9 MADRID - 23 06 2026 - TRAMITACIÓN SUBVENCIONES PROYECTO EXTERNO.gdoc
2026-06-26	193	./HOJAS ENCARGO AUTOMATICAS/ARGUMOSA 14 MADRID - 25 04 2026 - TRAMITACIÓN SUBVENCIONES PROYECTO EXTERNO.gdoc
2026-06-25	193	./HOJAS ENCARGO AUTOMATICAS/MIRA EL RIO 7 ELPARDO MADRID - 23 06 2026 - CONSULTA URBANISTICA PARA SILLA SALVAESCALERA.gdoc
2026-06-25	193	./HOJAS ENCARGO AUTOMATICAS/ALBACETE 3 COSLADA - 23 06 2026 - TRAMITACIÓN SUBVENCIONES.gdoc
2026-06-26	193	./HOJAS ENCARGO AUTOMATICAS/ALBACETE 3 COSLADA - 23 06 2026 - PROYECTO ACCESIBILIDAD.gdoc
2026-06-25	193	./HOJAS ENCARGO AUTOMATICAS/SAN PANCRACIO 1 ELPARDO MADRID - 23 06 2026 - TRAMITACIÓN DE SUBVENCIONES.gdoc
2026-06-25	193	./HOJAS ENCARGO AUTOMATICAS/SAN PANCRACIO 1 ELPARDO MADRID - 23 06 2026 - INSTALACIÓN DE ASCENSOR.gdoc
2026-06-25	193	./HOJAS ENCARGO AUTOMATICAS/PRINCIPE 18 MADRID - 23 06 2026 - TRAMITACIÓN SUBVENCIONES.gdoc
2026-06-25	193	./HOJAS ENCARGO AUTOMATICAS/PRINCIPE 18 MADRID - 23 06 2026 - INSTALACIÓN DE ASCENSOR.gdoc
2026-06-25	193	./HOJAS ENCARGO AUTOMATICAS/ANSAR 62 MADRID - 23 06 2026 - TRAMITACIÓN SUBVENCIONES.gdoc
2026-06-25	193	./HOJAS ENCARGO AUTOMATICAS/ANSAR 62 MADRID - 23 06 2026 - INSTALACIÓN ASCENSOR.gdoc
2026-06-25	193	./HOJAS ENCARGO AUTOMATICAS/URB.NUEVO GRIÑON 1 GRIÑON - 25 04 2026 - INSTALACIÓN ASCENSOR Y TRAMITACIÓN SUBVENCIONES.gdoc
2026-06-29	193	./HOJAS ENCARGO AUTOMATICAS/VIRGEN DEL CAMINO 17 LEGANES - 30 06 2026 - PRY SATE+CUBIERTA.gdoc
2026-06-29	193	./HOJAS ENCARGO AUTOMATICAS/HERNAN CORTES 22 LEGANES - 30 06 2026 - PRY SATE + CSS.gdoc
2026-06-29	193	./HOJAS ENCARGO AUTOMATICAS/HERNAN CORTES 22 LEGANES - 30 06 2026 - SUBV PRY PROP.gdoc
2026-06-29	193	./HOJAS ENCARGO AUTOMATICAS/VIRGEN DEL CAMINO 17 LEGANES - 30 06 2026 - SUBV PROY PROP.gdoc
2026-06-27	193	./HOJAS ENCARGO AUTOMATICAS/COVADONGA 15 LEGANES - 27 06 2026 - PROYECTO RAMPA DE ACCESO.gdoc
2026-06-27	193	./HOJAS ENCARGO AUTOMATICAS/COVADONGA 13 LEGANES - 27 06 2026 - PROYECTO PARA RAMPA DE ACCESO.gdoc
2026-06-29	193	./HOJAS ENCARGO AUTOMATICAS/NÉCTAR 31 PORTAL 1 - 2 - 3 MADRID - 29 06 2026 - TRAMITACIÓN SUBVENCIONES PARA PROYECTO EXTERNO.gdoc
2026-06-29	193	./HOJAS ENCARGO AUTOMATICAS/VIA CARPETANA 348 DUPLICADO CARABANCHEL  - 29 06 2026 - IEE.gdoc
2026-07-01	193	./HOJAS ENCARGO AUTOMATICAS/ZURBARÁN 7 MADRID - 01 07 2026 - TRAMITACIÓN SUBVENCIONES PARA PROYECTO EXTERNO.gdoc
2026-07-01	193	./HOJAS ENCARGO AUTOMATICAS/VILLUERCAS 15 MADRID - 01 07 2026 - TRAMITACIÓN SUBVENCIONES PROYECTO EXTERNO.gdoc
2026-07-01	333917	./HOJAS ENCARGO AUTOMATICAS/Plaza de Gabriel Miró 3 Madrid  F.pdf
2026-07-02	193	./HOJAS ENCARGO AUTOMATICAS/MARCOS DE ORUETA 16 MADRID - 02 07 2026 - TRAMITACIÓN SUBVENCIONES.gdoc
2026-07-02	193	./HOJAS ENCARGO AUTOMATICAS/MARCOS DE ORUETA 16 MADRID - 02 07 2026 - SATE.gdoc
2026-07-02	193	./HOJAS ENCARGO AUTOMATICAS/PEÑA DE LA ATALAYA 110 MADRID - 02 07 2026 - TRAMITACIÓN SUBVENCIONES.gdoc
2026-07-02	193	./HOJAS ENCARGO AUTOMATICAS/PEÑA DE LA ATALAYA 110 MADRID - 02 07 2026 - INSTALACIÓN ASCENSOR.gdoc
2026-07-02	193	./HOJAS ENCARGO AUTOMATICAS/QUINCE DE AGOSTO 8 MADRID - 02 07 2026 - TRAMITACIÓN SUBVENCIONES.gdoc
2026-07-02	193	./HOJAS ENCARGO AUTOMATICAS/JESUS 3 ARANJUEZ - 02 07 2026 - TRAMITACIÓN SUBVENCIONES.gdoc
2026-07-02	193	./HOJAS ENCARGO AUTOMATICAS/QUINCE DE AGOSTO 8 MADRID - 02 07 2026 - INSTALACIÓN DE ASCENSOR.gdoc
2026-07-02	193	./HOJAS ENCARGO AUTOMATICAS/MODESTO LAFUENTE 42 MADRID - 02 07 2026 - PLATAFORMA Y 2 ELEVADORES.gdoc
2026-07-02	193	./HOJAS ENCARGO AUTOMATICAS/JESUS 3 ARANJUEZ - 02 07 2026 - INSTALACIÓN 2 ASCENSORES.gdoc
2026-07-02	193	./HOJAS ENCARGO AUTOMATICAS/CINE 21 MADRID - 02 07 2026 - TRAMITACIÓN DE SUBVENCIONES.gdoc
2026-07-02	193	./HOJAS ENCARGO AUTOMATICAS/CINE 21 MADRID - 02 07 2026 - INSTALACIÓN DE ASCENSOR.gdoc
2026-07-02	193	./HOJAS ENCARGO AUTOMATICAS/CINE 15 MADRID - 02 07 2026 - INSTALACIÓN DE ASCENSOR.gdoc
2026-07-02	193	./HOJAS ENCARGO AUTOMATICAS/CINE 15 MADRID - 02 07 2026 - TRAMITACIÓN DE SUBVENCIONES.gdoc
2026-07-03	193	./HOJAS ENCARGO AUTOMATICAS/MARCOS DE ORUETA 16 MADRID - 03 07 2026 - NUEVA PUERTA PORTAL EXTERIOR.gdoc
2026-07-03	193	./HOJAS ENCARGO AUTOMATICAS/VIRGEN DE ARANZAZU 21 MADRID - 03 07 2026 - SUBVENCIONES ACCESIBILIDAD.gdoc
2026-07-03	193	./HOJAS ENCARGO AUTOMATICAS/VIRGEN DE ARANZAZU 21 MADRID - 03 07 2026 - SUBVENCION EFICIENCIA ENERGÉTICA.gdoc
2026-07-03	193	./HOJAS ENCARGO AUTOMATICAS/VIRGEN DE ARANZAZU 21 MADRID - 03 07 2026 - ACCESIBILIDAD EN JARDIN.gdoc
2026-07-03	193	./HOJAS ENCARGO AUTOMATICAS/VIRGEN DE ARANZAZU 21 MADRID - 03 07 2026 - CAMBIO DE ASCENSORES Y BAJADA A COTA DE GARAJE.gdoc
2026-07-03	193	./HOJAS ENCARGO AUTOMATICAS/VIRGEN DE ARANZAZU 21 MADRID - 03 07 2026 - PROYECTO SATE Y AEROTÉRMIA.gdoc
2026-07-08	193	./HOJAS ENCARGO AUTOMATICAS/GERARDO CORDON 49 MADRID - 08 07 2026 - DF Y CSS.gdoc
2026-07-15	193	./HOJAS ENCARGO AUTOMATICAS/BATALLA DE TRAFALGAR 18 LEGANÉS - 09 07 2026 - CONSULTA URBANISTICA.gdoc
2026-07-09	193	./HOJAS ENCARGO AUTOMATICAS/ARTURO SORIA 162 A  MADRID - 09 07 2026 - TRAMITACIÓN SUBVENCIONES.gdoc
2026-07-09	193	./HOJAS ENCARGO AUTOMATICAS/ARTURO SORIA 162 A  MADRID - 09 07 2026 - SUBSANACIÓN IEE.gdoc
2026-07-09	193	./HOJAS ENCARGO AUTOMATICAS/FRANCISCO BAENA VALDEMORO 9 ALCOBENDAS - 09 07 2026 - TRAMITACIÓN SUBVENCIONES.gdoc
2026-07-09	193	./HOJAS ENCARGO AUTOMATICAS/FRANCISCO BAENA VALDEMORO 9 ALCOBENDAS - 09 07 2026 - INSTALACIÓN ASCENSOR.gdoc
2026-07-09	193	./HOJAS ENCARGO AUTOMATICAS/MERCEDES IZQUIERDO 3 ALCOBENDAS - 09 07 2026 - TRAMITACIÓN SUBVENCIONES.gdoc
2026-07-09	193	./HOJAS ENCARGO AUTOMATICAS/MERCEDES IZQUIERDO 3 ALCOBENDAS - 09 07 2026 - INSTALACIÓN DE ASCENSOR.gdoc
2026-07-09	193	./HOJAS ENCARGO AUTOMATICAS/SAN EUSEBIO 6 MADRID - 09 07 2026 - TRAMITACIÓN SUBVENCIONES.gdoc
2026-07-09	193	./HOJAS ENCARGO AUTOMATICAS/SAN EUSEBIO 6 MADRID - 09 07 2026 - PROYECTO INSTALACIÓN ASCENSOR EXTERIOR.gdoc
2026-07-09	193	./HOJAS ENCARGO AUTOMATICAS/CARBALLINO 9 MADRID - 09 07 2026 - TRAMITACIÓN SUBVENCIONES.gdoc
2026-07-09	193	./HOJAS ENCARGO AUTOMATICAS/CARBALLINO 9 MADRID - 09 07 2026 - PROYECTO PARA INSTALACIÓN ASCENSOR.gdoc
2026-07-09	193	./HOJAS ENCARGO AUTOMATICAS/GENERAL SERRANO ORIVE 1 MADRID - 09 07 2026 - TRAMITACIÓN SUBVENCIONES.gdoc
2026-07-20	193	./HOJAS ENCARGO AUTOMATICAS/GENERAL SERRANO ORIVE 1 MADRID - 20 07 2026 - INSTALACIÓN DE ASCENSOR.gdoc
2026-07-09	193	./HOJAS ENCARGO AUTOMATICAS/FELIPE ALVAREZ 28 MADRID - 09 07 2026 - TRAMITACIÓN SUBVENCIONES.gdoc
2026-07-09	193	./HOJAS ENCARGO AUTOMATICAS/AVENIDA DE LA PESETA 101-105 Y TREMIS 1-3 - 09 07 2026 - TRAMITACIÓN SUBVENCIONES.gdoc
2026-07-09	193	./HOJAS ENCARGO AUTOMATICAS/AVENIDA DE LA PESETA 101-105 Y TREMIS 1-3 - 09 07 2026 - PROYECTO CUBIERTAS E INFORME TÉCNICO.gdoc
2026-07-10	193	./HOJAS ENCARGO AUTOMATICAS/ANTONIO DE LEYVA 13 MADRID - 10 07 2026 - TRAMITACIÓN SUBVENCIONES.gdoc
2026-07-10	193	./HOJAS ENCARGO AUTOMATICAS/ANTONIO DE LEYVA 13 MADRID - 10 07 2026 - SATE.gdoc
2026-07-13	193	./HOJAS ENCARGO AUTOMATICAS/VICENTA JIMENEZ 8 MADRID - 13 07 2026 - SUBV PRY PROP.gdoc
2026-07-13	193	./HOJAS ENCARGO AUTOMATICAS/VICENTA JIMENEZ 8 MADRID - 13 07 2026 - PRY SATE + CSS.gdoc
2026-07-13	193	./HOJAS ENCARGO AUTOMATICAS/SAN BERNARDO 30 MADRID - 13 07 2026 - SUBVENCIONES PRY EXTERNO.gdoc
2026-07-15	193	./HOJAS ENCARGO AUTOMATICAS/RIO DUERO 37 LEGANÉS - 14 07 2026 - CONSULTA URBANÍSTICA.gdoc
2026-07-15	193	./HOJAS ENCARGO AUTOMATICAS/MIGUEL SERVET 13 MADRID - 15 07 2026 - PRY ASC + CSS.gdoc
2026-07-15	193	./HOJAS ENCARGO AUTOMATICAS/MIGUEL SERVET 13 MADRID - 15 07 2026 - SUBV PRY PROP.gdoc
2026-07-15	193	./HOJAS ENCARGO AUTOMATICAS/DOCTOR BELLIDO 21 MADRID - 15 07 2026 - PRY REHAB CUBIERTA BAJANTES SUBIENTES COMUNITARIAS.gdoc
2026-07-15	193	./HOJAS ENCARGO AUTOMATICAS/DOCTOR BELLIDO 21 MADRID - 15 07 2026 - TRAMITACIÓN SUBVENCIONES.gdoc
2026-07-15	193	./HOJAS ENCARGO AUTOMATICAS/LIMA 33 FUENLABRADA - 15 07 2026 - PRY INSTALACIÓN ASCENSOR.gdoc
2026-07-15	193	./HOJAS ENCARGO AUTOMATICAS/LIMA 33 FUENLABRADA - 15 07 2026 - TRAMITACIÓN SUBVENCIONES.gdoc
2026-07-15	193	./HOJAS ENCARGO AUTOMATICAS/ANTONIO DURAN TOVAR 2 MADRID - 15 07 2026 - PRY INSTALACIÓN DE ASCENSOR.gdoc
2026-07-15	193	./HOJAS ENCARGO AUTOMATICAS/ANTONIO DURAN TOVAR 2 MADRID - 15 07 2026 - TRAMITACIÓN DE SUBVENCIONES.gdoc
2026-07-15	193	./HOJAS ENCARGO AUTOMATICAS/MESON DE PAREDES 80 MADRID - 15 07 2026 - SUBV PROY PROP.gdoc
2026-07-15	193	./HOJAS ENCARGO AUTOMATICAS/MESON DE PAREDES 80 MADRID - 15 07 2026 - PROY ASC +CSS.gdoc
2026-07-16	193	./HOJAS ENCARGO AUTOMATICAS/RIO GALLEGO 3 LEGANÉS - 16 07 2026 - IEE.gdoc
2026-07-16	193	./HOJAS ENCARGO AUTOMATICAS/PASEO DE EXTREMADURA 150 MADRID - 16 07 2026 - PRYV CUBIERTA+CSS.gdoc
2026-07-16	193	./HOJAS ENCARGO AUTOMATICAS/Copia de PASEO DE EXTREMADURA 150 MADRID - 16 07 2026 - PRYV CUBIERTA+CSS.gdoc
2026-07-16	193	./HOJAS ENCARGO AUTOMATICAS/PASEO DE EXTREMADURA 150 MADRID - 16 07 2026 - SUBV PROY PROP.gdoc
2026-07-17	193	./HOJAS ENCARGO AUTOMATICAS/SAN IGNACIO 6 ALCORCON - 17 07 2026 - SUBV PROY PROP.gdoc
2026-07-17	193	./HOJAS ENCARGO AUTOMATICAS/NAVARRA 28-30 MADRID - 17 07 2026 - SUBV PROY EXT.gdoc
2026-07-20	193	./HOJAS ENCARGO AUTOMATICAS/GENERAL SERRANO ORIVE 1 MADRID - 20 07 2026 - CSS.gdoc
2026-07-21	193	./HOJAS ENCARGO AUTOMATICAS/ALZINA 11 MADRID - 21 07 2026 - PRY SATE +CSS.gdoc
2026-07-21	193	./HOJAS ENCARGO AUTOMATICAS/ALZINA 11 MADRID - 21 07 2026 - SUBV PRY PROP.gdoc
2026-07-22	193	./HOJAS ENCARGO AUTOMATICAS/RAMON GOMEZ DE LA SERNA 45 MADRID - 22 07 2026 - SUSTITUCIÓN ASCENSORES.gdoc
2026-07-23	193	./HOJAS ENCARGO AUTOMATICAS/MONTES DE TOLEDO 3 MADRID - 23 07 2026 - SUBVENCIONES.gdoc
2026-07-23	193	./HOJAS ENCARGO AUTOMATICAS/MONTES DE TOLEDO 3 MADRID - 23 07 2026 - PRY ASCENSOR.gdoc
2026-07-23	193	./HOJAS ENCARGO AUTOMATICAS/HACHERO 33 MADRID - 23 07 2026 - PROYECTO SATE CUBIERTA Y FACHADA.gdoc
2026-07-23	193	./HOJAS ENCARGO AUTOMATICAS/HACHERO 33 MADRID - 23 07 2026 - TRAMITACIÓN SUBVENCIONES.gdoc
2026-07-24	193	./HOJAS ENCARGO AUTOMATICAS/GRANJA DE SAN ANTONIO 7 FRESNEDILLAS DE LA OLIVA MADRID - 24 07 2026 - PRY SATE + 5 ASC.gdoc
2026-07-27	193	./HOJAS ENCARGO AUTOMATICAS/PLAZA SALVADOR 8 LEGANÉS - 27 07 2026 - PRY BAJADA COTA 0.gdoc
2026-07-27	193	./HOJAS ENCARGO AUTOMATICAS/PLAZA SALVADOR 8 LEGANÉS - 27 07 2026 - PRY PLATAFORMA VERTICAL.gdoc
2026-07-27	193	./HOJAS ENCARGO AUTOMATICAS/PLAZA SALVADOR 8 LEGANÉS - 27 07 2026 - TRAMITACIÓN SUBVENCIONES.gdoc
2026-07-27	193	./HOJAS ENCARGO AUTOMATICAS/MIGUEL DE UNAMUNO 24 FUENLABRADA - 27 07 2026 - PRY INSTALACIÓN ASCENSOR.gdoc
2026-07-27	193	./HOJAS ENCARGO AUTOMATICAS/MIGUEL DE UNAMUNO 24 FUENLABRADA - 27 07 2026 - TRAMITACIÓN SUBVENCIONES.gdoc
2026-07-29	193	./HOJAS ENCARGO AUTOMATICAS/CASTILLA 3 TORRE 5 AZUQUECA DE HENARES - 28 07 2026 - INFORME.gdoc
2026-07-29	193	./HOJAS ENCARGO AUTOMATICAS/PIZARRO 4 TORREJON DE ARDOZ - 28 07 2026 - INFORME.gdoc
2026-07-30	193	./HOJAS ENCARGO AUTOMATICAS/HONDURAS 20 COSLADA - 28 07 2026 - INFORME.gdoc
2026-07-28	193	./HOJAS ENCARGO AUTOMATICAS/AV ESPAÑA 27 GETAFE - 28 07 2026 - DF Y CSS.gdoc
2026-07-30	193	./HOJAS ENCARGO AUTOMATICAS/HERMINIO PUERTAS 49 MADRID - 30 07 2026 - PROYECTO ASCENSOR.gdoc
2026-07-30	193	./HOJAS ENCARGO AUTOMATICAS/PASEO OLIVOS 54 MADRID - 30 07 2026 - SUBVENCIONES ACCESIBILIDAD.gdoc
2026-07-30	193	./HOJAS ENCARGO AUTOMATICAS/PASEO OLIVOS 54 MADRID - 30 07 2026 - PROYECTO ASCENSOR.gdoc
2026-07-30	193	./HOJAS ENCARGO AUTOMATICAS/PEÑA DE LA ATALAYA 110 MADRID - 30 07 2026 - PROYECTO ELEVADOR Y PLATAFORMA.gdoc
2026-07-30	193	./HOJAS ENCARGO AUTOMATICAS/FEDERICO GARCIA LORCA 16 MADRID - 30 07 2026 - SUBVENCIONES PROYECTO EXTERNO.gdoc
2026-07-30	193	./HOJAS ENCARGO AUTOMATICAS/HERMINIO PUERTAS 49 MADRID - 30 07 2026 - SUBVENCIONES ACCESIBILIDAD.gdoc
2026-07-31	193	./HOJAS ENCARGO AUTOMATICAS/SAN GERARDO 51-53 MADRID - 30 07 2026 - SUBVENCIONES EFICIENCIA ENERGÉTICA.gdoc
2026-07-30	193	./HOJAS ENCARGO AUTOMATICAS/SAN GERARDO 51-53 MADRID - 30 07 2026 - SUBVENCIONES ACCES Y EF.ENERGÉTICA.gdoc
2026-07-30	193	./HOJAS ENCARGO AUTOMATICAS/SAN GERARDO 51-53 MADRID - 30 07 2026 - PROY SATE Y ACCESIBILIDAD.gdoc
2026-07-30	193	./HOJAS ENCARGO AUTOMATICAS/SAN GERARDO 51-53 MADRID - 30 07 2026 - SUBVENCIONES ACCESIBILIDAD.gdoc
2026-07-30	193	./HOJAS ENCARGO AUTOMATICAS/SAN GERARDO 51-53 MADRID - 30 07 2026 - PROYECTO PARA RAMPA DE ACCESIBILIDAD.gdoc
2026-07-30	193	./HOJAS ENCARGO AUTOMATICAS/SAN GERARDO 51-53 MADRID - 30 07 2026 - PROYECTO SATE FACHADA Y CUBIERTA.gdoc
2026-07-31	193	./HOJAS ENCARGO AUTOMATICAS/GLORIETA DE TAMARINDO 4 ARANJUEZ - 31 07 2026 - DF Y CSS.gdoc
2026-07-31	193	./HOJAS ENCARGO AUTOMATICAS/BADALONA 60 MADRID - 31 07 2026 - CUBIERTA.gdoc
2026-07-31	193	./HOJAS ENCARGO AUTOMATICAS/BADALONA 58 MADRID - 31 07 2026 - CUBIERTA.gdoc
2026-07-31	193	./HOJAS ENCARGO AUTOMATICAS/SABADELL 62-64-66-68 MADRID - 31 07 2026 - CUBIERTA.gdoc
2026-07-31	193	./HOJAS ENCARGO AUTOMATICAS/ENRIQUE GRANADOS 7A PARLA - 31 07 2026 - SUBV PRY PROP.gdoc
2026-07-31	193	./HOJAS ENCARGO AUTOMATICAS/ENRIQUE GRANADOS 7A PARLA - 31 07 2026 - PRY SATE + CSS.gdoc
2026-07-31	193	./HOJAS ENCARGO AUTOMATICAS/FELIPE CASTRO 6 MADRID - 31 07 2026 - ARREGLO DE FACHADA.gdoc
2026-08-16	193	./HOJAS ENCARGO AUTOMATICAS/RIO SEGURA 4 LEGANÉS - 16 08 2026 - IEE.gdoc
2026-08-16	193	./HOJAS ENCARGO AUTOMATICAS/ABEJUELA 4 CARABANCHEL MADRID - 16 08 2026 - IEE.gdoc
2026-08-17	193	./HOJAS ENCARGO AUTOMATICAS/TURQUIA 22 FUENLABRADA - 17 08 2026 - SUBV EF.ENERGÉT. PRY EXTERNO.gdoc
2026-08-18	193	./HOJAS ENCARGO AUTOMATICAS/BLAS CABRERA 64 MADRID - 18 08 2026 - SUBV PROY PROP.gdoc
2026-08-18	193	./HOJAS ENCARGO AUTOMATICAS/BLAS CABRERA 64 MADRID - 18 08 2026 - PRY SATE.gdoc
2026-08-18	193	./HOJAS ENCARGO AUTOMATICAS/GENERAL ARANAZ 42 MADRID - 18 08 2026 - PRY ACCESIBILIDAD PORTAL.gdoc
2026-08-18	193	./HOJAS ENCARGO AUTOMATICAS/GENERAL ARANAZ 42 MADRID - 18 08 2026 - SUBVENCIONES ACCESIBILIDAD.gdoc
2026-08-18	193	./HOJAS ENCARGO AUTOMATICAS/GENERAL ARANAZ 42 MADRID - 18 08 2026 - PRY ENVOLVENTE SATE.gdoc
2026-08-18	193	./HOJAS ENCARGO AUTOMATICAS/GENERAL ARANAZ 42 MADRID - 18 08 2026 - subvenciones eficiencia energética.gdoc
2026-08-18	193	./HOJAS ENCARGO AUTOMATICAS/GENERAL ARANAZ 42 MADRID - 18 08 2026 - PRY CONJUNTO ACCESIBILIDAD Y SATE.gdoc
2026-08-18	193	./HOJAS ENCARGO AUTOMATICAS/GENERAL ARANAZ 42 MADRID - 18 08 2026 - SUBV ACCESIBILIDAD Y EF.ENERGÉTICA.gdoc
2026-08-20	193	./HOJAS ENCARGO AUTOMATICAS/CALLE TURQUIA 22 FUENLABRADA - 20 08 2026 - SUBVENCIÓN EFICIENCIA ENERGÉTICA.gdoc
2026-09-25	193	./HOJAS ENCARGO AUTOMATICAS/MAR MENOR 21-23-25 MADRID - 27 08 2026 - SUBV PROY PROPIO.gdoc
2026-08-21	193	./HOJAS ENCARGO AUTOMATICAS/OFERTA A DIDEPRO MAR MENOR 21-23-25 MADRID - 21 08 2026 - PROY SATE FACHADA.gdoc
2026-08-24	193	./HOJAS ENCARGO AUTOMATICAS/CASTILLA 13 PINTO - 24 08 2026 - CSS.gdoc
2026-08-25	193	./HOJAS ENCARGO AUTOMATICAS/ABREVADERO 2 VILLAVICIOSA DE ODON - 25 08 2026 - SUBVENCIÓN EFICIENCIA ENERGÉTICA.gdoc
2026-08-25	193	./HOJAS ENCARGO AUTOMATICAS/ABREVADERO 2 VILLAVICIOSA DE ODON - 25 08 2026 - PROYECTO SATE FACHADA Y CUBIERTA.gdoc
2026-08-25	193	./HOJAS ENCARGO AUTOMATICAS/ABREVADERO 2 VILLAVICIOSA DE ODON - 25 08 2026 - SUBVENCIÓN ACCESIBILIDAD.gdoc
2026-08-27	193	./HOJAS ENCARGO AUTOMATICAS/ABREVADERO 2 VILLAVICIOSA DE ODON - 25 08 2026 - PRPYECTO 10 ASCENSORES,ACCESIBILIDAD CHALETS Y ZONAS COMUNES.gdoc
2026-08-25	193	./HOJAS ENCARGO AUTOMATICAS/PABLO NERUDA 15 MADRID - 25 08 2026 - SUBVENCIONES EFICIENCIA ENERGÉTICA PROYECTO EXTERNO.gdoc
2026-08-25	193	./HOJAS ENCARGO AUTOMATICAS/AVDA ALBUFERA 220-222 MADRID - 25 08 2026 - SUBVENCIONES ACCESIBILIDAD PROYECTO EXTERNO.gdoc
2026-08-25	193	./HOJAS ENCARGO AUTOMATICAS/RIOJANOS 23 MADRID - 25 08 2026 - SUBVENCIONES SANEAMIENTO PROYECTO EXTERNO.gdoc
2026-08-27	193	./HOJAS ENCARGO AUTOMATICAS/SANTA SUSANA 41 MADRID - 28 08 2026 - SUBV PRY PROPIO.gdoc
2026-09-25	193	./HOJAS ENCARGO AUTOMATICAS/modificado SANTA SUSANA 41 MADRID - 25 09 2026 - PRY SATE.gdoc
2026-08-31	193	./HOJAS ENCARGO AUTOMATICAS/SANTA AUREA 17 MADRID - 31 08 2026 - PRY INSTALACIÓN ASCENSOR.gdoc
2026-08-31	193	./HOJAS ENCARGO AUTOMATICAS/SANTA AUREA 17 MADRID - 31 08 2026 - TRAMITACIÓN SUBVENCIONES.gdoc
2026-08-31	193	./HOJAS ENCARGO AUTOMATICAS/AVDA PRINCIPE DE ASTURIAS 98 VILLAVICIOSA ODÓN - 31 08 2026 - PRY SATE FACHADA Y CUBIERTA.gdoc
2026-08-31	193	./HOJAS ENCARGO AUTOMATICAS/AVDA PRINCIPE DE ASTURIAS 98 VILLAVICIOSA ODÓN - 31 08 2026 - SUBVENCIONES EFICIENCIA ENERGÉTICA.gdoc
2026-09-04	193	./HOJAS ENCARGO AUTOMATICAS/URBANIZACION LAS ANCLAS CALLE GALEON .PAREJA . GUADALAJARA - 04 09 2026 - PROY REPARACIONES.gdoc
2026-09-04	193	./HOJAS ENCARGO AUTOMATICAS/DOCTORA DE ALCALÁ 3 ALCALÁ DE HENARES - 04 09 2026 - SUBV PROY PROP.gdoc
2026-09-04	193	./HOJAS ENCARGO AUTOMATICAS/DOCTORA DE ALCALÁ 3 ALCALÁ DE HENARES - 04 09 2026 - PROY ASC + CSS.gdoc
2026-09-10	193	./HOJAS ENCARGO AUTOMATICAS/PINTOR VELAZQUEZ 75 MOSTOLES - 09 09 2026 - PROY ACCES.gdoc
2026-09-10	193	./HOJAS ENCARGO AUTOMATICAS/PINTOR VELAZQUEZ 75 MOSTOLES - 09 09 2026 - SUBV PRY PROP.gdoc
2026-09-16	193	./HOJAS ENCARGO AUTOMATICAS/Mondf forma de pago CASTILLA LA NUEVA 37 BIS FUENLABRADA - 16 09 2026 - SUBVENCION ACCESIBILIDAD.gdoc
2026-09-10	193	./HOJAS ENCARGO AUTOMATICAS/ALZINA 11 MADRID - 10 09 2026 - SUBV ACC.gdoc
2026-09-10	193	./HOJAS ENCARGO AUTOMATICAS/ALZINA 11 MADRID - 10 09 2026 - ELEV CON DERRIBO.gdoc
2026-09-10	172622	./HOJAS ENCARGO AUTOMATICAS/ALZINA 11 MADRID 10-09-26 INFORME DE VIABILIDAD f .pdf
2026-09-11	193	./HOJAS ENCARGO AUTOMATICAS/FERENC PUSKAS 28 MADRID - 11 09 2026 - MEDICIONES Y CIEGO.gdoc
2026-09-24	193	./HOJAS ENCARGO AUTOMATICAS/ZAMORA 28 FUENLABRADA - 11 09 2026 - PRY REMODELACION DE PORTAL.gdoc
2026-09-11	193	./HOJAS ENCARGO AUTOMATICAS/PALOMERAS 17 MADRID  - 11 09 2026 - PROYECTO PARA ENVOLVENTE TÉRMICA (SATE).gdoc
2026-09-11	193	./HOJAS ENCARGO AUTOMATICAS/PALOMERAS 17 MADRID  - 11 09 2026 - SUBVENCIONES EFICIENCIA ENERGÉTICA.gdoc
2026-09-11	193	./HOJAS ENCARGO AUTOMATICAS/PABLO NERUDA 29 MADRID  - 11 09 2026 - SUBVENCIONES ACCESIBILIDAD + EFICIENCIA ENERGÉTICA.gdoc
2026-09-11	193	./HOJAS ENCARGO AUTOMATICAS/PABLO NERUDA 29 MADRID  - 11 09 2026 - SUBVENCIONES EFICIENCIA ENERGÉTICA.gdoc
2026-09-11	193	./HOJAS ENCARGO AUTOMATICAS/PABLO NERUDA 29 MADRID  - 11 09 2026 - PROYECTO ASCENSOR Y SATE.gdoc
2026-09-11	193	./HOJAS ENCARGO AUTOMATICAS/PABLO NERUDA 29 MADRID  - 11 09 2026 - PROYECTO PARA ENVOLVENTE TÉRMICA (SATE).gdoc
2026-09-11	193	./HOJAS ENCARGO AUTOMATICAS/PABLO NERUDA 29 MADRID  - 11 09 2026 - SUBVENCIONES ACCESIBILIDAD.gdoc
2026-09-11	193	./HOJAS ENCARGO AUTOMATICAS/PABLO NERUDA 29 MADRID  - 11 09 2026 - PROYECTO INSTALACIÓN ASCENSOR.gdoc
2026-09-11	193	./HOJAS ENCARGO AUTOMATICAS/NARVAEZ 69 MADRID  - 11 09 2026 - SUBVENCIONES ACCESIBILIDAD.gdoc
2026-09-11	193	./HOJAS ENCARGO AUTOMATICAS/NARVAEZ 69 MADRID  - 11 09 2026 - SUSTITUCIÓN ASCENSOR Y CERRAMIENTO.gdoc
2026-09-11	193	./HOJAS ENCARGO AUTOMATICAS/VILLAFUERTE 23 MADRID - 11 09 2026 - SUBVENCIONES ACCESIBILIDAD.gdoc
2026-09-11	193	./HOJAS ENCARGO AUTOMATICAS/VILLAFUERTE 23 MADRID - 11 09 2026 - PROYECTO PLATAFORMA Y BAJADA COTA GARAJE.gdoc
2026-09-11	193	./HOJAS ENCARGO AUTOMATICAS/VILLAFUERTE 23 MADRID - 11 09 2026 - PROYECTO PARA PLATAFORMA VERTICAL Y O BAJADA A COTA 0.gdoc
2026-09-11	193	./HOJAS ENCARGO AUTOMATICAS/VILLAFUERTE 23 MADRID - 11 09 2026 - PRY PLATAFORMA VERTICAL Y O BAJADA A COTA 0.gdoc
2026-09-17	193	./HOJAS ENCARGO AUTOMATICAS/GENIL 5 MADRID - 11 09 2026 - PROYECTO PARA SUSTITUCIÓN ASCENSORES.gdoc
2026-09-11	193	./HOJAS ENCARGO AUTOMATICAS/GENIL 5 MADRID - 11 09 2026 - SUBVENCIONES ACCESIBILIDAD.gdoc
2026-09-11	193	./HOJAS ENCARGO AUTOMATICAS/AVELINO FERNANDEZ DE LA POZA 11 - 11 09 2026 - PLANO GARAJE.gdoc
2026-09-14	193	./HOJAS ENCARGO AUTOMATICAS/CALDERÓN DE LA BARCA 12 LEGANÉS - 14 09 2026 - PROYECTO SATE CUBIERTA Y FACHADA.gdoc
2026-09-14	193	./HOJAS ENCARGO AUTOMATICAS/CALDERÓN DE LA BARCA 12 LEGANÉS - 14 09 2026 - SUBVENCIONES EFICIENCIA ENERGÉTICA.gdoc
2026-09-15	193	./HOJAS ENCARGO AUTOMATICAS/AVILA 3 ALCORCON - 15 09 2026 - CSS.gdoc
2026-09-17	193	./HOJAS ENCARGO AUTOMATICAS/AVENIDA PALOMERAS 17 MADRID - 17 09 2026 - PROYECTO SATE FACHADA Y CUBIERTA.gdoc
2026-09-17	193	./HOJAS ENCARGO AUTOMATICAS/AVENIDA PALOMERAS 17 MADRID - 17 09 2026 - SUBVENCIONES EFICIENCIA ENERGÉTICA.gdoc
2026-09-17	193	./HOJAS ENCARGO AUTOMATICAS/IMAGEN 18 MADRID - 17 09 2026 - PROYECTO INSTALACIÓN ASCENSOR.gdoc
2026-09-17	193	./HOJAS ENCARGO AUTOMATICAS/IMAGEN 18 MADRID - 17 09 2026 - SUBVENCIONES ACCESIBILIDAD.gdoc
2026-09-21	193	./HOJAS ENCARGO AUTOMATICAS/ESTEBAN COLLANTES 33 MADRID  - 17 09 2026 - PROYECTO INSTALACIÓN ASCENSOR.gdoc
2026-09-17	193	./HOJAS ENCARGO AUTOMATICAS/ESTEBAN COLLANTES 33 MADRID  - 17 09 2026 - SUBVENCIONES ACCESIBILIDAD.gdoc
2026-09-17	193	./HOJAS ENCARGO AUTOMATICAS/VALLANDES 6 MADRID - 17 09 2026 - PROYECTO RAMPA ACCESIBILIDAD.gdoc
2026-09-17	193	./HOJAS ENCARGO AUTOMATICAS/VALLANDES 6 MADRID - 17 09 2026 - SUBVENCIONES ACCESIBILIDAD.gdoc
2026-09-18	193	./HOJAS ENCARGO AUTOMATICAS/URB.NUEVO GRIÑON 1 GRIÑON - 18 09 2026 - SUBVENCIONES ACCESIBILIDAD.gdoc
2026-09-18	193	./HOJAS ENCARGO AUTOMATICAS/URB.NUEVO GRIÑON 1 GRIÑON - 18 09 2026 - PROYECTO INSTALACIÓN ASCENSOR.gdoc
2026-09-23	193	./HOJAS ENCARGO AUTOMATICAS/FRANCIA 50 FUENLABRADA - 23 09 2026 - MEMORIA TÉCNICA.gdoc
2026-09-25	193	./HOJAS ENCARGO AUTOMATICAS/SAN FRANCISCO JAVIER 3 FUENLABRADA - 25 09 2026 - SUBV PROP.gdoc
2026-09-25	193	./HOJAS ENCARGO AUTOMATICAS/SAN FRANCISCO JAVIER 3 FUENLABRADA - 25 09 2026 - PROY SATE + CSS.gdoc
2026-09-25	193	./HOJAS ENCARGO AUTOMATICAS/FRANCIA 25 FUENLABRADA - 25 09 2026 - PROY SATE + CSS.gdoc
2026-09-25	193	./HOJAS ENCARGO AUTOMATICAS/FRANCIA 25 FUENLABRADA - 25 09 2026 - SUBV PROY PROP.gdoc
2026-09-28	193	./HOJAS ENCARGO AUTOMATICAS/ACTUALIZADO CALLAO 27 FUENLABRADA - 25 09 2026 - SUBV PROP.gdoc
2026-09-28	193	./HOJAS ENCARGO AUTOMATICAS/ACTUALIZADO CALLAO 27 FUENLABRADA - 25 09 2026 - PROY ASC + CSS.gdoc
2026-09-25	193	./HOJAS ENCARGO AUTOMATICAS/JOAQUINA SANTANDER 37 TALAVERA DE LA REINA - 25 09 2026 - SUBVENCIONES ACCESIBILIDAD Y EFICIENCIA ENERGÉTICA.gdoc
2026-09-25	193	./HOJAS ENCARGO AUTOMATICAS/JOAQUINA SANTANDER 37 TALAVERA DE LA REINA - 25 09 2026 - PROYECTO CONJUNTO ASCENSOR Y SATE.gdoc
2026-09-25	193	./HOJAS ENCARGO AUTOMATICAS/JOAQUINA SANTANDER 37 TALAVERA DE LA REINA - 25 09 2026 - SUBVENCIONES EFICIENCIA ENERGÉTICA.gdoc
2026-09-25	193	./HOJAS ENCARGO AUTOMATICAS/JOAQUINA SANTANDER 37 TALAVERA DE LA REINA - 25 09 2026 - PROYECTO SATE.gdoc
2026-09-25	193	./HOJAS ENCARGO AUTOMATICAS/JOAQUINA SANTANDER 37 TALAVERA DE LA REINA - 25 09 2026 - SUBVENCIONES ACCESIBILIDAD.gdoc
2026-09-25	193	./HOJAS ENCARGO AUTOMATICAS/ANGEL DE ALCAZAR 10 TALAVERA DE LA REINA - 25 09 2026 - PROYECTO ASCENSOR.gdoc
2026-09-25	193	./HOJAS ENCARGO AUTOMATICAS/JOAQUINA SANTANDER 37 TALAVERA DE LA REINA - 25 09 2026 - PROYECTO INSTALACIÓN ASCENSOR.gdoc
2026-09-25	193	./HOJAS ENCARGO AUTOMATICAS/JOAQUINA SANTANDER 39 TALAVERA DE LA REINA - 25 09 2026 - SUBVENCIONES ACCESIBILIDAD.gdoc
2026-09-25	193	./HOJAS ENCARGO AUTOMATICAS/JOAQUINA SANTANDER 39 TALAVERA DE LA REINA - 25 09 2026 - PROYECTO PARA ACCESIBILIDAD.gdoc
2026-09-25	193	./HOJAS ENCARGO AUTOMATICAS/ANGEL DE ALCAZAR 10 TALAVERA DE LA REINA - 25 09 2026 - SUBVENCIONES ACCESIBILIDAD.gdoc
2026-09-28	193	./HOJAS ENCARGO AUTOMATICAS/PLAZA MALICIOSA 4-5 MADRID - 28 09 2026 - SUBV PROY PROP.gdoc
2026-09-29	193	./HOJAS ENCARGO AUTOMATICAS/PLAZA MALICIOSA 4-5 MADRID - 29 09 2026 - PROY SATE+CSS.gdoc
2026-09-28	193	./HOJAS ENCARGO AUTOMATICAS/ISLANDIA 6 FUENLABRADA - 28 09 2026 - PROYECTO INSTALACIÓN ASCENSOR.gdoc
2026-09-28	193	./HOJAS ENCARGO AUTOMATICAS/ISLANDIA 6 FUENLABRADA - 28 09 2026 - SUBVENCIONES ACCESIBILIDAD.gdoc
2026-09-29	193	./HOJAS ENCARGO AUTOMATICAS/AV DR FLEMING 32 LEGANES - 29 09 2026 - CSS.gdoc
2026-09-30	193	./HOJAS ENCARGO AUTOMATICAS/ADELFAS 18 MADRID - 30 09 2026 - SUBVENCIONES ACCESIBILIDAD PARA PROYECTO EXTERNO.gdoc
2026-10-01	193	./HOJAS ENCARGO AUTOMATICAS/ALCAUDON 32 MADRID - 01 10 2026 - PROY ELEV+CSS.gdoc
2026-10-01	193	./HOJAS ENCARGO AUTOMATICAS/ALCAUDON 32 MADRID - 01 10 2026 - SUBV PRY PROP.gdoc
2026-10-01	169508	./HOJAS ENCARGO AUTOMATICAS/ALCAUDON 32 MADRID 01-10-2026 NFORME DE VIABILIDAD F .pdf
2026-10-01	193	./HOJAS ENCARGO AUTOMATICAS/SIETE OJOS 6 (PARKING) ALCORCON - 01 10 2026 - INFORME PERICIAL.gdoc
2026-10-01	307639	./HOJAS ENCARGO AUTOMATICAS/CALLAO 27 FUENLABRADA23-01-2026 INFORME DE VIABILIDAD F  (1).pdf
2026-10-01	193	./HOJAS ENCARGO AUTOMATICAS/MARQUES DE VIANA 55 MADRID - 01 10 2026 - SUBV PROY PROP.gdoc
2026-10-01	193	./HOJAS ENCARGO AUTOMATICAS/MARQUES DE VIANA 55 MADRID - 01 10 2026 - PROY ASC + CSS.gdoc
2026-10-01	193	./HOJAS ENCARGO AUTOMATICAS/ANTONIO MORENO 18 MADRID - 01 10 2026 - PLATAFORMA INCLINADA.gdoc
2026-10-05	193	./HOJAS ENCARGO AUTOMATICAS/DOS DE MAYO 28 ALCOBENDAS - 05 10 2026 - SUBV PROP ASCENSOR.gdoc
2026-10-05	193	./HOJAS ENCARGO AUTOMATICAS/DOS DE MAYO 28 ALCOBENDAS - 05 10 2026 - SUBV PROY PROP.gdoc
2026-10-05	193	./HOJAS ENCARGO AUTOMATICAS/DOS DE MAYO 28 ALCOBENDAS - 05 10 2026 - SUBV PROY PROP CONJUNTO.gdoc
2026-10-05	193	./HOJAS ENCARGO AUTOMATICAS/DOS DE MAYO 28 ALCOBENDAS - 05 10 2026 - PROY ASC +CSS.gdoc
2026-10-05	193	./HOJAS ENCARGO AUTOMATICAS/DOS DE MAYO 28 ALCOBENDAS - 05 10 2026 - PROY SATE + CSS.gdoc
2026-10-05	193	./HOJAS ENCARGO AUTOMATICAS/DOS DE MAYO 28 ALCOBENDAS - 05 10 2026 - PROY CONJUNTO + CSS.gdoc
2026-10-05	193	./HOJAS ENCARGO AUTOMATICAS/ANTONIO SALVADOR 81 MADRID - 05 10 2026 - PROYECTO SATE.gdoc
2026-10-05	193	./HOJAS ENCARGO AUTOMATICAS/ANTONIO SALVADOR 81 MADRID - 05 10 2026 - SUBVENCIONES EFICIENCIA ENERGÉTICA.gdoc
2026-10-05	193	./HOJAS ENCARGO AUTOMATICAS/SAN GREGORIO 2 LEGANÉS - 05 10 2026 - INSTALACIÓN DE ASCENSOR.gdoc
2026-10-05	193	./HOJAS ENCARGO AUTOMATICAS/SAN GREGORIO 2 LEGANÉS - 05 10 2026 - SUBVENCIONES ACCESIBILIDAD.gdoc
2026-10-05	171863	./HOJAS ENCARGO AUTOMATICAS/2-DOS DE MAYO 28 ALCOBENDAS- INFORME DE VIABILIDAD  PLANTILLA F .pdf
2026-10-06	193	./HOJAS ENCARGO AUTOMATICAS/AV COLMENAR VIEJO 29 SAN SEBASTIAN DE LOS REYES  - 06 10 2026 - PROY ASC +CSS.gdoc
2026-10-06	193	./HOJAS ENCARGO AUTOMATICAS/AV COLMENAR VIEJO 29 SAN SEBASTIAN DE LOS REYES  - 06 10 2026 - SUBV PROY PROP.gdoc
2026-10-06	192458	./HOJAS ENCARGO AUTOMATICAS/AV COLMENAR VIEJO 29 SAN SEBASTIAN DE LOS REYES  6-10-26 INFORME DE VIABILIDAD F   .pdf
2026-10-06	193	./HOJAS ENCARGO AUTOMATICAS/SAN VICENTE 18 ALCOBENDAS - 06 10 2026 - PROY ASC + CSS.gdoc
2026-10-06	193	./HOJAS ENCARGO AUTOMATICAS/SAN VICENTE 18 ALCOBENDAS - 06 10 2026 - SUBV PROY PROP.gdoc
2026-10-06	189623	./HOJAS ENCARGO AUTOMATICAS/SAN VICENTE 18 ALCOBENDAS 06-10-2026 INFORME DE VIABILIDAD F  .pdf
2025-10-22	131863	./RODRÍGUEZ LÁZARO 14 MADRID 22-10-2025 INFORME DE VIABILIDAD .pdf
2026-09-17	193	./ALEJANDRA-PLANTILLAS HE/solo subvenciones .gdoc
2026-06-15	193	./ALEJANDRA-PLANTILLAS HE/ASCENSOR/CON COMIS ADMI/6580 VIV 10 A 15 +COMIS ADMI.gdoc
2026-10-01	193	./ALEJANDRA-PLANTILLAS HE/ASCENSOR/CON COMIS ADMI/5980 VIV 0 A 9 +COMIS ADMI.gdoc
2026-06-15	193	./ALEJANDRA-PLANTILLAS HE/ASCENSOR/CON COMIS ADMI/7280 VIV + 16 +COMIS ADMI.gdoc
2026-10-02	193	./ALEJANDRA-PLANTILLAS HE/ASCENSOR/CON COMIS ADMI/ACCESIBILIDAD 3500 +COMIS ADMI.gdoc
2026-06-15	193	./ALEJANDRA-PLANTILLAS HE/ASCENSOR/SIN COMIS/5980€ 0 A 9 VIV.gdoc
2026-06-15	193	./ALEJANDRA-PLANTILLAS HE/ASCENSOR/SIN COMIS/7280 + DE 16VIVIENDAS.gdoc
2026-06-15	193	./ALEJANDRA-PLANTILLAS HE/ASCENSOR/SIN COMIS/6580€ 10 A 15  VIV.gdoc
2026-06-18	193	./ALEJANDRA-PLANTILLAS HE/ASCENSOR/SIN COMIS/ACCESIBILIDAD 3500.gdoc
2026-05-14	193	./ALEJANDRA-PLANTILLAS HE/ASCENSOR/CONTRATAS/ROSERSESE.gdoc
2026-05-22	193	./ALEJANDRA-PLANTILLAS HE/ASCENSOR/CONTRATAS/SCHINDLER.gdoc
2026-06-15	193	./ALEJANDRA-PLANTILLAS HE/ASCENSOR/CONTRATAS/OSCAR FERNANDEZ/10 a 15 VIV 6580  + SUS 2MIL OSCAR FERNANDEZ  de HERMANOS GARCIA NOBLEJAS 63 MADRID - 02 06 2026 - PRY ASC +CSS.gdoc
2026-06-15	193	./ALEJANDRA-PLANTILLAS HE/ASCENSOR/CONTRATAS/OSCAR FERNANDEZ/+ 16 VIV 7280  + SUS 2MIL OSCAR FERNANDEZ AV QUINTA 6 MADRID - 19 05 2026 - PRY ASC.gdoc
2026-10-02	193	./ALEJANDRA-PLANTILLAS HE/ASCENSOR/CONTRATAS/platf , cota 0, modf 3500 +990.gdoc
2026-10-01	193	./ALEJANDRA-PLANTILLAS HE/ASCENSOR/CONTRATAS/CONTRATA STANDAR.gdoc
2026-06-15	193	./ALEJANDRA-PLANTILLAS HE/SATE/SIN COMIS/9400€.gdoc
2026-06-15	193	./ALEJANDRA-PLANTILLAS HE/SATE/SIN COMIS/9000€.gdoc
2026-06-15	193	./ALEJANDRA-PLANTILLAS HE/SATE/SIN COMIS/9200€.gdoc
2026-09-25	193	./ALEJANDRA-PLANTILLAS HE/SATE/CON COMIS/9200€  + COMIS ADMI.gdoc
2026-06-15	193	./ALEJANDRA-PLANTILLAS HE/SATE/CON COMIS/9400€  + COMIS ADMI.gdoc
2026-10-05	193	./ALEJANDRA-PLANTILLAS HE/SATE/CON COMIS/9000€ + COMIS ADMI.gdoc
2026-08-18	193	./ALEJANDRA-PLANTILLAS HE/SATE/CONTRATAS/9200 PREC CONTRATAT 8210 PRY +990CSS.gdoc
